{
	"credit": "MadewithBlockbench",
	"texture_size": [32, 32],
	"textures": {
		"1": "item/haloween/hammer",
		"particle": "item/haloween/hammer"
	},
	"elements": [
		{
			"from": [7, 4.025, 7],
			"to": [9, 5.525, 9],
			"rotation": {"angle": 0, "axis": "y", "origin": [8, 4.125, 8]},
			"faces": {
				"north": {"uv": [10.5, 2, 11.5, 2.75], "texture": "#1"},
				"east": {"uv": [10.5, 3, 11.5, 3.75], "texture": "#1"},
				"south": {"uv": [10.5, 6, 11.5, 6.75], "texture": "#1"},
				"west": {"uv": [10.5, 7, 11.5, 7.75], "texture": "#1"},
				"up": {"uv": [10.5, 4, 9.5, 3], "texture": "#1"},
				"down": {"uv": [10.5, 6, 9.5, 7], "texture": "#1"}
			}
		},
		{
			"from": [7.025, 2.875, 6.75],
			"to": [8.975, 5.125, 9],
			"rotation": {"angle": -45, "axis": "x", "origin": [8, 4.125, 8]},
			"faces": {
				"north": {"uv": [9, 7.5, 10, 8.75], "texture": "#1"},
				"east": {"uv": [8, 6, 9.25, 7.25], "texture": "#1"},
				"south": {"uv": [9, 9, 10, 10.25], "texture": "#1"},
				"west": {"uv": [6.5, 8, 7.75, 9.25], "texture": "#1"},
				"up": {"uv": [10.5, 1.25, 9.5, 0], "texture": "#1"},
				"down": {"uv": [10.5, 1.5, 9.5, 2.75], "texture": "#1"}
			}
		},
		{
			"from": [7.25, 5.5, 7.25],
			"to": [8.75, 9, 8.75],
			"rotation": {"angle": 0, "axis": "y", "origin": [8, 2.5, 8]},
			"faces": {
				"north": {"uv": [2.5, 9, 3.25, 10.75], "texture": "#1"},
				"east": {"uv": [3.5, 9, 4.25, 10.75], "texture": "#1"},
				"south": {"uv": [9, 4, 9.75, 5.75], "texture": "#1"},
				"west": {"uv": [4.5, 9, 5.25, 10.75], "texture": "#1"},
				"up": {"uv": [3.25, 11.75, 2.5, 11], "texture": "#1"},
				"down": {"uv": [4.25, 11, 3.5, 11.75], "texture": "#1"}
			}
		},
		{
			"from": [7, 8.9, 7],
			"to": [9, 10.4, 9],
			"rotation": {"angle": 0, "axis": "y", "origin": [8, 10.4, 8]},
			"faces": {
				"north": {"uv": [7.5, 10.5, 8.5, 11.25], "texture": "#1"},
				"east": {"uv": [10.5, 8, 11.5, 8.75], "texture": "#1"},
				"south": {"uv": [9, 10.5, 10, 11.25], "texture": "#1"},
				"west": {"uv": [1.5, 11, 2.5, 11.75], "texture": "#1"},
				"up": {"uv": [8.5, 10.5, 7.5, 9.5], "texture": "#1"},
				"down": {"uv": [11, 4, 10, 5], "texture": "#1"}
			}
		},
		{
			"from": [7, 6.8, 7],
			"to": [9, 7.8, 9],
			"rotation": {"angle": 0, "axis": "y", "origin": [8, 11.4, 8]},
			"faces": {
				"north": {"uv": [11, 5, 12, 5.5], "texture": "#1"},
				"east": {"uv": [5.5, 11, 6.5, 11.5], "texture": "#1"},
				"south": {"uv": [11, 5.5, 12, 6], "texture": "#1"},
				"west": {"uv": [11, 9, 12, 9.5], "texture": "#1"},
				"up": {"uv": [11, 6, 10, 5], "texture": "#1"},
				"down": {"uv": [6.5, 10, 5.5, 11], "texture": "#1"}
			}
		},
		{
			"from": [7.43, 10.25681, 7.35319],
			"to": [8.57, 18.49681, 8.59319],
			"rotation": {"angle": 0, "axis": "y", "origin": [8, 12.37681, 7.87319]},
			"faces": {
				"north": {"uv": [0, 8, 0.5, 12], "texture": "#1"},
				"east": {"uv": [8, 0, 8.5, 4], "texture": "#1"},
				"south": {"uv": [0.5, 8, 1, 12], "texture": "#1"},
				"west": {"uv": [1, 8, 1.5, 12], "texture": "#1"},
				"up": {"uv": [10, 7.5, 9.5, 7], "texture": "#1"},
				"down": {"uv": [11.5, 9.5, 11, 10], "texture": "#1"}
			}
		},
		{
			"from": [7.18, 14.25681, 7.10319],
			"to": [8.82, 18.49681, 8.84319],
			"rotation": {"angle": 0, "axis": "y", "origin": [8, 12.37681, 7.87319]},
			"faces": {
				"north": {"uv": [8, 7.5, 8.75, 9.5], "texture": "#1"},
				"east": {"uv": [8.5, 0, 9.25, 2], "texture": "#1"},
				"south": {"uv": [8.5, 2, 9.25, 4], "texture": "#1"},
				"west": {"uv": [1.5, 9, 2.25, 11], "texture": "#1"},
				"up": {"uv": [11.75, 4.75, 11, 4], "texture": "#1"},
				"down": {"uv": [5.25, 11, 4.5, 11.75], "texture": "#1"}
			}
		},
		{
			"from": [6.344, 16.944, 10.619],
			"to": [9.656, 20.256, 13.931],
			"rotation": {"angle": 0, "axis": "y", "origin": [8, 18.8125, 8.0125]},
			"faces": {
				"north": {"uv": [7.75, 2, 6, 3.75], "texture": "#1"},
				"east": {"uv": [3.75, 6, 2, 7.75], "texture": "#1"},
				"south": {"uv": [7.75, 0, 6, 1.75], "texture": "#1"},
				"west": {"uv": [5.75, 6, 4, 7.75], "texture": "#1"},
				"up": {"uv": [7.75, 4, 6, 5.75], "texture": "#1"},
				"down": {"uv": [7.75, 7.75, 6, 6], "texture": "#1"}
			}
		},
		{
			"from": [6.13, 16.505, 9.555],
			"to": [9.87, 20.745, 10.745],
			"rotation": {"angle": 0, "axis": "y", "origin": [8, 18.8125, 8.0125]},
			"faces": {
				"north": {"uv": [3.75, 2, 2, 4], "texture": "#1"},
				"east": {"uv": [9, 9.5, 8.5, 11.5], "texture": "#1"},
				"south": {"uv": [3.75, 0, 2, 2], "texture": "#1"},
				"west": {"uv": [10.5, 7, 10, 9], "texture": "#1"},
				"up": {"uv": [12.25, 1, 10.5, 1.5], "texture": "#1"},
				"down": {"uv": [12.25, 2, 10.5, 1.5], "texture": "#1"}
			}
		},
		{
			"from": [6.13, 16.505, 5.155],
			"to": [9.87, 20.745, 6.345],
			"rotation": {"angle": 0, "axis": "y", "origin": [8, 18.8125, 7.9875]},
			"faces": {
				"north": {"uv": [2, 0, 3.75, 2], "texture": "#1"},
				"east": {"uv": [8.5, 9.5, 9, 11.5], "texture": "#1"},
				"south": {"uv": [2, 2, 3.75, 4], "texture": "#1"},
				"west": {"uv": [10, 7, 10.5, 9], "texture": "#1"},
				"up": {"uv": [12.25, 1.5, 10.5, 1], "texture": "#1"},
				"down": {"uv": [12.25, 1.5, 10.5, 2], "texture": "#1"}
			}
		},
		{
			"from": [6.344, 16.944, 1.969],
			"to": [9.656, 20.256, 5.281],
			"rotation": {"angle": 0, "axis": "y", "origin": [8, 18.8125, 7.9875]},
			"faces": {
				"north": {"uv": [6, 0, 7.75, 1.75], "texture": "#1"},
				"east": {"uv": [2, 6, 3.75, 7.75], "texture": "#1"},
				"south": {"uv": [6, 2, 7.75, 3.75], "texture": "#1"},
				"west": {"uv": [4, 6, 5.75, 7.75], "texture": "#1"},
				"up": {"uv": [7.75, 5.75, 6, 4], "texture": "#1"},
				"down": {"uv": [7.75, 6, 6, 7.75], "texture": "#1"}
			}
		},
		{
			"from": [6.93, 17.30681, 5.85319],
			"to": [9.07, 19.54681, 10.09319],
			"rotation": {"angle": 0, "axis": "y", "origin": [8, 16.37681, 7.97319]},
			"faces": {
				"north": {"uv": [10, 9, 11, 10], "texture": "#1"},
				"east": {"uv": [1.5, 8, 3.5, 9], "texture": "#1"},
				"south": {"uv": [10, 10, 11, 11], "texture": "#1"},
				"west": {"uv": [3.5, 8, 5.5, 9], "texture": "#1"},
				"up": {"uv": [9, 6, 8, 4], "texture": "#1"},
				"down": {"uv": [6.5, 8, 5.5, 10], "texture": "#1"}
			}
		}
	],
	"gui_light": "front",
	"display": {
		"thirdperson_righthand": {
			"rotation": [0, 180, 0],
			"translation": [0, -1.75, 2]
		},
		"thirdperson_lefthand": {
			"rotation": [0, 180, 0],
			"translation": [0, -1.75, 2]
		},
		"firstperson_righthand": {
			"translation": [0, 1.75, 0]
		},
		"firstperson_lefthand": {
			"translation": [0, 1.75, 0]
		},
		"ground": {
			"rotation": [0, 0, 49],
			"translation": [1, 1.5, 0],
			"scale": [0.42, 0.42, 0.42]
		},
		"gui": {
			"rotation": [-101, -133, -90],
			"translation": [4, -3.5, -1.25],
			"scale": [0.86, 0.86, 0.86]
		},
		"fixed": {
			"rotation": [90, 49, -90],
			"translation": [-4.5, -4, -1.25]
		}
	},
	"groups": [
		{
			"name": "group",
			"origin": [8, 16.37681, 7.97319],
			"color": 0,
			"nbt": "{}",
			"armAnimationEnabled": false,
			"children": [0, 1, 2, 3, 4, 5, 6, 7, 8, 9, 10, 11]
		}
	]
}