{"parent":"minecraft:item/generated","textures":{"layer0":"minecraft:item/leather_horse_armor"},"overrides":[{"predicate":{"custom_model_data":1},"model":"modelengine:slotmachine/slotmachine"},{"predicate":{"custom_model_data":2},"model":"modelengine:slotmachine/spin"},{"predicate":{"custom_model_data":3},"model":"modelengine:slotmachine/activateslot"},{"predicate":{"custom_model_data":4},"model":"modelengine:slotmachine/redbutton"},{"predicate":{"custom_model_data":5},"model":"modelengine:slotmachine/screen"}]}