{
	"credit": "Made with Blockbench",
	"texture_size": [64, 64],
	"textures": {
		"4": "item/legoupdate/blue_lego_shield"
	},
	"elements": [
		{
			"from": [6.26931, 2.57928, 5.875],
			"to": [10.26931, 7.57928, 7.875],
			"rotation": {"angle": -22.5, "axis": "z", "origin": [14.95129, 3.8973, -6.15]},
			"faces": {
				"north": {"uv": [3, 5, 4, 6.25], "texture": "#4"},
				"east": {"uv": [6, 5.5, 6.5, 6.75], "texture": "#4"},
				"south": {"uv": [5.5, 0, 6.5, 1.25], "texture": "#4"},
				"west": {"uv": [3, 6.25, 3.5, 7.5], "texture": "#4"},
				"up": {"uv": [7.75, 0.5, 6.75, 0], "texture": "#4"},
				"down": {"uv": [7.75, 0.5, 6.75, 1], "texture": "#4"}
			}
		},
		{
			"from": [3.14645, -0.76091, 5.9],
			"to": [6.14645, 2.23909, 7.9],
			"rotation": {"angle": -45, "axis": "z", "origin": [10.82843, -1.44289, -6.15]},
			"faces": {
				"north": {"uv": [1.25, 6.5, 2, 7.25], "texture": "#4"},
				"east": {"uv": [4, 6.75, 4.5, 7.5], "texture": "#4"},
				"south": {"uv": [2, 6.5, 2.75, 7.25], "texture": "#4"},
				"west": {"uv": [4.5, 6.75, 5, 7.5], "texture": "#4"},
				"up": {"uv": [7.5, 2.5, 6.75, 2], "texture": "#4"},
				"down": {"uv": [6.75, 7, 6, 7.5], "texture": "#4"}
			}
		},
		{
			"from": [5.73069, 2.57928, 5.85],
			"to": [9.73069, 7.57928, 7.85],
			"rotation": {"angle": 22.5, "axis": "z", "origin": [1.04871, 3.8973, -6.15]},
			"faces": {
				"north": {"uv": [5.5, 1.25, 6.5, 2.5], "texture": "#4"},
				"east": {"uv": [3.5, 6.25, 4, 7.5], "texture": "#4"},
				"south": {"uv": [4, 5.5, 5, 6.75], "texture": "#4"},
				"west": {"uv": [0, 6.5, 0.5, 7.75], "texture": "#4"},
				"up": {"uv": [7.75, 1.5, 6.75, 1], "texture": "#4"},
				"down": {"uv": [7.75, 1.5, 6.75, 2], "texture": "#4"}
			}
		},
		{
			"from": [4.03474, 9.09072, 5.825],
			"to": [12.03474, 19.09072, 7.825],
			"rotation": {"angle": 0, "axis": "y", "origin": [16.71672, 5.40874, -6.175]},
			"faces": {
				"north": {"uv": [0, 0, 2, 2.5], "texture": "#4"},
				"east": {"uv": [5, 5.5, 5.5, 8], "texture": "#4"},
				"south": {"uv": [2, 0, 4, 2.5], "texture": "#4"},
				"west": {"uv": [5.5, 5.5, 6, 8], "texture": "#4"},
				"up": {"uv": [8, 5, 6, 4.5], "texture": "#4"},
				"down": {"uv": [8, 5, 6, 5.5], "texture": "#4"}
			}
		},
		{
			"from": [3.85355, -2.57538, 7.725],
			"to": [8.85355, -1.57538, 8.725],
			"rotation": {"angle": -45, "axis": "z", "origin": [11.53553, -0.25736, -5.25]},
			"faces": {
				"north": {"uv": [7.25, 4, 8.5, 4.25], "texture": "#4"},
				"east": {"uv": [4, 5, 4.25, 5.25], "texture": "#4"},
				"south": {"uv": [7.25, 4.25, 8.5, 4.5], "texture": "#4"},
				"west": {"uv": [4.25, 5, 4.5, 5.25], "texture": "#4"},
				"up": {"uv": [8.5, 7.5, 7.25, 7.25], "texture": "#4"},
				"down": {"uv": [2.5, 7.5, 1.25, 7.75], "texture": "#4"}
			}
		},
		{
			"from": [3.85355, -1.57538, 7.725],
			"to": [8.85355, 2.42462, 8.725],
			"rotation": {"angle": -45, "axis": "z", "origin": [11.53553, -0.25736, -5.25]},
			"faces": {
				"north": {"uv": [6, 2.5, 7.25, 3.5], "texture": "#4"},
				"east": {"uv": [2.5, 7.5, 2.75, 8.5], "texture": "#4"},
				"south": {"uv": [6, 3.5, 7.25, 4.5], "texture": "#4"},
				"west": {"uv": [3, 7.5, 3.25, 8.5], "texture": "#4"},
				"up": {"uv": [8.75, 2.25, 7.5, 2], "texture": "#4"},
				"down": {"uv": [8.75, 2.25, 7.5, 2.5], "texture": "#4"}
			}
		},
		{
			"from": [3.92235, 2.78946, 7.75],
			"to": [9.92235, 8.78946, 8.75],
			"rotation": {"angle": -22.5, "axis": "z", "origin": [12.60433, -0.89252, -5.25]},
			"faces": {
				"north": {"uv": [4.5, 2.5, 6, 4], "texture": "#4"},
				"east": {"uv": [2.75, 6.5, 3, 8], "texture": "#4"},
				"south": {"uv": [4.5, 4, 6, 5.5], "texture": "#4"},
				"west": {"uv": [6.75, 7, 7, 8.5], "texture": "#4"},
				"up": {"uv": [8.5, 7.25, 7, 7], "texture": "#4"},
				"down": {"uv": [2.75, 7.25, 1.25, 7.5], "texture": "#4"}
			}
		},
		{
			"from": [7.83163, 9.07881, 7.8],
			"to": [13.83163, 19.07881, 8.8],
			"rotation": {"angle": 0, "axis": "y", "origin": [16.51362, 5.39683, -5.175]},
			"faces": {
				"north": {"uv": [0, 2.5, 1.5, 5], "texture": "#4"},
				"east": {"uv": [6.5, 0, 6.75, 2.5], "texture": "#4"},
				"south": {"uv": [1.5, 2.5, 3, 5], "texture": "#4"},
				"west": {"uv": [0.5, 6.5, 0.75, 9], "texture": "#4"},
				"up": {"uv": [8.75, 2.75, 7.25, 2.5], "texture": "#4"},
				"down": {"uv": [8.75, 2.75, 7.25, 3], "texture": "#4"}
			}
		},
		{
			"from": [2.16837, 9.07881, 7.825],
			"to": [8.16837, 19.07881, 8.825],
			"rotation": {"angle": 0, "axis": "y", "origin": [-0.51362, 5.39683, -5.175]},
			"faces": {
				"north": {"uv": [3, 2.5, 4.5, 5], "texture": "#4"},
				"east": {"uv": [0.75, 6.5, 1, 9], "texture": "#4"},
				"south": {"uv": [4, 0, 5.5, 2.5], "texture": "#4"},
				"west": {"uv": [1, 6.5, 1.25, 9], "texture": "#4"},
				"up": {"uv": [8.75, 3.25, 7.25, 3], "texture": "#4"},
				"down": {"uv": [8.75, 3.25, 7.25, 3.5], "texture": "#4"}
			}
		},
		{
			"from": [6.07765, 2.78946, 7.775],
			"to": [12.07765, 8.78946, 8.775],
			"rotation": {"angle": 22.5, "axis": "z", "origin": [3.39567, -0.89252, -5.225]},
			"faces": {
				"north": {"uv": [0, 5, 1.5, 6.5], "texture": "#4"},
				"east": {"uv": [7.25, 5.5, 7.5, 7], "texture": "#4"},
				"south": {"uv": [1.5, 5, 3, 6.5], "texture": "#4"},
				"west": {"uv": [7, 7.25, 7.25, 8.75], "texture": "#4"},
				"up": {"uv": [8.75, 3.75, 7.25, 3.5], "texture": "#4"},
				"down": {"uv": [8.75, 3.75, 7.25, 4], "texture": "#4"}
			}
		},
		{
			"from": [16.96, 16.60289, 5.04947],
			"to": [19.94, 19.58289, 6.02947],
			"rotation": {"angle": -45, "axis": "z", "origin": [8, 28.49289, -12.36053]},
			"faces": {
				"north": {"uv": [6.5, 5.5, 7.25, 6.25], "texture": "#4"},
				"east": {"uv": [3.25, 7.5, 3.5, 8.25], "texture": "#4"},
				"south": {"uv": [6.5, 6.25, 7.25, 7], "texture": "#4"},
				"west": {"uv": [3.5, 7.5, 3.75, 8.25], "texture": "#4"},
				"up": {"uv": [4.5, 7.75, 3.75, 7.5], "texture": "#4"},
				"down": {"uv": [8.25, 5.5, 7.5, 5.75], "texture": "#4"}
			}
		}
	],
	"gui_light": "front",
	"display": {
		"thirdperson_righthand": {
			"rotation": [0, -90, 0],
			"translation": [1.75, -4, 2],
			"scale": [0.65, 0.65, 0.65]
		},
		"thirdperson_lefthand": {
			"rotation": [5, -11.25, 12.5],
			"translation": [1, -5, 0.5],
			"scale": [0.65, 0.65, 0.65]
		},
		"firstperson_righthand": {
			"rotation": [0, -19.25, 0],
			"translation": [-1.87, 1.95, 3.13],
			"scale": [0.38, 0.38, 0.38]
		},
		"firstperson_lefthand": {
			"rotation": [0, 8.75, 0],
			"translation": [-1.37, 2.2, 2.63],
			"scale": [0.38, 0.38, 0.38]
		},
		"ground": {
			"rotation": [88.57, -5.82, -3.13],
			"scale": [0.58, 0.58, 0.58]
		},
		"gui": {
			"rotation": [0, 0, 45],
			"translation": [0.25, -0.5, 0],
			"scale": [0.66, 0.66, 0.66]
		},
		"head": {
			"rotation": [0, 0, 53],
			"translation": [-2, -14.25, 5.25]
		},
		"fixed": {
			"rotation": [0, 0, 45],
			"translation": [0.5, -0.25, -1],
			"scale": [0.8, 0.8, 0.8]
		}
	},
	"groups": [
		{
			"name": "group",
			"origin": [3.39567, -0.89252, -5.225],
			"color": 0,
			"nbt": "{}",
			"armAnimationEnabled": false,
			"children": [0, 1, 2, 3, 4, 5, 6, 7, 8, 9]
		},
		10
	]
}