{"parent":"minecraft:item/generated","textures":{"layer0":"minecraft:item/leather_horse_armor"},"overrides":[{"predicate":{"custom_model_data":1},"model":"modelengine:slotmachine/slotmachine"},{"predicate":{"custom_model_data":2},"model":"modelengine:slotmachine/spin"},{"predicate":{"custom_model_data":3},"model":"modelengine:slotmachine/activateslot"},{"predicate":{"custom_model_data":4},"model":"modelengine:slotmachine/redbutton"},{"predicate":{"custom_model_data":5},"model":"modelengine:slotmachine/screen"},{"predicate":{"custom_model_data":6},"model":"modelengine:slots/all"},{"predicate":{"custom_model_data":7},"model":"modelengine:slots/redbutton"},{"predicate":{"custom_model_data":8},"model":"modelengine:slots/screen"},{"predicate":{"custom_model_data":9},"model":"modelengine:slots/activateslot"}]}