{"parent":"item/generated","textures":{"layer0":"item/bow"},"display":{"thirdperson_righthand":{"rotation":[-80,260,-40],"translation":[-1,-2,2.5],"scale":[0.9,0.9,0.9]},"thirdperson_lefthand":{"rotation":[-80,-280,40],"translation":[-1,-2,2.5],"scale":[0.9,0.9,0.9]},"firstperson_righthand":{"rotation":[0,-90,25],"translation":[1.13,3.2,1.13],"scale":[0.68,0.68,0.68]},"firstperson_lefthand":{"rotation":[0,90,-25],"translation":[1.13,3.2,1.13],"scale":[0.68,0.68,0.68]}},"overrides":[     {"predicate":{"custom_model_data":1},"model":"snowset:snow_bow"},
     {"predicate":{"custom_model_data":1,"pulling":1},"model":"snowset:snow_bow_0"},
     {"predicate":{"custom_model_data":1,"pulling":1,"pull":0.65},"model":"snowset:snow_bow_1"},
     {"predicate":{"custom_model_data":1,"pulling":1,"pull":0.9},"model":"snowset:snow_bow_2"},{"predicate":{"custom_model_data":2},"model":"custom/toucanupdate/toucan_bow"},
     {"predicate":{"custom_model_data":2,"pulling":1},"model":"custom/toucanupdate/toucan_bow1"},
     {"predicate":{"custom_model_data":2,"pulling":1,"pull":0.65},"model":"custom/toucanupdate/toucan_bow2"},
     {"predicate":{"custom_model_data":2,"pulling":1,"pull":0.9},"model":"custom/toucanupdate/toucan_bow3"},{"predicate":{"custom_model_data":3},"model":"custom/legoupdate/red_lego_bow"},{"predicate":{"custom_model_data":3,"pulling":1},"model":"custom/legoupdate/red_lego_bow1"},
     {"predicate":{"custom_model_data":3,"pulling":1,"pull":0.65},"model":"custom/legoupdate/red_lego_bow2"},
     {"predicate":{"custom_model_data":3,"pulling":1,"pull":0.9},"model":"custom/legoupdate/red_lego_bow3"},{"predicate":{"custom_model_data":10000},"model":"haloween:bow"},{"predicate":{"pulling":1,"custom_model_data":10000},"model":"haloween:bow_0"},{"predicate":{"pulling":1,"pull":0.65,"custom_model_data":10000},"model":"haloween:bow_1"},{"predicate":{"pulling":1,"pull":0.9,"custom_model_data":10000},"model":"haloween:bow_2"},{"predicate":{"custom_model_data":10001},"model":"littleduckset:bow"},{"predicate":{"pulling":1,"custom_model_data":10001},"model":"littleduckset:bow_0"},{"predicate":{"pulling":1,"pull":0.65,"custom_model_data":10001},"model":"littleduckset:bow_1"},{"predicate":{"pulling":1,"pull":0.9,"custom_model_data":10001},"model":"littleduckset:bow_2"},{"predicate":{"custom_model_data":10002},"model":"minecraft:item/bow"},{
            "predicate": {
                "custom_model_data": 10101
            },
            "model": "custom/merge/bow_ruby_vol_1"
        },
        {
            "predicate": {
                "pulling": 1,
                "custom_model_data": 10101
            },
            "model": "custom/merge/bow_ruby_vol_1_0"
        },
        {
            "predicate": {
                "pulling": 1,
                "pull": 0.65,
                "custom_model_data": 10101
            },
            "model": "custom/merge/bow_ruby_vol_1_1"
        },
        {
            "predicate": {
                "pulling": 1,
                "pull": 0.9,
                "custom_model_data": 10101
            },
            "model": "custom/merge/bow_ruby_vol_1_2"
        }]}