{
	"credit": "Made with Blockbench",
	"texture_size": [64, 64],
	"textures": {
		"5": "item/toucanupdate/toucan_sword"
	},
	"elements": [
		{
			"from": [7, 0.75, 7.25],
			"to": [9.125, 2.75, 8.75],
			"rotation": {"angle": 0, "axis": "y", "origin": [7.75, 4, 0]},
			"faces": {
				"north": {"uv": [4, 0, 4.5625, 0.5], "texture": "#5"},
				"east": {"uv": [1.5, 4.25, 1.875, 4.75], "texture": "#5"},
				"south": {"uv": [4, 0.5, 4.5625, 1], "texture": "#5"},
				"west": {"uv": [2, 4.25, 2.375, 4.75], "texture": "#5"},
				"up": {"uv": [4.5625, 3.875, 4, 3.5], "texture": "#5"},
				"down": {"uv": [4.5625, 4, 4, 4.375], "texture": "#5"}
			}
		},
		{
			"from": [7.5, 2.75, 7.5],
			"to": [8.5, 5.75, 8.5],
			"rotation": {"angle": 0, "axis": "y", "origin": [7.25, 3.5, 0]},
			"faces": {
				"north": {"uv": [2.5, 4.25, 2.75, 5], "texture": "#5"},
				"east": {"uv": [2.75, 4.25, 3, 5], "texture": "#5"},
				"south": {"uv": [0, 4.5, 0.25, 5.25], "texture": "#5"},
				"west": {"uv": [0.25, 4.5, 0.5, 5.25], "texture": "#5"},
				"up": {"uv": [1.5, 5.25, 1.25, 5], "texture": "#5"},
				"down": {"uv": [4.75, 5, 4.5, 5.25], "texture": "#5"}
			}
		},
		{
			"from": [6.25, 6.25, 7.6],
			"to": [7, 8.25, 8.4],
			"rotation": {"angle": 0, "axis": "y", "origin": [7.25, 2, 0]},
			"faces": {
				"north": {"uv": [3.25, 5.75, 3.4375, 6.25], "texture": "#5"},
				"east": {"uv": [5.75, 6.5, 5.9375, 7], "texture": "#5"},
				"south": {"uv": [2, 6.75, 2.1875, 7.25], "texture": "#5"},
				"west": {"uv": [2.25, 6.75, 2.4375, 7.25], "texture": "#5"},
				"up": {"uv": [7.6875, 3.4375, 7.5, 3.25], "texture": "#5"},
				"down": {"uv": [7.6875, 4.5, 7.5, 4.6875], "texture": "#5"}
			}
		},
		{
			"from": [6.275, 8.15, 7.5],
			"to": [7.275, 9.15, 8.5],
			"rotation": {"angle": -45, "axis": "z", "origin": [6.5, 8.75, 8.25]},
			"faces": {
				"north": {"uv": [1.75, 5.5, 2, 5.75], "texture": "#5"},
				"east": {"uv": [5.75, 3.75, 6, 4], "texture": "#5"},
				"south": {"uv": [6, 3, 6.25, 3.25], "texture": "#5"},
				"west": {"uv": [0.5, 6.25, 0.75, 6.5], "texture": "#5"},
				"up": {"uv": [6.5, 3.75, 6.25, 3.5], "texture": "#5"},
				"down": {"uv": [5, 6.25, 4.75, 6.5], "texture": "#5"}
			}
		},
		{
			"from": [11.175, 3.775, 7.4],
			"to": [12.575, 5.175, 8.6],
			"rotation": {"angle": -45, "axis": "z", "origin": [7.775, 8.25, 8.25]},
			"faces": {
				"north": {"uv": [0.75, 5, 1.125, 5.375], "texture": "#5"},
				"east": {"uv": [5.5, 4.5, 5.8125, 4.875], "texture": "#5"},
				"south": {"uv": [5, 1, 5.375, 1.375], "texture": "#5"},
				"west": {"uv": [5, 5.5, 5.3125, 5.875], "texture": "#5"},
				"up": {"uv": [5.875, 5.3125, 5.5, 5], "texture": "#5"},
				"down": {"uv": [5.875, 5.5, 5.5, 5.8125], "texture": "#5"}
			}
		},
		{
			"from": [8.725, 8.15, 7.5],
			"to": [9.725, 9.15, 8.5],
			"rotation": {"angle": 45, "axis": "z", "origin": [9.5, 8.75, 8.25]},
			"faces": {
				"north": {"uv": [1.5, 6.5, 1.75, 6.75], "texture": "#5"},
				"east": {"uv": [4.25, 7, 4.5, 7.25], "texture": "#5"},
				"south": {"uv": [4.5, 7, 4.75, 7.25], "texture": "#5"},
				"west": {"uv": [7, 4.5, 7.25, 4.75], "texture": "#5"},
				"up": {"uv": [5, 7.25, 4.75, 7], "texture": "#5"},
				"down": {"uv": [7.25, 4.75, 7, 5], "texture": "#5"}
			}
		},
		{
			"from": [9, 6.25, 7.6],
			"to": [9.75, 8.25, 8.4],
			"rotation": {"angle": 0, "axis": "y", "origin": [8.75, 2, 0]},
			"faces": {
				"north": {"uv": [2.5, 6.75, 2.6875, 7.25], "texture": "#5"},
				"east": {"uv": [2.75, 6.75, 2.9375, 7.25], "texture": "#5"},
				"south": {"uv": [3, 6.75, 3.1875, 7.25], "texture": "#5"},
				"west": {"uv": [6.75, 3, 6.9375, 3.5], "texture": "#5"},
				"up": {"uv": [4.9375, 7.6875, 4.75, 7.5], "texture": "#5"},
				"down": {"uv": [7.6875, 4.75, 7.5, 4.9375], "texture": "#5"}
			}
		},
		{
			"from": [4.5, 23.9, 7.25],
			"to": [6, 24.15, 8.75],
			"rotation": {"angle": -45, "axis": "z", "origin": [-1, 15.4, 15.5]},
			"faces": {
				"north": {"uv": [7.75, 5.75, 8.125, 5.8125], "texture": "#5"},
				"east": {"uv": [6, 7.75, 6.375, 7.8125], "texture": "#5"},
				"south": {"uv": [7.75, 6, 8.125, 6.0625], "texture": "#5"},
				"west": {"uv": [7.75, 6.25, 8.125, 6.3125], "texture": "#5"},
				"up": {"uv": [5.375, 1.875, 5, 1.5], "texture": "#5"},
				"down": {"uv": [5.375, 2, 5, 2.375], "texture": "#5"}
			}
		},
		{
			"from": [4.5, 25.9, 7.25],
			"to": [6, 26.15, 8.75],
			"rotation": {"angle": -45, "axis": "z", "origin": [-1, 17.4, 15.5]},
			"faces": {
				"north": {"uv": [6.5, 7.75, 6.875, 7.8125], "texture": "#5"},
				"east": {"uv": [7.75, 6.5, 8.125, 6.5625], "texture": "#5"},
				"south": {"uv": [7.75, 6.75, 8.125, 6.8125], "texture": "#5"},
				"west": {"uv": [7, 7.75, 7.375, 7.8125], "texture": "#5"},
				"up": {"uv": [2.875, 5.375, 2.5, 5], "texture": "#5"},
				"down": {"uv": [5.375, 2.5, 5, 2.875], "texture": "#5"}
			}
		},
		{
			"from": [4.5, 21.9, 7.25],
			"to": [6, 22.15, 8.75],
			"rotation": {"angle": -45, "axis": "z", "origin": [-1, 13.4, 15.5]},
			"faces": {
				"north": {"uv": [7.75, 7, 8.125, 7.0625], "texture": "#5"},
				"east": {"uv": [7.75, 7.25, 8.125, 7.3125], "texture": "#5"},
				"south": {"uv": [7.5, 7.75, 7.875, 7.8125], "texture": "#5"},
				"west": {"uv": [7.75, 7.5, 8.125, 7.5625], "texture": "#5"},
				"up": {"uv": [4.375, 5.375, 4, 5], "texture": "#5"},
				"down": {"uv": [5.375, 4, 5, 4.375], "texture": "#5"}
			}
		},
		{
			"from": [4.5, 19.9, 7.25],
			"to": [6, 20.15, 8.75],
			"rotation": {"angle": -45, "axis": "z", "origin": [-1, 11.4, 15.5]},
			"faces": {
				"north": {"uv": [0, 8, 0.375, 8.0625], "texture": "#5"},
				"east": {"uv": [8, 0, 8.375, 0.0625], "texture": "#5"},
				"south": {"uv": [8, 0.25, 8.375, 0.3125], "texture": "#5"},
				"west": {"uv": [0.5, 8, 0.875, 8.0625], "texture": "#5"},
				"up": {"uv": [5.375, 4.875, 5, 4.5], "texture": "#5"},
				"down": {"uv": [5.375, 5, 5, 5.375], "texture": "#5"}
			}
		},
		{
			"from": [6.5, 2, 7.575],
			"to": [9.5, 11, 8.425],
			"rotation": {"angle": 0, "axis": "y", "origin": [1.5, 14, 14.925]},
			"faces": {
				"north": {"uv": [1.5, 2, 2.25, 4.25], "texture": "#5"},
				"east": {"uv": [3, 1.25, 3.1875, 3.5], "texture": "#5"},
				"south": {"uv": [2.25, 2, 3, 4.25], "texture": "#5"},
				"west": {"uv": [3.25, 1.25, 3.4375, 3.5], "texture": "#5"},
				"up": {"uv": [2, 5.4375, 1.25, 5.25], "texture": "#5"},
				"down": {"uv": [6, 3, 5.25, 3.1875], "texture": "#5"}
			}
		},
		{
			"from": [6.5, 10.975, 7.75],
			"to": [9.5, 20.4, 8.25],
			"rotation": {"angle": 0, "axis": "y", "origin": [1.5, 19.4, 15]},
			"faces": {
				"north": {"uv": [0, 2, 0.75, 4.375], "texture": "#5"},
				"east": {"uv": [3.5, 3.75, 3.625, 6.125], "texture": "#5"},
				"south": {"uv": [0.75, 2, 1.5, 4.375], "texture": "#5"},
				"west": {"uv": [3.75, 3.75, 3.875, 6.125], "texture": "#5"},
				"up": {"uv": [4, 6.875, 3.25, 6.75], "texture": "#5"},
				"down": {"uv": [4.75, 6.75, 4, 6.875], "texture": "#5"}
			}
		},
		{
			"from": [6.5, 20.4, 8],
			"to": [11.5, 28.4, 8],
			"rotation": {"angle": 0, "axis": "y", "origin": [3.5, 28.4, 15]},
			"faces": {
				"north": {"uv": [0, 0, 1.25, 2], "texture": "#5"},
				"east": {"uv": [0, 0, 0, 2], "texture": "#5"},
				"south": {"uv": [1.25, 0, 2.5, 2], "texture": "#5"},
				"west": {"uv": [0, 0, 0, 2], "texture": "#5"},
				"up": {"uv": [1.25, 0, 0, 0], "texture": "#5"},
				"down": {"uv": [1.25, 0, 0, 0], "texture": "#5"}
			}
		},
		{
			"from": [11.56687, 0.61209, 7.3636],
			"to": [11.97932, 1.327, 8.64968],
			"rotation": {"angle": 22.5, "axis": "z", "origin": [10.92005, 0.70849, 7.98456]},
			"faces": {
				"north": {"uv": [1.25, 8, 1.375, 8.1875], "texture": "#5"},
				"east": {"uv": [7.25, 2, 7.5625, 2.1875], "texture": "#5"},
				"south": {"uv": [8, 1.25, 8.125, 1.4375], "texture": "#5"},
				"west": {"uv": [2.5, 7.25, 2.8125, 7.4375], "texture": "#5"},
				"up": {"uv": [1.625, 7.8125, 1.5, 7.5], "texture": "#5"},
				"down": {"uv": [1.875, 7.5, 1.75, 7.8125], "texture": "#5"}
			}
		},
		{
			"from": [10.754, 0.68646, 7.35673],
			"to": [12.12884, 1.64885, 8.65105],
			"rotation": {"angle": -45, "axis": "z", "origin": [10.92005, 0.70849, 7.98456]},
			"faces": {
				"north": {"uv": [7, 2.25, 7.3125, 2.5], "texture": "#5"},
				"east": {"uv": [7, 2.5, 7.3125, 2.75], "texture": "#5"},
				"south": {"uv": [7, 2.75, 7.3125, 3], "texture": "#5"},
				"west": {"uv": [7, 3, 7.3125, 3.25], "texture": "#5"},
				"up": {"uv": [6.8125, 1.8125, 6.5, 1.5], "texture": "#5"},
				"down": {"uv": [6.8125, 2, 6.5, 2.3125], "texture": "#5"}
			}
		},
		{
			"from": [12.21558, 0.33651, 7.3636],
			"to": [12.62803, 1.0858, 8.65105],
			"rotation": {"angle": -22.5, "axis": "z", "origin": [11.10836, 1.2756, 7.98456]},
			"faces": {
				"north": {"uv": [1.5, 8, 1.625, 8.1875], "texture": "#5"},
				"east": {"uv": [3, 7.25, 3.3125, 7.4375], "texture": "#5"},
				"south": {"uv": [8, 1.5, 8.125, 1.6875], "texture": "#5"},
				"west": {"uv": [7.25, 3.5, 7.5625, 3.6875], "texture": "#5"},
				"up": {"uv": [7.625, 2.5625, 7.5, 2.25], "texture": "#5"},
				"down": {"uv": [2.625, 7.5, 2.5, 7.8125], "texture": "#5"}
			}
		},
		{
			"from": [11.47734, -0.16873, 7.35741],
			"to": [12.16476, 0.51869, 8.65174],
			"rotation": {"angle": 0, "axis": "y", "origin": [11.10836, 1.2756, 7.98456]},
			"faces": {
				"north": {"uv": [5.5, 7.5, 5.6875, 7.6875], "texture": "#5"},
				"east": {"uv": [7.25, 3.75, 7.5625, 3.9375], "texture": "#5"},
				"south": {"uv": [7.5, 5.5, 7.6875, 5.6875], "texture": "#5"},
				"west": {"uv": [7.25, 4, 7.5625, 4.1875], "texture": "#5"},
				"up": {"uv": [3.6875, 7.5625, 3.5, 7.25], "texture": "#5"},
				"down": {"uv": [4.4375, 7.25, 4.25, 7.5625], "texture": "#5"}
			}
		},
		{
			"from": [12.16445, -0.08321, 7.3636],
			"to": [12.45829, 0.34548, 8.65105],
			"rotation": {"angle": -22.5, "axis": "z", "origin": [11.10836, 1.2756, 7.98456]},
			"faces": {
				"north": {"uv": [3, 8.25, 3.0625, 8.375], "texture": "#5"},
				"east": {"uv": [7.5, 1, 7.8125, 1.125], "texture": "#5"},
				"south": {"uv": [8.25, 3, 8.3125, 3.125], "texture": "#5"},
				"west": {"uv": [2.75, 7.5, 3.0625, 7.625], "texture": "#5"},
				"up": {"uv": [4.0625, 8.3125, 4, 8], "texture": "#5"},
				"down": {"uv": [8.0625, 4, 8, 4.3125], "texture": "#5"}
			}
		},
		{
			"from": [11.47734, -1.28484, 7.35741],
			"to": [11.70245, -0.16873, 8.65174],
			"rotation": {"angle": 0, "axis": "y", "origin": [11.10836, 1.2756, 7.98456]},
			"faces": {
				"north": {"uv": [6, 8, 6.0625, 8.25], "texture": "#5"},
				"east": {"uv": [3.25, 7, 3.5625, 7.25], "texture": "#5"},
				"south": {"uv": [6.25, 8, 6.3125, 8.25], "texture": "#5"},
				"west": {"uv": [7, 3.25, 7.3125, 3.5], "texture": "#5"},
				"up": {"uv": [4.3125, 8.3125, 4.25, 8], "texture": "#5"},
				"down": {"uv": [4.5625, 8, 4.5, 8.3125], "texture": "#5"}
			}
		},
		{
			"from": [11.67917, -0.82196, 7.3636],
			"to": [11.83554, -0.42764, 8.65105],
			"rotation": {"angle": 0, "axis": "y", "origin": [11.10836, 1.2756, 7.98456]},
			"faces": {
				"north": {"uv": [3.25, 8.25, 3.3125, 8.375], "texture": "#5"},
				"east": {"uv": [7.5, 2.75, 7.8125, 2.875], "texture": "#5"},
				"south": {"uv": [8.25, 3.25, 8.3125, 3.375], "texture": "#5"},
				"west": {"uv": [7.5, 3, 7.8125, 3.125], "texture": "#5"},
				"up": {"uv": [8.0625, 4.8125, 8, 4.5], "texture": "#5"},
				"down": {"uv": [4.8125, 8, 4.75, 8.3125], "texture": "#5"}
			}
		},
		{
			"from": [12.45829, -0.8626, 7.35604],
			"to": [12.63706, 0.34548, 8.65311],
			"rotation": {"angle": -22.5, "axis": "z", "origin": [11.10836, 1.2756, 7.98456]},
			"faces": {
				"north": {"uv": [5, 8, 5.0625, 8.3125], "texture": "#5"},
				"east": {"uv": [6.5, 2.5, 6.8125, 2.8125], "texture": "#5"},
				"south": {"uv": [8, 5, 8.0625, 5.3125], "texture": "#5"},
				"west": {"uv": [6.5, 3.5, 6.8125, 3.8125], "texture": "#5"},
				"up": {"uv": [5.3125, 8.3125, 5.25, 8], "texture": "#5"},
				"down": {"uv": [5.5625, 8, 5.5, 8.3125], "texture": "#5"}
			}
		},
		{
			"from": [4.23613, 0.31512, 7.36291],
			"to": [4.95105, 0.72757, 8.64899],
			"rotation": {"angle": 45, "axis": "z", "origin": [3.38349, 0.33033, 7.99268]},
			"faces": {
				"north": {"uv": [8, 0.5, 8.1875, 0.625], "texture": "#5"},
				"east": {"uv": [5.5, 7.25, 5.8125, 7.375], "texture": "#5"},
				"south": {"uv": [8, 0.75, 8.1875, 0.875], "texture": "#5"},
				"west": {"uv": [6, 7.25, 6.3125, 7.375], "texture": "#5"},
				"up": {"uv": [1.1875, 7.5625, 1, 7.25], "texture": "#5"},
				"down": {"uv": [1.4375, 7.25, 1.25, 7.5625], "texture": "#5"}
			}
		},
		{
			"from": [3.30487, 0.05985, 7.35604],
			"to": [4.67971, 1.02224, 8.65036],
			"rotation": {"angle": 22.5, "axis": "z", "origin": [3.38349, 0.33033, 7.99268]},
			"faces": {
				"north": {"uv": [7, 0.5, 7.3125, 0.75], "texture": "#5"},
				"east": {"uv": [7, 0.75, 7.3125, 1], "texture": "#5"},
				"south": {"uv": [1, 7, 1.3125, 7.25], "texture": "#5"},
				"west": {"uv": [7, 1, 7.3125, 1.25], "texture": "#5"},
				"up": {"uv": [4.0625, 6.5625, 3.75, 6.25], "texture": "#5"},
				"down": {"uv": [4.5625, 6.25, 4.25, 6.5625], "texture": "#5"}
			}
		},
		{
			"from": [2.83863, 0.0147, 7.36016],
			"to": [3.25108, 0.76399, 8.64762],
			"rotation": {"angle": -22.5, "axis": "z", "origin": [3.38349, 0.33033, 7.99268]},
			"faces": {
				"north": {"uv": [1, 8, 1.125, 8.1875], "texture": "#5"},
				"east": {"uv": [7.25, 1.25, 7.5625, 1.4375], "texture": "#5"},
				"south": {"uv": [8, 1, 8.125, 1.1875], "texture": "#5"},
				"west": {"uv": [1.5, 7.25, 1.8125, 7.4375], "texture": "#5"},
				"up": {"uv": [6.625, 7.5625, 6.5, 7.25], "texture": "#5"},
				"down": {"uv": [6.875, 7.25, 6.75, 7.5625], "texture": "#5"}
			}
		},
		{
			"from": [2.88822, 0.03728, 7.35673],
			"to": [3.57564, 0.7247, 8.65105],
			"rotation": {"angle": 45, "axis": "z", "origin": [3.38349, 0.33033, 7.99268]},
			"faces": {
				"north": {"uv": [7.5, 5, 7.6875, 5.1875], "texture": "#5"},
				"east": {"uv": [7.25, 1.5, 7.5625, 1.6875], "texture": "#5"},
				"south": {"uv": [7.5, 5.25, 7.6875, 5.4375], "texture": "#5"},
				"west": {"uv": [7.25, 1.75, 7.5625, 1.9375], "texture": "#5"},
				"up": {"uv": [2.1875, 7.5625, 2, 7.25], "texture": "#5"},
				"down": {"uv": [2.4375, 7.25, 2.25, 7.5625], "texture": "#5"}
			}
		},
		{
			"from": [3.00837, -0.40502, 7.36016],
			"to": [3.30223, 0.02367, 8.64762],
			"rotation": {"angle": -22.5, "axis": "z", "origin": [3.38349, 0.33033, 7.99268]},
			"faces": {
				"north": {"uv": [8.25, 1.75, 8.3125, 1.875], "texture": "#5"},
				"east": {"uv": [7, 7.25, 7.3125, 7.375], "texture": "#5"},
				"south": {"uv": [2, 8.25, 2.0625, 8.375], "texture": "#5"},
				"west": {"uv": [0, 7.5, 0.3125, 7.625], "texture": "#5"},
				"up": {"uv": [1.8125, 8.3125, 1.75, 8], "texture": "#5"},
				"down": {"uv": [8.0625, 1.75, 8, 2.0625], "texture": "#5"}
			}
		},
		{
			"from": [1.7721, 0.03728, 7.35673],
			"to": [2.88822, 0.26239, 8.65105],
			"rotation": {"angle": 45, "axis": "z", "origin": [3.38349, 0.33033, 7.99268]},
			"faces": {
				"north": {"uv": [8, 5.5, 8.25, 5.5625], "texture": "#5"},
				"east": {"uv": [2, 8, 2.3125, 8.0625], "texture": "#5"},
				"south": {"uv": [5.75, 8, 6, 8.0625], "texture": "#5"},
				"west": {"uv": [8, 2.25, 8.3125, 2.3125], "texture": "#5"},
				"up": {"uv": [7.25, 1.5625, 7, 1.25], "texture": "#5"},
				"down": {"uv": [7.25, 1.75, 7, 2.0625], "texture": "#5"}
			}
		},
		{
			"from": [7.38816, 0.97691, 7.35659],
			"to": [8.00683, 1.18314, 8.64954],
			"rotation": {"angle": -22.5, "axis": "z", "origin": [7.83498, 1.08003, 7.99001]},
			"faces": {
				"north": {"uv": [8.25, 2, 8.375, 2.0625], "texture": "#5"},
				"east": {"uv": [2.5, 8, 2.8125, 8.0625], "texture": "#5"},
				"south": {"uv": [2.25, 8.25, 2.375, 8.3125], "texture": "#5"},
				"west": {"uv": [8, 2.5, 8.3125, 2.5625], "texture": "#5"},
				"up": {"uv": [7.625, 0.3125, 7.5, 0], "texture": "#5"},
				"down": {"uv": [0.625, 7.5, 0.5, 7.8125], "texture": "#5"}
			}
		},
		{
			"from": [4.67971, 0.05985, 7.36223],
			"to": [6.467, 1.29721, 8.64968],
			"rotation": {"angle": 22.5, "axis": "z", "origin": [3.38349, 0.33033, 7.99268]},
			"faces": {
				"north": {"uv": [3, 5.25, 3.4375, 5.5625], "texture": "#5"},
				"east": {"uv": [1, 6.5, 1.3125, 6.8125], "texture": "#5"},
				"south": {"uv": [5.25, 3.25, 5.6875, 3.5625], "texture": "#5"},
				"west": {"uv": [6.5, 1, 6.8125, 1.3125], "texture": "#5"},
				"up": {"uv": [4.9375, 5.5625, 4.5, 5.25], "texture": "#5"},
				"down": {"uv": [5.9375, 0, 5.5, 0.3125], "texture": "#5"}
			}
		},
		{
			"from": [2.23498, 0.23912, 7.36016],
			"to": [2.62931, 0.39548, 8.64762],
			"rotation": {"angle": 45, "axis": "z", "origin": [3.38349, 0.33033, 7.99268]},
			"faces": {
				"north": {"uv": [2.5, 8.25, 2.625, 8.3125], "texture": "#5"},
				"east": {"uv": [8, 2.75, 8.3125, 2.8125], "texture": "#5"},
				"south": {"uv": [2.75, 8.25, 2.875, 8.3125], "texture": "#5"},
				"west": {"uv": [3, 8, 3.3125, 8.0625], "texture": "#5"},
				"up": {"uv": [7.625, 0.8125, 7.5, 0.5], "texture": "#5"},
				"down": {"uv": [0.875, 7.5, 0.75, 7.8125], "texture": "#5"}
			}
		},
		{
			"from": [2.8296, -1.1844, 7.36016],
			"to": [3.00837, 0.02367, 8.64762],
			"rotation": {"angle": -22.5, "axis": "z", "origin": [3.38349, 0.33033, 7.99268]},
			"faces": {
				"north": {"uv": [8, 3, 8.0625, 3.3125], "texture": "#5"},
				"east": {"uv": [6, 6.25, 6.3125, 6.5625], "texture": "#5"},
				"south": {"uv": [3.5, 8, 3.5625, 8.3125], "texture": "#5"},
				"west": {"uv": [6.5, 0, 6.8125, 0.3125], "texture": "#5"},
				"up": {"uv": [8.0625, 3.8125, 8, 3.5], "texture": "#5"},
				"down": {"uv": [3.8125, 8, 3.75, 8.3125], "texture": "#5"}
			}
		},
		{
			"from": [5.86226, 1.02879, 7.35741],
			"to": [8.13075, 2.40363, 8.65174],
			"rotation": {"angle": 0, "axis": "y", "origin": [7.34022, 1.44124, 7.99276]},
			"faces": {
				"north": {"uv": [4.5, 3, 5.0625, 3.3125], "texture": "#5"},
				"east": {"uv": [0.5, 6.5, 0.8125, 6.8125], "texture": "#5"},
				"south": {"uv": [4, 4.5, 4.5625, 4.8125], "texture": "#5"},
				"west": {"uv": [6.5, 0.5, 6.8125, 0.8125], "texture": "#5"},
				"up": {"uv": [5.3125, 0.3125, 4.75, 0], "texture": "#5"},
				"down": {"uv": [5.3125, 0.5, 4.75, 0.8125], "texture": "#5"}
			}
		},
		{
			"from": [9.46082, 1.02879, 7.35535],
			"to": [10.01076, 2.36925, 8.64968],
			"rotation": {"angle": 0, "axis": "y", "origin": [11.13229, 0.65175, 7.985]},
			"faces": {
				"north": {"uv": [3.25, 7.5, 3.375, 7.8125], "texture": "#5"},
				"east": {"uv": [6.5, 4, 6.8125, 4.3125], "texture": "#5"},
				"south": {"uv": [3.75, 7.5, 3.875, 7.8125], "texture": "#5"},
				"west": {"uv": [6.5, 4.5, 6.8125, 4.8125], "texture": "#5"},
				"up": {"uv": [4.125, 7.8125, 4, 7.5], "texture": "#5"},
				"down": {"uv": [4.625, 7.5, 4.5, 7.8125], "texture": "#5"}
			}
		},
		{
			"from": [8.42969, 0.99441, 7.30535],
			"to": [9.74834, 2.71296, 8.72468],
			"rotation": {"angle": 0, "axis": "y", "origin": [11.13229, 0.65175, 7.985]},
			"faces": {
				"north": {"uv": [5.5, 1.5, 5.8125, 1.9375], "texture": "#5"},
				"east": {"uv": [1.5, 4.75, 1.875, 5.1875], "texture": "#5"},
				"south": {"uv": [5.5, 2, 5.8125, 2.4375], "texture": "#5"},
				"west": {"uv": [2, 4.75, 2.375, 5.1875], "texture": "#5"},
				"up": {"uv": [6.3125, 2.875, 6, 2.5], "texture": "#5"},
				"down": {"uv": [6.3125, 3.75, 6, 4.125], "texture": "#5"}
			}
		},
		{
			"from": [9.43887, 0.57197, 7.36223],
			"to": [11.22616, 1.80932, 8.64968],
			"rotation": {"angle": -22.5, "axis": "z", "origin": [11.13229, 0.65175, 7.985]},
			"faces": {
				"north": {"uv": [5.5, 0.5, 5.9375, 0.8125], "texture": "#5"},
				"east": {"uv": [4.75, 6.5, 5.0625, 6.8125], "texture": "#5"},
				"south": {"uv": [0.75, 5.5, 1.1875, 5.8125], "texture": "#5"},
				"west": {"uv": [6.5, 5, 6.8125, 5.3125], "texture": "#5"},
				"up": {"uv": [5.9375, 1.3125, 5.5, 1], "texture": "#5"},
				"down": {"uv": [1.6875, 5.5, 1.25, 5.8125], "texture": "#5"}
			}
		},
		{
			"from": [14.3, 0.457, 7.506],
			"to": [16.23, 1.395, 8.494],
			"rotation": {"angle": 45, "axis": "z", "origin": [6.85, -4.97, 8]},
			"faces": {
				"north": {"uv": [2.5, 1.75, 3, 2], "texture": "#5"},
				"east": {"uv": [5, 7, 5.25, 7.25], "texture": "#5"},
				"south": {"uv": [5.25, 3.75, 5.75, 4], "texture": "#5"},
				"west": {"uv": [7, 5, 7.25, 5.25], "texture": "#5"},
				"up": {"uv": [3, 5.75, 2.5, 5.5], "texture": "#5"},
				"down": {"uv": [6, 2.5, 5.5, 2.75], "texture": "#5"}
			}
		},
		{
			"from": [6.72037, 0.27728, 7.481],
			"to": [8.24037, 1.60728, 8.469],
			"rotation": {"angle": 22.5, "axis": "z", "origin": [8.07, 1.68, 7.975]},
			"faces": {
				"north": {"uv": [0, 5.75, 0.375, 6.0625], "texture": "#5"},
				"east": {"uv": [7, 3.5, 7.25, 3.8125], "texture": "#5"},
				"south": {"uv": [1.75, 5.75, 2.125, 6.0625], "texture": "#5"},
				"west": {"uv": [3.75, 7, 4, 7.3125], "texture": "#5"},
				"up": {"uv": [6.375, 7, 6, 6.75], "texture": "#5"},
				"down": {"uv": [7.375, 0, 7, 0.25], "texture": "#5"}
			}
		},
		{
			"from": [7.31795, -6.87158, 7.291],
			"to": [8.83795, -5.54158, 8.659],
			"rotation": {"angle": 22.5, "axis": "z", "origin": [8.07, -5.54, 7.975]},
			"faces": {
				"north": {"uv": [2.25, 5.75, 2.625, 6.0625], "texture": "#5"},
				"east": {"uv": [5.25, 6.5, 5.5625, 6.8125], "texture": "#5"},
				"south": {"uv": [2.75, 5.75, 3.125, 6.0625], "texture": "#5"},
				"west": {"uv": [6.5, 5.5, 6.8125, 5.8125], "texture": "#5"},
				"up": {"uv": [6.125, 3.5625, 5.75, 3.25], "texture": "#5"},
				"down": {"uv": [4.375, 5.75, 4, 6.0625], "texture": "#5"}
			}
		},
		{
			"from": [7.89963, 0.27728, 7.481],
			"to": [9.41963, 1.60728, 8.469],
			"rotation": {"angle": -22.5, "axis": "z", "origin": [8.07, 1.68, 7.975]},
			"faces": {
				"north": {"uv": [4.5, 5.75, 4.875, 6.0625], "texture": "#5"},
				"east": {"uv": [4, 7, 4.25, 7.3125], "texture": "#5"},
				"south": {"uv": [6, 0, 6.375, 0.3125], "texture": "#5"},
				"west": {"uv": [7, 4, 7.25, 4.3125], "texture": "#5"},
				"up": {"uv": [7.375, 0.5, 7, 0.25], "texture": "#5"},
				"down": {"uv": [0.875, 7, 0.5, 7.25], "texture": "#5"}
			}
		},
		{
			"from": [7.30205, -6.87158, 7.291],
			"to": [8.82205, -5.54158, 8.659],
			"rotation": {"angle": -22.5, "axis": "z", "origin": [8.07, -5.54, 7.975]},
			"faces": {
				"north": {"uv": [6, 0.5, 6.375, 0.8125], "texture": "#5"},
				"east": {"uv": [6.5, 6, 6.8125, 6.3125], "texture": "#5"},
				"south": {"uv": [0.75, 6, 1.125, 6.3125], "texture": "#5"},
				"west": {"uv": [6.5, 6.5, 6.8125, 6.8125], "texture": "#5"},
				"up": {"uv": [6.375, 1.3125, 6, 1], "texture": "#5"},
				"down": {"uv": [1.625, 6, 1.25, 6.3125], "texture": "#5"}
			}
		},
		{
			"from": [7.31, -0.22, 7.405],
			"to": [8.83, 1.68, 8.545],
			"rotation": {"angle": 0, "axis": "y", "origin": [8.07, 1.68, 7.975]},
			"faces": {
				"north": {"uv": [0.5, 4.5, 0.875, 5], "texture": "#5"},
				"east": {"uv": [3, 4.75, 3.3125, 5.25], "texture": "#5"},
				"south": {"uv": [1, 4.5, 1.375, 5], "texture": "#5"},
				"west": {"uv": [4.75, 3.5, 5.0625, 4], "texture": "#5"},
				"up": {"uv": [6.375, 1.8125, 6, 1.5], "texture": "#5"},
				"down": {"uv": [6.375, 2, 6, 2.3125], "texture": "#5"}
			}
		},
		{
			"from": [7.31, -7.06, 7.215],
			"to": [8.83, -5.16, 8.735],
			"rotation": {"angle": 0, "axis": "y", "origin": [8.07, -5.54, 7.975]},
			"faces": {
				"north": {"uv": [4.5, 1, 4.875, 1.5], "texture": "#5"},
				"east": {"uv": [4.5, 1.5, 4.875, 2], "texture": "#5"},
				"south": {"uv": [4.5, 2, 4.875, 2.5], "texture": "#5"},
				"west": {"uv": [4.5, 2.5, 4.875, 3], "texture": "#5"},
				"up": {"uv": [0.375, 5.625, 0, 5.25], "texture": "#5"},
				"down": {"uv": [2.375, 5.25, 2, 5.625], "texture": "#5"}
			}
		},
		{
			"from": [7.12, -5.35, 7.025],
			"to": [9.02, -4.97, 8.925],
			"rotation": {"angle": 0, "axis": "y", "origin": [8.07, -3.83, 7.975]},
			"faces": {
				"north": {"uv": [5.5, 7, 6, 7.125], "texture": "#5"},
				"east": {"uv": [7, 5.5, 7.5, 5.625], "texture": "#5"},
				"south": {"uv": [7, 5.75, 7.5, 5.875], "texture": "#5"},
				"west": {"uv": [6, 7, 6.5, 7.125], "texture": "#5"},
				"up": {"uv": [3, 1.75, 2.5, 1.25], "texture": "#5"},
				"down": {"uv": [4.5, 1, 4, 1.5], "texture": "#5"}
			}
		},
		{
			"from": [7.12, -0.6, 7.025],
			"to": [9.02, -0.22, 8.925],
			"rotation": {"angle": 0, "axis": "y", "origin": [8.07, 0.92, 7.975]},
			"faces": {
				"north": {"uv": [7, 6, 7.5, 6.125], "texture": "#5"},
				"east": {"uv": [7, 6.25, 7.5, 6.375], "texture": "#5"},
				"south": {"uv": [6.5, 7, 7, 7.125], "texture": "#5"},
				"west": {"uv": [7, 6.5, 7.5, 6.625], "texture": "#5"},
				"up": {"uv": [4.5, 2, 4, 1.5], "texture": "#5"},
				"down": {"uv": [4.5, 2, 4, 2.5], "texture": "#5"}
			}
		},
		{
			"from": [7.12, -2.88, 7.025],
			"to": [9.02, -2.5, 8.925],
			"rotation": {"angle": 0, "axis": "y", "origin": [8.07, -1.36, 7.975]},
			"faces": {
				"north": {"uv": [7, 6.75, 7.5, 6.875], "texture": "#5"},
				"east": {"uv": [7, 7, 7.5, 7.125], "texture": "#5"},
				"south": {"uv": [0, 7.25, 0.5, 7.375], "texture": "#5"},
				"west": {"uv": [0.5, 7.25, 1, 7.375], "texture": "#5"},
				"up": {"uv": [4.5, 3, 4, 2.5], "texture": "#5"},
				"down": {"uv": [4.5, 3, 4, 3.5], "texture": "#5"}
			}
		},
		{
			"from": [7.88, -5.35, 7.215],
			"to": [8.26, -0.6, 8.735],
			"rotation": {"angle": 0, "axis": "y", "origin": [8.07, -0.98, 7.975]},
			"faces": {
				"north": {"uv": [4.75, 4, 4.875, 5.1875], "texture": "#5"},
				"east": {"uv": [2.5, 0, 2.875, 1.1875], "texture": "#5"},
				"south": {"uv": [0.5, 5, 0.625, 6.1875], "texture": "#5"},
				"west": {"uv": [3, 0, 3.375, 1.1875], "texture": "#5"},
				"up": {"uv": [7.375, 5.375, 7.25, 5], "texture": "#5"},
				"down": {"uv": [5.375, 7.25, 5.25, 7.625], "texture": "#5"}
			}
		},
		{
			"from": [7.234, -0.22, 7.785],
			"to": [7.614, 0.73, 8.165],
			"rotation": {"angle": 45, "axis": "z", "origin": [8.754, -0.03, 7.975]},
			"faces": {
				"north": {"uv": [7, 7.5, 7.125, 7.75], "texture": "#5"},
				"east": {"uv": [7.5, 7, 7.625, 7.25], "texture": "#5"},
				"south": {"uv": [7.25, 7.5, 7.375, 7.75], "texture": "#5"},
				"west": {"uv": [7.5, 7.25, 7.625, 7.5], "texture": "#5"},
				"up": {"uv": [6.625, 8.125, 6.5, 8], "texture": "#5"},
				"down": {"uv": [6.875, 8, 6.75, 8.125], "texture": "#5"}
			}
		},
		{
			"from": [7.234, -2.5, 7.785],
			"to": [7.614, -1.55, 8.165],
			"rotation": {"angle": 45, "axis": "z", "origin": [8.754, -2.31, 7.975]},
			"faces": {
				"north": {"uv": [7.5, 7.5, 7.625, 7.75], "texture": "#5"},
				"east": {"uv": [0, 7.75, 0.125, 8], "texture": "#5"},
				"south": {"uv": [7.75, 0, 7.875, 0.25], "texture": "#5"},
				"west": {"uv": [0.25, 7.75, 0.375, 8], "texture": "#5"},
				"up": {"uv": [7.125, 8.125, 7, 8], "texture": "#5"},
				"down": {"uv": [7.375, 8, 7.25, 8.125], "texture": "#5"}
			}
		},
		{
			"from": [7.92261, -2.16419, 7.785],
			"to": [8.87261, -1.78419, 8.165],
			"rotation": {"angle": -45, "axis": "z", "origin": [8.032, -2.31, 7.975]},
			"faces": {
				"north": {"uv": [7.75, 0.25, 8, 0.375], "texture": "#5"},
				"east": {"uv": [7.5, 8, 7.625, 8.125], "texture": "#5"},
				"south": {"uv": [7.75, 0.5, 8, 0.625], "texture": "#5"},
				"west": {"uv": [7.75, 8, 7.875, 8.125], "texture": "#5"},
				"up": {"uv": [8, 0.875, 7.75, 0.75], "texture": "#5"},
				"down": {"uv": [1.25, 7.75, 1, 7.875], "texture": "#5"}
			}
		},
		{
			"from": [7.92261, -4.59619, 7.785],
			"to": [8.87261, -4.21619, 8.165],
			"rotation": {"angle": -45, "axis": "z", "origin": [8.032, -4.742, 7.975]},
			"faces": {
				"north": {"uv": [1.25, 7.75, 1.5, 7.875], "texture": "#5"},
				"east": {"uv": [8, 7.75, 8.125, 7.875], "texture": "#5"},
				"south": {"uv": [7.75, 1.25, 8, 1.375], "texture": "#5"},
				"west": {"uv": [8, 8, 8.125, 8.125], "texture": "#5"},
				"up": {"uv": [8, 1.625, 7.75, 1.5], "texture": "#5"},
				"down": {"uv": [8, 1.75, 7.75, 1.875], "texture": "#5"}
			}
		},
		{
			"from": [7.234, -5.008, 7.785],
			"to": [7.614, -4.058, 8.165],
			"rotation": {"angle": 45, "axis": "z", "origin": [8.754, -4.818, 7.975]},
			"faces": {
				"north": {"uv": [2, 7.75, 2.125, 8], "texture": "#5"},
				"east": {"uv": [7.75, 2, 7.875, 2.25], "texture": "#5"},
				"south": {"uv": [2.25, 7.75, 2.375, 8], "texture": "#5"},
				"west": {"uv": [7.75, 2.25, 7.875, 2.5], "texture": "#5"},
				"up": {"uv": [0.125, 8.375, 0, 8.25], "texture": "#5"},
				"down": {"uv": [0.375, 8.25, 0.25, 8.375], "texture": "#5"}
			}
		},
		{
			"from": [8.526, -0.22, 7.785],
			"to": [8.906, 0.73, 8.165],
			"rotation": {"angle": -45, "axis": "z", "origin": [7.386, -0.03, 7.975]},
			"faces": {
				"north": {"uv": [7.75, 2.5, 7.875, 2.75], "texture": "#5"},
				"east": {"uv": [2.75, 7.75, 2.875, 8], "texture": "#5"},
				"south": {"uv": [3, 7.75, 3.125, 8], "texture": "#5"},
				"west": {"uv": [7.75, 3.25, 7.875, 3.5], "texture": "#5"},
				"up": {"uv": [0.625, 8.375, 0.5, 8.25], "texture": "#5"},
				"down": {"uv": [8.375, 0.5, 8.25, 0.625], "texture": "#5"}
			}
		},
		{
			"from": [8.526, -2.5, 7.785],
			"to": [8.906, -1.55, 8.165],
			"rotation": {"angle": -45, "axis": "z", "origin": [7.386, -2.31, 7.975]},
			"faces": {
				"north": {"uv": [3.5, 7.75, 3.625, 8], "texture": "#5"},
				"east": {"uv": [7.75, 3.5, 7.875, 3.75], "texture": "#5"},
				"south": {"uv": [7.75, 3.75, 7.875, 4], "texture": "#5"},
				"west": {"uv": [7.75, 4, 7.875, 4.25], "texture": "#5"},
				"up": {"uv": [0.875, 8.375, 0.75, 8.25], "texture": "#5"},
				"down": {"uv": [8.375, 0.75, 8.25, 0.875], "texture": "#5"}
			}
		},
		{
			"from": [7.55993, -3.09687, 7.785],
			"to": [7.93993, -2.14687, 8.165],
			"rotation": {"angle": -45, "axis": "z", "origin": [8.032, -2.31, 7.975]},
			"faces": {
				"north": {"uv": [4.25, 7.75, 4.375, 8], "texture": "#5"},
				"east": {"uv": [7.75, 4.25, 7.875, 4.5], "texture": "#5"},
				"south": {"uv": [7.75, 4.5, 7.875, 4.75], "texture": "#5"},
				"west": {"uv": [4.75, 7.75, 4.875, 8], "texture": "#5"},
				"up": {"uv": [1.125, 8.375, 1, 8.25], "texture": "#5"},
				"down": {"uv": [8.375, 1, 8.25, 1.125], "texture": "#5"}
			}
		},
		{
			"from": [7.55993, -5.52887, 7.785],
			"to": [7.93993, -4.57887, 8.165],
			"rotation": {"angle": -45, "axis": "z", "origin": [8.032, -4.742, 7.975]},
			"faces": {
				"north": {"uv": [7.75, 4.75, 7.875, 5], "texture": "#5"},
				"east": {"uv": [5, 7.75, 5.125, 8], "texture": "#5"},
				"south": {"uv": [7.75, 5, 7.875, 5.25], "texture": "#5"},
				"west": {"uv": [5.25, 7.75, 5.375, 8], "texture": "#5"},
				"up": {"uv": [1.375, 8.375, 1.25, 8.25], "texture": "#5"},
				"down": {"uv": [8.375, 1.25, 8.25, 1.375], "texture": "#5"}
			}
		},
		{
			"from": [8.526, -5.008, 7.785],
			"to": [8.906, -4.058, 8.165],
			"rotation": {"angle": -45, "axis": "z", "origin": [7.386, -4.818, 7.975]},
			"faces": {
				"north": {"uv": [7.75, 5.25, 7.875, 5.5], "texture": "#5"},
				"east": {"uv": [5.5, 7.75, 5.625, 8], "texture": "#5"},
				"south": {"uv": [7.75, 5.5, 7.875, 5.75], "texture": "#5"},
				"west": {"uv": [5.75, 7.75, 5.875, 8], "texture": "#5"},
				"up": {"uv": [1.625, 8.375, 1.5, 8.25], "texture": "#5"},
				"down": {"uv": [8.375, 1.5, 8.25, 1.625], "texture": "#5"}
			}
		},
		{
			"from": [7.5, -5.35, 7.405],
			"to": [8.64, -0.41, 8.545],
			"rotation": {"angle": 0, "axis": "y", "origin": [8.07, -3.64, 7.975]},
			"faces": {
				"north": {"uv": [3.5, 0, 3.8125, 1.25], "texture": "#5"},
				"east": {"uv": [3.5, 1.25, 3.8125, 2.5], "texture": "#5"},
				"south": {"uv": [3.5, 2.5, 3.8125, 3.75], "texture": "#5"},
				"west": {"uv": [3, 3.5, 3.3125, 4.75], "texture": "#5"},
				"up": {"uv": [0.3125, 7.0625, 0, 6.75], "texture": "#5"},
				"down": {"uv": [1.8125, 6.75, 1.5, 7.0625], "texture": "#5"}
			}
		},
		{
			"from": [7.69, 1.3, 7.595],
			"to": [8.45, 2.06, 8.355],
			"rotation": {"angle": 45, "axis": "z", "origin": [8.07, 1.68, 7.975]},
			"faces": {
				"north": {"uv": [5.75, 7.5, 5.9375, 7.6875], "texture": "#5"},
				"east": {"uv": [7.5, 5.75, 7.6875, 5.9375], "texture": "#5"},
				"south": {"uv": [6, 7.5, 6.1875, 7.6875], "texture": "#5"},
				"west": {"uv": [7.5, 6, 7.6875, 6.1875], "texture": "#5"},
				"up": {"uv": [6.4375, 7.6875, 6.25, 7.5], "texture": "#5"},
				"down": {"uv": [7.6875, 6.25, 7.5, 6.4375], "texture": "#5"}
			}
		},
		{
			"from": [6.6152, -6.9948, 7.405],
			"to": [7.3752, -6.2348, 8.545],
			"rotation": {"angle": 45, "axis": "z", "origin": [8.07, -5.54, 7.975]},
			"faces": {
				"north": {"uv": [7.5, 6.5, 7.6875, 6.6875], "texture": "#5"},
				"east": {"uv": [7.25, 4.25, 7.5625, 4.4375], "texture": "#5"},
				"south": {"uv": [7.5, 6.75, 7.6875, 6.9375], "texture": "#5"},
				"west": {"uv": [4.5, 7.25, 4.8125, 7.4375], "texture": "#5"},
				"up": {"uv": [7.4375, 4.8125, 7.25, 4.5], "texture": "#5"},
				"down": {"uv": [5.1875, 7.25, 5, 7.5625], "texture": "#5"}
			}
		},
		{
			"from": [-0.23, 0.457, 7.506],
			"to": [1.7, 1.395, 8.494],
			"rotation": {"angle": -45, "axis": "z", "origin": [9.15, -4.97, 8]},
			"faces": {
				"north": {"uv": [5.5, 2.75, 6, 3], "texture": "#5"},
				"east": {"uv": [5.25, 7, 5.5, 7.25], "texture": "#5"},
				"south": {"uv": [4, 5.5, 4.5, 5.75], "texture": "#5"},
				"west": {"uv": [7, 5.25, 7.25, 5.5], "texture": "#5"},
				"up": {"uv": [6, 4.25, 5.5, 4], "texture": "#5"},
				"down": {"uv": [6, 4.25, 5.5, 4.5], "texture": "#5"}
			}
		},
		{
			"from": [3.25, 4.75, 7.4],
			"to": [4.45, 5.95, 8.6],
			"rotation": {"angle": -45, "axis": "z", "origin": [7.75, -1.25, 8]},
			"faces": {
				"north": {"uv": [6, 4.25, 6.3125, 4.5625], "texture": "#5"},
				"east": {"uv": [6, 4.75, 6.3125, 5.0625], "texture": "#5"},
				"south": {"uv": [5, 6, 5.3125, 6.3125], "texture": "#5"},
				"west": {"uv": [6, 5.25, 6.3125, 5.5625], "texture": "#5"},
				"up": {"uv": [5.8125, 6.3125, 5.5, 6], "texture": "#5"},
				"down": {"uv": [6.3125, 5.75, 6, 6.0625], "texture": "#5"}
			}
		},
		{
			"from": [11.55, 4.75, 7.4],
			"to": [12.75, 5.95, 8.6],
			"rotation": {"angle": 45, "axis": "z", "origin": [8.25, -1.25, 8]},
			"faces": {
				"north": {"uv": [0, 6.25, 0.3125, 6.5625], "texture": "#5"},
				"east": {"uv": [1.75, 6.25, 2.0625, 6.5625], "texture": "#5"},
				"south": {"uv": [2.25, 6.25, 2.5625, 6.5625], "texture": "#5"},
				"west": {"uv": [2.75, 6.25, 3.0625, 6.5625], "texture": "#5"},
				"up": {"uv": [6.5625, 3.3125, 6.25, 3], "texture": "#5"},
				"down": {"uv": [3.5625, 6.25, 3.25, 6.5625], "texture": "#5"}
			}
		}
	],
	"gui_light": "front",
	"display": {
		"thirdperson_righthand": {
			"rotation": [0, -86, 0],
			"translation": [0, 9, 1.75]
		},
		"thirdperson_lefthand": {
			"rotation": [0, 103, 0],
			"translation": [0, 7.75, 1.5]
		},
		"firstperson_righthand": {
			"rotation": [-20, -102, 0],
			"translation": [1.5, 4.25, -2.75],
			"scale": [0.8, 0.8, 0.8]
		},
		"firstperson_lefthand": {
			"rotation": [-20, 89, 0],
			"translation": [-1.25, 5.5, -1.5],
			"scale": [0.8, 0.8, 0.8]
		},
		"ground": {
			"translation": [0, 7, 0],
			"scale": [0.56, 0.56, 0.56]
		},
		"gui": {
			"rotation": [0, 0, 52],
			"translation": [0.25, -1.5, 0],
			"scale": [0.49, 0.49, 0.49]
		},
		"head": {
			"scale": [1, 1, -1]
		},
		"fixed": {
			"rotation": [0, -180, -45],
			"translation": [0, 0, -1.75]
		}
	},
	"groups": [
		{
			"name": "group",
			"origin": [7.5, 1, 0],
			"color": 0,
			"nbt": "{}",
			"armAnimationEnabled": false,
			"children": [
				0,
				1,
				2,
				3,
				4,
				5,
				6,
				7,
				8,
				9,
				10,
				11,
				12,
				13,
				14,
				15,
				16,
				17,
				18,
				19,
				20,
				21,
				22,
				23,
				24,
				25,
				26,
				27,
				28,
				29,
				30,
				31,
				32,
				33,
				34,
				35,
				36,
				37,
				38,
				39,
				40,
				41,
				42,
				43,
				44,
				45,
				46,
				47,
				48,
				49,
				50,
				51,
				52,
				53,
				54,
				55,
				56,
				57,
				58,
				59,
				60,
				61,
				62
			]
		}
	]
}