{"textures":{"0":"modelengine:entity/texture"},"elements":[{"from":[4.04,22.942858,7.56],"to":[11.52,25.142859,10.64],"rotation":{"angle":0.0,"axis":"y","origin":[8.0,11.3,8.0]},"faces":{"east":{"uv":[9.0,7.0,9.875,7.625],"rotation":0,"texture":"#0","tintindex":0},"south":{"uv":[12.125,1.375,14.25,2.0],"rotation":0,"texture":"#0","tintindex":0},"north":{"uv":[12.125,0.75,14.25,1.375],"rotation":0,"texture":"#0","tintindex":0},"west":{"uv":[5.375,12.625,6.25,13.25],"rotation":0,"texture":"#0","tintindex":0},"up":{"uv":[13.875,11.75,11.75,10.875],"rotation":0,"texture":"#0","tintindex":0},"down":{"uv":[13.875,11.75,11.75,12.625],"rotation":0,"texture":"#0","tintindex":0}}},{"from":[9.32,11.08,7.12],"to":[10.64,17.68,8.44],"rotation":{"angle":-22.5,"axis":"x","origin":[8.0,13.059999,8.0]},"faces":{"east":{"uv":[4.25,12.625,4.625,14.5],"rotation":0,"texture":"#0","tintindex":0},"south":{"uv":[4.625,12.625,5.0,14.5],"rotation":0,"texture":"#0","tintindex":0},"north":{"uv":[12.5,4.0,12.875,5.875],"rotation":0,"texture":"#0","tintindex":0},"west":{"uv":[5.0,12.625,5.375,14.5],"rotation":0,"texture":"#0","tintindex":0},"up":{"uv":[9.125,14.5,8.75,14.125],"rotation":0,"texture":"#0","tintindex":0},"down":{"uv":[9.5,14.125,9.125,14.5],"rotation":0,"texture":"#0","tintindex":0}}},{"from":[5.3599997,11.08,7.12],"to":[7.12,17.68,8.88],"rotation":{"angle":-22.5,"axis":"x","origin":[8.0,13.059999,8.0]},"faces":{"east":{"uv":[0.0,12.25,0.5,14.125],"rotation":0,"texture":"#0","tintindex":0},"south":{"uv":[0.5,12.25,1.0,14.125],"rotation":0,"texture":"#0","tintindex":0},"north":{"uv":[7.875,12.0,8.375,13.875],"rotation":0,"texture":"#0","tintindex":0},"west":{"uv":[1.0,12.25,1.5,14.125],"rotation":0,"texture":"#0","tintindex":0},"up":{"uv":[14.25,14.25,13.75,13.75],"rotation":0,"texture":"#0","tintindex":0},"down":{"uv":[5.875,13.875,5.375,14.375],"rotation":0,"texture":"#0","tintindex":0}}},{"from":[4.48,9.76,5.8],"to":[11.52,17.240002,11.52],"rotation":{"angle":-22.5,"axis":"x","origin":[8.0,13.059999,8.0]},"faces":{"east":{"uv":[1.875,9.75,3.5,11.875],"rotation":0,"texture":"#0","tintindex":0},"south":{"uv":[8.625,8.0,10.625,10.125],"rotation":0,"texture":"#0","tintindex":0},"north":{"uv":[6.625,8.0,8.625,10.125],"rotation":0,"texture":"#0","tintindex":0},"west":{"uv":[3.5,9.75,5.125,11.875],"rotation":0,"texture":"#0","tintindex":0},"up":{"uv":[10.625,11.75,8.625,10.125],"rotation":0,"texture":"#0","tintindex":0},"down":{"uv":[12.625,7.0,10.625,8.625],"rotation":0,"texture":"#0","tintindex":0}}},{"from":[3.6,8.88,9.32],"to":[11.96,30.44,15.92],"rotation":{"angle":0.0,"axis":"y","origin":[8.0,8.0,8.0]},"faces":{"east":{"uv":[4.75,0.0,6.625,6.125],"rotation":0,"texture":"#0","tintindex":0},"south":{"uv":[2.375,0.0,4.75,6.125],"rotation":0,"texture":"#0","tintindex":0},"north":{"uv":[0.0,0.0,2.375,6.125],"rotation":0,"texture":"#0","tintindex":0},"west":{"uv":[0.0,6.125,1.875,12.25],"rotation":0,"texture":"#0","tintindex":0},"up":{"uv":[9.0,6.125,6.625,4.25],"rotation":0,"texture":"#0","tintindex":0},"down":{"uv":[9.0,6.125,6.625,8.0],"rotation":0,"texture":"#0","tintindex":0}}},{"from":[3.6,25.142859,7.12],"to":[11.96,30.42286,9.32],"rotation":{"angle":0.0,"axis":"y","origin":[8.0,8.0,8.0]},"faces":{"east":{"uv":[1.5,12.5,2.125,14.0],"rotation":0,"texture":"#0","tintindex":0},"south":{"uv":[9.0,5.5,11.375,7.0],"rotation":0,"texture":"#0","tintindex":0},"north":{"uv":[9.0,4.0,11.375,5.5],"rotation":0,"texture":"#0","tintindex":0},"west":{"uv":[2.125,12.5,2.75,14.0],"rotation":0,"texture":"#0","tintindex":0},"up":{"uv":[4.25,12.5,1.875,11.875],"rotation":0,"texture":"#0","tintindex":0},"down":{"uv":[6.625,12.0,4.25,12.625],"rotation":0,"texture":"#0","tintindex":0}}},{"from":[4.92,7.12,3.6],"to":[11.08,13.72,7.56],"rotation":{"angle":22.5,"axis":"x","origin":[8.0,8.0,8.0]},"faces":{"east":{"uv":[11.0,2.125,12.125,4.0],"rotation":0,"texture":"#0","tintindex":0},"south":{"uv":[6.875,10.125,8.625,12.0],"rotation":0,"texture":"#0","tintindex":0},"north":{"uv":[5.125,10.125,6.875,12.0],"rotation":0,"texture":"#0","tintindex":0},"west":{"uv":[11.375,4.0,12.5,5.875],"rotation":0,"texture":"#0","tintindex":0},"up":{"uv":[13.125,7.0,11.375,5.875],"rotation":0,"texture":"#0","tintindex":0},"down":{"uv":[10.375,11.75,8.625,12.875],"rotation":0,"texture":"#0","tintindex":0}}},{"from":[3.6,8.0,3.6],"to":[11.96,9.32,16.36],"rotation":{"angle":0.0,"axis":"y","origin":[8.0,8.0,8.0]},"faces":{"east":{"uv":[12.125,0.0,15.75,0.375],"rotation":0,"texture":"#0","tintindex":0},"south":{"uv":[12.125,3.625,14.5,4.0],"rotation":0,"texture":"#0","tintindex":0},"north":{"uv":[12.125,3.25,14.5,3.625],"rotation":0,"texture":"#0","tintindex":0},"west":{"uv":[12.125,0.375,15.75,0.75],"rotation":0,"texture":"#0","tintindex":0},"up":{"uv":[4.25,9.75,1.875,6.125],"rotation":0,"texture":"#0","tintindex":0},"down":{"uv":[6.625,6.125,4.25,9.75],"rotation":0,"texture":"#0","tintindex":0}}},{"from":[3.6,8.88,5.3599997],"to":[11.96,16.36,9.32],"rotation":{"angle":0.0,"axis":"y","origin":[8.0,8.0,8.0]},"faces":{"east":{"uv":[10.625,10.875,11.75,13.0],"rotation":0,"texture":"#0","tintindex":0},"south":{"uv":[6.625,2.125,9.0,4.25],"rotation":0,"texture":"#0","tintindex":0},"north":{"uv":[6.625,0.0,9.0,2.125],"rotation":0,"texture":"#0","tintindex":0},"west":{"uv":[11.0,0.0,12.125,2.125],"rotation":0,"texture":"#0","tintindex":0},"up":{"uv":[13.0,9.75,10.625,8.625],"rotation":0,"texture":"#0","tintindex":0},"down":{"uv":[13.0,9.75,10.625,10.875],"rotation":0,"texture":"#0","tintindex":0}}}],"display":{"head":{"translation":[0.0,-6.4,0.0],"scale":[4.0,4.0,4.0]}}}