{
	"credit": "MadewithBlockbench",
	"texture_size": [48, 48],
	"textures": {
		"1": "item/haloween/chest"
	},
	"elements": [
		{
			"from": [2.96, -0.04, 2.96],
			"to": [13.04, 5.04, 13.04],
			"rotation": {"angle": 0, "axis": "y", "origin": [8, 8, 8]},
			"faces": {
				"north": {"uv": [7.33333, 3.33333, 10.66667, 5], "texture": "#1"},
				"east": {"uv": [7.33333, 5, 10.66667, 6.66667], "texture": "#1"},
				"south": {"uv": [7.33333, 6.66667, 10.66667, 8.33333], "texture": "#1"},
				"west": {"uv": [0, 8, 3.33333, 9.66667], "texture": "#1"},
				"up": {"uv": [7.33333, 3.33333, 4, 0], "texture": "#1"},
				"down": {"uv": [7.33333, 3.33333, 4, 6.66667], "texture": "#1"}
			}
		},
		{
			"from": [2.96, 8.24, 3.16],
			"to": [13.04, 13.32, 13.24],
			"rotation": {"angle": 22.5, "axis": "x", "origin": [8, 6.92625, 5.0375]},
			"faces": {
				"north": {"uv": [7.33333, 8.33333, 10.66667, 10], "texture": "#1"},
				"east": {"uv": [0, 9.66667, 3.33333, 11.33333], "texture": "#1"},
				"south": {"uv": [3.33333, 10, 6.66667, 11.66667], "texture": "#1"},
				"west": {"uv": [6.66667, 10, 10, 11.66667], "texture": "#1"},
				"up": {"uv": [7.33333, 10, 4, 6.66667], "texture": "#1"},
				"down": {"uv": [10.66667, 0, 7.33333, 3.33333], "texture": "#1"}
			}
		},
		{
			"from": [1.96, 7.24, 2.16],
			"to": [14.04, 9.32, 14.24],
			"rotation": {"angle": 22.5, "axis": "x", "origin": [8, 6.92625, 5.0375]},
			"faces": {
				"north": {"uv": [10.66667, 5, 14.66667, 5.66667], "texture": "#1"},
				"east": {"uv": [10.66667, 5.66667, 14.66667, 6.33333], "texture": "#1"},
				"south": {"uv": [10.66667, 6.33333, 14.66667, 7], "texture": "#1"},
				"west": {"uv": [10.66667, 7, 14.66667, 7.66667], "texture": "#1"},
				"up": {"uv": [4, 4, 0, 0], "texture": "#1"},
				"down": {"uv": [4, 4, 0, 8], "texture": "#1"}
			}
		},
		{
			"from": [4.46, 9.32, 2.66],
			"to": [6.04, 13.9, 13.74],
			"rotation": {"angle": 22.5, "axis": "x", "origin": [8, 6.92625, 5.0375]},
			"faces": {
				"north": {"uv": [4.33333, 11.66667, 4.83333, 13.16667], "texture": "#1"},
				"east": {"uv": [10, 10, 13.66667, 11.5], "texture": "#1"},
				"south": {"uv": [5, 11.66667, 5.5, 13.16667], "texture": "#1"},
				"west": {"uv": [10.66667, 0, 14.33333, 1.5], "texture": "#1"},
				"up": {"uv": [0.5, 15, 0, 11.33333], "texture": "#1"},
				"down": {"uv": [1.16667, 11.33333, 0.66667, 15], "texture": "#1"}
			}
		},
		{
			"from": [9.96, 9.32, 2.66],
			"to": [11.54, 13.9, 13.74],
			"rotation": {"angle": 22.5, "axis": "x", "origin": [8, 6.92625, 5.0375]},
			"faces": {
				"north": {"uv": [5.66667, 11.66667, 6.16667, 13.16667], "texture": "#1"},
				"east": {"uv": [10.66667, 1.66667, 14.33333, 3.16667], "texture": "#1"},
				"south": {"uv": [6.33333, 11.66667, 6.83333, 13.16667], "texture": "#1"},
				"west": {"uv": [10.66667, 3.33333, 14.33333, 4.83333], "texture": "#1"},
				"up": {"uv": [1.83333, 15, 1.33333, 11.33333], "texture": "#1"},
				"down": {"uv": [2.5, 11.33333, 2, 15], "texture": "#1"}
			}
		},
		{
			"from": [6.485, 6.465, 1.385],
			"to": [9.515, 10.02, 3.165],
			"rotation": {"angle": 22.5, "axis": "x", "origin": [8, 6.92625, 5.0375]},
			"faces": {
				"north": {"uv": [10.66667, 7.66667, 11.66667, 8.83333], "texture": "#1"},
				"east": {"uv": [3.33333, 8, 4, 9.16667], "texture": "#1"},
				"south": {"uv": [2.66667, 11.66667, 3.66667, 12.83333], "texture": "#1"},
				"west": {"uv": [3.66667, 11.66667, 4.33333, 12.83333], "texture": "#1"},
				"up": {"uv": [11.66667, 9.66667, 10.66667, 9], "texture": "#1"},
				"down": {"uv": [8, 11.66667, 7, 12.33333], "texture": "#1"}
			}
		}
	],
	"gui_light": "front",
	"display": {
		"thirdperson_righthand": {
			"translation": [0, 3, 0],
			"scale": [0.68, 0.68, 0.68]
		},
		"thirdperson_lefthand": {
			"translation": [0, 3, 0],
			"scale": [0.68, 0.68, 0.68]
		},
		"firstperson_righthand": {
			"translation": [0, 1.25, 0]
		},
		"firstperson_lefthand": {
			"translation": [0, 1.25, 0]
		},
		"ground": {
			"translation": [0, 1.25, 0],
			"scale": [0.55, 0.55, 0.55]
		},
		"gui": {
			"rotation": [-160.5, 43.75, -180],
			"translation": [0, 1.5, 0],
			"scale": [0.86, 0.86, 0.86]
		},
		"head": {
			"scale": [0, 0, 0]
		},
		"fixed": {
			"rotation": [-89.5, 0, 0],
			"translation": [0, 0, -26],
			"scale": [3.37, 3.37, 3.37]
		}
	},
	"groups": [
		{
			"name": "group",
			"origin": [8, 6.92625, 5.0375],
			"color": 0,
			"nbt": "{}",
			"armAnimationEnabled": false,
			"children": [0, 1, 2, 3, 4, 5]
		}
	]
}