{
	"credit": "MadewithBlockbench",
	"texture_size": [32, 32],
	"textures": {
		"2": "item/haloween/spear"
	},
	"elements": [
		{
			"from": [7, 1.025, 7],
			"to": [9, 2.525, 9],
			"rotation": {"angle": 0, "axis": "y", "origin": [8, 1.125, 8]},
			"faces": {
				"north": {"uv": [10.5, 0.5, 11.5, 1.25], "texture": "#2"},
				"east": {"uv": [10.5, 1.5, 11.5, 2.25], "texture": "#2"},
				"south": {"uv": [10, 10.5, 11, 11.25], "texture": "#2"},
				"west": {"uv": [0, 11, 1, 11.75], "texture": "#2"},
				"up": {"uv": [7, 11, 6, 10], "texture": "#2"},
				"down": {"uv": [11, 6, 10, 7], "texture": "#2"}
			}
		},
		{
			"from": [7.025, -0.125, 6.75],
			"to": [8.975, 2.125, 9],
			"rotation": {"angle": -45, "axis": "x", "origin": [8, 1.125, 8]},
			"faces": {
				"north": {"uv": [8.5, 2, 9.5, 3.25], "texture": "#2"},
				"east": {"uv": [0, 8, 1.25, 9.25], "texture": "#2"},
				"south": {"uv": [9, 3.5, 10, 4.75], "texture": "#2"},
				"west": {"uv": [1.5, 8, 2.75, 9.25], "texture": "#2"},
				"up": {"uv": [10, 6.25, 9, 5], "texture": "#2"},
				"down": {"uv": [10, 6.5, 9, 7.75], "texture": "#2"}
			}
		},
		{
			"from": [7.25, 2.5, 7.25],
			"to": [8.75, 6, 8.75],
			"rotation": {"angle": 0, "axis": "y", "origin": [8, -0.5, 8]},
			"faces": {
				"north": {"uv": [8, 6, 8.75, 7.75], "texture": "#2"},
				"east": {"uv": [7, 8, 7.75, 9.75], "texture": "#2"},
				"south": {"uv": [8, 8, 8.75, 9.75], "texture": "#2"},
				"west": {"uv": [8.5, 0, 9.25, 1.75], "texture": "#2"},
				"up": {"uv": [9.25, 11.75, 8.5, 11], "texture": "#2"},
				"down": {"uv": [11.75, 10.5, 11, 11.25], "texture": "#2"}
			}
		},
		{
			"from": [7, 5.9, 7],
			"to": [9, 7.4, 9],
			"rotation": {"angle": 0, "axis": "y", "origin": [8, 7.4, 8]},
			"faces": {
				"north": {"uv": [1, 11, 2, 11.75], "texture": "#2"},
				"east": {"uv": [2, 11, 3, 11.75], "texture": "#2"},
				"south": {"uv": [11, 2.5, 12, 3.25], "texture": "#2"},
				"west": {"uv": [11, 3.5, 12, 4.25], "texture": "#2"},
				"up": {"uv": [8, 11, 7, 10], "texture": "#2"},
				"down": {"uv": [11, 7, 10, 8], "texture": "#2"}
			}
		},
		{
			"from": [7, 3.8, 7],
			"to": [9, 4.8, 9],
			"rotation": {"angle": 0, "axis": "y", "origin": [8, 8.4, 8]},
			"faces": {
				"north": {"uv": [11.5, 5.5, 12.5, 6], "texture": "#2"},
				"east": {"uv": [11.5, 6, 12.5, 6.5], "texture": "#2"},
				"south": {"uv": [11.5, 6.5, 12.5, 7], "texture": "#2"},
				"west": {"uv": [11.5, 7, 12.5, 7.5], "texture": "#2"},
				"up": {"uv": [9, 11, 8, 10], "texture": "#2"},
				"down": {"uv": [11, 8, 10, 9], "texture": "#2"}
			}
		},
		{
			"from": [6.13, 20.155, 5.88],
			"to": [9.87, 21.345, 10.12],
			"rotation": {"angle": 0, "axis": "y", "origin": [8, 11, 8]},
			"faces": {
				"north": {"uv": [10, 10, 11.75, 10.5], "texture": "#2"},
				"east": {"uv": [10, 9, 12, 9.5], "texture": "#2"},
				"south": {"uv": [10.5, 0, 12.25, 0.5], "texture": "#2"},
				"west": {"uv": [10, 9.5, 12, 10], "texture": "#2"},
				"up": {"uv": [3.75, 2, 2, 0], "texture": "#2"},
				"down": {"uv": [3.75, 2, 2, 4], "texture": "#2"}
			}
		},
		{
			"from": [7.43, 7.25681, 7.35319],
			"to": [8.57, 15.49681, 8.59319],
			"rotation": {"angle": 0, "axis": "y", "origin": [8, 9.37681, 7.87319]},
			"faces": {
				"north": {"uv": [6, 4, 6.5, 8], "texture": "#2"},
				"east": {"uv": [5, 6, 5.5, 10], "texture": "#2"},
				"south": {"uv": [5.5, 6, 6, 10], "texture": "#2"},
				"west": {"uv": [6.5, 4, 7, 8], "texture": "#2"},
				"up": {"uv": [9, 4, 8.5, 3.5], "texture": "#2"},
				"down": {"uv": [10, 3, 9.5, 3.5], "texture": "#2"}
			}
		},
		{
			"from": [6.344, 21.219, 6.319],
			"to": [9.656, 24.531, 9.631],
			"rotation": {"angle": 0, "axis": "y", "origin": [8, 11, 8]},
			"faces": {
				"north": {"uv": [0, 4, 1.75, 5.75], "texture": "#2"},
				"east": {"uv": [4, 0, 5.75, 1.75], "texture": "#2"},
				"south": {"uv": [2, 4, 3.75, 5.75], "texture": "#2"},
				"west": {"uv": [4, 2, 5.75, 3.75], "texture": "#2"},
				"up": {"uv": [5.75, 5.75, 4, 4], "texture": "#2"},
				"down": {"uv": [1.75, 6, 0, 7.75], "texture": "#2"}
			}
		},
		{
			"from": [7.18, 11.55681, 7.10319],
			"to": [8.82, 15.79681, 8.84319],
			"rotation": {"angle": 0, "axis": "y", "origin": [8, 9.37681, 7.87319]},
			"faces": {
				"north": {"uv": [3, 8, 3.75, 10], "texture": "#2"},
				"east": {"uv": [4, 8, 4.75, 10], "texture": "#2"},
				"south": {"uv": [8, 4, 8.75, 6], "texture": "#2"},
				"west": {"uv": [6, 8, 6.75, 10], "texture": "#2"},
				"up": {"uv": [12.25, 1.25, 11.5, 0.5], "texture": "#2"},
				"down": {"uv": [12.25, 1.5, 11.5, 2.25], "texture": "#2"}
			}
		},
		{
			"from": [7.094, 19.65641, 6.3842],
			"to": [8.906, 22.96841, 8.6462],
			"rotation": {"angle": -45, "axis": "x", "origin": [8, 21.16718, 5.31151]},
			"faces": {
				"north": {"uv": [7, 4, 8, 5.75], "texture": "#2"},
				"east": {"uv": [6, 0, 7.25, 1.75], "texture": "#2"},
				"south": {"uv": [7, 6, 8, 7.75], "texture": "#2"},
				"west": {"uv": [2, 6, 3.25, 7.75], "texture": "#2"},
				"up": {"uv": [10, 9.25, 9, 8], "texture": "#2"},
				"down": {"uv": [1, 9.5, 0, 10.75], "texture": "#2"}
			}
		},
		{
			"from": [7.344, 23.22975, 4.89217],
			"to": [8.656, 26.09175, 6.30417],
			"rotation": {"angle": 0, "axis": "y", "origin": [8, 20.66075, 3.59817]},
			"faces": {
				"north": {"uv": [9.5, 1.5, 10.25, 3], "texture": "#2"},
				"east": {"uv": [2, 9.5, 2.75, 11], "texture": "#2"},
				"south": {"uv": [9, 9.5, 9.75, 11], "texture": "#2"},
				"west": {"uv": [3, 10, 3.75, 11.5], "texture": "#2"},
				"up": {"uv": [3.75, 12.25, 3, 11.5], "texture": "#2"},
				"down": {"uv": [4.75, 11.5, 4, 12.25], "texture": "#2"}
			}
		},
		{
			"from": [7.7, 26, 4.1],
			"to": [8.3, 30, 8.1],
			"rotation": {"angle": 45, "axis": "x", "origin": [8, 26.1, 8]},
			"faces": {
				"north": {"uv": [9.5, 11, 9.75, 13], "texture": "#2"},
				"east": {"uv": [0, 0, 2, 2], "texture": "#2"},
				"south": {"uv": [10, 11.5, 10.25, 13.5], "texture": "#2"},
				"west": {"uv": [0, 2, 2, 4], "texture": "#2"},
				"up": {"uv": [10.75, 13.5, 10.5, 11.5], "texture": "#2"},
				"down": {"uv": [11.25, 11.5, 11, 13.5], "texture": "#2"}
			}
		},
		{
			"from": [7.094, 19.65641, 7.3538],
			"to": [8.906, 22.96841, 9.6158],
			"rotation": {"angle": 45, "axis": "x", "origin": [8, 21.16718, 10.68849]},
			"faces": {
				"north": {"uv": [7.5, 0, 8.5, 1.75], "texture": "#2"},
				"east": {"uv": [6, 2, 7.25, 3.75], "texture": "#2"},
				"south": {"uv": [7.5, 2, 8.5, 3.75], "texture": "#2"},
				"west": {"uv": [3.5, 6, 4.75, 7.75], "texture": "#2"},
				"up": {"uv": [10.5, 1.25, 9.5, 0], "texture": "#2"},
				"down": {"uv": [2, 9.5, 1, 10.75], "texture": "#2"}
			}
		},
		{
			"from": [7.594, 26.07975, 5.14217],
			"to": [8.406, 28.69175, 6.30417],
			"rotation": {"angle": 0, "axis": "y", "origin": [8, 20.66075, 3.59817]},
			"faces": {
				"north": {"uv": [11, 4.5, 11.5, 5.75], "texture": "#2"},
				"east": {"uv": [6, 11, 6.5, 12.25], "texture": "#2"},
				"south": {"uv": [11, 6, 11.5, 7.25], "texture": "#2"},
				"west": {"uv": [6.5, 11, 7, 12.25], "texture": "#2"},
				"up": {"uv": [11, 3, 10.5, 2.5], "texture": "#2"},
				"down": {"uv": [12, 7.5, 11.5, 8], "texture": "#2"}
			}
		},
		{
			"from": [7.594, 26.07975, 9.69583],
			"to": [8.406, 28.69175, 10.85783],
			"rotation": {"angle": 0, "axis": "y", "origin": [8, 20.66075, 12.40183]},
			"faces": {
				"north": {"uv": [7, 11, 7.5, 12.25], "texture": "#2"},
				"east": {"uv": [7.5, 11, 8, 12.25], "texture": "#2"},
				"south": {"uv": [11, 7.5, 11.5, 8.75], "texture": "#2"},
				"west": {"uv": [8, 11, 8.5, 12.25], "texture": "#2"},
				"up": {"uv": [12, 8.5, 11.5, 8], "texture": "#2"},
				"down": {"uv": [12, 8.5, 11.5, 9], "texture": "#2"}
			}
		},
		{
			"from": [7.344, 23.22975, 9.69583],
			"to": [8.656, 26.09175, 11.10783],
			"rotation": {"angle": 0, "axis": "y", "origin": [8, 20.66075, 12.40183]},
			"faces": {
				"north": {"uv": [10, 3, 10.75, 4.5], "texture": "#2"},
				"east": {"uv": [4, 10, 4.75, 11.5], "texture": "#2"},
				"south": {"uv": [10, 4.5, 10.75, 6], "texture": "#2"},
				"west": {"uv": [5, 10, 5.75, 11.5], "texture": "#2"},
				"up": {"uv": [12.25, 5.25, 11.5, 4.5], "texture": "#2"},
				"down": {"uv": [5.75, 11.5, 5, 12.25], "texture": "#2"}
			}
		},
		{
			"from": [7.43, 13.75681, 7.35319],
			"to": [8.57, 21.99681, 8.59319],
			"rotation": {"angle": 0, "axis": "y", "origin": [8, 7.37681, 7.87319]},
			"faces": {
				"north": {"uv": [6, 4, 6.5, 8], "texture": "#2"},
				"east": {"uv": [5, 6, 5.5, 10], "texture": "#2"},
				"south": {"uv": [5.5, 6, 6, 10], "texture": "#2"},
				"west": {"uv": [6.5, 4, 7, 8], "texture": "#2"},
				"up": {"uv": [9, 4, 8.5, 3.5], "texture": "#2"},
				"down": {"uv": [10, 3, 9.5, 3.5], "texture": "#2"}
			}
		},
		{
			"from": [7.18, 18.05681, 7.10319],
			"to": [8.82, 22.29681, 8.84319],
			"rotation": {"angle": 0, "axis": "y", "origin": [8, 7.37681, 7.87319]},
			"faces": {
				"north": {"uv": [3, 8, 3.75, 10], "texture": "#2"},
				"east": {"uv": [4, 8, 4.75, 10], "texture": "#2"},
				"south": {"uv": [8, 4, 8.75, 6], "texture": "#2"},
				"west": {"uv": [6, 8, 6.75, 10], "texture": "#2"},
				"up": {"uv": [12.25, 1.25, 11.5, 0.5], "texture": "#2"},
				"down": {"uv": [12.25, 1.5, 11.5, 2.25], "texture": "#2"}
			}
		}
	],
	"gui_light": "front",
	"display": {
		"thirdperson_righthand": {
			"translation": [0, -1.75, 2]
		},
		"thirdperson_lefthand": {
			"translation": [0, -1.75, 2]
		},
		"firstperson_righthand": {
			"rotation": [-25, 0, 0],
			"translation": [4.75, -0.5, 0]
		},
		"firstperson_lefthand": {
			"rotation": [-25, 0, 0],
			"translation": [4.75, -0.5, 0]
		},
		"ground": {
			"rotation": [0, 0, 49],
			"translation": [1, 1.5, 0],
			"scale": [0.42, 0.42, 0.42]
		},
		"gui": {
			"rotation": [95, 139, -90],
			"translation": [2.75, -3.25, -1.25],
			"scale": [0.75, 0.75, 0.75]
		},
		"fixed": {
			"rotation": [90, 49, -90],
			"translation": [-4, -3.75, -1.25],
			"scale": [1.03, 1.03, 1.03]
		}
	},
	"groups": [
		{
			"name": "group",
			"origin": [8, 7.37681, 7.87319],
			"color": 0,
			"nbt": "{}",
			"armAnimationEnabled": false,
			"children": [0, 1, 2, 3, 4, 5, 6, 7, 8, 9, 10, 11, 12, 13, 14, 15, 16, 17]
		}
	]
}