{
	"credit": "Made with Blockbench",
	"ambientocclusion": false,
	"texture_size": [64, 64],
	"textures": {
		"5": "item/legoupdate/black_lego_shovel"
	},
	"elements": [
		{
			"from": [9.9375, -1.2, 0.4125],
			"to": [13.8125, -0.0375, 4.2875],
			"rotation": {"angle": 0, "axis": "y", "origin": [18.85, 16.6625, 17.3]},
			"faces": {
				"north": {"uv": [7.25, 6, 8.25, 6.25], "texture": "#5"},
				"east": {"uv": [7.25, 6.25, 8.25, 6.5], "texture": "#5"},
				"south": {"uv": [7.5, 4, 8.5, 4.25], "texture": "#5"},
				"west": {"uv": [7.5, 4.25, 8.5, 4.5], "texture": "#5"},
				"up": {"uv": [7.25, 5.5, 6.25, 4.5], "texture": "#5"},
				"down": {"uv": [7.25, 5.5, 6.25, 6.5], "texture": "#5"}
			}
		},
		{
			"from": [10.325, 10.8125, 0.8],
			"to": [13.425, 18.5625, 3.9],
			"rotation": {"angle": 0, "axis": "y", "origin": [18.85, -4.2625, 17.3]},
			"faces": {
				"north": {"uv": [5.5, 3.25, 6.25, 5.125], "texture": "#5"},
				"east": {"uv": [5.5, 5.25, 6.25, 7.125], "texture": "#5"},
				"south": {"uv": [0, 6, 0.75, 7.875], "texture": "#5"},
				"west": {"uv": [6.25, 0, 7, 1.875], "texture": "#5"},
				"up": {"uv": [5.25, 7.25, 4.5, 6.5], "texture": "#5"},
				"down": {"uv": [7.75, 1, 7, 1.75], "texture": "#5"}
			}
		},
		{
			"from": [10.7125, 18.5625, 1.1875],
			"to": [13.0375, 21.6625, 3.5125],
			"rotation": {"angle": 0, "axis": "y", "origin": [18.85, -1.1625, 17.3]},
			"faces": {
				"north": {"uv": [4.5, 7.25, 5.125, 8], "texture": "#5"},
				"east": {"uv": [7.25, 4.5, 7.875, 5.25], "texture": "#5"},
				"south": {"uv": [5.25, 7.25, 5.875, 8], "texture": "#5"},
				"west": {"uv": [7.25, 5.25, 7.875, 6], "texture": "#5"},
				"up": {"uv": [8.125, 2.375, 7.5, 1.75], "texture": "#5"},
				"down": {"uv": [8.125, 2.5, 7.5, 3.125], "texture": "#5"}
			}
		},
		{
			"from": [10.7125, -1.5875, 1.1875],
			"to": [13.0375, 10.8125, 3.5125],
			"rotation": {"angle": 0, "axis": "y", "origin": [18.85, -15.1125, 17.3]},
			"faces": {
				"north": {"uv": [4.75, 0, 5.375, 3.125], "texture": "#5"},
				"east": {"uv": [4.75, 3.25, 5.375, 6.375], "texture": "#5"},
				"south": {"uv": [5.5, 0, 6.125, 3.125], "texture": "#5"},
				"west": {"uv": [1.25, 5.5, 1.875, 8.625], "texture": "#5"},
				"up": {"uv": [8.125, 3.875, 7.5, 3.25], "texture": "#5"},
				"down": {"uv": [6.625, 7.5, 6, 8.125], "texture": "#5"}
			}
		},
		{
			"from": [9.55, -5.075, 0.025],
			"to": [14.2, -1.5875, 4.675],
			"rotation": {"angle": 0, "axis": "y", "origin": [18.85, 12.7875, 17.3]},
			"faces": {
				"north": {"uv": [6.25, 6.5, 7.375, 7.375], "texture": "#5"},
				"east": {"uv": [2, 6.75, 3.125, 7.625], "texture": "#5"},
				"south": {"uv": [3.25, 6.75, 4.375, 7.625], "texture": "#5"},
				"west": {"uv": [7, 0, 8.125, 0.875], "texture": "#5"},
				"up": {"uv": [7.375, 3.125, 6.25, 2], "texture": "#5"},
				"down": {"uv": [7.375, 3.25, 6.25, 4.375], "texture": "#5"}
			}
		},
		{
			"from": [8.6438, 25.13575, -0.27283],
			"to": [15.0818, 31.57375, 4.87757],
			"rotation": {"angle": 0, "axis": "y", "origin": [-5.5198, 0, -2.3008]},
			"faces": {
				"north": {"uv": [0, 2.5, 1.625, 4.125], "texture": "#5"},
				"east": {"uv": [3.5, 2.5, 4.75, 4.125], "texture": "#5"},
				"south": {"uv": [1.75, 2.5, 3.375, 4.125], "texture": "#5"},
				"west": {"uv": [0, 4.25, 1.25, 5.875], "texture": "#5"},
				"up": {"uv": [2.875, 5.5, 1.25, 4.25], "texture": "#5"},
				"down": {"uv": [4.625, 4.25, 3, 5.5], "texture": "#5"}
			}
		},
		{
			"from": [7.3562, 19.98535, -0.27283],
			"to": [16.3694, 25.13575, 4.87757],
			"rotation": {"angle": 0, "axis": "y", "origin": [-5.5198, 0, -2.3008]},
			"faces": {
				"north": {"uv": [0, 0, 2.25, 1.25], "texture": "#5"},
				"east": {"uv": [2, 5.5, 3.25, 6.75], "texture": "#5"},
				"south": {"uv": [0, 1.25, 2.25, 2.5], "texture": "#5"},
				"west": {"uv": [3.25, 5.5, 4.5, 6.75], "texture": "#5"},
				"up": {"uv": [4.5, 1.25, 2.25, 0], "texture": "#5"},
				"down": {"uv": [4.5, 1.25, 2.25, 2.5], "texture": "#5"}
			}
		}
	],
	"gui_light": "front",
	"display": {
		"thirdperson_righthand": {
			"rotation": [-1.25, 0, 0],
			"translation": [-2, -0.5, 5.5],
			"scale": [0.64, 0.64, 0.64]
		},
		"thirdperson_lefthand": {
			"translation": [3.5, 0, 6.5],
			"scale": [0.8, 0.8, 0.8]
		},
		"firstperson_righthand": {
			"rotation": [-77, 94, 42],
			"translation": [0.5, 2.5, 2.25],
			"scale": [0.4, 0.4, 0.4]
		},
		"firstperson_lefthand": {
			"rotation": [-24, 22, 3],
			"translation": [3.25, 4.5, 0],
			"scale": [0.4, 0.4, 0.4]
		},
		"ground": {
			"translation": [0, 4.75, 0],
			"scale": [0.43, 0.43, 0.43]
		},
		"gui": {
			"rotation": [0, 0, 50],
			"translation": [0.5, -2.75, 0],
			"scale": [0.45, 0.45, 0.45]
		},
		"head": {
			"rotation": [0, 0, 53],
			"translation": [-2, -14.25, 5.25]
		},
		"fixed": {
			"translation": [0, -7.5, -1.75]
		}
	},
	"groups": [
		{
			"name": "group",
			"origin": [18.85, 12.7875, 17.3],
			"color": 0,
			"nbt": "{}",
			"armAnimationEnabled": false,
			"children": [0, 1, 2, 3, 4]
		},
		5,
		6
	]
}