{
	"credit": "Made with Blockbench",
	"texture_size": [32, 32],
	"textures": {
		"10": "item/toucanupdate/toucan_apple"
	},
	"elements": [
		{
			"from": [5.39985, -10.21383, 24.69288],
			"to": [10.61625, -4.99743, 29.90928],
			"rotation": {"angle": 45, "axis": "x", "origin": [8.00805, 21.63438, 33.74108]},
			"faces": {
				"north": {"uv": [6, 2.5, 8.5, 5], "texture": "#10"},
				"east": {"uv": [5, 7.5, 7.5, 10], "texture": "#10"},
				"south": {"uv": [7.5, 7.5, 10, 10], "texture": "#10"},
				"west": {"uv": [0, 8, 2.5, 10.5], "texture": "#10"},
				"up": {"uv": [5, 10.5, 2.5, 8], "texture": "#10"},
				"down": {"uv": [10.5, 5, 8, 7.5], "texture": "#10"}
			}
		},
		{
			"from": [8.205, 6.1225, 8.62325],
			"to": [8.205, 11.9775, 13.48325],
			"rotation": {"angle": -45, "axis": "x", "origin": [8.005, 10.0625, 11.05325]},
			"faces": {
				"north": {"uv": [0, 0, 0, 3], "rotation": 180, "texture": "#10"},
				"east": {"uv": [0, 0, 3, 2.5], "rotation": 270, "texture": "#10"},
				"south": {"uv": [0, 3, 0, 0], "texture": "#10"},
				"west": {"uv": [0, 2.5, 3, 5], "rotation": 90, "texture": "#10"},
				"up": {"uv": [0, 0, 0, 2.5], "rotation": 180, "texture": "#10"},
				"down": {"uv": [0, 0, 0, 2.5], "texture": "#10"}
			}
		},
		{
			"from": [8.68, 11.1825, 2.73825],
			"to": [8.68, 16.0425, 8.59325],
			"rotation": {"angle": -45, "axis": "x", "origin": [8.005, 10.0625, 11.05325]},
			"faces": {
				"north": {"uv": [0, 0, 0, 2.5], "texture": "#10"},
				"east": {"uv": [3, 0, 6, 2.5], "texture": "#10"},
				"south": {"uv": [0, 0, 0, 2.5], "texture": "#10"},
				"west": {"uv": [3, 2.5, 6, 5], "texture": "#10"},
				"up": {"uv": [0, 3, 0, 0], "texture": "#10"},
				"down": {"uv": [0, 0, 0, 3], "texture": "#10"}
			}
		},
		{
			"from": [7.705, 5.3475, -1.32675],
			"to": [7.705, 11.2025, 3.53325],
			"rotation": {"angle": -45, "axis": "x", "origin": [8.005, 10.0625, 11.05325]},
			"faces": {
				"north": {"uv": [0, 0, 0, 3], "texture": "#10"},
				"east": {"uv": [0, 5, 2.5, 8], "texture": "#10"},
				"south": {"uv": [0, 0, 0, 3], "texture": "#10"},
				"west": {"uv": [2.5, 5, 5, 8], "texture": "#10"},
				"up": {"uv": [0, 2.5, 0, 0], "texture": "#10"},
				"down": {"uv": [0, 0, 0, 2.5], "texture": "#10"}
			}
		},
		{
			"from": [8.33, 1.3575, 3.43825],
			"to": [8.33, 6.2175, 9.29325],
			"rotation": {"angle": -45, "axis": "x", "origin": [8.005, 10.0625, 11.05325]},
			"faces": {
				"north": {"uv": [0, 0, 0, 2.5], "texture": "#10"},
				"east": {"uv": [5, 5, 8, 7.5], "texture": "#10"},
				"south": {"uv": [0, 0, 0, 2.5], "texture": "#10"},
				"west": {"uv": [6, 0, 9, 2.5], "texture": "#10"},
				"up": {"uv": [0, 3, 0, 0], "texture": "#10"},
				"down": {"uv": [0, 0, 0, 3], "texture": "#10"}
			}
		}
	],
	"display": {
		"thirdperson_righthand": {
			"rotation": [41, -43, 0],
			"translation": [0, 1.75, 0.25],
			"scale": [0.65, 0.65, 0.65]
		},
		"thirdperson_lefthand": {
			"rotation": [45, -90, 0],
			"translation": [-0.5, 1, 0.75],
			"scale": [0.59, 0.59, 0.59]
		},
		"firstperson_righthand": {
			"rotation": [-34, 79, 0],
			"translation": [-0.5, 4.25, -0.5],
			"scale": [0.8, 0.8, 0.8]
		},
		"firstperson_lefthand": {
			"rotation": [-27, -97, 0],
			"translation": [-1.5, 4.75, 0.5],
			"scale": [0.8, 0.8, 0.8]
		},
		"ground": {
			"rotation": [-66, 43, 0],
			"translation": [0, 2.5, 0],
			"scale": [0.65, 0.65, 0.65]
		},
		"gui": {
			"rotation": [33, 96, -30],
			"translation": [-0.75, 2.75, 0],
			"scale": [1.01, 1.01, 1.01]
		},
		"head": {
			"scale": [1, 1, -1]
		},
		"fixed": {
			"rotation": [0, -180, -45],
			"translation": [0, 0, -1.75]
		}
	},
	"groups": [
		{
			"name": "group",
			"origin": [0.5, 17, 9.75],
			"color": 0,
			"nbt": "{}",
			"armAnimationEnabled": false,
			"children": [0, 1, 2, 3, 4]
		}
	]
}