{"parent":"item/generated","textures":{"layer0":"item/potion_overlay","layer1":"item/potion"},"overrides":[{"predicate":{"custom_model_data":1900001},"model":"littlepandaset/backpack_cosmeticscore"},{"predicate":{"custom_model_data":1900002},"model":"littlepandaset/backpack_cosmeticscore_self"},{"predicate":{"custom_model_data":1900003},"model":"littlepandaset/bamboo_backpack_cosmeticscore"},{"predicate":{"custom_model_data":1900004},"model":"littlepandaset/bamboo_backpack_cosmeticscore_self"},{"predicate":{"custom_model_data":1900005},"model":"littlepandaset/panda_head"},{"predicate":{"custom_model_data":1900006},"model":"littlepandaset/panda_hood"}]}