{"credit":"Made with Blockbench","texture_size":[32,32],"textures":{"0":"waffle_set:choco_waffle_sword","particle":"waffle_set:choco_waffle_sword"},"elements":[{"from":[7.76833,1.51082,7.72544],"to":[9.01833,8.01082,8.97544],"rotation":{"angle":-45,"axis":"y","origin":[8,14,8]},"faces":{"north":{"uv":[6,4.75,6.625,8],"texture":"#0"},"east":{"uv":[0,7.75,0.625,11],"texture":"#0"},"south":{"uv":[7,0.75,7.625,4],"texture":"#0"},"west":{"uv":[6,0.75,6.625,4],"texture":"#0"},"up":{"uv":[9.125,7.625,8.5,7],"rotation":270,"texture":"#0"},"down":{"uv":[1.625,9,1,9.625],"rotation":90,"texture":"#0"}}},{"from":[7.75,12.47814,8.86194],"to":[7.75,19.97814,11.41194],"rotation":{"angle":0,"axis":"z","origin":[8,12.5,8]},"faces":{"north":{"uv":[0,0.5,0.5,1],"rotation":90,"texture":"#0"},"east":{"uv":[10.875,3,11.15,3.75],"texture":"#0"},"south":{"uv":[0,0,0.5,0.5],"rotation":270,"texture":"#0"},"west":{"uv":[9.875,0,11.15,3.75],"texture":"#0"},"up":{"uv":[0,0.5,0.5,1],"texture":"#0"},"down":{"uv":[1,0,1.475,0.65],"rotation":180,"texture":"#0"}}},{"from":[8.25,12.47814,8.86194],"to":[8.25,19.97814,11.41194],"rotation":{"angle":0,"axis":"z","origin":[8,12.5,8]},"faces":{"north":{"uv":[0,0.5,0.5,1],"rotation":90,"texture":"#0"},"east":{"uv":[11.15,0,9.875,3.75],"texture":"#0"},"south":{"uv":[0,0,0.5,0.5],"rotation":270,"texture":"#0"},"west":{"uv":[10.875,3,11.15,3.75],"texture":"#0"},"up":{"uv":[0,0.5,0.5,1],"texture":"#0"},"down":{"uv":[1,0,1.475,0.65],"rotation":180,"texture":"#0"}}},{"from":[8,7.01082,3.73806],"to":[8,24.01082,9.73806],"rotation":{"angle":0,"axis":"y","origin":[8,12.5,8]},"faces":{"north":{"uv":[0,0,0,7],"texture":"#0"},"east":{"uv":[15.875,7.125,12.875,15.625],"texture":"#0"},"south":{"uv":[0,0,0,7],"texture":"#0"},"west":{"uv":[12.875,7.125,15.875,15.625],"texture":"#0"},"up":{"uv":[3,0,0,0],"rotation":270,"texture":"#0"},"down":{"uv":[3,0,0,0],"rotation":90,"texture":"#0"}}},{"from":[7.95,7.01082,3.73806],"to":[7.95,24.01082,9.73806],"rotation":{"angle":0,"axis":"y","origin":[8,12.5,8]},"faces":{"north":{"uv":[0,0,0,7],"texture":"#0"},"east":{"uv":[15.875,7.125,12.875,15.625],"texture":"#0"},"south":{"uv":[0,0,0,7],"texture":"#0"},"west":{"uv":[12.875,7.125,15.875,15.625],"texture":"#0"},"up":{"uv":[3,0,0,0],"rotation":270,"texture":"#0"},"down":{"uv":[3,0,0,0],"rotation":90,"texture":"#0"}}},{"name":"hide","from":[7.9,18.73582,8.98806],"to":[8.15,23.51082,8.98806],"rotation":{"angle":0,"axis":"y","origin":[8,12.5,8]},"faces":{"north":{"uv":[0,15.25,0.875,16],"texture":"#0"},"east":{"uv":[15.875,7.125,12.875,15.625],"texture":"#0"},"south":{"uv":[15.5,7.375,15.375,9.7625],"texture":"#0"},"west":{"uv":[15.5,9.7625,15.375,7.375],"texture":"#0"},"up":{"uv":[3,0,0,0],"rotation":270,"texture":"#0"},"down":{"uv":[3,0,0,0],"rotation":90,"texture":"#0"}}},{"name":"hide","from":[7.9,6.73582,9.23806],"to":[8.15,23.73582,9.23806],"rotation":{"angle":0,"axis":"y","origin":[8,12.5,8]},"faces":{"north":{"uv":[0,15.375,0.875,16],"texture":"#0"},"east":{"uv":[15.875,7.125,12.875,15.625],"texture":"#0"},"south":{"uv":[15.625,7.375,15.5,15.625],"texture":"#0"},"west":{"uv":[15.375,15.625,15.375,7.125],"texture":"#0"},"up":{"uv":[3,0,0,0],"rotation":270,"texture":"#0"},"down":{"uv":[3,0,0,0],"rotation":90,"texture":"#0"}}},{"from":[8.125,7.01082,3.73806],"to":[8.125,24.01082,9.73806],"rotation":{"angle":0,"axis":"y","origin":[8,12.5,8]},"faces":{"north":{"uv":[0,0,0,7],"texture":"#0"},"east":{"uv":[15.875,7.125,12.875,15.625],"texture":"#0"},"south":{"uv":[0,0,0,7],"texture":"#0"},"west":{"uv":[12.875,7.125,15.875,15.625],"texture":"#0"},"up":{"uv":[3,0,0,0],"rotation":270,"texture":"#0"},"down":{"uv":[3,0,0,0],"rotation":90,"texture":"#0"}}},{"from":[8.05,7.01082,3.73806],"to":[8.05,24.01082,9.73806],"rotation":{"angle":0,"axis":"y","origin":[8,12.5,8]},"faces":{"north":{"uv":[0,0,0,7],"texture":"#0"},"east":{"uv":[15.875,7.125,12.875,15.625],"texture":"#0"},"south":{"uv":[0,0,0,7],"texture":"#0"},"west":{"uv":[12.875,7.125,15.875,15.625],"texture":"#0"},"up":{"uv":[3,0,0,0],"rotation":270,"texture":"#0"},"down":{"uv":[3,0,0,0],"rotation":90,"texture":"#0"}}},{"from":[8,7.01082,3.73806],"to":[8,24.01082,9.73806],"rotation":{"angle":0,"axis":"y","origin":[8,12.5,8]},"faces":{"north":{"uv":[0,0,0,7],"texture":"#0"},"east":{"uv":[15.875,7.125,12.875,15.625],"texture":"#0"},"south":{"uv":[0,0,0,7],"texture":"#0"},"west":{"uv":[12.875,7.125,15.875,15.625],"texture":"#0"},"up":{"uv":[3,0,0,0],"rotation":270,"texture":"#0"},"down":{"uv":[3,0,0,0],"rotation":90,"texture":"#0"}}},{"from":[8.1,7.01082,3.73806],"to":[8.1,24.01082,9.73806],"rotation":{"angle":0,"axis":"y","origin":[8,12.5,8]},"faces":{"north":{"uv":[0,0,0,7],"texture":"#0"},"east":{"uv":[15.875,7.125,12.875,15.625],"texture":"#0"},"south":{"uv":[0,0,0,7],"texture":"#0"},"west":{"uv":[12.875,7.125,15.875,15.625],"texture":"#0"},"up":{"uv":[3,0,0,0],"rotation":270,"texture":"#0"},"down":{"uv":[3,0,0,0],"rotation":90,"texture":"#0"}}},{"from":[7.9,7.01082,3.73806],"to":[7.9,24.01082,9.73806],"rotation":{"angle":0,"axis":"y","origin":[8,12.5,8]},"faces":{"north":{"uv":[0,0,0,7],"texture":"#0"},"east":{"uv":[15.875,7.125,12.875,15.625],"texture":"#0"},"south":{"uv":[0,0,0,7],"texture":"#0"},"west":{"uv":[12.875,7.125,15.875,15.625],"texture":"#0"},"up":{"uv":[3,0,0,0],"rotation":270,"texture":"#0"},"down":{"uv":[3,0,0,0],"rotation":90,"texture":"#0"}}},{"from":[7.875,7.75,8.6],"to":[8.175,11.75,10.35],"rotation":{"angle":22.5,"axis":"x","origin":[8,10.5,10]},"faces":{"north":{"uv":[2.375,0,1.5,2],"texture":"#0"},"east":{"uv":[2.375,0,1.5,2],"texture":"#0"},"south":{"uv":[2.375,0,2.49375,2],"texture":"#0"},"west":{"uv":[1.5,0,2.375,2],"texture":"#0"},"up":{"uv":[2.36875,0,2.25,0.875],"texture":"#0"},"down":{"uv":[2.36875,0,2.25,0.875],"texture":"#0"}}},{"from":[6.675,7.45,8.4],"to":[7.175,7.95,8.9],"rotation":{"angle":0,"axis":"y","origin":[0,6.95,0]},"faces":{"north":{"uv":[0.75,0.75,0.5,1],"texture":"#0"},"east":{"uv":[0.5,0.75,0.75,1],"texture":"#0"},"south":{"uv":[0.75,0.75,0.5,1],"texture":"#0"},"west":{"uv":[0.5,0.75,0.75,1],"texture":"#0"},"up":{"uv":[0.75,1,0.5,0.75],"texture":"#0"},"down":{"uv":[0.75,1,0.5,0.75],"texture":"#0"}}},{"from":[6.875,6.45,7.15],"to":[6.875,8.95,8.65],"rotation":{"angle":-22.5,"axis":"x","origin":[6.875,7.7,8.65]},"faces":{"north":{"uv":[0.75,0.75,0.5,1],"texture":"#0"},"east":{"uv":[0.75,3.5,0,4.75],"texture":"#0"},"south":{"uv":[0.75,0.75,0.5,1],"texture":"#0"},"west":{"uv":[0,3.5,0.75,4.75],"texture":"#0"},"up":{"uv":[0.75,1,0.5,0.75],"texture":"#0"},"down":{"uv":[0.75,1,0.5,0.75],"texture":"#0"}}},{"from":[6.875,6.45,8.6],"to":[6.875,8.95,10.1],"rotation":{"angle":22.5,"axis":"x","origin":[6.875,7.7,8.6]},"faces":{"north":{"uv":[0.5,0.75,0.75,1],"texture":"#0"},"east":{"uv":[0,3.5,0.75,4.75],"texture":"#0"},"south":{"uv":[0.5,0.75,0.75,1],"texture":"#0"},"west":{"uv":[0.75,3.5,0,4.75],"texture":"#0"},"up":{"uv":[0.75,0.75,0.5,1],"texture":"#0"},"down":{"uv":[0.75,0.75,0.5,1],"texture":"#0"}}},{"from":[8.925,6.45,8.5],"to":[8.925,8.95,10],"rotation":{"angle":22.5,"axis":"x","origin":[8.925,7.7,8.5]},"faces":{"north":{"uv":[0.75,0.75,0.5,1],"texture":"#0"},"east":{"uv":[0,3.5,0.75,4.75],"texture":"#0"},"south":{"uv":[0.75,0.75,0.5,1],"texture":"#0"},"west":{"uv":[0.25,5,0,5.25],"texture":"#0"},"up":{"uv":[0.5,0.75,0.75,1],"texture":"#0"},"down":{"uv":[0.5,0.75,0.75,1],"texture":"#0"}}},{"from":[8.925,6.45,7.05],"to":[8.925,8.95,8.55],"rotation":{"angle":-22.5,"axis":"x","origin":[8.925,7.7,8.55]},"faces":{"north":{"uv":[0.5,0.75,0.75,1],"texture":"#0"},"east":{"uv":[0.75,3.5,0,4.75],"texture":"#0"},"south":{"uv":[0.5,0.75,0.75,1],"texture":"#0"},"west":{"uv":[0.25,5,0,5.25],"texture":"#0"},"up":{"uv":[0.5,1,0.75,0.75],"texture":"#0"},"down":{"uv":[0.5,1,0.75,0.75],"texture":"#0"}}},{"from":[8.625,7.45,8.3],"to":[9.125,7.95,8.8],"rotation":{"angle":0,"axis":"y","origin":[15.8,6.95,-0.1]},"faces":{"north":{"uv":[0.5,0.75,0.75,1],"texture":"#0"},"east":{"uv":[0.75,0.75,0.5,1],"texture":"#0"},"south":{"uv":[0.5,0.75,0.75,1],"texture":"#0"},"west":{"uv":[0.75,0.75,0.5,1],"texture":"#0"},"up":{"uv":[0.5,1,0.75,0.75],"texture":"#0"},"down":{"uv":[0.5,1,0.75,0.75],"texture":"#0"}}},{"from":[7.5,19.46649,8.81981],"to":[8.5,20.46649,9.81981],"rotation":{"angle":22.5,"axis":"x","origin":[7.875,20.59149,9.56981]},"faces":{"north":{"uv":[0.5,0.5,0,0],"texture":"#0"},"east":{"uv":[0,0,0.5,0.5],"texture":"#0"},"south":{"uv":[0,0.5,0.5,0],"texture":"#0"},"west":{"uv":[0,0.5,0.5,0],"texture":"#0"},"up":{"uv":[0,0.5,0.5,0],"texture":"#0"},"down":{"uv":[0,0.5,0.5,0],"texture":"#0"}}},{"from":[7.75,20.21649,8.31981],"to":[7.75,22.21649,10.31981],"rotation":{"angle":22.5,"axis":"x","origin":[7.875,20.59149,9.56981]},"faces":{"north":{"uv":[0,0,1,1],"texture":"#missing"},"east":{"uv":[0,1,1,2],"texture":"#0"},"south":{"uv":[0,2,0,1],"rotation":180,"texture":"#missing"},"west":{"uv":[1,1,0,2],"texture":"#0"},"up":{"uv":[0,2,1,1],"rotation":90,"texture":"#missing"},"down":{"uv":[0,2,1,1],"rotation":270,"texture":"#missing"}}},{"from":[7.5,8.21649,2.68019],"to":[8.5,9.21649,3.68019],"rotation":{"angle":-22.5,"axis":"x","origin":[7.875,20.59149,6.43019]},"faces":{"north":{"uv":[0.5,0.5,0,0],"texture":"#0"},"east":{"uv":[0.5,0,0,0.5],"texture":"#0"},"south":{"uv":[0,0.5,0.5,0],"texture":"#0"},"west":{"uv":[0.5,0.5,0,0],"texture":"#0"},"up":{"uv":[0,0,0.5,0.5],"texture":"#0"},"down":{"uv":[0,0,0.5,0.5],"texture":"#0"}}},{"from":[7.75,8.96649,2.18019],"to":[7.75,10.96649,4.18019],"rotation":{"angle":-22.5,"axis":"x","origin":[7.875,20.59149,6.43019]},"faces":{"north":{"uv":[0,2,0,1],"rotation":180,"texture":"#missing"},"east":{"uv":[1,1,0,2],"texture":"#0"},"south":{"uv":[1,0,0,1],"texture":"#missing"},"west":{"uv":[0,1,1,2],"texture":"#0"},"up":{"uv":[1,2,0,1],"rotation":90,"texture":"#missing"},"down":{"uv":[1,2,0,1],"rotation":270,"texture":"#missing"}}},{"from":[8.275,8.96649,2.18019],"to":[8.275,10.96649,4.18019],"rotation":{"angle":-22.5,"axis":"x","origin":[7.875,20.59149,6.43019]},"faces":{"north":{"uv":[0,2,0,1],"rotation":180,"texture":"#missing"},"east":{"uv":[1,1,0,2],"texture":"#0"},"south":{"uv":[1,0,0,1],"texture":"#missing"},"west":{"uv":[0,1,1,2],"texture":"#0"},"up":{"uv":[1,2,0,1],"rotation":90,"texture":"#missing"},"down":{"uv":[1,2,0,1],"rotation":270,"texture":"#missing"}}},{"from":[7.55,0.53351,10.31981],"to":[8.55,1.53351,11.31981],"rotation":{"angle":-22.5,"axis":"x","origin":[7.875,-4.59149,9.56981]},"faces":{"north":{"uv":[0.5,0,0,0.5],"texture":"#0"},"east":{"uv":[0,0.5,0.5,0],"texture":"#0"},"south":{"uv":[0,0,0.5,0.5],"texture":"#0"},"west":{"uv":[0,0,0.5,0.5],"texture":"#0"},"up":{"uv":[0,0,0.5,0.5],"texture":"#0"},"down":{"uv":[0,0,0.5,0.5],"texture":"#0"}}},{"from":[7.8,-1.21649,9.81981],"to":[7.8,0.78351,11.81981],"rotation":{"angle":-22.5,"axis":"x","origin":[7.875,-4.59149,9.56981]},"faces":{"north":{"uv":[0,1,1,0],"texture":"#missing"},"east":{"uv":[0,2,1,1],"texture":"#0"},"south":{"uv":[0,1,0,2],"rotation":180,"texture":"#missing"},"west":{"uv":[1,2,0,1],"texture":"#0"},"up":{"uv":[1,2,0,1],"rotation":270,"texture":"#missing"},"down":{"uv":[1,2,0,1],"rotation":90,"texture":"#missing"}}}],"gui_light":"front","display":{"thirdperson_righthand":{"translation":[0,2.5,0.25],"scale":[1.25,1.25,1.25]},"thirdperson_lefthand":{"translation":[0,2.5,0.25],"scale":[1.25,1.25,1.25]},"firstperson_righthand":{"rotation":[-9.36,13.15,9.49],"translation":[3.75,0.25,-1],"scale":[1.12891,1.12891,1.12891]},"firstperson_lefthand":{"rotation":[-9.36,13.15,9.49],"translation":[3.75,0.25,-1],"scale":[1.12891,1.12891,1.12891]},"ground":{"rotation":[0,0,90],"translation":[3,0,0.75]},"gui":{"rotation":[90,135,-90],"translation":[1.5,-3,-2],"scale":[0.88477,0.88477,0.88477]},"head":{"rotation":[-90,23.25,-90],"translation":[0,12.25,0],"scale":[1.5,1.5,1.5]},"fixed":{"rotation":[90,-90,90],"translation":[-0.5,-8,-2],"scale":[2.25,2.25,2.25]}}}