{"textures":{"0":"modelengine:entity/slotmachine"},"elements":[{"from":[3.142857,10.0,6.5714283],"to":[12.285715,19.142857,9.428572],"rotation":{"angle":0.0,"axis":"y","origin":[8.0,1.7142854,6.0]},"faces":{"east":{"uv":[0.0,4.6875,0.625,5.625],"rotation":0,"texture":"#0","tintindex":0},"south":{"uv":[3.125,4.6875,5.0,5.625],"rotation":0,"texture":"#0","tintindex":0},"north":{"uv":[8.5,6.25,16.0,7.9375],"rotation":0,"texture":"#0","tintindex":0},"west":{"uv":[2.5,4.6875,3.125,5.625],"rotation":0,"texture":"#0","tintindex":0},"up":{"uv":[2.5,4.6875,0.625,4.375],"rotation":0,"texture":"#0","tintindex":0},"down":{"uv":[4.375,4.375,2.5,4.6875],"rotation":0,"texture":"#0","tintindex":0}}}],"display":{"head":{"translation":[0.0,-6.4,0.0],"scale":[4.0,4.0,4.0]}}}