{"parent":"minecraft:item/handheld","textures":{"layer0":"minecraft:item/iron_sword"},"overrides":[{"predicate":{"custom_model_data":10000},"model":"haloween:hammer"},{"predicate":{"custom_model_data":10001},"model":"haloween:spear"},{"predicate":{"custom_model_data":10002},"model":"haloween:staff"},{"predicate":{"custom_model_data":10003},"model":"haloween:sword"},{"predicate":{"custom_model_data":10004},"model":"littleduckset:hammer"},{"predicate":{"custom_model_data":10005},"model":"littleduckset:spear"},{"predicate":{"custom_model_data":10006},"model":"littleduckset:staff"},{"predicate":{"custom_model_data":10007},"model":"littleduckset:sword"},{"predicate":{"custom_model_data":10008},"model":"minecraft:item/iron_sword"}]}