{"parent":"minecraft:item/generated","textures":{"layer0":"minecraft:item/paper"},"overrides":[{"predicate":{"custom_model_data":10000},"model":"z_iainternal:auto_generated/icon_left_blue"},{"predicate":{"custom_model_data":10001},"model":"z_iainternal:auto_generated/icon_right_blue"},{"predicate":{"custom_model_data":10002},"model":"z_iainternal:auto_generated/icon_search"},{"predicate":{"custom_model_data":10003},"model":"z_iainternal:auto_generated/icon_cancel"},{"predicate":{"custom_model_data":10004},"model":"z_iainternal:auto_generated/icon_arrow_chest"},{"predicate":{"custom_model_data":10005},"model":"z_iainternal:auto_generated/icon_back_orange"},{"predicate":{"custom_model_data":10006},"model":"z_iainternal:auto_generated/icon_next_orange"},{"predicate":{"custom_model_data":10007},"model":"haloween:backpack"},{"predicate":{"custom_model_data":10008},"model":"haloween:chest"},{"predicate":{"custom_model_data":10009},"model":"haloween:chestopen"},{"predicate":{"custom_model_data":10010},"model":"haloween:key"},{"predicate":{"custom_model_data":10011},"model":"littleduckset:backpack"},{"predicate":{"custom_model_data":10012},"model":"littleduckset:frag"},{"predicate":{"custom_model_data":10013},"model":"littleduckset:hood"},{"predicate":{"custom_model_data":10014},"model":"littleduckset:key"},{"predicate":{"custom_model_data":10015},"model":"littleduckset:littleduck"},{"predicate":{"custom_model_data":10016},"model":"minecraft:item/paper"}]}