{"parent":"item/generated","textures":{"layer0":"item/bow"},"display":{"thirdperson_righthand":{"rotation":[-80,260,-40],"translation":[-1,-2,2.5],"scale":[0.9,0.9,0.9]},"thirdperson_lefthand":{"rotation":[-80,-280,40],"translation":[-1,-2,2.5],"scale":[0.9,0.9,0.9]},"firstperson_righthand":{"rotation":[0,-90,25],"translation":[1.13,3.2,1.13],"scale":[0.68,0.68,0.68]},"firstperson_lefthand":{"rotation":[0,90,-25],"translation":[1.13,3.2,1.13],"scale":[0.68,0.68,0.68]}},"overrides":[{"predicate":{"custom_model_data":1},"model":"snowset:snow_bow"},
     {"predicate":{"custom_model_data":1,"pulling":1},"model":"snowset:snow_bow_0"},
     {"predicate":{"custom_model_data":1,"pulling":1,"pull":0.65},"model":"snowset:snow_bow_1"},
     {"predicate":{"custom_model_data":1,"pulling":1,"pull":0.9},"model":"snowset:snow_bow_2"},{"predicate":{"custom_model_data":2},"model":"custom/toucanupdate/toucan_bow"},
     {"predicate":{"custom_model_data":2,"pulling":1},"model":"custom/toucanupdate/toucan_bow1"},
     {"predicate":{"custom_model_data":2,"pulling":1,"pull":0.65},"model":"custom/toucanupdate/toucan_bow2"},
     {"predicate":{"custom_model_data":2,"pulling":1,"pull":0.9},"model":"custom/toucanupdate/toucan_bow3"},{"predicate":{"custom_model_data":3},"model":"custom/legoupdate/red_lego_bow"},{"predicate":{"custom_model_data":3,"pulling":1},"model":"custom/legoupdate/red_lego_bow1"},
     {"predicate":{"custom_model_data":3,"pulling":1,"pull":0.65},"model":"custom/legoupdate/red_lego_bow2"},
     {"predicate":{"custom_model_data":3,"pulling":1,"pull":0.9},"model":"custom/legoupdate/red_lego_bow3"},{"predicate":{"custom_model_data":4},"model":"littlepandaset:bow"},{"predicate":{"pulling":1,"custom_model_data":4},"model":"littlepandaset:bow_0"},{"predicate":{"pulling":1,"pull":0.65,"custom_model_data":4},"model":"littlepandaset:bow_1"},{"predicate":{"pulling":1,"pull":0.9,"custom_model_data":4},"model":"littlepandaset:bow_2"},{"predicate":{"pulling":1},"model":"item/bow_pulling_0"},{"predicate":{"pulling":1,"pull":0.65},"model":"item/bow_pulling_1"},{"predicate":{"pulling":1,"pull":0.9},"model":"item/bow_pulling_2"},{"predicate":{"custom_model_data":20},"model":"stealfun:item/duck/duck_bow"},{"predicate":{"custom_model_data":20,"pulling":1},"model":"stealfun:item/duck/duck_bow_0"},{"predicate":{"custom_model_data":20,"pulling":1,"pull":0.65},"model":"stealfun:item/duck/duck_bow_1"},{"predicate":{"custom_model_data":20,"pulling":1,"pull":0.9},"model":"stealfun:item/duck/duck_bow_2"}]}