{"parent":"item/generated","textures":{"layer0":"item/crossbow_standby"},"display":{"thirdperson_righthand":{"rotation":[-90,0,-60],"translation":[2,0.1,-3],"scale":[1.0,1.0,1.0]},"thirdperson_lefthand":{"rotation":[-90,0,30],"translation":[2,0.1,-3],"scale":[1.0,1.0,1.0]},"firstperson_righthand":{"rotation":[-90,0,-55],"translation":[1.13,3.2,1.13],"scale":[1.0,1.0,1.0]},"firstperson_lefthand":{"rotation":[-90,0,35],"translation":[1.13,3.2,1.13],"scale":[1.0,1.0,1.0]},"ground":{"rotation":[0,0,0],"translation":[0,2,0],"scale":[0.5,0.5,0.5]},"fixed":{"rotation":[0,0,0],"translation":[0,0,0],"scale":[6.0,6.0,1.5]},"gui":{"rotation":[0,0,0],"translation":[0,0,0],"scale":[1.0,1.0,1.0]}},"overrides":[{"predicate": {"custom_model_data":1}, "model":"snowset:ice_crossbow"},{"predicate": {"custom_model_data":2}, "model":"custom/toucanupdate/toucan_crossbow"},{"predicate": {"custom_model_data":3}, "model":"custom/legoupdate/red_lego_crossbow"},{"predicate":{"custom_model_data":4},"model":"littlepandaset:crossbow"},{"predicate":{"pulling":1,"custom_model_data":4},"model":"littlepandaset:crossbow_0"},{"predicate":{"pulling":1,"pull":0.58,"custom_model_data":4},"model":"littlepandaset:crossbow_1"},{"predicate":{"pulling":1,"pull":1.0,"custom_model_data":4},"model":"littlepandaset:crossbow_2"},{"predicate":{"charged":1,"custom_model_data":4},"model":"littlepandaset:crossbow_charged"},{"predicate":{"charged":1,"firework":1,"custom_model_data":4},"model":"littlepandaset:crossbow_firework"},{"predicate":{"pulling":1},"model":"item/crossbow_pulling_0"},{"predicate":{"pulling":1,"pull":0.58},"model":"item/crossbow_pulling_1"},{"predicate":{"pulling":1,"pull":1.0},"model":"item/crossbow_pulling_2"},{"predicate":{"charged":1},"model":"item/crossbow_arrow"},{"predicate":{"charged":1,"firework":1},"model":"item/crossbow_firework"},{"predicate":{"custom_model_data":20},"model":"stealfun:item/duck/duck_crossbow"},{"predicate":{"custom_model_data":20,"pulling":1},"model":"stealfun:item/duck/duck_crossbow_0"},{"predicate":{"custom_model_data":20,"pulling":1,"pull":0.58},"model":"stealfun:item/duck/duck_crossbow_1"},{"predicate":{"custom_model_data":20,"pulling":1,"pull":1.0},"model":"stealfun:item/duck/duck_crossbow_2"},{"predicate":{"custom_model_data":20,"charged":1},"model":"stealfun:item/duck/duck_crossbow_charged"},{"predicate":{"custom_model_data":20,"charged":1,"firework":1},"model":"stealfun:item/duck/duck_crossbow_charged"}]}