{"parent":"minecraft:item/handheld","textures":{"layer0":"minecraft:item/iron_sword"},"overrides":[{"predicate":{"custom_model_data":10000},"model":"littlepandaset:greatsword"},{"predicate":{"custom_model_data":10001},"model":"littlepandaset:hammer"},{"predicate":{"custom_model_data":10002},"model":"littlepandaset:scythe"},{"predicate":{"custom_model_data":10003},"model":"littlepandaset:spear"},{"predicate":{"custom_model_data":10004},"model":"littlepandaset:staff"},{"predicate":{"custom_model_data":10005},"model":"littlepandaset:sword"},{"predicate":{"custom_model_data":10006},"model":"littlepandaset:trident"},{"predicate":{"custom_model_data":10007},"model":"item/iron_sword"}]}