{"parent":"minecraft:item/handheld","textures":{"layer0":"minecraft:item/netherite_sword"},"overrides":[{"predicate": {"custom_model_data":12}, "model":"snowset:ice_sword"},
     {"predicate": {"custom_model_data":13}, "model":"snowset:snow_sword"},
     {"predicate": {"custom_model_data":14}, "model":"snowset:candy_cane"},{"predicate": {"custom_model_data":15}, "model":"custom/toucanupdate/coconut_sword"},{"predicate": {"custom_model_data":16}, "model":"custom/toucanupdate/poison_frog_spear"},{"predicate": {"custom_model_data":17}, "model":"custom/toucanupdate/toucan_staff"},{"predicate": {"custom_model_data":18}, "model":"custom/toucanupdate/toucan_sword"},{"predicate": {"custom_model_data":19}, "model":"custom/toucanupdate/toucan_trident"},{"predicate": {"custom_model_data":20}, "model":"custom/legoupdate/green_lego_sword"},{"predicate": {"custom_model_data":21}, "model":"custom/legoupdate/green_lego_sword2"},{"predicate": {"custom_model_data":22}, "model":"custom/legoupdate/yellow_lego_sword"},{"predicate":{"custom_model_data":23},"model":"stealfun:item/stpatricks/saintpatricks_sword"},{"predicate":{"custom_model_data":24},"model":"stealfun:item/duck/duck_sword"},{"predicate":{"custom_model_data":25},"model":"stealfun:item/duck/duck_staff"},{"predicate":{"custom_model_data":26},"model":"stealfun:item/duck/duck_spear"},{"predicate":{"custom_model_data":10000},"model":"stealfun:item/katana/katana_black"},{"predicate":{"custom_model_data":10001},"model":"stealfun:item/katana/katana_blue"},{"predicate":{"custom_model_data":10002},"model":"stealfun:item/katana/katana_green"},{"predicate":{"custom_model_data":10003},"model":"stealfun:item/katana/katana_orange"},{"predicate":{"custom_model_data":10004},"model":"stealfun:item/katana/katana_purple"},{"predicate":{"custom_model_data":10005},"model":"stealfun:item/katana/katana_red"},{"predicate":{"custom_model_data":10006},"model":"stealfun:item/katana/katana_yellow"},{"predicate":{"custom_model_data":20000},"model":"stealfun:item/saber/blue"},{"predicate":{"custom_model_data":20001},"model":"stealfun:item/saber/green"},{"predicate":{"custom_model_data":20002},"model":"stealfun:item/saber/orange"},{"predicate":{"custom_model_data":20003},"model":"stealfun:item/saber/pink"},{"predicate":{"custom_model_data":20004},"model":"stealfun:item/saber/purple"},{"predicate":{"custom_model_data":20005},"model":"stealfun:item/saber/red"},{"predicate":{"custom_model_data":20006},"model":"stealfun:item/saber/yellow"}]}