{"parent":"minecraft:item/handheld","textures":{"layer0":"minecraft:item/netherite_pickaxe"},"overrides":[{"predicate": {"custom_model_data":1}, "model":"snowset:ice_pickaxe"},{"predicate": {"custom_model_data":2}, "model":"custom/toucanupdate/toucan_pickaxe"},{"predicate": {"custom_model_data":3}, "model":"custom/legoupdate/white_lego_pickaxe"},{"predicate":{"custom_model_data":10},"model":"stealfun:item/stpatricks/saint_patricks_pickaxe"},{"predicate":{"custom_model_data":20},"model":"stealfun:item/duck/duck_pickaxe"}]}