{"parent":"minecraft:item/handheld","textures":{"layer0":"minecraft:item/netherite_shovel"},"overrides":[{"predicate": {"custom_model_data":1}, "model":"snowset:ice_shovel"},{"predicate": {"custom_model_data":2}, "model":"custom/toucanupdate/toucan_shovel"},{"predicate": {"custom_model_data":3}, "model":"custom/legoupdate/black_lego_shovel"},{"predicate":{"custom_model_data":10},"model":"stealfun:item/stpatricks/saintpatricks_shovel"},{"predicate":{"custom_model_data":20},"model":"stealfun:item/duck/duck_shovel"}]}