{"parent":"minecraft:item/handheld","textures":{"layer0":"minecraft:item/netherite_axe"},"overrides":[{"predicate": {"custom_model_data":1}, "model":"snowset:ice_axe"},{"predicate": {"custom_model_data":2}, "model":"custom/toucanupdate/walnut_axe"},{"predicate": {"custom_model_data":3}, "model":"custom/legoupdate/orange_lego_axe"},{"predicate":{"custom_model_data":10},"model":"stealfun:item/stpatricks/saint_patricks_axe"},{"predicate":{"custom_model_data":20},"model":"stealfun:item/duck/duck_axe"},{"predicate":{"custom_model_data":21},"model":"stealfun:item/duck/duck_hammer"}]}