{"parent":"minecraft:item/handheld","textures":{"layer0":"minecraft:item/netherite_hoe"},"overrides":[{"predicate":{"custom_model_data":1},"model":"custom/toucanupdate/toucan_hoe"},{"predicate":{"custom_model_data":2},"model":"custom/toucanupdate/toucan_staff"},{"predicate":{"custom_model_data":3},"model":"custom/legoupdate/blue_lego_trident"},{"predicate":{"custom_model_data":4},"model":"custom/legoupdate/gray_lego_staff"},{"predicate":{"custom_model_data":5},"model":"custom/legoupdate/green_lego_hoe"},{"predicate":{"custom_model_data":10},"model":"stealfun:item/stpatricks/saint_patricks_hoe"},{"predicate":{"custom_model_data":20},"model":"stealfun:item/duck/duck_hoe"}]}