{
  "sources": [
    {
      "type": "single",
      "resource": "z_iainternal:icons/icon_search",
      "sprite": "z_iainternal:icons/icon_search"
    },
    {
      "type": "single",
      "resource": "z_iainternal:icons/icon_right_blue",
      "sprite": "z_iainternal:icons/icon_right_blue"
    },
    {
      "type": "single",
      "resource": "z_iainternal:icons/icon_next_orange",
      "sprite": "z_iainternal:icons/icon_next_orange"
    },
    {
      "type": "single",
      "resource": "z_iainternal:icons/icon_left_blue",
      "sprite": "z_iainternal:icons/icon_left_blue"
    },
    {
      "type": "single",
      "resource": "z_iainternal:icons/icon_cancel",
      "sprite": "z_iainternal:icons/icon_cancel"
    },
    {
      "type": "single",
      "resource": "z_iainternal:icons/icon_back_orange",
      "sprite": "z_iainternal:icons/icon_back_orange"
    },
    {
      "type": "single",
      "resource": "z_iainternal:icons/icon_arrow_chest",
      "sprite": "z_iainternal:icons/icon_arrow_chest"
    },
    {
      "type": "single",
      "resource": "z_iainternal:gui/no_recipe",
      "sprite": "z_iainternal:gui/no_recipe"
    },
    {
      "type": "single",
      "resource": "z_iainternal:gui/crafting",
      "sprite": "z_iainternal:gui/crafting"
    },
    {
      "type": "single",
      "resource": "z_iainternal:gui/cooking",
      "sprite": "z_iainternal:gui/cooking"
    },
    {
      "type": "single",
      "resource": "z_iainternal:gui/blank_menu",
      "sprite": "z_iainternal:gui/blank_menu"
    },
    {
      "type": "single",
      "resource": "z_iainternal:gui/anvil_repair",
      "sprite": "z_iainternal:gui/anvil_repair"
    },
    {
      "type": "single",
      "resource": "weapons:iceaxe",
      "sprite": "weapons:iceaxe"
    },
    {
      "type": "single",
      "resource": "modelengine:entity/texture",
      "sprite": "modelengine:entity/texture"
    },
    {
      "type": "single",
      "resource": "modelengine:entity/slots",
      "sprite": "modelengine:entity/slots"
    },
    {
      "type": "single",
      "resource": "modelengine:entity/slotmachine",
      "sprite": "modelengine:entity/slotmachine"
    },
    {
      "type": "single",
      "resource": "minecraft:required/particle",
      "sprite": "minecraft:required/particle"
    },
    {
      "type": "single",
      "resource": "minecraft:required/ascii_offset",
      "sprite": "minecraft:required/ascii_offset"
    },
    {
      "type": "single",
      "resource": "minecraft:required/arrow_previous_icon",
      "sprite": "minecraft:required/arrow_previous_icon"
    },
    {
      "type": "single",
      "resource": "minecraft:required/arrow_next_icon",
      "sprite": "minecraft:required/arrow_next_icon"
    },
    {
      "type": "single",
      "resource": "minecraft:models/armor/snow_leggings",
      "sprite": "minecraft:models/armor/snow_leggings"
    },
    {
      "type": "single",
      "resource": "minecraft:models/armor/snow_helmet",
      "sprite": "minecraft:models/armor/snow_helmet"
    },
    {
      "type": "single",
      "resource": "minecraft:models/armor/snow_chestplate",
      "sprite": "minecraft:models/armor/snow_chestplate"
    },
    {
      "type": "single",
      "resource": "minecraft:models/armor/snow_boots",
      "sprite": "minecraft:models/armor/snow_boots"
    },
    {
      "type": "single",
      "resource": "minecraft:littlepandaset/trident",
      "sprite": "minecraft:littlepandaset/trident"
    },
    {
      "type": "single",
      "resource": "minecraft:littlepandaset/sword",
      "sprite": "minecraft:littlepandaset/sword"
    },
    {
      "type": "single",
      "resource": "minecraft:littlepandaset/staff",
      "sprite": "minecraft:littlepandaset/staff"
    },
    {
      "type": "single",
      "resource": "minecraft:littlepandaset/spear",
      "sprite": "minecraft:littlepandaset/spear"
    },
    {
      "type": "single",
      "resource": "minecraft:littlepandaset/shovel",
      "sprite": "minecraft:littlepandaset/shovel"
    },
    {
      "type": "single",
      "resource": "minecraft:littlepandaset/shield",
      "sprite": "minecraft:littlepandaset/shield"
    },
    {
      "type": "single",
      "resource": "minecraft:littlepandaset/scythe",
      "sprite": "minecraft:littlepandaset/scythe"
    },
    {
      "type": "single",
      "resource": "minecraft:littlepandaset/pickaxe",
      "sprite": "minecraft:littlepandaset/pickaxe"
    },
    {
      "type": "single",
      "resource": "minecraft:littlepandaset/panda_hood",
      "sprite": "minecraft:littlepandaset/panda_hood"
    },
    {
      "type": "single",
      "resource": "minecraft:littlepandaset/panda_head",
      "sprite": "minecraft:littlepandaset/panda_head"
    },
    {
      "type": "single",
      "resource": "minecraft:littlepandaset/key",
      "sprite": "minecraft:littlepandaset/key"
    },
    {
      "type": "single",
      "resource": "minecraft:littlepandaset/hoe",
      "sprite": "minecraft:littlepandaset/hoe"
    },
    {
      "type": "single",
      "resource": "minecraft:littlepandaset/hammer",
      "sprite": "minecraft:littlepandaset/hammer"
    },
    {
      "type": "single",
      "resource": "minecraft:littlepandaset/greatsword",
      "sprite": "minecraft:littlepandaset/greatsword"
    },
    {
      "type": "single",
      "resource": "minecraft:littlepandaset/fishing_rod_cast",
      "sprite": "minecraft:littlepandaset/fishing_rod_cast"
    },
    {
      "type": "single",
      "resource": "minecraft:littlepandaset/fishing_rod",
      "sprite": "minecraft:littlepandaset/fishing_rod"
    },
    {
      "type": "single",
      "resource": "minecraft:littlepandaset/crossbow_firework",
      "sprite": "minecraft:littlepandaset/crossbow_firework"
    },
    {
      "type": "single",
      "resource": "minecraft:littlepandaset/crossbow_2",
      "sprite": "minecraft:littlepandaset/crossbow_2"
    },
    {
      "type": "single",
      "resource": "minecraft:littlepandaset/crossbow_1",
      "sprite": "minecraft:littlepandaset/crossbow_1"
    },
    {
      "type": "single",
      "resource": "minecraft:littlepandaset/crossbow",
      "sprite": "minecraft:littlepandaset/crossbow"
    },
    {
      "type": "single",
      "resource": "minecraft:littlepandaset/chest",
      "sprite": "minecraft:littlepandaset/chest"
    },
    {
      "type": "single",
      "resource": "minecraft:littlepandaset/bow_2",
      "sprite": "minecraft:littlepandaset/bow_2"
    },
    {
      "type": "single",
      "resource": "minecraft:littlepandaset/bow_1",
      "sprite": "minecraft:littlepandaset/bow_1"
    },
    {
      "type": "single",
      "resource": "minecraft:littlepandaset/bow",
      "sprite": "minecraft:littlepandaset/bow"
    },
    {
      "type": "single",
      "resource": "minecraft:littlepandaset/bamboo_backpack",
      "sprite": "minecraft:littlepandaset/bamboo_backpack"
    },
    {
      "type": "single",
      "resource": "minecraft:littlepandaset/backpack",
      "sprite": "minecraft:littlepandaset/backpack"
    },
    {
      "type": "single",
      "resource": "minecraft:littlepandaset/axe",
      "sprite": "minecraft:littlepandaset/axe"
    },
    {
      "type": "single",
      "resource": "minecraft:littlepandaset/armor/littlepandaset_leggings",
      "sprite": "minecraft:littlepandaset/armor/littlepandaset_leggings"
    },
    {
      "type": "single",
      "resource": "minecraft:littlepandaset/armor/littlepandaset_helmet",
      "sprite": "minecraft:littlepandaset/armor/littlepandaset_helmet"
    },
    {
      "type": "single",
      "resource": "minecraft:littlepandaset/armor/littlepandaset_chestplate",
      "sprite": "minecraft:littlepandaset/armor/littlepandaset_chestplate"
    },
    {
      "type": "single",
      "resource": "minecraft:littlepandaset/armor/littlepandaset_boots",
      "sprite": "minecraft:littlepandaset/armor/littlepandaset_boots"
    },
    {
      "type": "single",
      "resource": "minecraft:item/toucanupdate/walnut_axe",
      "sprite": "minecraft:item/toucanupdate/walnut_axe"
    },
    {
      "type": "single",
      "resource": "minecraft:item/toucanupdate/toucan_trident",
      "sprite": "minecraft:item/toucanupdate/toucan_trident"
    },
    {
      "type": "single",
      "resource": "minecraft:item/toucanupdate/toucan_sword",
      "sprite": "minecraft:item/toucanupdate/toucan_sword"
    },
    {
      "type": "single",
      "resource": "minecraft:item/toucanupdate/toucan_staff",
      "sprite": "minecraft:item/toucanupdate/toucan_staff"
    },
    {
      "type": "single",
      "resource": "minecraft:item/toucanupdate/toucan_shovel",
      "sprite": "minecraft:item/toucanupdate/toucan_shovel"
    },
    {
      "type": "single",
      "resource": "minecraft:item/toucanupdate/toucan_pickaxe",
      "sprite": "minecraft:item/toucanupdate/toucan_pickaxe"
    },
    {
      "type": "single",
      "resource": "minecraft:item/toucanupdate/toucan_hoe",
      "sprite": "minecraft:item/toucanupdate/toucan_hoe"
    },
    {
      "type": "single",
      "resource": "minecraft:item/toucanupdate/toucan_crossbow",
      "sprite": "minecraft:item/toucanupdate/toucan_crossbow"
    },
    {
      "type": "single",
      "resource": "minecraft:item/toucanupdate/toucan_bow",
      "sprite": "minecraft:item/toucanupdate/toucan_bow"
    },
    {
      "type": "single",
      "resource": "minecraft:item/toucanupdate/toucan_apple",
      "sprite": "minecraft:item/toucanupdate/toucan_apple"
    },
    {
      "type": "single",
      "resource": "minecraft:item/toucanupdate/poison_frog_spear",
      "sprite": "minecraft:item/toucanupdate/poison_frog_spear"
    },
    {
      "type": "single",
      "resource": "minecraft:item/toucanupdate/coconut_sword",
      "sprite": "minecraft:item/toucanupdate/coconut_sword"
    },
    {
      "type": "single",
      "resource": "minecraft:item/toucanupdate/cocnut_ball",
      "sprite": "minecraft:item/toucanupdate/cocnut_ball"
    },
    {
      "type": "single",
      "resource": "minecraft:item/toucanupdate/banana_shield",
      "sprite": "minecraft:item/toucanupdate/banana_shield"
    },
    {
      "type": "single",
      "resource": "minecraft:item/snowset/snowsword",
      "sprite": "minecraft:item/snowset/snowsword"
    },
    {
      "type": "single",
      "resource": "minecraft:item/snowset/snowbow",
      "sprite": "minecraft:item/snowset/snowbow"
    },
    {
      "type": "single",
      "resource": "minecraft:item/snowset/icesword",
      "sprite": "minecraft:item/snowset/icesword"
    },
    {
      "type": "single",
      "resource": "minecraft:item/snowset/iceshovel",
      "sprite": "minecraft:item/snowset/iceshovel"
    },
    {
      "type": "single",
      "resource": "minecraft:item/snowset/iceshield",
      "sprite": "minecraft:item/snowset/iceshield"
    },
    {
      "type": "single",
      "resource": "minecraft:item/snowset/icepickaxe",
      "sprite": "minecraft:item/snowset/icepickaxe"
    },
    {
      "type": "single",
      "resource": "minecraft:item/snowset/icecrossbow",
      "sprite": "minecraft:item/snowset/icecrossbow"
    },
    {
      "type": "single",
      "resource": "minecraft:item/snowset/iceball",
      "sprite": "minecraft:item/snowset/iceball"
    },
    {
      "type": "single",
      "resource": "minecraft:item/snowset/iceaxe",
      "sprite": "minecraft:item/snowset/iceaxe"
    },
    {
      "type": "single",
      "resource": "minecraft:item/snowset/candycane",
      "sprite": "minecraft:item/snowset/candycane"
    },
    {
      "type": "single",
      "resource": "minecraft:item/slotmachine",
      "sprite": "minecraft:item/slotmachine"
    },
    {
      "type": "single",
      "resource": "minecraft:item/merge/vanquisher_sword",
      "sprite": "minecraft:item/merge/vanquisher_sword"
    },
    {
      "type": "single",
      "resource": "minecraft:item/merge/sword_ruby_vol_1",
      "sprite": "minecraft:item/merge/sword_ruby_vol_1"
    },
    {
      "type": "single",
      "resource": "minecraft:item/merge/staff_ruby_vol_1",
      "sprite": "minecraft:item/merge/staff_ruby_vol_1"
    },
    {
      "type": "single",
      "resource": "minecraft:item/merge/spear_ruby_vol_1",
      "sprite": "minecraft:item/merge/spear_ruby_vol_1"
    },
    {
      "type": "single",
      "resource": "minecraft:item/merge/peacekeeper_sword",
      "sprite": "minecraft:item/merge/peacekeeper_sword"
    },
    {
      "type": "single",
      "resource": "minecraft:item/merge/corrupted_sword",
      "sprite": "minecraft:item/merge/corrupted_sword"
    },
    {
      "type": "single",
      "resource": "minecraft:item/merge/bow_ruby_vol_1",
      "sprite": "minecraft:item/merge/bow_ruby_vol_1"
    },
    {
      "type": "single",
      "resource": "minecraft:item/merge/axe_ruby_vol_1",
      "sprite": "minecraft:item/merge/axe_ruby_vol_1"
    },
    {
      "type": "single",
      "resource": "minecraft:item/merge/asura_wings",
      "sprite": "minecraft:item/merge/asura_wings"
    },
    {
      "type": "single",
      "resource": "minecraft:item/merge/asura_triangle_coin",
      "sprite": "minecraft:item/merge/asura_triangle_coin"
    },
    {
      "type": "single",
      "resource": "minecraft:item/merge/asura_sword",
      "sprite": "minecraft:item/merge/asura_sword"
    },
    {
      "type": "single",
      "resource": "minecraft:item/merge/asura_square_coin",
      "sprite": "minecraft:item/merge/asura_square_coin"
    },
    {
      "type": "single",
      "resource": "minecraft:item/merge/asura_emerald_coin",
      "sprite": "minecraft:item/merge/asura_emerald_coin"
    },
    {
      "type": "single",
      "resource": "minecraft:item/merge/asura_circle_coin",
      "sprite": "minecraft:item/merge/asura_circle_coin"
    },
    {
      "type": "single",
      "resource": "minecraft:item/merge/asura_card_coin",
      "sprite": "minecraft:item/merge/asura_card_coin"
    },
    {
      "type": "single",
      "resource": "minecraft:item/merge/arrow_ruby_vol_1",
      "sprite": "minecraft:item/merge/arrow_ruby_vol_1"
    },
    {
      "type": "single",
      "resource": "minecraft:item/littleduckset/sword",
      "sprite": "minecraft:item/littleduckset/sword"
    },
    {
      "type": "single",
      "resource": "minecraft:item/littleduckset/staff",
      "sprite": "minecraft:item/littleduckset/staff"
    },
    {
      "type": "single",
      "resource": "minecraft:item/littleduckset/spear",
      "sprite": "minecraft:item/littleduckset/spear"
    },
    {
      "type": "single",
      "resource": "minecraft:item/littleduckset/shovel",
      "sprite": "minecraft:item/littleduckset/shovel"
    },
    {
      "type": "single",
      "resource": "minecraft:item/littleduckset/shield",
      "sprite": "minecraft:item/littleduckset/shield"
    },
    {
      "type": "single",
      "resource": "minecraft:item/littleduckset/pickaxe",
      "sprite": "minecraft:item/littleduckset/pickaxe"
    },
    {
      "type": "single",
      "resource": "minecraft:item/littleduckset/littleduck",
      "sprite": "minecraft:item/littleduckset/littleduck"
    },
    {
      "type": "single",
      "resource": "minecraft:item/littleduckset/key",
      "sprite": "minecraft:item/littleduckset/key"
    },
    {
      "type": "single",
      "resource": "minecraft:item/littleduckset/hood",
      "sprite": "minecraft:item/littleduckset/hood"
    },
    {
      "type": "single",
      "resource": "minecraft:item/littleduckset/hoe",
      "sprite": "minecraft:item/littleduckset/hoe"
    },
    {
      "type": "single",
      "resource": "minecraft:item/littleduckset/hammer",
      "sprite": "minecraft:item/littleduckset/hammer"
    },
    {
      "type": "single",
      "resource": "minecraft:item/littleduckset/frag",
      "sprite": "minecraft:item/littleduckset/frag"
    },
    {
      "type": "single",
      "resource": "minecraft:item/littleduckset/fishing_rod_cast",
      "sprite": "minecraft:item/littleduckset/fishing_rod_cast"
    },
    {
      "type": "single",
      "resource": "minecraft:item/littleduckset/fishing_rod",
      "sprite": "minecraft:item/littleduckset/fishing_rod"
    },
    {
      "type": "single",
      "resource": "minecraft:item/littleduckset/crossbow_2",
      "sprite": "minecraft:item/littleduckset/crossbow_2"
    },
    {
      "type": "single",
      "resource": "minecraft:item/littleduckset/crossbow_1",
      "sprite": "minecraft:item/littleduckset/crossbow_1"
    },
    {
      "type": "single",
      "resource": "minecraft:item/littleduckset/crossbow",
      "sprite": "minecraft:item/littleduckset/crossbow"
    },
    {
      "type": "single",
      "resource": "minecraft:item/littleduckset/chest",
      "sprite": "minecraft:item/littleduckset/chest"
    },
    {
      "type": "single",
      "resource": "minecraft:item/littleduckset/bow_2",
      "sprite": "minecraft:item/littleduckset/bow_2"
    },
    {
      "type": "single",
      "resource": "minecraft:item/littleduckset/bow_1",
      "sprite": "minecraft:item/littleduckset/bow_1"
    },
    {
      "type": "single",
      "resource": "minecraft:item/littleduckset/bow",
      "sprite": "minecraft:item/littleduckset/bow"
    },
    {
      "type": "single",
      "resource": "minecraft:item/littleduckset/backpack",
      "sprite": "minecraft:item/littleduckset/backpack"
    },
    {
      "type": "single",
      "resource": "minecraft:item/littleduckset/axe",
      "sprite": "minecraft:item/littleduckset/axe"
    },
    {
      "type": "single",
      "resource": "minecraft:item/legoupdate/yellow_lego_sword",
      "sprite": "minecraft:item/legoupdate/yellow_lego_sword"
    },
    {
      "type": "single",
      "resource": "minecraft:item/legoupdate/white_lego_pickaxe",
      "sprite": "minecraft:item/legoupdate/white_lego_pickaxe"
    },
    {
      "type": "single",
      "resource": "minecraft:item/legoupdate/red_lego_crossbow",
      "sprite": "minecraft:item/legoupdate/red_lego_crossbow"
    },
    {
      "type": "single",
      "resource": "minecraft:item/legoupdate/red_lego_bow3",
      "sprite": "minecraft:item/legoupdate/red_lego_bow3"
    },
    {
      "type": "single",
      "resource": "minecraft:item/legoupdate/red_lego_bow2",
      "sprite": "minecraft:item/legoupdate/red_lego_bow2"
    },
    {
      "type": "single",
      "resource": "minecraft:item/legoupdate/red_lego_bow1",
      "sprite": "minecraft:item/legoupdate/red_lego_bow1"
    },
    {
      "type": "single",
      "resource": "minecraft:item/legoupdate/red_lego_bow",
      "sprite": "minecraft:item/legoupdate/red_lego_bow"
    },
    {
      "type": "single",
      "resource": "minecraft:item/legoupdate/orange_lego_axe",
      "sprite": "minecraft:item/legoupdate/orange_lego_axe"
    },
    {
      "type": "single",
      "resource": "minecraft:item/legoupdate/green_lego_sword2",
      "sprite": "minecraft:item/legoupdate/green_lego_sword2"
    },
    {
      "type": "single",
      "resource": "minecraft:item/legoupdate/green_lego_sword",
      "sprite": "minecraft:item/legoupdate/green_lego_sword"
    },
    {
      "type": "single",
      "resource": "minecraft:item/legoupdate/green_lego_hoe",
      "sprite": "minecraft:item/legoupdate/green_lego_hoe"
    },
    {
      "type": "single",
      "resource": "minecraft:item/legoupdate/gray_lego_staff",
      "sprite": "minecraft:item/legoupdate/gray_lego_staff"
    },
    {
      "type": "single",
      "resource": "minecraft:item/legoupdate/blue_lego_trident",
      "sprite": "minecraft:item/legoupdate/blue_lego_trident"
    },
    {
      "type": "single",
      "resource": "minecraft:item/legoupdate/blue_lego_shield",
      "sprite": "minecraft:item/legoupdate/blue_lego_shield"
    },
    {
      "type": "single",
      "resource": "minecraft:item/legoupdate/black_lego_shovel",
      "sprite": "minecraft:item/legoupdate/black_lego_shovel"
    },
    {
      "type": "single",
      "resource": "minecraft:item/icesword",
      "sprite": "minecraft:item/icesword"
    },
    {
      "type": "single",
      "resource": "minecraft:item/haloween/sword",
      "sprite": "minecraft:item/haloween/sword"
    },
    {
      "type": "single",
      "resource": "minecraft:item/haloween/staff",
      "sprite": "minecraft:item/haloween/staff"
    },
    {
      "type": "single",
      "resource": "minecraft:item/haloween/spear",
      "sprite": "minecraft:item/haloween/spear"
    },
    {
      "type": "single",
      "resource": "minecraft:item/haloween/shovel",
      "sprite": "minecraft:item/haloween/shovel"
    },
    {
      "type": "single",
      "resource": "minecraft:item/haloween/shield2",
      "sprite": "minecraft:item/haloween/shield2"
    },
    {
      "type": "single",
      "resource": "minecraft:item/haloween/shield1",
      "sprite": "minecraft:item/haloween/shield1"
    },
    {
      "type": "single",
      "resource": "minecraft:item/haloween/pickaxe",
      "sprite": "minecraft:item/haloween/pickaxe"
    },
    {
      "type": "single",
      "resource": "minecraft:item/haloween/key",
      "sprite": "minecraft:item/haloween/key"
    },
    {
      "type": "single",
      "resource": "minecraft:item/haloween/hoe",
      "sprite": "minecraft:item/haloween/hoe"
    },
    {
      "type": "single",
      "resource": "minecraft:item/haloween/hat",
      "sprite": "minecraft:item/haloween/hat"
    },
    {
      "type": "single",
      "resource": "minecraft:item/haloween/hammer",
      "sprite": "minecraft:item/haloween/hammer"
    },
    {
      "type": "single",
      "resource": "minecraft:item/haloween/fishing2",
      "sprite": "minecraft:item/haloween/fishing2"
    },
    {
      "type": "single",
      "resource": "minecraft:item/haloween/fishing1",
      "sprite": "minecraft:item/haloween/fishing1"
    },
    {
      "type": "single",
      "resource": "minecraft:item/haloween/crossbow4",
      "sprite": "minecraft:item/haloween/crossbow4"
    },
    {
      "type": "single",
      "resource": "minecraft:item/haloween/crossbow3",
      "sprite": "minecraft:item/haloween/crossbow3"
    },
    {
      "type": "single",
      "resource": "minecraft:item/haloween/crossbow2",
      "sprite": "minecraft:item/haloween/crossbow2"
    },
    {
      "type": "single",
      "resource": "minecraft:item/haloween/crossbow1",
      "sprite": "minecraft:item/haloween/crossbow1"
    },
    {
      "type": "single",
      "resource": "minecraft:item/haloween/chest",
      "sprite": "minecraft:item/haloween/chest"
    },
    {
      "type": "single",
      "resource": "minecraft:item/haloween/bow4",
      "sprite": "minecraft:item/haloween/bow4"
    },
    {
      "type": "single",
      "resource": "minecraft:item/haloween/bow3",
      "sprite": "minecraft:item/haloween/bow3"
    },
    {
      "type": "single",
      "resource": "minecraft:item/haloween/bow2",
      "sprite": "minecraft:item/haloween/bow2"
    },
    {
      "type": "single",
      "resource": "minecraft:item/haloween/bow1",
      "sprite": "minecraft:item/haloween/bow1"
    },
    {
      "type": "single",
      "resource": "minecraft:item/haloween/balloon",
      "sprite": "minecraft:item/haloween/balloon"
    },
    {
      "type": "single",
      "resource": "minecraft:item/haloween/backpack",
      "sprite": "minecraft:item/haloween/backpack"
    },
    {
      "type": "single",
      "resource": "minecraft:item/haloween/axe",
      "sprite": "minecraft:item/haloween/axe"
    },
    {
      "type": "single",
      "resource": "minecraft:item/base/blank",
      "sprite": "minecraft:item/base/blank"
    },
    {
      "type": "single",
      "resource": "minecraft:item/armor/snow_leggings",
      "sprite": "minecraft:item/armor/snow_leggings"
    },
    {
      "type": "single",
      "resource": "minecraft:item/armor/snow_helmet",
      "sprite": "minecraft:item/armor/snow_helmet"
    },
    {
      "type": "single",
      "resource": "minecraft:item/armor/snow_chestplate",
      "sprite": "minecraft:item/armor/snow_chestplate"
    },
    {
      "type": "single",
      "resource": "minecraft:item/armor/snow_boots",
      "sprite": "minecraft:item/armor/snow_boots"
    },
    {
      "type": "single",
      "resource": "minecraft:item/102",
      "sprite": "minecraft:item/102"
    },
    {
      "type": "single",
      "resource": "minecraft:font/base/blank",
      "sprite": "minecraft:font/base/blank"
    },
    {
      "type": "single",
      "resource": "minecraft:font/base/black",
      "sprite": "minecraft:font/base/black"
    },
    {
      "type": "single",
      "resource": "minecraft:custom/yellow_e",
      "sprite": "minecraft:custom/yellow_e"
    },
    {
      "type": "single",
      "resource": "minecraft:custom/yellow",
      "sprite": "minecraft:custom/yellow"
    },
    {
      "type": "single",
      "resource": "minecraft:custom/snow_leggings",
      "sprite": "minecraft:custom/snow_leggings"
    },
    {
      "type": "single",
      "resource": "minecraft:custom/snow_helmet",
      "sprite": "minecraft:custom/snow_helmet"
    },
    {
      "type": "single",
      "resource": "minecraft:custom/snow_chestplate",
      "sprite": "minecraft:custom/snow_chestplate"
    },
    {
      "type": "single",
      "resource": "minecraft:custom/snow_boots",
      "sprite": "minecraft:custom/snow_boots"
    },
    {
      "type": "single",
      "resource": "minecraft:custom/red_e",
      "sprite": "minecraft:custom/red_e"
    },
    {
      "type": "single",
      "resource": "minecraft:custom/red",
      "sprite": "minecraft:custom/red"
    },
    {
      "type": "single",
      "resource": "minecraft:custom/purple_e",
      "sprite": "minecraft:custom/purple_e"
    },
    {
      "type": "single",
      "resource": "minecraft:custom/purple",
      "sprite": "minecraft:custom/purple"
    },
    {
      "type": "single",
      "resource": "minecraft:custom/pink_e",
      "sprite": "minecraft:custom/pink_e"
    },
    {
      "type": "single",
      "resource": "minecraft:custom/pink",
      "sprite": "minecraft:custom/pink"
    },
    {
      "type": "single",
      "resource": "minecraft:custom/orange_e",
      "sprite": "minecraft:custom/orange_e"
    },
    {
      "type": "single",
      "resource": "minecraft:custom/orange",
      "sprite": "minecraft:custom/orange"
    },
    {
      "type": "single",
      "resource": "minecraft:custom/green_e",
      "sprite": "minecraft:custom/green_e"
    },
    {
      "type": "single",
      "resource": "minecraft:custom/green",
      "sprite": "minecraft:custom/green"
    },
    {
      "type": "single",
      "resource": "minecraft:custom/blue_e",
      "sprite": "minecraft:custom/blue_e"
    },
    {
      "type": "single",
      "resource": "minecraft:custom/blue",
      "sprite": "minecraft:custom/blue"
    },
    {
      "type": "single",
      "resource": "minecraft:custom/armor/snow_leggings",
      "sprite": "minecraft:custom/armor/snow_leggings"
    },
    {
      "type": "single",
      "resource": "minecraft:custom/armor/snow_helmet",
      "sprite": "minecraft:custom/armor/snow_helmet"
    },
    {
      "type": "single",
      "resource": "minecraft:custom/armor/snow_chestplate",
      "sprite": "minecraft:custom/armor/snow_chestplate"
    },
    {
      "type": "single",
      "resource": "minecraft:custom/armor/snow_boots",
      "sprite": "minecraft:custom/armor/snow_boots"
    },
    {
      "type": "single",
      "resource": "littlesharkset:axe"
    },
    {
      "type": "single",
      "resource": "littlesharkset:spear"
    },
    {
      "type": "single",
      "resource": "littlesharkset:chest"
    },
    {
      "type": "single",
      "resource": "littlesharkset:fishing_rod"
    },
    {
      "type": "single",
      "resource": "littlesharkset:staff"
    },
    {
      "type": "single",
      "resource": "_iainternal:icons/icon_left_blue"
    },
    {
      "type": "single",
      "resource": "littlesharkset:bow_1"
    },
    {
      "type": "single",
      "resource": "littlesharkset:hat"
    },
    {
      "type": "single",
      "resource": "littlesharkset:trident"
    },
    {
      "type": "single",
      "resource": "littleteddybearset:key"
    },
    {
      "type": "single",
      "resource": "waffle_set:choco_waffle_fishing_rod"
    },
    {
      "type": "single",
      "resource": "littlesharkset:bow_2"
    },
    {
      "type": "single",
      "resource": "littlesharkset:flag"
    },
    {
      "type": "single",
      "resource": "littleteddybearset:flag"
    },
    {
      "type": "single",
      "resource": "littleteddybearset:spear"
    },
    {
      "type": "single",
      "resource": "waffle_set:choco_waffle_sword"
    },
    {
      "type": "single",
      "resource": "waffle_set:waffle_hoe"
    },
    {
      "type": "single",
      "resource": "littlesharkset:backpack"
    },
    {
      "type": "single",
      "resource": "littleteddybearset:fishing_rod"
    },
    {
      "type": "single",
      "resource": "waffle_set:waffle_shield"
    },
    {
      "type": "single",
      "resource": "littlesharkset:animations/animations_4"
    },
    {
      "type": "single",
      "resource": "littleteddybearset:bow_2"
    },
    {
      "type": "single",
      "resource": "littlesharkset:animations/animations_3"
    },
    {
      "type": "single",
      "resource": "littleteddybearset:bow_1"
    },
    {
      "type": "single",
      "resource": "littleteddybearset:crossbow_2"
    },
    {
      "type": "single",
      "resource": "littlesharkset:crossbow"
    },
    {
      "type": "single",
      "resource": "littleteddybearset:crossbow_1"
    },
    {
      "type": "single",
      "resource": "waffle_set:choco_waffle_shovel"
    },
    {
      "type": "single",
      "resource": "littlesharkset:animations/animations_2"
    },
    {
      "type": "single",
      "resource": "_iainternal:icons/icon_next_orange"
    },
    {
      "type": "single",
      "resource": "littlesharkset:animations/animations_1"
    },
    {
      "type": "single",
      "resource": "littlesharkset:fishing_rod_cast"
    },
    {
      "type": "single",
      "resource": "waffle_set:waffle_pickaxe"
    },
    {
      "type": "single",
      "resource": "littleteddybearset:sword"
    },
    {
      "type": "single",
      "resource": "littleteddybearset:hoe"
    },
    {
      "type": "single",
      "resource": "littleteddybearset:staff"
    },
    {
      "type": "single",
      "resource": "waffle_set:choco_waffle_hoe"
    },
    {
      "type": "single",
      "resource": "waffle_set:waffle_sword"
    },
    {
      "type": "single",
      "resource": "littleteddybearset:swim_tube"
    },
    {
      "type": "single",
      "resource": "littlesharkset:shield"
    },
    {
      "type": "single",
      "resource": "littlesharkset:tail"
    },
    {
      "type": "single",
      "resource": "littleteddybearset:shield"
    },
    {
      "type": "single",
      "resource": "littleteddybearset:bow"
    },
    {
      "type": "single",
      "resource": "littleteddybearset:pickaxe"
    },
    {
      "type": "single",
      "resource": "waffle_set:choco_waffle_axe"
    },
    {
      "type": "single",
      "resource": "waffle_set:waffle_wearhead"
    },
    {
      "type": "single",
      "resource": "littlesharkset:bow"
    },
    {
      "type": "single",
      "resource": "littleteddybearset:crossbow"
    },
    {
      "type": "single",
      "resource": "_iainternal:icons/icon_cancel"
    },
    {
      "type": "single",
      "resource": "littleteddybearset:backpack"
    },
    {
      "type": "single",
      "resource": "littlesharkset:backpack_2"
    },
    {
      "type": "single",
      "resource": "_iainternal:icons/icon_back_orange"
    },
    {
      "type": "single",
      "resource": "waffle_set:waffle_shovel"
    },
    {
      "type": "single",
      "resource": "littlesharkset:key"
    },
    {
      "type": "single",
      "resource": "_iainternal:icons/icon_arrow_chest"
    },
    {
      "type": "single",
      "resource": "littlesharkset:shovel"
    },
    {
      "type": "single",
      "resource": "littleteddybearset:axe"
    },
    {
      "type": "single",
      "resource": "littleteddybearset:hood"
    },
    {
      "type": "single",
      "resource": "_iainternal:icons/icon_search"
    },
    {
      "type": "single",
      "resource": "waffle_set:choco_waffle_pickaxe"
    },
    {
      "type": "single",
      "resource": "waffle_set:waffle_axe"
    },
    {
      "type": "single",
      "resource": "_iainternal:icons/icon_right_blue"
    },
    {
      "type": "single",
      "resource": "littleteddybearset:fishing_rod_cast"
    },
    {
      "type": "single",
      "resource": "littleteddybearset:chest"
    },
    {
      "type": "single",
      "resource": "littlesharkset:hammer"
    },
    {
      "type": "single",
      "resource": "waffle_set:choco_waffle_shield"
    },
    {
      "type": "single",
      "resource": "littlesharkset:sword"
    },
    {
      "type": "single",
      "resource": "littlesharkset:crossbow_2"
    },
    {
      "type": "single",
      "resource": "littleteddybearset:hammer"
    },
    {
      "type": "single",
      "resource": "littlesharkset:hoe"
    },
    {
      "type": "single",
      "resource": "littlesharkset:pickaxe"
    },
    {
      "type": "single",
      "resource": "littlesharkset:crossbow_1"
    },
    {
      "type": "single",
      "resource": "littleteddybearset:teddybear"
    },
    {
      "type": "single",
      "resource": "waffle_set:waffle_fishing_rod"
    },
    {
      "type": "single",
      "resource": "littleteddybearset:shovel"
    }
  ]
}