{
	"credit": "Made with Blockbench",
	"texture_size": [128, 64],
	"textures": {
		"3": "item/snowset/icepickaxe"
	},
	"elements": [
		{
			"from": [6.7, 6.4, 7.2],
			"to": [9.3, 14, 9.8],
			"rotation": {"angle": 0, "axis": "y", "origin": [7, 4.7, 0]},
			"faces": {
				"north": {"uv": [3.25, 3.5, 3.5, 5.25], "texture": "#3"},
				"east": {"uv": [3, 3.5, 3.25, 5.25], "texture": "#3"},
				"south": {"uv": [3.75, 3.5, 4, 5.25], "texture": "#3"},
				"west": {"uv": [3.5, 3.5, 3.75, 5.25], "texture": "#3"},
				"up": {"uv": [3.5, 3.5, 3.25, 3], "texture": "#3"},
				"down": {"uv": [3.75, 3, 3.5, 3.5], "texture": "#3"}
			}
		},
		{
			"from": [6.5, 4.7, 7],
			"to": [9.5, 6.7, 10],
			"rotation": {"angle": 0, "axis": "y", "origin": [7.5, 4.7, 0]},
			"faces": {
				"north": {"uv": [0.375, 7.25, 0.75, 7.75], "texture": "#3"},
				"east": {"uv": [0, 7.25, 0.375, 7.75], "texture": "#3"},
				"south": {"uv": [1.125, 7.25, 1.5, 7.75], "texture": "#3"},
				"west": {"uv": [0.75, 7.25, 1.125, 7.75], "texture": "#3"},
				"up": {"uv": [0.75, 7.25, 0.375, 6.5], "texture": "#3"},
				"down": {"uv": [1.125, 6.5, 0.75, 7.25], "texture": "#3"}
			}
		},
		{
			"from": [7.45, 19.7, 7.2],
			"to": [14.05, 23.3, 9.8],
			"rotation": {"angle": 0, "axis": "y", "origin": [16, 23.5, 8]},
			"faces": {
				"north": {"uv": [1.375, 11.5, 2.25, 12.5], "texture": "#3"},
				"east": {"uv": [1, 11.5, 1.375, 12.5], "texture": "#3"},
				"south": {"uv": [2.625, 11.5, 3.5, 12.5], "texture": "#3"},
				"west": {"uv": [2.25, 11.5, 2.625, 12.5], "texture": "#3"},
				"up": {"uv": [2.25, 11.5, 1.375, 10.75], "texture": "#3"},
				"down": {"uv": [3.125, 10.75, 2.25, 11.5], "texture": "#3"}
			}
		},
		{
			"from": [11, 21.25, 7],
			"to": [16, 25.25, 10],
			"rotation": {"angle": 22.5, "axis": "z", "origin": [14.25, 24, 8]},
			"faces": {
				"north": {"uv": [2.375, 0.75, 3, 1.75], "texture": "#3"},
				"east": {"uv": [2, 0.75, 2.375, 1.75], "texture": "#3"},
				"south": {"uv": [3.375, 0.75, 4, 1.75], "texture": "#3"},
				"west": {"uv": [3, 0.75, 3.375, 1.75], "texture": "#3"},
				"up": {"uv": [3, 0.75, 2.375, 0], "texture": "#3"},
				"down": {"uv": [3.625, 0, 3, 0.75], "texture": "#3"}
			}
		},
		{
			"from": [14.25, 20.5, 8.5],
			"to": [21.25, 25.5, 8.5],
			"rotation": {"angle": -22.5, "axis": "z", "origin": [14.25, 24, 8]},
			"faces": {
				"north": {"uv": [2.75, 5.25, 3.625, 6.5], "texture": "#3"},
				"east": {"uv": [2.75, 5.25, 2.75, 6.5], "texture": "#3"},
				"south": {"uv": [3.625, 5.25, 4.5, 6.5], "texture": "#3"},
				"west": {"uv": [3.625, 5.25, 3.625, 6.5], "texture": "#3"},
				"up": {"uv": [3.625, 5.25, 2.75, 5.25], "texture": "#3"},
				"down": {"uv": [4.5, 5.25, 3.625, 5.25], "texture": "#3"}
			}
		},
		{
			"from": [15.25, 22.5, 7.5],
			"to": [21.25, 25.5, 9.5],
			"rotation": {"angle": -22.5, "axis": "z", "origin": [14.25, 24, 8]},
			"faces": {
				"north": {"uv": [2.875, 2.25, 3.625, 3], "texture": "#3"},
				"east": {"uv": [2.625, 2.25, 2.875, 3], "texture": "#3"},
				"south": {"uv": [3.875, 2.25, 4.625, 3], "texture": "#3"},
				"west": {"uv": [3.625, 2.25, 3.875, 3], "texture": "#3"},
				"up": {"uv": [3.625, 2.25, 2.875, 1.75], "texture": "#3"},
				"down": {"uv": [4.375, 1.75, 3.625, 2.25], "texture": "#3"}
			}
		},
		{
			"from": [18.5, 18.75, 8.5],
			"to": [22.5, 22.75, 8.5],
			"rotation": {"angle": 0, "axis": "y", "origin": [14.25, 24, 8]},
			"faces": {
				"north": {"uv": [2.5, 7.25, 3, 8.25], "texture": "#3"},
				"east": {"uv": [2.5, 7.25, 2.5, 8.25], "texture": "#3"},
				"south": {"uv": [3, 7.25, 3.5, 8.25], "texture": "#3"},
				"west": {"uv": [3, 7.25, 3, 8.25], "texture": "#3"},
				"up": {"uv": [3, 7.25, 2.5, 7.25], "texture": "#3"},
				"down": {"uv": [3.5, 7.25, 3, 7.25], "texture": "#3"}
			}
		},
		{
			"from": [1.95, 19.7, 7.2],
			"to": [8.55, 23.3, 9.8],
			"shade": false,
			"rotation": {"angle": 0, "axis": "y", "origin": [0, 23.5, 8]},
			"faces": {
				"north": {"uv": [2.25, 11.5, 1.375, 12.5], "texture": "#3"},
				"east": {"uv": [2.625, 11.5, 2.25, 12.5], "texture": "#3"},
				"south": {"uv": [3.5, 11.5, 2.625, 12.5], "texture": "#3"},
				"west": {"uv": [1.375, 11.5, 1, 12.5], "texture": "#3"},
				"up": {"uv": [1.375, 11.5, 2.25, 10.75], "texture": "#3"},
				"down": {"uv": [2.25, 10.75, 3.125, 11.5], "texture": "#3"}
			}
		},
		{
			"from": [0, 21.25, 7],
			"to": [5, 25.25, 10],
			"shade": false,
			"rotation": {"angle": -22.5, "axis": "z", "origin": [1.75, 24, 8]},
			"faces": {
				"north": {"uv": [3, 0.75, 2.375, 1.75], "texture": "#3"},
				"east": {"uv": [3.375, 0.75, 3, 1.75], "texture": "#3"},
				"south": {"uv": [4, 0.75, 3.375, 1.75], "texture": "#3"},
				"west": {"uv": [2.375, 0.75, 2, 1.75], "texture": "#3"},
				"up": {"uv": [2.375, 0.75, 3, 0], "texture": "#3"},
				"down": {"uv": [3, 0, 3.625, 0.75], "texture": "#3"}
			}
		},
		{
			"from": [-5.25, 20.5, 8.5],
			"to": [1.75, 25.5, 8.5],
			"shade": false,
			"rotation": {"angle": 22.5, "axis": "z", "origin": [1.75, 24, 8]},
			"faces": {
				"north": {"uv": [3.625, 5.25, 2.75, 6.5], "texture": "#3"},
				"east": {"uv": [3.625, 5.25, 3.625, 6.5], "texture": "#3"},
				"south": {"uv": [4.5, 5.25, 3.625, 6.5], "texture": "#3"},
				"west": {"uv": [2.75, 5.25, 2.75, 6.5], "texture": "#3"},
				"up": {"uv": [2.75, 5.25, 3.625, 5.25], "texture": "#3"},
				"down": {"uv": [3.625, 5.25, 4.5, 5.25], "texture": "#3"}
			}
		},
		{
			"from": [-5.25, 22.5, 7.5],
			"to": [0.75, 25.5, 9.5],
			"shade": false,
			"rotation": {"angle": 22.5, "axis": "z", "origin": [1.75, 24, 8]},
			"faces": {
				"north": {"uv": [3.625, 2.25, 2.875, 3], "texture": "#3"},
				"east": {"uv": [3.875, 2.25, 3.625, 3], "texture": "#3"},
				"south": {"uv": [4.625, 2.25, 3.875, 3], "texture": "#3"},
				"west": {"uv": [2.875, 2.25, 2.625, 3], "texture": "#3"},
				"up": {"uv": [2.875, 2.25, 3.625, 1.75], "texture": "#3"},
				"down": {"uv": [3.625, 1.75, 4.375, 2.25], "texture": "#3"}
			}
		},
		{
			"from": [-6.5, 18.75, 8.5],
			"to": [-2.5, 22.75, 8.5],
			"shade": false,
			"rotation": {"angle": 0, "axis": "y", "origin": [1.75, 24, 8]},
			"faces": {
				"north": {"uv": [3, 7.25, 2.5, 8.25], "texture": "#3"},
				"east": {"uv": [3, 7.25, 3, 8.25], "texture": "#3"},
				"south": {"uv": [3.5, 7.25, 3, 8.25], "texture": "#3"},
				"west": {"uv": [2.5, 7.25, 2.5, 8.25], "texture": "#3"},
				"up": {"uv": [2.5, 7.25, 3, 7.25], "texture": "#3"},
				"down": {"uv": [3, 7.25, 3.5, 7.25], "texture": "#3"}
			}
		},
		{
			"from": [7, 4.975, 7.5],
			"to": [9, 19.7, 9.5],
			"rotation": {"angle": 0, "axis": "y", "origin": [7, 2.7, 0]},
			"faces": {
				"north": {"uv": [0.25, 2.75, 0.5, 6.75], "texture": "#3"},
				"east": {"uv": [0, 2.75, 0.25, 6.75], "texture": "#3"},
				"south": {"uv": [0.75, 2.75, 1, 6.75], "texture": "#3"},
				"west": {"uv": [0.5, 2.75, 0.75, 6.75], "texture": "#3"},
				"up": {"uv": [0.5, 2.75, 0.25, 2.25], "texture": "#3"},
				"down": {"uv": [0.75, 2.25, 0.5, 2.75], "texture": "#3"}
			}
		},
		{
			"from": [6.7, 16.9, 7.2],
			"to": [9.3, 18, 9.8],
			"rotation": {"angle": 0, "axis": "y", "origin": [7, 4.7, 0]},
			"faces": {
				"north": {"uv": [3.25, 3.75, 3.5, 3.75], "texture": "#3"},
				"east": {"uv": [3, 3.75, 3.25, 3.75], "texture": "#3"},
				"south": {"uv": [3.75, 3.75, 4, 3.75], "texture": "#3"},
				"west": {"uv": [3.5, 3.75, 3.75, 3.75], "texture": "#3"},
				"up": {"uv": [3.5, 3.75, 3.25, 3.25], "texture": "#3"},
				"down": {"uv": [3.75, 3.25, 3.5, 3.75], "texture": "#3"}
			}
		},
		{
			"from": [6.7, 14.9, 7.2],
			"to": [9.3, 16, 9.8],
			"rotation": {"angle": 0, "axis": "y", "origin": [7, 4.7, 0]},
			"faces": {
				"north": {"uv": [3.25, 3.75, 3.5, 3.75], "texture": "#3"},
				"east": {"uv": [3, 3.75, 3.25, 3.75], "texture": "#3"},
				"south": {"uv": [3.75, 3.75, 4, 3.75], "texture": "#3"},
				"west": {"uv": [3.5, 3.75, 3.75, 3.75], "texture": "#3"},
				"up": {"uv": [3.5, 3.75, 3.25, 3.25], "texture": "#3"},
				"down": {"uv": [3.75, 3.25, 3.5, 3.75], "texture": "#3"}
			}
		},
		{
			"from": [12.32868, 17.32868, 7.48633],
			"to": [13.32868, 20.32868, 8.51367],
			"rotation": {"angle": 22.5, "axis": "z", "origin": [11.95, 20.45, 7.98633]},
			"faces": {
				"north": {"uv": [12.75, 0.5, 13, 2], "texture": "#3"},
				"east": {"uv": [9, 9.5, 9.25, 11], "texture": "#3"},
				"south": {"uv": [9.25, 9.5, 9.5, 11], "texture": "#3"},
				"west": {"uv": [9.5, 9.5, 9.75, 11], "texture": "#3"},
				"up": {"uv": [12.5, 11, 12.25, 10.5], "texture": "#3"},
				"down": {"uv": [13.5, 8.5, 13.25, 9], "texture": "#3"}
			}
		},
		{
			"from": [15.51983, 20.14657, 7.47656],
			"to": [18.76983, 21.14657, 8.52344],
			"rotation": {"angle": -45, "axis": "z", "origin": [11.56732, 21.37388, 7.97656]},
			"faces": {
				"north": {"uv": [11.5, 6, 12.25, 6.5], "texture": "#3"},
				"east": {"uv": [12.5, 10.5, 12.75, 11], "texture": "#3"},
				"south": {"uv": [12.75, 2, 13.5, 2.5], "texture": "#3"},
				"west": {"uv": [12.75, 10.5, 13, 11], "texture": "#3"},
				"up": {"uv": [13.5, 3, 12.75, 2.5], "texture": "#3"},
				"down": {"uv": [10.5, 9.5, 9.75, 10], "texture": "#3"}
			}
		},
		{
			"from": [14.40855, 17.00408, 7.5],
			"to": [16.40855, 18.00408, 8.5],
			"rotation": {"angle": 0, "axis": "y", "origin": [14.90855, 17.50408, 8]},
			"faces": {
				"north": {"uv": [9.75, 7.5, 10.25, 8], "texture": "#3"},
				"east": {"uv": [13, 10.5, 13.25, 11], "texture": "#3"},
				"south": {"uv": [12, 9.5, 12.5, 10], "texture": "#3"},
				"west": {"uv": [13.25, 10, 13.5, 10.5], "texture": "#3"},
				"up": {"uv": [13.25, 8.5, 12.75, 8], "texture": "#3"},
				"down": {"uv": [13.25, 8.5, 12.75, 9], "texture": "#3"}
			}
		},
		{
			"from": [13.90855, 15.50408, 7.5],
			"to": [14.90855, 17.50408, 8.5],
			"rotation": {"angle": 0, "axis": "y", "origin": [14.40855, 17.00408, 8]},
			"faces": {
				"north": {"uv": [9, 6.5, 9.25, 7.5], "texture": "#3"},
				"east": {"uv": [12.5, 9.5, 12.75, 10.5], "texture": "#3"},
				"south": {"uv": [12.75, 9, 13, 10], "texture": "#3"},
				"west": {"uv": [8, 10, 8.25, 11], "texture": "#3"},
				"up": {"uv": [13.5, 11, 13.25, 10.5], "texture": "#3"},
				"down": {"uv": [8.25, 11, 8, 11.5], "texture": "#3"}
			}
		},
		{
			"from": [12.90855, 17.25408, 7.5],
			"to": [13.90855, 18.50408, 8.5],
			"rotation": {"angle": -22.5, "axis": "z", "origin": [13.40855, 18.00408, 8]},
			"faces": {
				"north": {"uv": [10.25, 10, 10.5, 10.75], "texture": "#3"},
				"east": {"uv": [8.25, 10.5, 8.5, 11.25], "texture": "#3"},
				"south": {"uv": [8.5, 10.5, 8.75, 11.25], "texture": "#3"},
				"west": {"uv": [13.25, 3, 13.5, 3.75], "texture": "#3"},
				"up": {"uv": [13.75, 1, 13.5, 0.5], "texture": "#3"},
				"down": {"uv": [13.75, 1, 13.5, 1.5], "texture": "#3"}
			}
		},
		{
			"from": [13.40855, 18.25408, 7.5],
			"to": [15.15855, 19.25408, 8.5],
			"rotation": {"angle": 0, "axis": "y", "origin": [13.90855, 18.75408, 8]},
			"faces": {
				"north": {"uv": [8.25, 10, 8.75, 10.5], "texture": "#3"},
				"east": {"uv": [8.75, 11, 9, 11.5], "texture": "#3"},
				"south": {"uv": [13, 0.5, 13.5, 1], "texture": "#3"},
				"west": {"uv": [13.5, 1.5, 13.75, 2], "texture": "#3"},
				"up": {"uv": [13.5, 1.5, 13, 1], "texture": "#3"},
				"down": {"uv": [13.5, 1.5, 13, 2], "texture": "#3"}
			}
		},
		{
			"from": [2.67132, 17.50368, 7.48633],
			"to": [3.67132, 20.50368, 8.51367],
			"rotation": {"angle": -22.5, "axis": "z", "origin": [4.05, 20.625, 7.98633]},
			"faces": {
				"north": {"uv": [10.5, 9.5, 10.75, 11], "texture": "#3"},
				"east": {"uv": [10.75, 9.5, 11, 11], "texture": "#3"},
				"south": {"uv": [11, 9.5, 11.25, 11], "texture": "#3"},
				"west": {"uv": [11.25, 9.5, 11.5, 11], "texture": "#3"},
				"up": {"uv": [10.5, 11.5, 10.25, 11], "texture": "#3"},
				"down": {"uv": [13.75, 4.5, 13.5, 5], "texture": "#3"}
			}
		},
		{
			"from": [0.84145, 18.42908, 7.5],
			"to": [2.59145, 19.42908, 8.5],
			"rotation": {"angle": 0, "axis": "y", "origin": [2.09145, 18.92908, 8]},
			"faces": {
				"north": {"uv": [13.25, 7, 13.625, 7.5], "texture": "#3"},
				"east": {"uv": [10, 11, 10.25, 11.5], "texture": "#3"},
				"south": {"uv": [11.75, 10.5, 12.125, 11], "texture": "#3"},
				"west": {"uv": [13.5, 4, 13.75, 4.5], "texture": "#3"},
				"up": {"uv": [13.625, 8, 13.25, 7.5], "texture": "#3"},
				"down": {"uv": [13.625, 8, 13.25, 8.5], "texture": "#3"}
			}
		},
		{
			"from": [-0.40855, 17.17908, 7.5],
			"to": [1.59145, 18.17908, 8.5],
			"rotation": {"angle": 0, "axis": "y", "origin": [1.09145, 17.67908, 8]},
			"faces": {
				"north": {"uv": [12, 10, 12.5, 10.5], "texture": "#3"},
				"east": {"uv": [9.75, 11, 10, 11.5], "texture": "#3"},
				"south": {"uv": [13, 9, 13.5, 9.5], "texture": "#3"},
				"west": {"uv": [13.5, 3.5, 13.75, 4], "texture": "#3"},
				"up": {"uv": [13.25, 10.5, 12.75, 10], "texture": "#3"},
				"down": {"uv": [13.5, 9.5, 13, 10], "texture": "#3"}
			}
		},
		{
			"from": [-2.76983, 20.32157, 7.47656],
			"to": [0.48017, 21.32157, 8.52344],
			"rotation": {"angle": 45, "axis": "z", "origin": [4.43268, 21.54888, 7.97656]},
			"faces": {
				"north": {"uv": [9.75, 9, 10.625, 9.5], "texture": "#3"},
				"east": {"uv": [9.5, 11, 9.75, 11.5], "texture": "#3"},
				"south": {"uv": [10.75, 9, 11.625, 9.5], "texture": "#3"},
				"west": {"uv": [13.5, 3, 13.75, 3.5], "texture": "#3"},
				"up": {"uv": [12.625, 9.5, 11.75, 9], "texture": "#3"},
				"down": {"uv": [13.625, 0, 12.75, 0.5], "texture": "#3"}
			}
		},
		{
			"from": [1.09145, 15.67908, 7.5],
			"to": [2.09145, 17.67908, 8.5],
			"rotation": {"angle": 0, "axis": "y", "origin": [1.59145, 17.17908, 8]},
			"faces": {
				"north": {"uv": [8.75, 10, 9, 11], "texture": "#3"},
				"east": {"uv": [13, 3, 13.25, 4], "texture": "#3"},
				"south": {"uv": [9.75, 10, 10, 11], "texture": "#3"},
				"west": {"uv": [10, 10, 10.25, 11], "texture": "#3"},
				"up": {"uv": [9.5, 11.5, 9.25, 11], "texture": "#3"},
				"down": {"uv": [13.75, 2.5, 13.5, 3], "texture": "#3"}
			}
		},
		{
			"from": [2.09145, 17.42908, 7.5],
			"to": [3.09145, 18.67908, 8.5],
			"rotation": {"angle": 22.5, "axis": "z", "origin": [2.59145, 18.17908, 8]},
			"faces": {
				"north": {"uv": [13.25, 4, 13.5, 4.75], "texture": "#3"},
				"east": {"uv": [13.25, 5, 13.5, 5.75], "texture": "#3"},
				"south": {"uv": [13.25, 6, 13.5, 6.75], "texture": "#3"},
				"west": {"uv": [11.5, 10.5, 11.75, 11.25], "texture": "#3"},
				"up": {"uv": [9.25, 11.5, 9, 11], "texture": "#3"},
				"down": {"uv": [13.75, 2, 13.5, 2.5], "texture": "#3"}
			}
		},
		{
			"from": [25.85, 24.55, 6.775],
			"to": [28.35, 27.05, 10.2],
			"rotation": {"angle": 45, "axis": "z", "origin": [23, 0.5, 8]},
			"faces": {
				"north": {"uv": [12, 0, 12.625, 1.25], "texture": "#3"},
				"east": {"uv": [10.25, 6.5, 11.125, 7.75], "texture": "#3"},
				"south": {"uv": [12, 1.5, 12.625, 2.75], "texture": "#3"},
				"west": {"uv": [11.25, 6.5, 12.125, 7.75], "texture": "#3"},
				"up": {"uv": [12.125, 5.75, 11.5, 4], "texture": "#3"},
				"down": {"uv": [9.625, 7.5, 9, 9.25], "texture": "#3"}
			}
		},
		{
			"from": [24.85, 23.55, 7.025],
			"to": [29.35, 28.05, 9.95],
			"rotation": {"angle": 45, "axis": "z", "origin": [23, 0.5, 8]},
			"faces": {
				"north": {"uv": [8, 0, 9.125, 2.25], "texture": "#3"},
				"east": {"uv": [10.25, 0, 11, 2.25], "texture": "#3"},
				"south": {"uv": [8, 2.5, 9.125, 4.75], "texture": "#3"},
				"west": {"uv": [10.25, 2.5, 11, 4.75], "texture": "#3"},
				"up": {"uv": [9.125, 6.5, 8, 5], "texture": "#3"},
				"down": {"uv": [11.375, 5, 10.25, 6.5], "texture": "#3"}
			}
		},
		{
			"from": [6.30665, 4.73135, 6.83048],
			"to": [10.19985, 6.23655, 10.13402],
			"rotation": {"angle": -45, "axis": "z", "origin": [8, 4.5432, 8.46818]},
			"faces": {
				"north": {"uv": [12, 3, 13, 3.75], "texture": "#3"},
				"east": {"uv": [12.25, 6, 13.125, 6.75], "texture": "#3"},
				"south": {"uv": [9.75, 8, 10.75, 8.75], "texture": "#3"},
				"west": {"uv": [12.25, 7, 13.125, 7.75], "texture": "#3"},
				"up": {"uv": [10.25, 1.75, 9.25, 0], "texture": "#3"},
				"down": {"uv": [10.25, 2, 9.25, 3.75], "texture": "#3"}
			}
		},
		{
			"from": [5.95015, 4.73135, 6.8393],
			"to": [9.69335, 6.23655, 10.1252],
			"rotation": {"angle": 45, "axis": "z", "origin": [8, 4.5432, 8.477]},
			"faces": {
				"north": {"uv": [10.75, 8, 11.625, 8.75], "texture": "#3"},
				"east": {"uv": [11.75, 8, 12.625, 8.75], "texture": "#3"},
				"south": {"uv": [12.25, 4, 13.125, 4.75], "texture": "#3"},
				"west": {"uv": [12.25, 5, 13.125, 5.75], "texture": "#3"},
				"up": {"uv": [11.875, 1.75, 11, 0], "texture": "#3"},
				"down": {"uv": [11.875, 2, 11, 3.75], "texture": "#3"}
			}
		},
		{
			"from": [7.2474, 1.2802, 7.5919],
			"to": [8.7526, 8.0536, 9.5476],
			"rotation": {"angle": 0, "axis": "y", "origin": [8, 4.8393, 7.7244]},
			"faces": {
				"north": {"uv": [8, 6.5, 8.375, 10], "texture": "#3"},
				"east": {"uv": [9.25, 4, 9.75, 7.5], "texture": "#3"},
				"south": {"uv": [8.5, 6.5, 8.875, 10], "texture": "#3"},
				"west": {"uv": [9.75, 4, 10.25, 7.5], "texture": "#3"},
				"up": {"uv": [11.375, 5, 11, 4], "texture": "#3"},
				"down": {"uv": [11.875, 9.5, 11.5, 10.5], "texture": "#3"}
			}
		}
	],
	"gui_light": "front",
	"display": {
		"thirdperson_righthand": {
			"rotation": [157.5, -84.25, 157.5],
			"translation": [0.5, -3.25, 1.75],
			"scale": [0.7, 0.7, 0.7]
		},
		"thirdperson_lefthand": {
			"rotation": [0, -90, 0],
			"translation": [0.5, -3, 1.75],
			"scale": [0.7, 0.7, 0.7]
		},
		"firstperson_righthand": {
			"rotation": [-42.49, -82, -29.84],
			"translation": [4, -1.75, -5.25],
			"scale": [0.71, 0.71, 0.71]
		},
		"firstperson_lefthand": {
			"rotation": [-13.5, -66.25, 0],
			"translation": [1, -2.25, -5.25],
			"scale": [0.71, 0.71, 0.71]
		},
		"ground": {
			"rotation": [0, 0, -45],
			"translation": [0, 2, 0],
			"scale": [0.5, 0.5, 0.5]
		},
		"gui": {
			"rotation": [0, 0, 38],
			"translation": [3.5, -3.75, 0],
			"scale": [0.55, 0.55, 0.55]
		},
		"head": {
			"translation": [0, 18.75, 0]
		},
		"fixed": {
			"rotation": [0, 0, 45],
			"translation": [0, 0, -0.25],
			"scale": [0.5, 0.5, 0.5]
		}
	},
	"groups": [
		{
			"name": "group",
			"origin": [7, 4, 0],
			"color": 0,
			"nbt": "{}",
			"armAnimationEnabled": false,
			"children": [0, 1, 2, 3, 4, 5, 6, 7, 8, 9, 10, 11, 12, 13, 14]
		},
		15,
		16,
		17,
		18,
		19,
		20,
		21,
		22,
		23,
		24,
		25,
		26,
		27,
		28,
		29,
		30,
		31
	]
}