{
	"credit": "Made with Blockbench",
	"ambientocclusion": false,
	"texture_size": [64, 64],
	"textures": {
		"4": "item/legoupdate/yellow_lego_sword"
	},
	"elements": [
		{
			"from": [6.85688, -5.00475, 8.32988],
			"to": [9.14313, -4.31887, 10.61613],
			"rotation": {"angle": 0, "axis": "y", "origin": [14.4015, 9.83088, 13.487]},
			"faces": {
				"north": {"uv": [11.75, 12, 12.375, 12.125], "texture": "#4"},
				"east": {"uv": [12, 11.75, 12.625, 11.875], "texture": "#4"},
				"south": {"uv": [0, 12.25, 0.625, 12.375], "texture": "#4"},
				"west": {"uv": [12.25, 0, 12.875, 0.125], "texture": "#4"},
				"up": {"uv": [8.875, 5.375, 8.25, 4.75], "texture": "#4"},
				"down": {"uv": [8.625, 8.25, 8, 8.875], "texture": "#4"}
			}
		},
		{
			"from": [7.0855, -3.95012, 8.5585],
			"to": [8.9145, 0.62237, 10.3875],
			"rotation": {"angle": 0, "axis": "y", "origin": [14.4015, -2.51487, 13.487]},
			"faces": {
				"north": {"uv": [7.5, 6, 8, 7.125], "texture": "#4"},
				"east": {"uv": [7.5, 7.25, 8, 8.375], "texture": "#4"},
				"south": {"uv": [7.75, 0, 8.25, 1.125], "texture": "#4"},
				"west": {"uv": [7.75, 1.25, 8.25, 2.375], "texture": "#4"},
				"up": {"uv": [10, 4.5, 9.5, 4], "texture": "#4"},
				"down": {"uv": [9.75, 9.5, 9.25, 10], "texture": "#4"}
			}
		},
		{
			"from": [7.31413, 0.62237, 8.78713],
			"to": [8.68588, 2.45137, 10.15888],
			"rotation": {"angle": 0, "axis": "y", "origin": [14.4015, -0.68587, 13.487]},
			"faces": {
				"north": {"uv": [7, 11, 7.375, 11.5], "texture": "#4"},
				"east": {"uv": [9.25, 11, 9.625, 11.5], "texture": "#4"},
				"south": {"uv": [11, 11, 11.375, 11.5], "texture": "#4"},
				"west": {"uv": [11.25, 0.75, 11.625, 1.25], "texture": "#4"},
				"up": {"uv": [11.875, 8.625, 11.5, 8.25], "texture": "#4"},
				"down": {"uv": [8.875, 11.5, 8.5, 11.875], "texture": "#4"}
			}
		},
		{
			"from": [7.31413, -5.23337, 8.78713],
			"to": [8.68588, -2.63737, 10.15888],
			"rotation": {"angle": 0, "axis": "y", "origin": [14.4015, -8.91637, 13.487]},
			"faces": {
				"north": {"uv": [11, 4, 11.375, 4.625], "texture": "#4"},
				"east": {"uv": [11, 4.75, 11.375, 5.375], "texture": "#4"},
				"south": {"uv": [6, 11, 6.375, 11.625], "texture": "#4"},
				"west": {"uv": [6.5, 11, 6.875, 11.625], "texture": "#4"},
				"up": {"uv": [9.625, 11.875, 9.25, 11.5], "texture": "#4"},
				"down": {"uv": [10.625, 11.5, 10.25, 11.875], "texture": "#4"}
			}
		},
		{
			"from": [6.62825, -7.291, 8.10125],
			"to": [9.37175, -5.23337, 10.84475],
			"rotation": {"angle": 0, "axis": "y", "origin": [14.4015, 7.54462, 13.487]},
			"faces": {
				"north": {"uv": [4.25, 8.75, 4.875, 9.25], "texture": "#4"},
				"east": {"uv": [4.25, 9.25, 4.875, 9.75], "texture": "#4"},
				"south": {"uv": [9.5, 2.5, 10.125, 3], "texture": "#4"},
				"west": {"uv": [3, 9.5, 3.625, 10], "texture": "#4"},
				"up": {"uv": [8.875, 1.375, 8.25, 0.75], "texture": "#4"},
				"down": {"uv": [8.875, 1.5, 8.25, 2.125], "texture": "#4"}
			}
		},
		{
			"from": [6.055, 6.675, 7.68106],
			"to": [6.825, 7.445, 11.53106],
			"rotation": {"angle": 45, "axis": "z", "origin": [6.825, 8.215, 7.68106]},
			"faces": {
				"north": {"uv": [6.25, 3.75, 6.5, 4], "texture": "#4"},
				"east": {"uv": [2, 9.75, 3, 10], "texture": "#4"},
				"south": {"uv": [8, 4.75, 8.25, 5], "texture": "#4"},
				"west": {"uv": [5.5, 9.75, 6.5, 10], "texture": "#4"},
				"up": {"uv": [4.5, 10.75, 4.25, 9.75], "texture": "#4"},
				"down": {"uv": [4.75, 9.75, 4.5, 10.75], "texture": "#4"}
			}
		},
		{
			"from": [6.825, 7.12606, 7.68106],
			"to": [9.135, 7.89606, 11.53106],
			"rotation": {"angle": 0, "axis": "y", "origin": [8.365, 7.89606, 7.68106]},
			"faces": {
				"north": {"uv": [6.5, 4.75, 7.125, 5], "texture": "#4"},
				"east": {"uv": [9.75, 6, 10.75, 6.25], "texture": "#4"},
				"south": {"uv": [5, 11.25, 5.625, 11.5], "texture": "#4"},
				"west": {"uv": [9.75, 6.25, 10.75, 6.5], "texture": "#4"},
				"up": {"uv": [6.375, 5, 5.75, 4], "texture": "#4"},
				"down": {"uv": [7.125, 3.75, 6.5, 4.75], "texture": "#4"}
			}
		},
		{
			"from": [6.825, 4.04606, 11.53106],
			"to": [9.135, 20.21606, 12.30106],
			"rotation": {"angle": 0, "axis": "y", "origin": [8.365, 7.89606, 8.45106]},
			"faces": {
				"north": {"uv": [3.5, 0, 4.125, 4], "texture": "#4"},
				"east": {"uv": [5.75, 0, 6, 4], "texture": "#4"},
				"south": {"uv": [3.5, 4, 4.125, 8], "texture": "#4"},
				"west": {"uv": [6, 0, 6.25, 4], "texture": "#4"},
				"up": {"uv": [11.875, 5.75, 11.25, 5.5], "texture": "#4"},
				"down": {"uv": [11.875, 5.75, 11.25, 6], "texture": "#4"}
			}
		},
		{
			"from": [7.595, 26.37606, 8.83606],
			"to": [8.365, 27.91606, 9.60606],
			"rotation": {"angle": 0, "axis": "y", "origin": [9.135, 20.21606, 5.75606]},
			"faces": {
				"north": {"uv": [7.75, 2.5, 8, 2.875], "texture": "#4"},
				"east": {"uv": [7.75, 8.5, 8, 8.875], "texture": "#4"},
				"south": {"uv": [6, 11.75, 6.25, 12.125], "texture": "#4"},
				"west": {"uv": [11.75, 6, 12, 6.375], "texture": "#4"},
				"up": {"uv": [7.75, 8.75, 7.5, 8.5], "texture": "#4"},
				"down": {"uv": [9, 4.5, 8.75, 4.75], "texture": "#4"}
			}
		},
		{
			"from": [9.61342, 25.46847, 9.60606],
			"to": [10.38342, 26.23847, 10.37606],
			"rotation": {"angle": -45, "axis": "z", "origin": [9.61342, 28.54847, 8.83606]},
			"faces": {
				"north": {"uv": [11, 0.75, 11.25, 1], "texture": "#4"},
				"east": {"uv": [11.5, 7, 11.75, 7.25], "texture": "#4"},
				"south": {"uv": [11.75, 8, 12, 8.25], "texture": "#4"},
				"west": {"uv": [12.25, 0.25, 12.5, 0.5], "texture": "#4"},
				"up": {"uv": [1, 12.5, 0.75, 12.25], "texture": "#4"},
				"down": {"uv": [12.5, 0.75, 12.25, 1], "texture": "#4"}
			}
		},
		{
			"from": [7.595, 26.37606, 10.37606],
			"to": [8.365, 27.91606, 11.14606],
			"rotation": {"angle": 0, "axis": "y", "origin": [9.135, 20.21606, 7.29606]},
			"faces": {
				"north": {"uv": [6.25, 11.75, 6.5, 12.125], "texture": "#4"},
				"east": {"uv": [6.5, 11.75, 6.75, 12.125], "texture": "#4"},
				"south": {"uv": [6.75, 11.75, 7, 12.125], "texture": "#4"},
				"west": {"uv": [11.75, 7, 12, 7.375], "texture": "#4"},
				"up": {"uv": [1.25, 12.5, 1, 12.25], "texture": "#4"},
				"down": {"uv": [12.5, 1, 12.25, 1.25], "texture": "#4"}
			}
		},
		{
			"from": [6.825, 4.04606, 6.91106],
			"to": [9.135, 19.46531, 7.68106],
			"rotation": {"angle": 0, "axis": "y", "origin": [8.365, 7.89606, 3.83106]},
			"faces": {
				"north": {"uv": [4.25, 0, 4.875, 3.875], "texture": "#4"},
				"east": {"uv": [5, 6, 5.25, 9.875], "texture": "#4"},
				"south": {"uv": [4.25, 4, 4.875, 7.875], "texture": "#4"},
				"west": {"uv": [5.25, 6, 5.5, 9.875], "texture": "#4"},
				"up": {"uv": [11.875, 9.5, 11.25, 9.25], "texture": "#4"},
				"down": {"uv": [11.875, 9.5, 11.25, 9.75], "texture": "#4"}
			}
		},
		{
			"from": [9.135, 6.675, 7.68106],
			"to": [9.905, 7.445, 11.53106],
			"rotation": {"angle": -45, "axis": "z", "origin": [9.135, 8.215, 7.68106]},
			"faces": {
				"north": {"uv": [1.25, 12.25, 1.5, 12.5], "texture": "#4"},
				"east": {"uv": [6.5, 9.75, 7.5, 10], "texture": "#4"},
				"south": {"uv": [12.25, 1.25, 12.5, 1.5], "texture": "#4"},
				"west": {"uv": [9.75, 6.5, 10.75, 6.75], "texture": "#4"},
				"up": {"uv": [5, 10.75, 4.75, 9.75], "texture": "#4"},
				"down": {"uv": [10, 6.75, 9.75, 7.75], "texture": "#4"}
			}
		},
		{
			"from": [7.82053, 5.36053, 7.68106],
			"to": [8.59053, 6.90053, 11.53106],
			"rotation": {"angle": 0, "axis": "y", "origin": [8.59053, 8.44053, 7.68106]},
			"faces": {
				"north": {"uv": [7.5, 11.75, 7.75, 12.125], "texture": "#4"},
				"east": {"uv": [8.25, 5.5, 9.25, 5.875], "texture": "#4"},
				"south": {"uv": [11.75, 7.5, 12, 7.875], "texture": "#4"},
				"west": {"uv": [8.75, 6, 9.75, 6.375], "texture": "#4"},
				"up": {"uv": [7.75, 10.75, 7.5, 9.75], "texture": "#4"},
				"down": {"uv": [10, 7.75, 9.75, 8.75], "texture": "#4"}
			}
		},
		{
			"from": [7.36947, 5.36053, 7.68106],
			"to": [8.13947, 6.90053, 11.53106],
			"rotation": {"angle": 0, "axis": "y", "origin": [7.36947, 8.44053, 7.68106]},
			"faces": {
				"north": {"uv": [11.75, 8.75, 12, 9.125], "texture": "#4"},
				"east": {"uv": [8.75, 6.5, 9.75, 6.875], "texture": "#4"},
				"south": {"uv": [9.75, 11.75, 10, 12.125], "texture": "#4"},
				"west": {"uv": [6.75, 8.75, 7.75, 9.125], "texture": "#4"},
				"up": {"uv": [10, 9.75, 9.75, 8.75], "texture": "#4"},
				"down": {"uv": [10, 9.75, 9.75, 10.75], "texture": "#4"}
			}
		},
		{
			"from": [6.825, 4.04606, 7.68106],
			"to": [9.135, 4.81606, 11.53106],
			"rotation": {"angle": 0, "axis": "y", "origin": [8.365, 7.89606, 7.68106]},
			"faces": {
				"north": {"uv": [11.25, 9.75, 11.875, 10], "texture": "#4"},
				"east": {"uv": [10, 0, 11, 0.25], "texture": "#4"},
				"south": {"uv": [11.25, 10, 11.875, 10.25], "texture": "#4"},
				"west": {"uv": [10, 0.25, 11, 0.5], "texture": "#4"},
				"up": {"uv": [2.625, 7.75, 2, 6.75], "texture": "#4"},
				"down": {"uv": [3.375, 6.75, 2.75, 7.75], "texture": "#4"}
			}
		},
		{
			"from": [6.18711, 3.91395, 7.68106],
			"to": [6.95711, 4.68395, 11.53106],
			"rotation": {"angle": 45, "axis": "z", "origin": [6.95711, 6.99395, 7.68106]},
			"faces": {
				"north": {"uv": [1.5, 12.25, 1.75, 12.5], "texture": "#4"},
				"east": {"uv": [10, 0.5, 11, 0.75], "texture": "#4"},
				"south": {"uv": [12.25, 1.5, 12.5, 1.75], "texture": "#4"},
				"west": {"uv": [10, 0.75, 11, 1], "texture": "#4"},
				"up": {"uv": [10.25, 2, 10, 1], "texture": "#4"},
				"down": {"uv": [2.25, 10, 2, 11], "texture": "#4"}
			}
		},
		{
			"from": [9.00289, 3.91395, 7.68106],
			"to": [9.77289, 4.68395, 11.53106],
			"rotation": {"angle": -45, "axis": "z", "origin": [9.00289, 6.99395, 7.68106]},
			"faces": {
				"north": {"uv": [1.75, 12.25, 2, 12.5], "texture": "#4"},
				"east": {"uv": [2.25, 10, 3.25, 10.25], "texture": "#4"},
				"south": {"uv": [12.25, 1.75, 12.5, 2], "texture": "#4"},
				"west": {"uv": [10, 4, 11, 4.25], "texture": "#4"},
				"up": {"uv": [3.5, 11, 3.25, 10], "texture": "#4"},
				"down": {"uv": [3.75, 10, 3.5, 11], "texture": "#4"}
			}
		},
		{
			"from": [6.825, 10.20606, 7.68106],
			"to": [9.135, 10.97606, 11.53106],
			"rotation": {"angle": 0, "axis": "y", "origin": [8.365, 10.97606, 7.68106]},
			"faces": {
				"north": {"uv": [11.25, 10.25, 11.875, 10.5], "texture": "#4"},
				"east": {"uv": [10, 4.25, 11, 4.5], "texture": "#4"},
				"south": {"uv": [11.25, 10.5, 11.875, 10.75], "texture": "#4"},
				"west": {"uv": [10, 4.5, 11, 4.75], "texture": "#4"},
				"up": {"uv": [7.375, 7, 6.75, 6], "texture": "#4"},
				"down": {"uv": [7.625, 0, 7, 1], "texture": "#4"}
			}
		},
		{
			"from": [6.055, 9.755, 7.68106],
			"to": [6.825, 10.525, 11.53106],
			"rotation": {"angle": 45, "axis": "z", "origin": [6.825, 11.295, 7.68106]},
			"faces": {
				"north": {"uv": [12.25, 2, 12.5, 2.25], "texture": "#4"},
				"east": {"uv": [10, 4.75, 11, 5], "texture": "#4"},
				"south": {"uv": [12.25, 2.25, 12.5, 2.5], "texture": "#4"},
				"west": {"uv": [5, 10, 6, 10.25], "texture": "#4"},
				"up": {"uv": [6.25, 11, 6, 10], "texture": "#4"},
				"down": {"uv": [6.5, 10, 6.25, 11], "texture": "#4"}
			}
		},
		{
			"from": [9.135, 9.755, 7.68106],
			"to": [9.905, 10.525, 11.53106],
			"rotation": {"angle": -45, "axis": "z", "origin": [9.135, 11.295, 7.68106]},
			"faces": {
				"north": {"uv": [12.25, 2.5, 12.5, 2.75], "texture": "#4"},
				"east": {"uv": [10, 5, 11, 5.25], "texture": "#4"},
				"south": {"uv": [12.25, 2.75, 12.5, 3], "texture": "#4"},
				"west": {"uv": [10, 5.25, 11, 5.5], "texture": "#4"},
				"up": {"uv": [6.75, 11, 6.5, 10], "texture": "#4"},
				"down": {"uv": [7, 10, 6.75, 11], "texture": "#4"}
			}
		},
		{
			"from": [7.82053, 8.44053, 7.68106],
			"to": [8.59053, 9.98053, 11.53106],
			"rotation": {"angle": 0, "axis": "y", "origin": [8.59053, 11.52053, 7.68106]},
			"faces": {
				"north": {"uv": [11.75, 11.5, 12, 11.875], "texture": "#4"},
				"east": {"uv": [8.75, 7, 9.75, 7.375], "texture": "#4"},
				"south": {"uv": [12, 0, 12.25, 0.375], "texture": "#4"},
				"west": {"uv": [8.75, 7.5, 9.75, 7.875], "texture": "#4"},
				"up": {"uv": [10.25, 7.75, 10, 6.75], "texture": "#4"},
				"down": {"uv": [7.25, 10, 7, 11], "texture": "#4"}
			}
		},
		{
			"from": [7.36947, 8.44053, 7.68106],
			"to": [8.13947, 9.98053, 11.53106],
			"rotation": {"angle": 0, "axis": "y", "origin": [7.36947, 11.52053, 7.68106]},
			"faces": {
				"north": {"uv": [2, 12, 2.25, 12.375], "texture": "#4"},
				"east": {"uv": [8.75, 8, 9.75, 8.375], "texture": "#4"},
				"south": {"uv": [2.25, 12, 2.5, 12.375], "texture": "#4"},
				"west": {"uv": [8.75, 8.5, 9.75, 8.875], "texture": "#4"},
				"up": {"uv": [7.5, 11, 7.25, 10], "texture": "#4"},
				"down": {"uv": [10.25, 7.75, 10, 8.75], "texture": "#4"}
			}
		},
		{
			"from": [6.18711, 6.99395, 7.68106],
			"to": [6.95711, 7.76395, 11.53106],
			"rotation": {"angle": 45, "axis": "z", "origin": [6.95711, 10.07395, 7.68106]},
			"faces": {
				"north": {"uv": [12.25, 3, 12.5, 3.25], "texture": "#4"},
				"east": {"uv": [10, 8.75, 11, 9], "texture": "#4"},
				"south": {"uv": [12.25, 3.25, 12.5, 3.5], "texture": "#4"},
				"west": {"uv": [10, 9, 11, 9.25], "texture": "#4"},
				"up": {"uv": [9.5, 11, 9.25, 10], "texture": "#4"},
				"down": {"uv": [10.25, 9.25, 10, 10.25], "texture": "#4"}
			}
		},
		{
			"from": [9.00289, 6.99395, 7.68106],
			"to": [9.77289, 7.76395, 11.53106],
			"rotation": {"angle": -45, "axis": "z", "origin": [9.00289, 10.07395, 7.68106]},
			"faces": {
				"north": {"uv": [12.25, 3.5, 12.5, 3.75], "texture": "#4"},
				"east": {"uv": [10.25, 1, 11.25, 1.25], "texture": "#4"},
				"south": {"uv": [12.25, 3.75, 12.5, 4], "texture": "#4"},
				"west": {"uv": [10.25, 1.25, 11.25, 1.5], "texture": "#4"},
				"up": {"uv": [9.75, 11, 9.5, 10], "texture": "#4"},
				"down": {"uv": [2.5, 10.25, 2.25, 11.25], "texture": "#4"}
			}
		},
		{
			"from": [6.825, 13.28606, 7.68106],
			"to": [9.135, 14.05606, 11.53106],
			"rotation": {"angle": 0, "axis": "y", "origin": [8.365, 14.05606, 7.68106]},
			"faces": {
				"north": {"uv": [11.25, 10.75, 11.875, 11], "texture": "#4"},
				"east": {"uv": [10.25, 1.5, 11.25, 1.75], "texture": "#4"},
				"south": {"uv": [0, 11.5, 0.625, 11.75], "texture": "#4"},
				"west": {"uv": [10.25, 1.75, 11.25, 2], "texture": "#4"},
				"up": {"uv": [7.625, 2, 7, 1], "texture": "#4"},
				"down": {"uv": [7.625, 2, 7, 3], "texture": "#4"}
			}
		},
		{
			"from": [6.055, 12.835, 7.68106],
			"to": [6.825, 13.605, 11.53106],
			"rotation": {"angle": 45, "axis": "z", "origin": [6.825, 14.375, 7.68106]},
			"faces": {
				"north": {"uv": [12.25, 4, 12.5, 4.25], "texture": "#4"},
				"east": {"uv": [10.25, 2.5, 11.25, 2.75], "texture": "#4"},
				"south": {"uv": [4.25, 12.25, 4.5, 12.5], "texture": "#4"},
				"west": {"uv": [10.25, 2.75, 11.25, 3], "texture": "#4"},
				"up": {"uv": [2.75, 11.25, 2.5, 10.25], "texture": "#4"},
				"down": {"uv": [3, 10.25, 2.75, 11.25], "texture": "#4"}
			}
		},
		{
			"from": [9.135, 12.835, 7.68106],
			"to": [9.905, 13.605, 11.53106],
			"rotation": {"angle": -45, "axis": "z", "origin": [9.135, 14.375, 7.68106]},
			"faces": {
				"north": {"uv": [12.25, 4.25, 12.5, 4.5], "texture": "#4"},
				"east": {"uv": [10.25, 3, 11.25, 3.25], "texture": "#4"},
				"south": {"uv": [4.5, 12.25, 4.75, 12.5], "texture": "#4"},
				"west": {"uv": [10.25, 3.25, 11.25, 3.5], "texture": "#4"},
				"up": {"uv": [3.25, 11.25, 3, 10.25], "texture": "#4"},
				"down": {"uv": [4, 10.25, 3.75, 11.25], "texture": "#4"}
			}
		},
		{
			"from": [7.82053, 11.52053, 7.68106],
			"to": [8.59053, 13.06053, 11.53106],
			"rotation": {"angle": 0, "axis": "y", "origin": [8.59053, 14.60053, 7.68106]},
			"faces": {
				"north": {"uv": [2.5, 12, 2.75, 12.375], "texture": "#4"},
				"east": {"uv": [9, 0, 10, 0.375], "texture": "#4"},
				"south": {"uv": [2.75, 12, 3, 12.375], "texture": "#4"},
				"west": {"uv": [9, 0.5, 10, 0.875], "texture": "#4"},
				"up": {"uv": [4.25, 11.25, 4, 10.25], "texture": "#4"},
				"down": {"uv": [5.25, 10.25, 5, 11.25], "texture": "#4"}
			}
		},
		{
			"from": [7.36947, 11.52053, 7.68106],
			"to": [8.13947, 13.06053, 11.53106],
			"rotation": {"angle": 0, "axis": "y", "origin": [7.36947, 14.60053, 7.68106]},
			"faces": {
				"north": {"uv": [3, 12, 3.25, 12.375], "texture": "#4"},
				"east": {"uv": [9, 1, 10, 1.375], "texture": "#4"},
				"south": {"uv": [3.25, 12, 3.5, 12.375], "texture": "#4"},
				"west": {"uv": [9, 1.5, 10, 1.875], "texture": "#4"},
				"up": {"uv": [5.5, 11.25, 5.25, 10.25], "texture": "#4"},
				"down": {"uv": [5.75, 10.25, 5.5, 11.25], "texture": "#4"}
			}
		},
		{
			"from": [6.18711, 10.07395, 7.68106],
			"to": [6.95711, 10.84395, 11.53106],
			"rotation": {"angle": 45, "axis": "z", "origin": [6.95711, 13.15395, 7.68106]},
			"faces": {
				"north": {"uv": [12.25, 4.5, 12.5, 4.75], "texture": "#4"},
				"east": {"uv": [10.25, 3.5, 11.25, 3.75], "texture": "#4"},
				"south": {"uv": [4.75, 12.25, 5, 12.5], "texture": "#4"},
				"west": {"uv": [10.25, 3.75, 11.25, 4], "texture": "#4"},
				"up": {"uv": [6, 11.25, 5.75, 10.25], "texture": "#4"},
				"down": {"uv": [10.5, 6.75, 10.25, 7.75], "texture": "#4"}
			}
		},
		{
			"from": [9.00289, 10.07395, 7.68106],
			"to": [9.77289, 10.84395, 11.53106],
			"rotation": {"angle": -45, "axis": "z", "origin": [9.00289, 13.15395, 7.68106]},
			"faces": {
				"north": {"uv": [12.25, 4.75, 12.5, 5], "texture": "#4"},
				"east": {"uv": [10.25, 5.5, 11.25, 5.75], "texture": "#4"},
				"south": {"uv": [5, 12.25, 5.25, 12.5], "texture": "#4"},
				"west": {"uv": [10.25, 5.75, 11.25, 6], "texture": "#4"},
				"up": {"uv": [8, 11.25, 7.75, 10.25], "texture": "#4"},
				"down": {"uv": [10.5, 7.75, 10.25, 8.75], "texture": "#4"}
			}
		},
		{
			"from": [6.825, 16.36606, 7.68106],
			"to": [9.135, 17.13606, 11.53106],
			"rotation": {"angle": 0, "axis": "y", "origin": [8.365, 17.13606, 7.68106]},
			"faces": {
				"north": {"uv": [0.75, 11.5, 1.375, 11.75], "texture": "#4"},
				"east": {"uv": [8, 10.25, 9, 10.5], "texture": "#4"},
				"south": {"uv": [11.5, 1.25, 12.125, 1.5], "texture": "#4"},
				"west": {"uv": [10.25, 9.25, 11.25, 9.5], "texture": "#4"},
				"up": {"uv": [7.375, 8, 6.75, 7], "texture": "#4"},
				"down": {"uv": [7.875, 3, 7.25, 4], "texture": "#4"}
			}
		},
		{
			"from": [6.055, 15.915, 7.68106],
			"to": [6.825, 16.685, 11.53106],
			"rotation": {"angle": 45, "axis": "z", "origin": [6.825, 17.455, 7.68106]},
			"faces": {
				"north": {"uv": [12.25, 5, 12.5, 5.25], "texture": "#4"},
				"east": {"uv": [10.25, 9.5, 11.25, 9.75], "texture": "#4"},
				"south": {"uv": [5.25, 12.25, 5.5, 12.5], "texture": "#4"},
				"west": {"uv": [10.25, 9.75, 11.25, 10], "texture": "#4"},
				"up": {"uv": [9.25, 11.25, 9, 10.25], "texture": "#4"},
				"down": {"uv": [10.25, 10.25, 10, 11.25], "texture": "#4"}
			}
		},
		{
			"from": [9.135, 15.915, 7.68106],
			"to": [9.905, 16.685, 11.53106],
			"rotation": {"angle": -45, "axis": "z", "origin": [9.135, 17.455, 7.68106]},
			"faces": {
				"north": {"uv": [12.25, 5.25, 12.5, 5.5], "texture": "#4"},
				"east": {"uv": [10.25, 10, 11.25, 10.25], "texture": "#4"},
				"south": {"uv": [5.5, 12.25, 5.75, 12.5], "texture": "#4"},
				"west": {"uv": [10.25, 10.25, 11.25, 10.5], "texture": "#4"},
				"up": {"uv": [0.25, 11.5, 0, 10.5], "texture": "#4"},
				"down": {"uv": [0.5, 10.5, 0.25, 11.5], "texture": "#4"}
			}
		},
		{
			"from": [7.82053, 14.60053, 7.68106],
			"to": [8.59053, 16.14053, 11.53106],
			"rotation": {"angle": 0, "axis": "y", "origin": [8.59053, 17.68053, 7.68106]},
			"faces": {
				"north": {"uv": [3.5, 12, 3.75, 12.375], "texture": "#4"},
				"east": {"uv": [9, 4.5, 10, 4.875], "texture": "#4"},
				"south": {"uv": [3.75, 12, 4, 12.375], "texture": "#4"},
				"west": {"uv": [9, 5, 10, 5.375], "texture": "#4"},
				"up": {"uv": [0.75, 11.5, 0.5, 10.5], "texture": "#4"},
				"down": {"uv": [1, 10.5, 0.75, 11.5], "texture": "#4"}
			}
		},
		{
			"from": [7.36947, 14.60053, 7.68106],
			"to": [8.13947, 16.14053, 11.53106],
			"rotation": {"angle": 0, "axis": "y", "origin": [7.36947, 17.68053, 7.68106]},
			"faces": {
				"north": {"uv": [4, 12, 4.25, 12.375], "texture": "#4"},
				"east": {"uv": [7.75, 9, 8.75, 9.375], "texture": "#4"},
				"south": {"uv": [12, 5.5, 12.25, 5.875], "texture": "#4"},
				"west": {"uv": [8.75, 9, 9.75, 9.375], "texture": "#4"},
				"up": {"uv": [1.25, 11.5, 1, 10.5], "texture": "#4"},
				"down": {"uv": [1.5, 10.5, 1.25, 11.5], "texture": "#4"}
			}
		},
		{
			"from": [6.18711, 13.15395, 7.68106],
			"to": [6.95711, 13.92395, 11.53106],
			"rotation": {"angle": 45, "axis": "z", "origin": [6.95711, 16.23395, 7.68106]},
			"faces": {
				"north": {"uv": [12.25, 5.5, 12.5, 5.75], "texture": "#4"},
				"east": {"uv": [10.5, 2, 11.5, 2.25], "texture": "#4"},
				"south": {"uv": [12.25, 5.75, 12.5, 6], "texture": "#4"},
				"west": {"uv": [10.5, 2.25, 11.5, 2.5], "texture": "#4"},
				"up": {"uv": [1.75, 11.5, 1.5, 10.5], "texture": "#4"},
				"down": {"uv": [2, 10.5, 1.75, 11.5], "texture": "#4"}
			}
		},
		{
			"from": [9.00289, 13.15395, 7.68106],
			"to": [9.77289, 13.92395, 11.53106],
			"rotation": {"angle": -45, "axis": "z", "origin": [9.00289, 16.23395, 7.68106]},
			"faces": {
				"north": {"uv": [6, 12.25, 6.25, 12.5], "texture": "#4"},
				"east": {"uv": [10.5, 6.75, 11.5, 7], "texture": "#4"},
				"south": {"uv": [12.25, 6, 12.5, 6.25], "texture": "#4"},
				"west": {"uv": [10.5, 7, 11.5, 7.25], "texture": "#4"},
				"up": {"uv": [10.75, 8.25, 10.5, 7.25], "texture": "#4"},
				"down": {"uv": [8.25, 10.5, 8, 11.5], "texture": "#4"}
			}
		},
		{
			"from": [6.825, 19.44606, 7.66181],
			"to": [9.135, 20.21606, 11.53106],
			"rotation": {"angle": 0, "axis": "y", "origin": [8.365, 20.21606, 7.68106]},
			"faces": {
				"north": {"uv": [11.5, 1.5, 12.125, 1.75], "texture": "#4"},
				"east": {"uv": [10.5, 8.25, 11.5, 8.5], "texture": "#4"},
				"south": {"uv": [11.5, 1.75, 12.125, 2], "texture": "#4"},
				"west": {"uv": [10.5, 8.5, 11.5, 8.75], "texture": "#4"},
				"up": {"uv": [7.875, 5, 7.25, 4], "texture": "#4"},
				"down": {"uv": [8.125, 5, 7.5, 6], "texture": "#4"}
			}
		},
		{
			"from": [6.055, 18.995, 7.68106],
			"to": [6.825, 19.765, 11.53106],
			"rotation": {"angle": 45, "axis": "z", "origin": [6.825, 20.535, 7.68106]},
			"faces": {
				"north": {"uv": [6.25, 12.25, 6.5, 12.5], "texture": "#4"},
				"east": {"uv": [10.25, 10.5, 11.25, 10.75], "texture": "#4"},
				"south": {"uv": [12.25, 6.25, 12.5, 6.5], "texture": "#4"},
				"west": {"uv": [10.75, 6, 11.75, 6.25], "texture": "#4"},
				"up": {"uv": [8.5, 11.5, 8.25, 10.5], "texture": "#4"},
				"down": {"uv": [8.75, 10.5, 8.5, 11.5], "texture": "#4"}
			}
		},
		{
			"from": [9.135, 18.995, 7.68106],
			"to": [9.905, 19.765, 11.53106],
			"rotation": {"angle": -45, "axis": "z", "origin": [9.135, 20.535, 7.68106]},
			"faces": {
				"north": {"uv": [6.5, 12.25, 6.75, 12.5], "texture": "#4"},
				"east": {"uv": [10.75, 6.25, 11.75, 6.5], "texture": "#4"},
				"south": {"uv": [12.25, 6.5, 12.5, 6.75], "texture": "#4"},
				"west": {"uv": [10.75, 6.5, 11.75, 6.75], "texture": "#4"},
				"up": {"uv": [9, 11.5, 8.75, 10.5], "texture": "#4"},
				"down": {"uv": [4.5, 10.75, 4.25, 11.75], "texture": "#4"}
			}
		},
		{
			"from": [7.82053, 17.68053, 7.68106],
			"to": [8.59053, 19.22053, 11.53106],
			"rotation": {"angle": 0, "axis": "y", "origin": [8.59053, 20.76053, 7.68106]},
			"faces": {
				"north": {"uv": [5.75, 12, 6, 12.375], "texture": "#4"},
				"east": {"uv": [2, 9.25, 3, 9.625], "texture": "#4"},
				"south": {"uv": [12, 6, 12.25, 6.375], "texture": "#4"},
				"west": {"uv": [9.25, 5.5, 10.25, 5.875], "texture": "#4"},
				"up": {"uv": [4.75, 11.75, 4.5, 10.75], "texture": "#4"},
				"down": {"uv": [5, 10.75, 4.75, 11.75], "texture": "#4"}
			}
		},
		{
			"from": [7.36947, 17.68053, 7.68106],
			"to": [8.13947, 19.22053, 11.53106],
			"rotation": {"angle": 0, "axis": "y", "origin": [7.36947, 20.76053, 7.68106]},
			"faces": {
				"north": {"uv": [12, 7, 12.25, 7.375], "texture": "#4"},
				"east": {"uv": [6.75, 9.25, 7.75, 9.625], "texture": "#4"},
				"south": {"uv": [12, 7.5, 12.25, 7.875], "texture": "#4"},
				"west": {"uv": [9.5, 2, 10.5, 2.375], "texture": "#4"},
				"up": {"uv": [11, 8.25, 10.75, 7.25], "texture": "#4"},
				"down": {"uv": [7.75, 10.75, 7.5, 11.75], "texture": "#4"}
			}
		},
		{
			"from": [6.18711, 16.23395, 7.68106],
			"to": [6.95711, 17.00395, 11.53106],
			"rotation": {"angle": 45, "axis": "z", "origin": [6.95711, 19.31395, 7.68106]},
			"faces": {
				"north": {"uv": [6.75, 12.25, 7, 12.5], "texture": "#4"},
				"east": {"uv": [10.25, 10.75, 11.25, 11], "texture": "#4"},
				"south": {"uv": [12.25, 6.75, 12.5, 7], "texture": "#4"},
				"west": {"uv": [11, 0, 12, 0.25], "texture": "#4"},
				"up": {"uv": [10, 11.75, 9.75, 10.75], "texture": "#4"},
				"down": {"uv": [2.25, 11, 2, 12], "texture": "#4"}
			}
		},
		{
			"from": [9.00289, 16.23395, 7.68106],
			"to": [9.77289, 17.00395, 11.53106],
			"rotation": {"angle": -45, "axis": "z", "origin": [9.00289, 19.31395, 7.68106]},
			"faces": {
				"north": {"uv": [7, 12.25, 7.25, 12.5], "texture": "#4"},
				"east": {"uv": [11, 0.25, 12, 0.5], "texture": "#4"},
				"south": {"uv": [12.25, 7, 12.5, 7.25], "texture": "#4"},
				"west": {"uv": [11, 0.5, 12, 0.75], "texture": "#4"},
				"up": {"uv": [3.5, 12, 3.25, 11], "texture": "#4"},
				"down": {"uv": [3.75, 11, 3.5, 12], "texture": "#4"}
			}
		},
		{
			"from": [3.14581, 4.81606, 13.56081],
			"to": [3.91581, 19.44606, 14.33081],
			"rotation": {"angle": 45, "axis": "y", "origin": [3.14581, 8.66606, 6.63081]},
			"faces": {
				"north": {"uv": [5.5, 6, 5.75, 9.625], "texture": "#4"},
				"east": {"uv": [5.75, 6, 6, 9.625], "texture": "#4"},
				"south": {"uv": [6, 6, 6.25, 9.625], "texture": "#4"},
				"west": {"uv": [6.25, 0, 6.5, 3.625], "texture": "#4"},
				"up": {"uv": [7.5, 12.5, 7.25, 12.25], "texture": "#4"},
				"down": {"uv": [12.5, 7.25, 12.25, 7.5], "texture": "#4"}
			}
		},
		{
			"from": [1.92475, 4.81606, 13.56081],
			"to": [2.69475, 19.44606, 14.33081],
			"rotation": {"angle": 45, "axis": "y", "origin": [1.92475, 8.66606, 6.63081]},
			"faces": {
				"north": {"uv": [6.25, 6, 6.5, 9.625], "texture": "#4"},
				"east": {"uv": [6.5, 0, 6.75, 3.625], "texture": "#4"},
				"south": {"uv": [6.5, 6, 6.75, 9.625], "texture": "#4"},
				"west": {"uv": [0, 6.75, 0.25, 10.375], "texture": "#4"},
				"up": {"uv": [7.75, 12.5, 7.5, 12.25], "texture": "#4"},
				"down": {"uv": [12.5, 7.5, 12.25, 7.75], "texture": "#4"}
			}
		},
		{
			"from": [3.14581, 4.81606, 4.88131],
			"to": [3.91581, 19.44606, 5.65131],
			"rotation": {"angle": -45, "axis": "y", "origin": [3.14581, 8.66606, 12.58131]},
			"faces": {
				"north": {"uv": [6.75, 0, 7, 3.625], "texture": "#4"},
				"east": {"uv": [0.25, 6.75, 0.5, 10.375], "texture": "#4"},
				"south": {"uv": [0.5, 6.75, 0.75, 10.375], "texture": "#4"},
				"west": {"uv": [0.75, 6.75, 1, 10.375], "texture": "#4"},
				"up": {"uv": [12.5, 8, 12.25, 7.75], "texture": "#4"},
				"down": {"uv": [8.25, 12.25, 8, 12.5], "texture": "#4"}
			}
		},
		{
			"from": [1.92475, 4.81606, 4.88131],
			"to": [2.69475, 19.44606, 5.65131],
			"rotation": {"angle": -45, "axis": "y", "origin": [1.92475, 8.66606, 12.58131]},
			"faces": {
				"north": {"uv": [1, 6.75, 1.25, 10.375], "texture": "#4"},
				"east": {"uv": [1.25, 6.75, 1.5, 10.375], "texture": "#4"},
				"south": {"uv": [1.5, 6.75, 1.75, 10.375], "texture": "#4"},
				"west": {"uv": [1.75, 6.75, 2, 10.375], "texture": "#4"},
				"up": {"uv": [12.5, 8.25, 12.25, 8], "texture": "#4"},
				"down": {"uv": [8.5, 12.25, 8.25, 12.5], "texture": "#4"}
			}
		},
		{
			"from": [9.135, 22.075, 8.83606],
			"to": [9.905, 22.845, 11.14606],
			"rotation": {"angle": -45, "axis": "z", "origin": [9.135, 23.615, 8.06606]},
			"faces": {
				"north": {"uv": [12.25, 8.25, 12.5, 8.5], "texture": "#4"},
				"east": {"uv": [11.5, 2, 12.125, 2.25], "texture": "#4"},
				"south": {"uv": [12.25, 8.5, 12.5, 8.75], "texture": "#4"},
				"west": {"uv": [11.5, 2.25, 12.125, 2.5], "texture": "#4"},
				"up": {"uv": [4, 11.875, 3.75, 11.25], "texture": "#4"},
				"down": {"uv": [4.25, 11.25, 4, 11.875], "texture": "#4"}
			}
		},
		{
			"from": [6.825, 20.21606, 11.14606],
			"to": [9.135, 23.29606, 11.91606],
			"rotation": {"angle": 0, "axis": "y", "origin": [8.365, 14.05606, 8.06606]},
			"faces": {
				"north": {"uv": [2, 7.75, 2.625, 8.5], "texture": "#4"},
				"east": {"uv": [7, 3, 7.25, 3.75], "texture": "#4"},
				"south": {"uv": [2.75, 7.75, 3.375, 8.5], "texture": "#4"},
				"west": {"uv": [11.25, 1.25, 11.5, 2], "texture": "#4"},
				"up": {"uv": [12.125, 2.75, 11.5, 2.5], "texture": "#4"},
				"down": {"uv": [12.125, 2.75, 11.5, 3], "texture": "#4"}
			}
		},
		{
			"from": [7.82053, 20.76053, 8.83606],
			"to": [8.59053, 22.30053, 11.14606],
			"rotation": {"angle": 0, "axis": "y", "origin": [8.59053, 23.84053, 8.06606]},
			"faces": {
				"north": {"uv": [7.75, 12, 8, 12.375], "texture": "#4"},
				"east": {"uv": [11, 7.25, 11.625, 7.625], "texture": "#4"},
				"south": {"uv": [12, 8, 12.25, 8.375], "texture": "#4"},
				"west": {"uv": [11, 7.75, 11.625, 8.125], "texture": "#4"},
				"up": {"uv": [6, 11.875, 5.75, 11.25], "texture": "#4"},
				"down": {"uv": [8, 11.25, 7.75, 11.875], "texture": "#4"}
			}
		},
		{
			"from": [7.36947, 20.76053, 8.83606],
			"to": [8.13947, 22.30053, 11.14606],
			"rotation": {"angle": 0, "axis": "y", "origin": [7.36947, 23.84053, 8.06606]},
			"faces": {
				"north": {"uv": [8.5, 12, 8.75, 12.375], "texture": "#4"},
				"east": {"uv": [11, 8.75, 11.625, 9.125], "texture": "#4"},
				"south": {"uv": [12, 8.5, 12.25, 8.875], "texture": "#4"},
				"west": {"uv": [10.25, 11, 10.875, 11.375], "texture": "#4"},
				"up": {"uv": [9.25, 11.875, 9, 11.25], "texture": "#4"},
				"down": {"uv": [10.25, 11.25, 10, 11.875], "texture": "#4"}
			}
		},
		{
			"from": [6.18711, 19.31395, 8.83606],
			"to": [6.95711, 20.08395, 11.14606],
			"rotation": {"angle": 45, "axis": "z", "origin": [6.95711, 22.39395, 8.06606]},
			"faces": {
				"north": {"uv": [12.25, 8.75, 12.5, 9], "texture": "#4"},
				"east": {"uv": [11.5, 3, 12.125, 3.25], "texture": "#4"},
				"south": {"uv": [12.25, 9, 12.5, 9.25], "texture": "#4"},
				"west": {"uv": [11.5, 3.25, 12.125, 3.5], "texture": "#4"},
				"up": {"uv": [1.75, 12.125, 1.5, 11.5], "texture": "#4"},
				"down": {"uv": [2, 11.5, 1.75, 12.125], "texture": "#4"}
			}
		},
		{
			"from": [6.825, 20.21606, 8.06606],
			"to": [9.135, 23.29606, 8.83606],
			"rotation": {"angle": 0, "axis": "y", "origin": [8.365, 14.05606, 4.98606]},
			"faces": {
				"north": {"uv": [8, 2.5, 8.625, 3.25], "texture": "#4"},
				"east": {"uv": [2.25, 11.25, 2.5, 12], "texture": "#4"},
				"south": {"uv": [8, 3.25, 8.625, 4], "texture": "#4"},
				"west": {"uv": [2.5, 11.25, 2.75, 12], "texture": "#4"},
				"up": {"uv": [12.125, 3.75, 11.5, 3.5], "texture": "#4"},
				"down": {"uv": [12.125, 3.75, 11.5, 4], "texture": "#4"}
			}
		},
		{
			"from": [6.825, 22.52606, 8.83606],
			"to": [9.135, 23.29606, 11.14606],
			"rotation": {"angle": 0, "axis": "y", "origin": [8.365, 23.29606, 8.06606]},
			"faces": {
				"north": {"uv": [11.5, 4, 12.125, 4.25], "texture": "#4"},
				"east": {"uv": [11.5, 4.25, 12.125, 4.5], "texture": "#4"},
				"south": {"uv": [11.5, 4.5, 12.125, 4.75], "texture": "#4"},
				"west": {"uv": [11.5, 4.75, 12.125, 5], "texture": "#4"},
				"up": {"uv": [2.625, 9.125, 2, 8.5], "texture": "#4"},
				"down": {"uv": [3.375, 8.5, 2.75, 9.125], "texture": "#4"}
			}
		},
		{
			"from": [6.055, 22.075, 8.83606],
			"to": [6.825, 22.845, 11.14606],
			"rotation": {"angle": 45, "axis": "z", "origin": [6.825, 23.615, 8.06606]},
			"faces": {
				"north": {"uv": [12.25, 9.25, 12.5, 9.5], "texture": "#4"},
				"east": {"uv": [5, 11.5, 5.625, 11.75], "texture": "#4"},
				"south": {"uv": [9.75, 12.25, 10, 12.5], "texture": "#4"},
				"west": {"uv": [11.5, 5, 12.125, 5.25], "texture": "#4"},
				"up": {"uv": [7.25, 12.125, 7, 11.5], "texture": "#4"},
				"down": {"uv": [7.5, 11.5, 7.25, 12.125], "texture": "#4"}
			}
		},
		{
			"from": [9.00289, 19.31395, 8.83606],
			"to": [9.77289, 20.08395, 11.14606],
			"rotation": {"angle": -45, "axis": "z", "origin": [9.00289, 22.39395, 8.06606]},
			"faces": {
				"north": {"uv": [10, 12.25, 10.25, 12.5], "texture": "#4"},
				"east": {"uv": [11.5, 5.25, 12.125, 5.5], "texture": "#4"},
				"south": {"uv": [10.25, 12.25, 10.5, 12.5], "texture": "#4"},
				"west": {"uv": [11.5, 6.75, 12.125, 7], "texture": "#4"},
				"up": {"uv": [8.25, 12.125, 8, 11.5], "texture": "#4"},
				"down": {"uv": [8.5, 11.5, 8.25, 12.125], "texture": "#4"}
			}
		},
		{
			"from": [6.18711, 22.39395, 8.45106],
			"to": [6.95711, 23.93395, 9.99106],
			"rotation": {"angle": 45, "axis": "z", "origin": [6.95711, 25.47395, 7.68106]},
			"faces": {
				"north": {"uv": [8.75, 12, 9, 12.375], "texture": "#4"},
				"east": {"uv": [10.75, 11.5, 11.125, 11.875], "texture": "#4"},
				"south": {"uv": [9, 12, 9.25, 12.375], "texture": "#4"},
				"west": {"uv": [11.5, 11, 11.875, 11.375], "texture": "#4"},
				"up": {"uv": [12.25, 9.375, 12, 9], "texture": "#4"},
				"down": {"uv": [9.5, 12, 9.25, 12.375], "texture": "#4"}
			}
		},
		{
			"from": [7.21, 23.29606, 9.99106],
			"to": [8.75, 26.37606, 10.76106],
			"rotation": {"angle": 0, "axis": "y", "origin": [8.75, 18.67606, 6.91106]},
			"faces": {
				"north": {"uv": [3.75, 9.5, 4.125, 10.25], "texture": "#4"},
				"east": {"uv": [11.25, 2.5, 11.5, 3.25], "texture": "#4"},
				"south": {"uv": [7.75, 9.5, 8.125, 10.25], "texture": "#4"},
				"west": {"uv": [2.75, 11.25, 3, 12], "texture": "#4"},
				"up": {"uv": [8.625, 2.5, 8.25, 2.25], "texture": "#4"},
				"down": {"uv": [9.375, 2, 9, 2.25], "texture": "#4"}
			}
		},
		{
			"from": [8.20553, 23.84053, 8.45106],
			"to": [8.20553, 25.38053, 9.99106],
			"rotation": {"angle": 0, "axis": "y", "origin": [8.20553, 26.92053, 7.68106]},
			"faces": {
				"north": {"uv": [0, 0, 0, 0.375], "texture": "#4"},
				"east": {"uv": [11.25, 11.5, 11.625, 11.875], "texture": "#4"},
				"south": {"uv": [0, 0, 0, 0.375], "texture": "#4"},
				"west": {"uv": [0, 11.75, 0.375, 12.125], "texture": "#4"},
				"up": {"uv": [0, 0.375, 0, 0], "texture": "#4"},
				"down": {"uv": [0, 0, 0, 0.375], "texture": "#4"}
			}
		},
		{
			"from": [7.75447, 23.84053, 8.45106],
			"to": [7.75447, 25.38053, 9.99106],
			"rotation": {"angle": 0, "axis": "y", "origin": [7.75447, 26.92053, 7.68106]},
			"faces": {
				"north": {"uv": [0, 0, 0, 0.375], "texture": "#4"},
				"east": {"uv": [0.5, 11.75, 0.875, 12.125], "texture": "#4"},
				"south": {"uv": [0, 0, 0, 0.375], "texture": "#4"},
				"west": {"uv": [11.75, 0.75, 12.125, 1.125], "texture": "#4"},
				"up": {"uv": [0, 0.375, 0, 0], "texture": "#4"},
				"down": {"uv": [0, 0, 0, 0.375], "texture": "#4"}
			}
		},
		{
			"from": [9.52, 25.155, 8.45106],
			"to": [9.52, 25.925, 9.99106],
			"rotation": {"angle": -45, "axis": "z", "origin": [8.75, 26.695, 7.68106]},
			"faces": {
				"north": {"uv": [0, 0, 0, 0.25], "texture": "#4"},
				"east": {"uv": [3, 9.25, 3.375, 9.5], "texture": "#4"},
				"south": {"uv": [0, 0, 0, 0.25], "texture": "#4"},
				"west": {"uv": [11.75, 6.5, 12.125, 6.75], "texture": "#4"},
				"up": {"uv": [0, 0.375, 0, 0], "texture": "#4"},
				"down": {"uv": [0, 0, 0, 0.375], "texture": "#4"}
			}
		},
		{
			"from": [7.21, 25.60606, 8.45106],
			"to": [8.75, 26.37606, 9.99106],
			"rotation": {"angle": 0, "axis": "y", "origin": [8.75, 26.37606, 7.68106]},
			"faces": {
				"north": {"uv": [12, 0.5, 12.375, 0.75], "texture": "#4"},
				"east": {"uv": [12, 9.5, 12.375, 9.75], "texture": "#4"},
				"south": {"uv": [12, 9.75, 12.375, 10], "texture": "#4"},
				"west": {"uv": [10, 12, 10.375, 12.25], "texture": "#4"},
				"up": {"uv": [1.375, 12.125, 1, 11.75], "texture": "#4"},
				"down": {"uv": [4.625, 11.75, 4.25, 12.125], "texture": "#4"}
			}
		},
		{
			"from": [7.21, 23.29606, 7.68106],
			"to": [8.75, 26.37606, 8.45106],
			"rotation": {"angle": 0, "axis": "y", "origin": [8.75, 18.67606, 4.60106]},
			"faces": {
				"north": {"uv": [8.25, 9.5, 8.625, 10.25], "texture": "#4"},
				"east": {"uv": [3, 11.25, 3.25, 12], "texture": "#4"},
				"south": {"uv": [8.75, 9.5, 9.125, 10.25], "texture": "#4"},
				"west": {"uv": [11.25, 3.25, 11.5, 4], "texture": "#4"},
				"up": {"uv": [12.375, 10.25, 12, 10], "texture": "#4"},
				"down": {"uv": [12.375, 10.25, 12, 10.5], "texture": "#4"}
			}
		},
		{
			"from": [6.44, 25.155, 8.45106],
			"to": [7.21, 25.925, 9.99106],
			"rotation": {"angle": 45, "axis": "z", "origin": [7.21, 26.695, 7.68106]},
			"faces": {
				"north": {"uv": [10.5, 12.25, 10.75, 12.5], "texture": "#4"},
				"east": {"uv": [10.5, 12, 10.875, 12.25], "texture": "#4"},
				"south": {"uv": [10.75, 12.25, 11, 12.5], "texture": "#4"},
				"west": {"uv": [12, 10.5, 12.375, 10.75], "texture": "#4"},
				"up": {"uv": [9.75, 12.375, 9.5, 12], "texture": "#4"},
				"down": {"uv": [12.25, 10.75, 12, 11.125], "texture": "#4"}
			}
		},
		{
			"from": [9.00289, 22.39395, 8.45106],
			"to": [9.77289, 23.93395, 9.99106],
			"rotation": {"angle": -45, "axis": "z", "origin": [9.00289, 25.47395, 7.68106]},
			"faces": {
				"north": {"uv": [11, 12, 11.25, 12.375], "texture": "#4"},
				"east": {"uv": [4.75, 11.75, 5.125, 12.125], "texture": "#4"},
				"south": {"uv": [11.25, 12, 11.5, 12.375], "texture": "#4"},
				"west": {"uv": [5.25, 11.75, 5.625, 12.125], "texture": "#4"},
				"up": {"uv": [12.25, 11.625, 12, 11.25], "texture": "#4"},
				"down": {"uv": [11.75, 12, 11.5, 12.375], "texture": "#4"}
			}
		},
		{
			"from": [8.52447, 27.77847, 9.60606],
			"to": [9.29447, 28.54847, 10.37606],
			"rotation": {"angle": -45, "axis": "z", "origin": [8.52447, 29.31847, 9.60606]},
			"faces": {
				"north": {"uv": [12.25, 10.75, 12.5, 11], "texture": "#4"},
				"east": {"uv": [12.25, 11, 12.5, 11.25], "texture": "#4"},
				"south": {"uv": [12.25, 11.25, 12.5, 11.5], "texture": "#4"},
				"west": {"uv": [12.25, 11.5, 12.5, 11.75], "texture": "#4"},
				"up": {"uv": [12, 12.5, 11.75, 12.25], "texture": "#4"},
				"down": {"uv": [12.25, 12.25, 12, 12.5], "texture": "#4"}
			}
		},
		{
			"from": [7.97923, 3.81506, 6.14106],
			"to": [7.97923, 30.76506, 13.07106],
			"rotation": {"angle": 0, "axis": "y", "origin": [7.97923, 29.99506, 8.45106]},
			"faces": {
				"north": {"uv": [0, 0, 0, 6.75], "texture": "#4"},
				"east": {"uv": [0, 0, 1.75, 6.75], "texture": "#4"},
				"south": {"uv": [0, 0, 0, 6.75], "texture": "#4"},
				"west": {"uv": [1.75, 0, 3.5, 6.75], "texture": "#4"},
				"up": {"uv": [0, 1.75, 0, 0], "texture": "#4"},
				"down": {"uv": [0, 0, 0, 1.75], "texture": "#4"}
			}
		},
		{
			"from": [6.5, -3.55, 17.375],
			"to": [9.5, -1.05, 19.875],
			"rotation": {"angle": -45, "axis": "x", "origin": [8.0096, -5.29998, 9.61538]},
			"faces": {
				"north": {"uv": [3.5, 8, 4.25, 8.625], "texture": "#4"},
				"east": {"uv": [8.75, 2.25, 9.375, 2.875], "texture": "#4"},
				"south": {"uv": [8, 4, 8.75, 4.625], "texture": "#4"},
				"west": {"uv": [8.75, 3, 9.375, 3.625], "texture": "#4"},
				"up": {"uv": [5, 8.625, 4.25, 8], "texture": "#4"},
				"down": {"uv": [8.75, 6, 8, 6.625], "texture": "#4"}
			}
		},
		{
			"from": [6.5, 2.19036, 4.24504],
			"to": [9.5, 4.69036, 6.74504],
			"rotation": {"angle": -45, "axis": "x", "origin": [7.98799, 3.19886, 5.74396]},
			"faces": {
				"north": {"uv": [6.75, 8, 7.5, 8.625], "texture": "#4"},
				"east": {"uv": [3.5, 8.75, 4.125, 9.375], "texture": "#4"},
				"south": {"uv": [8, 6.75, 8.75, 7.375], "texture": "#4"},
				"west": {"uv": [8.75, 3.75, 9.375, 4.375], "texture": "#4"},
				"up": {"uv": [8.75, 8.125, 8, 7.5], "texture": "#4"},
				"down": {"uv": [9, 0, 8.25, 0.625], "texture": "#4"}
			}
		},
		{
			"from": [6.75, 2.2, 4.625],
			"to": [9.25, 4.2, 14.625],
			"rotation": {"angle": 0, "axis": "y", "origin": [0, -7.8, 1.625]},
			"faces": {
				"north": {"uv": [9.5, 3, 10.125, 3.5], "texture": "#4"},
				"east": {"uv": [5, 5, 7.5, 5.5], "texture": "#4"},
				"south": {"uv": [9.5, 3.5, 10.125, 4], "texture": "#4"},
				"west": {"uv": [5, 5.5, 7.5, 6], "texture": "#4"},
				"up": {"uv": [5.625, 2.5, 5, 0], "texture": "#4"},
				"down": {"uv": [5.625, 2.5, 5, 5], "texture": "#4"}
			}
		}
	],
	"gui_light": "front",
	"display": {
		"thirdperson_righthand": {
			"translation": [0, 7.5, 1],
			"scale": [0.91, 0.91, 0.91]
		},
		"thirdperson_lefthand": {
			"translation": [0, 7.5, 1],
			"scale": [0.91, 0.91, 0.91]
		},
		"firstperson_righthand": {
			"rotation": [-40, 0, 0],
			"translation": [1.5, 2.75, -5],
			"scale": [0.91, 0.91, 0.91]
		},
		"firstperson_lefthand": {
			"rotation": [-40, 0, 0],
			"translation": [1.5, 2.75, -5],
			"scale": [0.91, 0.91, 0.91]
		},
		"ground": {
			"translation": [0, 4.5, 0],
			"scale": [0.55, 0.55, 0.55]
		},
		"gui": {
			"rotation": [-90, -45, -90],
			"translation": [-1, -2, 0],
			"scale": [0.53, 0.53, 0.53]
		},
		"head": {
			"rotation": [-84, -37, 101],
			"translation": [-7.75, -14, -0.75],
			"scale": [0.75, 0.75, 0.75]
		},
		"fixed": {
			"rotation": [90, -45, 90],
			"translation": [1.5, -1.25, 0.5],
			"scale": [0.5, 0.5, 0.5]
		}
	},
	"groups": [
		{
			"name": "group",
			"origin": [18.85, 12.7875, 17.3],
			"color": 0,
			"nbt": "{}",
			"armAnimationEnabled": false,
			"children": [0, 1, 2, 3, 4]
		},
		{
			"name": "group",
			"origin": [1.45423, 30.32006, 8.45106],
			"color": 0,
			"nbt": "{}",
			"armAnimationEnabled": false,
			"children": [
				5,
				6,
				7,
				8,
				9,
				10,
				11,
				12,
				13,
				14,
				15,
				16,
				17,
				18,
				19,
				20,
				21,
				22,
				23,
				24,
				25,
				26,
				27,
				28,
				29,
				30,
				31,
				32,
				33,
				34,
				35,
				36,
				37,
				38,
				39,
				40,
				41,
				42,
				43,
				44,
				45,
				46,
				47,
				48,
				49,
				50,
				51,
				52,
				53,
				54,
				55,
				56,
				57,
				58,
				59,
				60,
				61,
				62,
				63,
				64,
				65,
				66,
				67,
				68,
				69
			]
		},
		70,
		71,
		72
	]
}