{
	"credit": "Made with Blockbench",
	"texture_size": [64, 64],
	"textures": {
		"9": "item/toucanupdate/toucan_staff"
	},
	"elements": [
		{
			"from": [7.5, -7, 7.5],
			"to": [8.5, 10, 8.5],
			"faces": {
				"north": {"uv": [0, 4.25, 0.25, 8.5], "texture": "#9"},
				"east": {"uv": [0.25, 4.25, 0.5, 8.5], "texture": "#9"},
				"south": {"uv": [0.5, 4.25, 0.75, 8.5], "texture": "#9"},
				"west": {"uv": [0.75, 4.25, 1, 8.5], "texture": "#9"},
				"up": {"uv": [2.5, 4.5, 2.25, 4.25], "texture": "#9"},
				"down": {"uv": [1.75, 5.75, 1.5, 6], "texture": "#9"}
			}
		},
		{
			"from": [7.25, 5, 7.25],
			"to": [8.75, 6, 8.75],
			"rotation": {"angle": 0, "axis": "y", "origin": [8, 7, 8]},
			"faces": {
				"north": {"uv": [1.75, 4.25, 2.125, 4.5], "texture": "#9"},
				"east": {"uv": [7, 2, 7.375, 2.25], "texture": "#9"},
				"south": {"uv": [7.5, 3, 7.875, 3.25], "texture": "#9"},
				"west": {"uv": [7.5, 4.75, 7.875, 5], "texture": "#9"},
				"up": {"uv": [7.625, 0.375, 7.25, 0], "texture": "#9"},
				"down": {"uv": [7.625, 3.25, 7.25, 3.625], "texture": "#9"}
			}
		},
		{
			"from": [7.25, -5.5, 7.25],
			"to": [8.75, -4.5, 8.75],
			"rotation": {"angle": 0, "axis": "y", "origin": [8, -3.5, 8]},
			"faces": {
				"north": {"uv": [7.5, 5, 7.875, 5.25], "texture": "#9"},
				"east": {"uv": [5.25, 7.5, 5.625, 7.75], "texture": "#9"},
				"south": {"uv": [7.5, 5.25, 7.875, 5.5], "texture": "#9"},
				"west": {"uv": [7.5, 5.5, 7.875, 5.75], "texture": "#9"},
				"up": {"uv": [7.625, 4.125, 7.25, 3.75], "texture": "#9"},
				"down": {"uv": [7.625, 6, 7.25, 6.375], "texture": "#9"}
			}
		},
		{
			"from": [7.336, -12.82158, 7.24795],
			"to": [8.704, -11.49158, 8.76795],
			"rotation": {"angle": -22.5, "axis": "x", "origin": [8.02, -11.49, 8]},
			"faces": {
				"north": {"uv": [7.5, 2.5, 7.8125, 2.8125], "texture": "#9"},
				"east": {"uv": [7.5, 0.5, 7.875, 0.8125], "texture": "#9"},
				"south": {"uv": [3, 7.5, 3.3125, 7.8125], "texture": "#9"},
				"west": {"uv": [1, 7.5, 1.375, 7.8125], "texture": "#9"},
				"up": {"uv": [7.8125, 1.375, 7.5, 1], "texture": "#9"},
				"down": {"uv": [1.8125, 7.5, 1.5, 7.875], "texture": "#9"}
			}
		},
		{
			"from": [7.336, -12.82158, 7.23205],
			"to": [8.704, -11.49158, 8.75205],
			"rotation": {"angle": 22.5, "axis": "x", "origin": [8.02, -11.49, 8]},
			"faces": {
				"north": {"uv": [3.5, 7.5, 3.8125, 7.8125], "texture": "#9"},
				"east": {"uv": [7.5, 1.5, 7.875, 1.8125], "texture": "#9"},
				"south": {"uv": [4.25, 7.5, 4.5625, 7.8125], "texture": "#9"},
				"west": {"uv": [2, 7.5, 2.375, 7.8125], "texture": "#9"},
				"up": {"uv": [7.8125, 2.375, 7.5, 2], "texture": "#9"},
				"down": {"uv": [2.8125, 7.5, 2.5, 7.875], "texture": "#9"}
			}
		},
		{
			"from": [7.26, -13.01, 7.24],
			"to": [8.78, -11.11, 8.76],
			"rotation": {"angle": 0, "axis": "y", "origin": [8.02, -11.49, 8]},
			"faces": {
				"north": {"uv": [7, 5, 7.375, 5.5], "texture": "#9"},
				"east": {"uv": [5.25, 7, 5.625, 7.5], "texture": "#9"},
				"south": {"uv": [7, 5.5, 7.375, 6], "texture": "#9"},
				"west": {"uv": [5.75, 7, 6.125, 7.5], "texture": "#9"},
				"up": {"uv": [7.125, 7.625, 6.75, 7.25], "texture": "#9"},
				"down": {"uv": [7.625, 7, 7.25, 7.375], "texture": "#9"}
			}
		},
		{
			"from": [7.07, -11.3, 7.05],
			"to": [8.97, -10.92, 8.95],
			"rotation": {"angle": 0, "axis": "y", "origin": [8.02, -9.78, 8]},
			"faces": {
				"north": {"uv": [5.75, 7.5, 6.25, 7.625], "texture": "#9"},
				"east": {"uv": [7.5, 5.75, 8, 5.875], "texture": "#9"},
				"south": {"uv": [7.25, 7.5, 7.75, 7.625], "texture": "#9"},
				"west": {"uv": [7.75, 0, 8.25, 0.125], "texture": "#9"},
				"up": {"uv": [7.25, 4.5, 6.75, 4], "texture": "#9"},
				"down": {"uv": [1.5, 7, 1, 7.5], "texture": "#9"}
			}
		},
		{
			"from": [7.07, -6.55, 7.05],
			"to": [8.97, -6.17, 8.95],
			"rotation": {"angle": 0, "axis": "y", "origin": [8.02, -5.03, 8]},
			"faces": {
				"north": {"uv": [7.75, 0.25, 8.25, 0.375], "texture": "#9"},
				"east": {"uv": [7.75, 3.25, 8.25, 3.375], "texture": "#9"},
				"south": {"uv": [7.75, 3.5, 8.25, 3.625], "texture": "#9"},
				"west": {"uv": [7.75, 3.75, 8.25, 3.875], "texture": "#9"},
				"up": {"uv": [7.5, 2, 7, 1.5], "texture": "#9"},
				"down": {"uv": [3, 7, 2.5, 7.5], "texture": "#9"}
			}
		},
		{
			"from": [7.07, -8.83, 7.05],
			"to": [8.97, -8.45, 8.95],
			"rotation": {"angle": 0, "axis": "y", "origin": [8.02, -7.31, 8]},
			"faces": {
				"north": {"uv": [7.75, 4, 8.25, 4.125], "texture": "#9"},
				"east": {"uv": [5.25, 7.75, 5.75, 7.875], "texture": "#9"},
				"south": {"uv": [5.75, 7.75, 6.25, 7.875], "texture": "#9"},
				"west": {"uv": [7.75, 6, 8.25, 6.125], "texture": "#9"},
				"up": {"uv": [3.5, 7.5, 3, 7], "texture": "#9"},
				"down": {"uv": [4, 7, 3.5, 7.5], "texture": "#9"}
			}
		},
		{
			"from": [7.26, -11.3, 7.81],
			"to": [8.78, -6.55, 8.19],
			"rotation": {"angle": 0, "axis": "y", "origin": [8.02, -6.93, 8]},
			"faces": {
				"north": {"uv": [1, 5.75, 1.375, 6.9375], "texture": "#9"},
				"east": {"uv": [4, 7, 4.125, 8.1875], "texture": "#9"},
				"south": {"uv": [6, 2, 6.375, 3.1875], "texture": "#9"},
				"west": {"uv": [7, 6, 7.125, 7.1875], "texture": "#9"},
				"up": {"uv": [8.125, 6.875, 7.75, 6.75], "texture": "#9"},
				"down": {"uv": [8.125, 7, 7.75, 7.125], "texture": "#9"}
			}
		},
		{
			"from": [7.83, -6.17, 7.164],
			"to": [8.21, -5.22, 7.544],
			"rotation": {"angle": -45, "axis": "x", "origin": [8.02, -5.98, 8.684]},
			"faces": {
				"north": {"uv": [6.25, 1.25, 6.375, 1.5], "texture": "#9"},
				"east": {"uv": [1.5, 6.25, 1.625, 6.5], "texture": "#9"},
				"south": {"uv": [6.25, 1.5, 6.375, 1.75], "texture": "#9"},
				"west": {"uv": [6.25, 1.75, 6.375, 2], "texture": "#9"},
				"up": {"uv": [3.875, 8.125, 3.75, 8], "texture": "#9"},
				"down": {"uv": [4.375, 8, 4.25, 8.125], "texture": "#9"}
			}
		},
		{
			"from": [7.83, -8.45, 7.164],
			"to": [8.21, -7.5, 7.544],
			"rotation": {"angle": -45, "axis": "x", "origin": [8.02, -8.26, 8.684]},
			"faces": {
				"north": {"uv": [2.5, 6.5, 2.625, 6.75], "texture": "#9"},
				"east": {"uv": [4.75, 6.5, 4.875, 6.75], "texture": "#9"},
				"south": {"uv": [6.75, 0.75, 6.875, 1], "texture": "#9"},
				"west": {"uv": [6.75, 1, 6.875, 1.25], "texture": "#9"},
				"up": {"uv": [8.125, 4.375, 8, 4.25], "texture": "#9"},
				"down": {"uv": [4.625, 8, 4.5, 8.125], "texture": "#9"}
			}
		},
		{
			"from": [7.83, -8.11419, 7.85261],
			"to": [8.21, -7.73419, 8.80261],
			"rotation": {"angle": 45, "axis": "x", "origin": [8.02, -8.26, 7.962]},
			"faces": {
				"north": {"uv": [8, 4.5, 8.125, 4.625], "texture": "#9"},
				"east": {"uv": [2.5, 6.75, 2.75, 6.875], "texture": "#9"},
				"south": {"uv": [4.75, 8, 4.875, 8.125], "texture": "#9"},
				"west": {"uv": [4.75, 6.75, 5, 6.875], "texture": "#9"},
				"up": {"uv": [6.375, 7.25, 6.25, 7], "texture": "#9"},
				"down": {"uv": [7.375, 0.5, 7.25, 0.75], "texture": "#9"}
			}
		},
		{
			"from": [7.83, -10.54619, 7.85261],
			"to": [8.21, -10.16619, 8.80261],
			"rotation": {"angle": 45, "axis": "x", "origin": [8.02, -10.692, 7.962]},
			"faces": {
				"north": {"uv": [8, 4.75, 8.125, 4.875], "texture": "#9"},
				"east": {"uv": [7.25, 4.25, 7.5, 4.375], "texture": "#9"},
				"south": {"uv": [5, 8, 5.125, 8.125], "texture": "#9"},
				"west": {"uv": [7.25, 7.75, 7.5, 7.875], "texture": "#9"},
				"up": {"uv": [7.875, 7.5, 7.75, 7.25], "texture": "#9"},
				"down": {"uv": [7.625, 7.75, 7.5, 8], "texture": "#9"}
			}
		},
		{
			"from": [7.83, -10.958, 7.164],
			"to": [8.21, -10.008, 7.544],
			"rotation": {"angle": -45, "axis": "x", "origin": [8.02, -10.768, 8.684]},
			"faces": {
				"north": {"uv": [7.75, 7.5, 7.875, 7.75], "texture": "#9"},
				"east": {"uv": [7.75, 7.75, 7.875, 8], "texture": "#9"},
				"south": {"uv": [8, 0.5, 8.125, 0.75], "texture": "#9"},
				"west": {"uv": [8, 0.75, 8.125, 1], "texture": "#9"},
				"up": {"uv": [8.125, 5.125, 8, 5], "texture": "#9"},
				"down": {"uv": [5.375, 8, 5.25, 8.125], "texture": "#9"}
			}
		},
		{
			"from": [7.83, -6.17, 8.456],
			"to": [8.21, -5.22, 8.836],
			"rotation": {"angle": 45, "axis": "x", "origin": [8.02, -5.98, 7.316]},
			"faces": {
				"north": {"uv": [1, 8, 1.125, 8.25], "texture": "#9"},
				"east": {"uv": [8, 1, 8.125, 1.25], "texture": "#9"},
				"south": {"uv": [1.25, 8, 1.375, 8.25], "texture": "#9"},
				"west": {"uv": [8, 1.25, 8.125, 1.5], "texture": "#9"},
				"up": {"uv": [8.125, 5.375, 8, 5.25], "texture": "#9"},
				"down": {"uv": [5.625, 8, 5.5, 8.125], "texture": "#9"}
			}
		},
		{
			"from": [7.114, 10.319, 7.09725],
			"to": [8.896, 16.151, 8.87925],
			"rotation": {"angle": 0, "axis": "y", "origin": [0.715, -0.94, -0.71925]},
			"faces": {
				"north": {"uv": [5.5, 2, 5.9375, 3.4375], "texture": "#9"},
				"east": {"uv": [2.75, 5.5, 3.1875, 6.9375], "texture": "#9"},
				"south": {"uv": [3.25, 5.5, 3.6875, 6.9375], "texture": "#9"},
				"west": {"uv": [3.75, 5.5, 4.1875, 6.9375], "texture": "#9"},
				"up": {"uv": [7.4375, 4.9375, 7, 4.5], "texture": "#9"},
				"down": {"uv": [5.1875, 7, 4.75, 7.4375], "texture": "#9"}
			}
		},
		{
			"from": [6.385, 11.8175, 6.36825],
			"to": [9.625, 15.0575, 9.60825],
			"rotation": {"angle": 45, "axis": "x", "origin": [8.005, 13.4375, 7.98825]},
			"faces": {
				"north": {"uv": [2.75, 4.5, 3.5625, 5.3125], "texture": "#9"},
				"east": {"uv": [3.75, 4.5, 4.5625, 5.3125], "texture": "#9"},
				"south": {"uv": [4.75, 4.5, 5.5625, 5.3125], "texture": "#9"},
				"west": {"uv": [5, 0, 5.8125, 0.8125], "texture": "#9"},
				"up": {"uv": [6.0625, 1.8125, 5.25, 1], "texture": "#9"},
				"down": {"uv": [2.5625, 5.5, 1.75, 6.3125], "texture": "#9"}
			}
		},
		{
			"from": [8.005, 15.0575, 3.93825],
			"to": [8.005, 19.9175, 10.41825],
			"rotation": {"angle": 0, "axis": "y", "origin": [8.005, 13.4375, 7.98825]},
			"faces": {
				"north": {"uv": [0, 0, 0, 1.1875], "texture": "#9"},
				"east": {"uv": [2.5, 0, 4.125, 1.1875], "texture": "#9"},
				"south": {"uv": [0, 0, 0, 1.1875], "texture": "#9"},
				"west": {"uv": [2.5, 1.25, 4.125, 2.4375], "texture": "#9"},
				"up": {"uv": [0, 1.625, 0, 0], "texture": "#9"},
				"down": {"uv": [0, 0, 0, 1.625], "texture": "#9"}
			}
		},
		{
			"from": [6.79, 11.21, 1.50825],
			"to": [9.22, 15.26, 7.17825],
			"rotation": {"angle": 0, "axis": "y", "origin": [7.6, 12.83, 5.55825]},
			"faces": {
				"north": {"uv": [5.5, 3.5, 6.125, 4.5], "texture": "#9"},
				"east": {"uv": [2.5, 2.5, 3.9375, 3.5], "texture": "#9"},
				"south": {"uv": [4.25, 5.5, 4.875, 6.5], "texture": "#9"},
				"west": {"uv": [2.5, 3.5, 3.9375, 4.5], "texture": "#9"},
				"up": {"uv": [4.875, 1.4375, 4.25, 0], "texture": "#9"},
				"down": {"uv": [1.625, 4.25, 1, 5.6875], "texture": "#9"}
			}
		},
		{
			"from": [7.195, 11.21, 7.98825],
			"to": [8.815, 15.26, 11.22825],
			"rotation": {"angle": 0, "axis": "y", "origin": [8.41, 13.235, 10.01325]},
			"faces": {
				"north": {"uv": [6.5, 1.25, 6.875, 2.25], "texture": "#9"},
				"east": {"uv": [4.25, 1.5, 5.0625, 2.5], "texture": "#9"},
				"south": {"uv": [1.5, 6.5, 1.875, 7.5], "texture": "#9"},
				"west": {"uv": [1.75, 4.5, 2.5625, 5.5], "texture": "#9"},
				"up": {"uv": [2.375, 7.3125, 2, 6.5], "texture": "#9"},
				"down": {"uv": [4.625, 6.5, 4.25, 7.3125], "texture": "#9"}
			}
		},
		{
			"from": [8.005, 4.5275, 10.41825],
			"to": [8.005, 20.7275, 15.27825],
			"rotation": {"angle": 0, "axis": "y", "origin": [8.41, 13.235, 10.01325]},
			"faces": {
				"north": {"uv": [0, 0, 0, 4.0625], "texture": "#9"},
				"east": {"uv": [0, 0, 1.1875, 4.0625], "texture": "#9"},
				"south": {"uv": [0, 0, 0, 4.0625], "texture": "#9"},
				"west": {"uv": [1.25, 0, 2.4375, 4.0625], "texture": "#9"},
				"up": {"uv": [0, 1.1875, 0, 0], "texture": "#9"},
				"down": {"uv": [0, 0, 0, 1.1875], "texture": "#9"}
			}
		},
		{
			"from": [7.195, 9.59, -2.74425],
			"to": [8.815, 12.83, 2.92575],
			"rotation": {"angle": -22.5, "axis": "x", "origin": [8.005, 12.425, -3.14925]},
			"faces": {
				"north": {"uv": [6.5, 4.5, 6.875, 5.3125], "texture": "#9"},
				"east": {"uv": [4, 2.5, 5.4375, 3.3125], "texture": "#9"},
				"south": {"uv": [6.5, 5.5, 6.875, 6.3125], "texture": "#9"},
				"west": {"uv": [4, 3.5, 5.4375, 4.3125], "texture": "#9"},
				"up": {"uv": [5.375, 6.9375, 5, 5.5], "texture": "#9"},
				"down": {"uv": [5.875, 5.5, 5.5, 6.9375], "texture": "#9"}
			}
		},
		{
			"from": [7.6, 10.1975, -6.79425],
			"to": [8.41, 11.8175, -2.74425],
			"rotation": {"angle": -45, "axis": "x", "origin": [8.005, 12.425, -3.14925]},
			"faces": {
				"north": {"uv": [5, 1, 5.1875, 1.375], "texture": "#9"},
				"east": {"uv": [6.5, 2.25, 7.5, 2.625], "texture": "#9"},
				"south": {"uv": [5.25, 2, 5.4375, 2.375], "texture": "#9"},
				"west": {"uv": [6.5, 2.75, 7.5, 3.125], "texture": "#9"},
				"up": {"uv": [5.9375, 5.5, 5.75, 4.5], "texture": "#9"},
				"down": {"uv": [6.1875, 0, 6, 1], "texture": "#9"}
			}
		},
		{
			"from": [7.83, -8.45, 8.456],
			"to": [8.21, -7.5, 8.836],
			"rotation": {"angle": 45, "axis": "x", "origin": [8.02, -8.26, 7.316]},
			"faces": {
				"north": {"uv": [1.5, 8, 1.625, 8.25], "texture": "#9"},
				"east": {"uv": [8, 1.5, 8.125, 1.75], "texture": "#9"},
				"south": {"uv": [1.75, 8, 1.875, 8.25], "texture": "#9"},
				"west": {"uv": [8, 1.75, 8.125, 2], "texture": "#9"},
				"up": {"uv": [8.125, 5.625, 8, 5.5], "texture": "#9"},
				"down": {"uv": [5.875, 8, 5.75, 8.125], "texture": "#9"}
			}
		},
		{
			"from": [7.83, -9.04687, 7.48993],
			"to": [8.21, -8.09687, 7.86993],
			"rotation": {"angle": 45, "axis": "x", "origin": [8.02, -8.26, 7.962]},
			"faces": {
				"north": {"uv": [2, 8, 2.125, 8.25], "texture": "#9"},
				"east": {"uv": [8, 2, 8.125, 2.25], "texture": "#9"},
				"south": {"uv": [2.25, 8, 2.375, 8.25], "texture": "#9"},
				"west": {"uv": [8, 2.25, 8.125, 2.5], "texture": "#9"},
				"up": {"uv": [8.125, 5.875, 8, 5.75], "texture": "#9"},
				"down": {"uv": [6.125, 8, 6, 8.125], "texture": "#9"}
			}
		},
		{
			"from": [7.83, -11.47887, 7.48993],
			"to": [8.21, -10.52887, 7.86993],
			"rotation": {"angle": 45, "axis": "x", "origin": [8.02, -10.692, 7.962]},
			"faces": {
				"north": {"uv": [2.5, 8, 2.625, 8.25], "texture": "#9"},
				"east": {"uv": [8, 2.5, 8.125, 2.75], "texture": "#9"},
				"south": {"uv": [2.75, 8, 2.875, 8.25], "texture": "#9"},
				"west": {"uv": [8, 2.75, 8.125, 3], "texture": "#9"},
				"up": {"uv": [6.375, 8.125, 6.25, 8], "texture": "#9"},
				"down": {"uv": [6.625, 8, 6.5, 8.125], "texture": "#9"}
			}
		},
		{
			"from": [7.83, -10.958, 8.456],
			"to": [8.21, -10.008, 8.836],
			"rotation": {"angle": 45, "axis": "x", "origin": [8.02, -10.768, 7.316]},
			"faces": {
				"north": {"uv": [3, 8, 3.125, 8.25], "texture": "#9"},
				"east": {"uv": [8, 3, 8.125, 3.25], "texture": "#9"},
				"south": {"uv": [3.25, 8, 3.375, 8.25], "texture": "#9"},
				"west": {"uv": [3.5, 8, 3.625, 8.25], "texture": "#9"},
				"up": {"uv": [6.875, 8.125, 6.75, 8], "texture": "#9"},
				"down": {"uv": [7.125, 8, 7, 8.125], "texture": "#9"}
			}
		},
		{
			"from": [7.45, -11.3, 7.43],
			"to": [8.59, -6.36, 8.57],
			"rotation": {"angle": 0, "axis": "y", "origin": [8.02, -9.59, 8]},
			"faces": {
				"north": {"uv": [6, 4.5, 6.3125, 5.75], "texture": "#9"},
				"east": {"uv": [6, 5.75, 6.3125, 7], "texture": "#9"},
				"south": {"uv": [6.25, 0, 6.5625, 1.25], "texture": "#9"},
				"west": {"uv": [6.25, 3.25, 6.5625, 4.5], "texture": "#9"},
				"up": {"uv": [7.8125, 4.5625, 7.5, 4.25], "texture": "#9"},
				"down": {"uv": [5.0625, 7.5, 4.75, 7.8125], "texture": "#9"}
			}
		},
		{
			"from": [7.45, -12.9448, 6.5452],
			"to": [8.59, -12.1848, 7.3052],
			"rotation": {"angle": -45, "axis": "x", "origin": [8.02, -11.49, 8]},
			"faces": {
				"north": {"uv": [6.25, 7.75, 6.5625, 7.9375], "texture": "#9"},
				"east": {"uv": [1.5, 6, 1.6875, 6.1875], "texture": "#9"},
				"south": {"uv": [7.75, 6.25, 8.0625, 6.4375], "texture": "#9"},
				"west": {"uv": [6, 3.25, 6.1875, 3.4375], "texture": "#9"},
				"up": {"uv": [8.0625, 6.6875, 7.75, 6.5], "texture": "#9"},
				"down": {"uv": [7.0625, 7.75, 6.75, 7.9375], "texture": "#9"}
			}
		},
		{
			"from": [7.25, 7.5, 7.25],
			"to": [8.75, 10.5, 8.75],
			"rotation": {"angle": 0, "axis": "y", "origin": [8, -9.5, 8]},
			"faces": {
				"north": {"uv": [6.5, 6.5, 6.875, 7.25], "texture": "#9"},
				"east": {"uv": [6.75, 0, 7.125, 0.75], "texture": "#9"},
				"south": {"uv": [6.75, 3.25, 7.125, 4], "texture": "#9"},
				"west": {"uv": [7, 0.75, 7.375, 1.5], "texture": "#9"},
				"up": {"uv": [6.625, 7.625, 6.25, 7.25], "texture": "#9"},
				"down": {"uv": [7.625, 6.5, 7.25, 6.875], "texture": "#9"}
			}
		}
	],
	"display": {
		"thirdperson_righthand": {
			"rotation": [0, 8, 0],
			"translation": [0, 6.75, 1.75]
		},
		"thirdperson_lefthand": {
			"rotation": [0, 20, 0],
			"translation": [0, 5, 1]
		},
		"firstperson_righthand": {
			"rotation": [-30, -9, 0],
			"translation": [2.25, 7, -3.5],
			"scale": [0.8, 0.8, 0.8]
		},
		"firstperson_lefthand": {
			"rotation": [-34, 14, 0],
			"translation": [2.25, 6, -5.25],
			"scale": [0.8, 0.8, 0.8]
		},
		"ground": {
			"rotation": [-42, 95, 0],
			"translation": [0, 7.25, 0],
			"scale": [0.6, 0.6, 0.6]
		},
		"gui": {
			"rotation": [-60, 26, 46],
			"translation": [-1.25, 1.25, 0],
			"scale": [0.56, 0.56, 0.56]
		},
		"head": {
			"scale": [1, 1, -1]
		},
		"fixed": {
			"rotation": [0, -180, -45],
			"translation": [0, 0, -1.75]
		}
	},
	"groups": [
		{
			"name": "group",
			"origin": [8.05, -5, 8.25],
			"color": 0,
			"nbt": "{}",
			"armAnimationEnabled": false,
			"children": [0, 1, 2, 3, 4, 5, 6, 7, 8, 9, 10, 11, 12, 13, 14, 15, 16, 17, 18, 19, 20, 21, 22, 23, 24, 25, 26, 27, 28, 29, 30]
		}
	]
}