{"textures":{"0":"modelengine:entity/slots"},"elements":[{"from":[3.4285712,18.57143,7.428571],"to":[12.571428,21.428572,11.428572],"rotation":{"angle":0.0,"axis":"y","origin":[8.0,8.0,8.0]},"faces":{"east":{"uv":[10.25,9.375,11.125,10.0],"rotation":0,"texture":"#0","tintindex":0},"south":{"uv":[14.0,9.375,16.0,10.0],"rotation":0,"texture":"#0","tintindex":0},"north":{"uv":[11.125,9.375,13.125,10.0],"rotation":0,"texture":"#0","tintindex":0},"west":{"uv":[13.125,9.375,14.0,10.0],"rotation":0,"texture":"#0","tintindex":0},"up":{"uv":[13.125,9.375,11.125,8.5],"rotation":0,"texture":"#0","tintindex":0},"down":{"uv":[15.125,8.5,13.125,9.375],"rotation":0,"texture":"#0","tintindex":0}}},{"from":[2.8571424,3.7142854,5.142857],"to":[13.142858,12.285715,9.714286],"rotation":{"angle":0.0,"axis":"y","origin":[8.0,3.7142854,8.0]},"faces":{"east":{"uv":[5.75,6.625,6.75,8.5],"rotation":0,"texture":"#0","tintindex":0},"south":{"uv":[10.0,6.625,12.25,8.5],"rotation":0,"texture":"#0","tintindex":0},"north":{"uv":[6.75,6.625,9.0,8.5],"rotation":0,"texture":"#0","tintindex":0},"west":{"uv":[9.0,6.625,10.0,8.5],"rotation":0,"texture":"#0","tintindex":0},"up":{"uv":[9.0,6.625,6.75,5.625],"rotation":0,"texture":"#0","tintindex":0},"down":{"uv":[11.25,5.625,9.0,6.625],"rotation":0,"texture":"#0","tintindex":0}}},{"from":[2.2857141,3.7142854,2.2857141],"to":[13.714286,5.428571,13.142858],"rotation":{"angle":0.0,"axis":"y","origin":[8.0,3.7142854,8.0]},"faces":{"east":{"uv":[0.0,2.375,2.375,2.75],"rotation":0,"texture":"#0","tintindex":0},"south":{"uv":[7.25,2.375,9.75,2.75],"rotation":0,"texture":"#0","tintindex":0},"north":{"uv":[2.375,2.375,4.875,2.75],"rotation":0,"texture":"#0","tintindex":0},"west":{"uv":[4.875,2.375,7.25,2.75],"rotation":0,"texture":"#0","tintindex":0},"up":{"uv":[4.875,2.375,2.375,0.0],"rotation":0,"texture":"#0","tintindex":0},"down":{"uv":[7.375,0.0,4.875,2.375],"rotation":0,"texture":"#0","tintindex":0}}},{"from":[4.0,2.5714283,2.8571424],"to":[12.0,11.142858,7.428571],"rotation":{"angle":22.5,"axis":"x","origin":[8.0,3.7142854,8.0]},"faces":{"east":{"uv":[4.75,9.5,5.75,11.375],"rotation":0,"texture":"#0","tintindex":0},"south":{"uv":[8.5,9.5,10.25,11.375],"rotation":0,"texture":"#0","tintindex":0},"north":{"uv":[5.75,9.5,7.5,11.375],"rotation":0,"texture":"#0","tintindex":0},"west":{"uv":[7.5,9.5,8.5,11.375],"rotation":0,"texture":"#0","tintindex":0},"up":{"uv":[7.5,9.5,5.75,8.5],"rotation":0,"texture":"#0","tintindex":0},"down":{"uv":[9.25,8.5,7.5,9.5],"rotation":0,"texture":"#0","tintindex":0}}},{"from":[0.0,12.285715,9.714286],"to":[2.8571424,15.142858,12.571428],"rotation":{"angle":0.0,"axis":"y","origin":[8.0,3.7142854,8.0]},"faces":{"east":{"uv":[10.25,10.625,10.875,11.25],"rotation":0,"texture":"#0","tintindex":0},"south":{"uv":[10.875,10.625,11.5,11.25],"rotation":0,"texture":"#0","tintindex":0},"north":{"uv":[10.875,10.625,11.5,11.25],"rotation":0,"texture":"#0","tintindex":0},"west":{"uv":[11.5,10.625,10.875,11.25],"rotation":0,"texture":"#0","tintindex":0},"up":{"uv":[10.875,10.625,11.5,11.25],"rotation":0,"texture":"#0","tintindex":0},"down":{"uv":[10.875,10.625,11.5,11.25],"rotation":0,"texture":"#0","tintindex":0}}},{"from":[2.8571424,21.428572,5.714286],"to":[13.142858,28.285715,9.714286],"rotation":{"angle":0.0,"axis":"y","origin":[8.0,3.7142854,8.0]},"faces":{"east":{"uv":[7.375,0.875,8.25,2.375],"rotation":0,"texture":"#0","tintindex":0},"south":{"uv":[11.375,0.875,13.625,2.375],"rotation":0,"texture":"#0","tintindex":0},"north":{"uv":[8.25,0.875,10.5,2.375],"rotation":0,"texture":"#0","tintindex":0},"west":{"uv":[10.5,0.875,11.375,2.375],"rotation":0,"texture":"#0","tintindex":0},"up":{"uv":[10.5,0.875,8.25,0.0],"rotation":0,"texture":"#0","tintindex":0},"down":{"uv":[12.75,0.0,10.5,0.875],"rotation":0,"texture":"#0","tintindex":0}}},{"from":[2.8571424,3.7142854,9.714286],"to":[13.142858,28.285715,12.571428],"rotation":{"angle":0.0,"axis":"y","origin":[8.0,3.7142854,8.0]},"faces":{"east":{"uv":[0.0,3.375,0.625,8.75],"rotation":0,"texture":"#0","tintindex":0},"south":{"uv":[3.5,3.375,5.75,8.75],"rotation":0,"texture":"#0","tintindex":0},"north":{"uv":[0.625,3.375,2.875,8.75],"rotation":0,"texture":"#0","tintindex":0},"west":{"uv":[2.875,3.375,3.5,8.75],"rotation":0,"texture":"#0","tintindex":0},"up":{"uv":[2.875,3.375,0.625,2.75],"rotation":0,"texture":"#0","tintindex":0},"down":{"uv":[5.125,2.75,2.875,3.375],"rotation":0,"texture":"#0","tintindex":0}}},{"from":[3.4285712,7.142857,5.714286],"to":[12.571428,13.428572,12.571428],"rotation":{"angle":-22.5,"axis":"x","origin":[8.0,8.0,8.0]},"faces":{"east":{"uv":[5.75,4.25,7.25,5.625],"rotation":0,"texture":"#0","tintindex":0},"south":{"uv":[10.75,4.25,12.75,5.625],"rotation":0,"texture":"#0","tintindex":0},"north":{"uv":[7.25,4.25,9.25,5.625],"rotation":0,"texture":"#0","tintindex":0},"west":{"uv":[9.25,4.25,10.75,5.625],"rotation":0,"texture":"#0","tintindex":0},"up":{"uv":[9.25,4.25,7.25,2.75],"rotation":0,"texture":"#0","tintindex":0},"down":{"uv":[11.25,2.75,9.25,4.25],"rotation":0,"texture":"#0","tintindex":0}}},{"from":[4.5714283,5.428571,6.857143],"to":[6.857143,14.0,9.142858],"rotation":{"angle":-22.5,"axis":"x","origin":[8.0,8.0,8.0]},"faces":{"east":{"uv":[0.0,0.5,0.5,2.375],"rotation":0,"texture":"#0","tintindex":0},"south":{"uv":[1.5,0.5,2.0,2.375],"rotation":0,"texture":"#0","tintindex":0},"north":{"uv":[0.5,0.5,1.0,2.375],"rotation":0,"texture":"#0","tintindex":0},"west":{"uv":[1.0,0.5,1.5,2.375],"rotation":0,"texture":"#0","tintindex":0},"up":{"uv":[1.0,0.5,0.5,0.0],"rotation":0,"texture":"#0","tintindex":0},"down":{"uv":[1.5,0.0,1.0,0.5],"rotation":0,"texture":"#0","tintindex":0}}},{"from":[9.714286,5.428571,6.857143],"to":[11.428572,14.0,8.571428],"rotation":{"angle":-22.5,"axis":"x","origin":[8.0,8.0,8.0]},"faces":{"east":{"uv":[0.0,11.625,0.375,13.5],"rotation":0,"texture":"#0","tintindex":0},"south":{"uv":[1.125,11.625,1.5,13.5],"rotation":0,"texture":"#0","tintindex":0},"north":{"uv":[0.375,11.625,0.75,13.5],"rotation":0,"texture":"#0","tintindex":0},"west":{"uv":[0.75,11.625,1.125,13.5],"rotation":0,"texture":"#0","tintindex":0},"up":{"uv":[0.75,11.625,0.375,11.25],"rotation":0,"texture":"#0","tintindex":0},"down":{"uv":[1.125,11.25,0.75,11.625],"rotation":0,"texture":"#0","tintindex":0}}}],"display":{"head":{"translation":[0.0,-6.4,0.0],"scale":[4.0,4.0,4.0]}}}