{
	"credit": "MadewithBlockbench",
	"texture_size": [48, 48],
	"textures": {
		"0": "item/haloween/backpack",
		"particle": "item/haloween/backpack"
	},
	"elements": [
		{
			"from": [3.72008, 12.71272, 3.33032],
			"to": [12.27992, 16.31128, 11.55968],
			"rotation": {"angle": 0, "axis": "y", "origin": [8, 14.257, 7.3685]},
			"faces": {
				"north": {"uv": [10, 6.66667, 12.83333, 7.83333], "texture": "#0"},
				"east": {"uv": [10.33333, 0, 13, 1.16667], "texture": "#0"},
				"south": {"uv": [9.33333, 10, 12.16667, 11.16667], "texture": "#0"},
				"west": {"uv": [10.33333, 1.33333, 13, 2.5], "texture": "#0"},
				"up": {"uv": [9.83333, 8, 7, 5.33333], "texture": "#0"},
				"down": {"uv": [10.16667, 0, 7.33333, 2.66667], "texture": "#0"}
			}
		},
		{
			"from": [3.5, 4.8, 3.3],
			"to": [5.7, 16.6, 3.3],
			"rotation": {"angle": 0, "axis": "y", "origin": [8, 8, 8]},
			"faces": {
				"north": {"uv": [2, 9.33333, 2.66667, 13.33333], "texture": "#0"},
				"east": {"uv": [3.33333, 8, 5.16667, 12], "texture": "#0"},
				"south": {"uv": [2.66667, 9.33333, 2, 13.33333], "texture": "#0"},
				"west": {"uv": [5.33333, 8, 7.16667, 12], "texture": "#0"},
				"up": {"uv": [9, 13.83333, 8.33333, 12], "texture": "#0"},
				"down": {"uv": [9, 12, 8.33333, 13.83333], "texture": "#0"}
			}
		},
		{
			"from": [2.804, 5.748, 2.411],
			"to": [13.196, 13.276, 12.479],
			"rotation": {"angle": 0, "axis": "y", "origin": [8, 14.262, 7.37]},
			"faces": {
				"north": {"uv": [7.16667, 2.66667, 3.66667, 5.16667], "texture": "#0"},
				"east": {"uv": [3.66667, 5.33333, 7, 7.83333], "texture": "#0"},
				"south": {"uv": [3.66667, 2.66667, 7.16667, 5.16667], "texture": "#0"},
				"west": {"uv": [0, 6.66667, 3.33333, 9.16667], "texture": "#0"},
				"up": {"uv": [3.5, 3.33333, 0, 0], "texture": "#0"},
				"down": {"uv": [3.5, 3.33333, 0, 6.66667], "texture": "#0"}
			}
		},
		{
			"from": [0.412, 6.748, 3.411],
			"to": [2.804, 12.276, 11.479],
			"rotation": {"angle": 0, "axis": "y", "origin": [10.608, 14.262, 7.37]},
			"faces": {
				"north": {"uv": [5.33333, 12, 6.16667, 13.83333], "texture": "#0"},
				"east": {"uv": [7.33333, 2.66667, 10, 4.5], "texture": "#0"},
				"south": {"uv": [6.33333, 12, 7.16667, 13.83333], "texture": "#0"},
				"west": {"uv": [9.33333, 8, 12, 9.83333], "texture": "#0"},
				"up": {"uv": [11.5, 14, 10.66667, 11.33333], "texture": "#0"},
				"down": {"uv": [12.5, 11.33333, 11.66667, 14], "texture": "#0"}
			}
		},
		{
			"from": [13.196, 6.748, 3.411],
			"to": [15.588, 12.276, 11.479],
			"rotation": {"angle": 0, "axis": "y", "origin": [5.392, 14.262, 7.37]},
			"faces": {
				"north": {"uv": [7.33333, 12, 8.16667, 13.83333], "texture": "#0"},
				"east": {"uv": [10, 2.66667, 12.66667, 4.5], "texture": "#0"},
				"south": {"uv": [12, 8, 12.83333, 9.83333], "texture": "#0"},
				"west": {"uv": [10, 4.66667, 12.66667, 6.5], "texture": "#0"},
				"up": {"uv": [4.16667, 14.66667, 3.33333, 12], "texture": "#0"},
				"down": {"uv": [5.16667, 12, 4.33333, 14.66667], "texture": "#0"}
			}
		},
		{
			"from": [3.5, 4.8, -2.3],
			"to": [5.7, 16.6, -2.3],
			"rotation": {"angle": 0, "axis": "y", "origin": [8, 8, 8]},
			"faces": {
				"north": {"uv": [2, 9.33333, 2.66667, 13.33333], "texture": "#0"},
				"east": {"uv": [3.33333, 8, 5.16667, 12], "texture": "#0"},
				"south": {"uv": [2.66667, 9.33333, 2, 13.33333], "texture": "#0"},
				"west": {"uv": [5.33333, 8, 7.16667, 12], "texture": "#0"},
				"up": {"uv": [9, 13.83333, 8.33333, 12], "texture": "#0"},
				"down": {"uv": [9, 12, 8.33333, 13.83333], "texture": "#0"}
			}
		},
		{
			"from": [3.5, 16.6, -2.3],
			"to": [5.7, 16.6, 3.3],
			"rotation": {"angle": 0, "axis": "y", "origin": [8, 8, 8]},
			"faces": {
				"north": {"uv": [2, 9.33333, 2.66667, 13.33333], "texture": "#0"},
				"east": {"uv": [3.33333, 8, 5.16667, 12], "texture": "#0"},
				"south": {"uv": [2.66667, 9.33333, 2, 13.33333], "texture": "#0"},
				"west": {"uv": [5.33333, 8, 7.16667, 12], "texture": "#0"},
				"up": {"uv": [9, 13.83333, 8.33333, 12], "texture": "#0"},
				"down": {"uv": [9, 12, 8.33333, 13.83333], "texture": "#0"}
			}
		},
		{
			"from": [3.5, 4.8, -2.3],
			"to": [5.7, 4.8, 3.3],
			"rotation": {"angle": 0, "axis": "y", "origin": [8, 8, 8]},
			"faces": {
				"north": {"uv": [2, 9.33333, 2.66667, 13.33333], "texture": "#0"},
				"east": {"uv": [3.33333, 8, 5.16667, 12], "texture": "#0"},
				"south": {"uv": [2.66667, 9.33333, 2, 13.33333], "texture": "#0"},
				"west": {"uv": [5.33333, 8, 7.16667, 12], "texture": "#0"},
				"up": {"uv": [9, 13.83333, 8.33333, 12], "texture": "#0"},
				"down": {"uv": [9, 12, 8.33333, 13.83333], "texture": "#0"}
			}
		},
		{
			"from": [10.3, 4.8, -2.3],
			"to": [12.5, 4.8, 3.3],
			"rotation": {"angle": 0, "axis": "y", "origin": [8, 8, 8]},
			"faces": {
				"north": {"uv": [2.66667, 9.33333, 2, 13.33333], "texture": "#0"},
				"east": {"uv": [7.16667, 8, 5.33333, 12], "texture": "#0"},
				"south": {"uv": [2, 9.33333, 2.66667, 13.33333], "texture": "#0"},
				"west": {"uv": [5.16667, 8, 3.33333, 12], "texture": "#0"},
				"up": {"uv": [8.33333, 13.83333, 9, 12], "texture": "#0"},
				"down": {"uv": [8.33333, 12, 9, 13.83333], "texture": "#0"}
			}
		},
		{
			"from": [10.3, 4.8, 3.3],
			"to": [12.5, 16.6, 3.3],
			"rotation": {"angle": 0, "axis": "y", "origin": [8, 8, 8]},
			"faces": {
				"north": {"uv": [2.66667, 9.33333, 2, 13.33333], "texture": "#0"},
				"east": {"uv": [7.16667, 8, 5.33333, 12], "texture": "#0"},
				"south": {"uv": [2, 9.33333, 2.66667, 13.33333], "texture": "#0"},
				"west": {"uv": [5.16667, 8, 3.33333, 12], "texture": "#0"},
				"up": {"uv": [8.33333, 13.83333, 9, 12], "texture": "#0"},
				"down": {"uv": [8.33333, 12, 9, 13.83333], "texture": "#0"}
			}
		},
		{
			"from": [10.3, 16.6, -2.3],
			"to": [12.5, 16.6, 3.3],
			"rotation": {"angle": 0, "axis": "y", "origin": [8, 8, 8]},
			"faces": {
				"north": {"uv": [2.66667, 9.33333, 2, 13.33333], "texture": "#0"},
				"east": {"uv": [7.16667, 8, 5.33333, 12], "texture": "#0"},
				"south": {"uv": [2, 9.33333, 2.66667, 13.33333], "texture": "#0"},
				"west": {"uv": [5.16667, 8, 3.33333, 12], "texture": "#0"},
				"up": {"uv": [8.33333, 13.83333, 9, 12], "texture": "#0"},
				"down": {"uv": [8.33333, 12, 9, 13.83333], "texture": "#0"}
			}
		},
		{
			"from": [10.3, 4.8, -2.3],
			"to": [12.5, 16.6, -2.3],
			"rotation": {"angle": 0, "axis": "y", "origin": [8, 8, 8]},
			"faces": {
				"north": {"uv": [2.66667, 9.33333, 2, 13.33333], "texture": "#0"},
				"east": {"uv": [7.16667, 8, 5.33333, 12], "texture": "#0"},
				"south": {"uv": [2, 9.33333, 2.66667, 13.33333], "texture": "#0"},
				"west": {"uv": [5.16667, 8, 3.33333, 12], "texture": "#0"},
				"up": {"uv": [8.33333, 13.83333, 9, 12], "texture": "#0"},
				"down": {"uv": [8.33333, 12, 9, 13.83333], "texture": "#0"}
			}
		}
	],
	"gui_light": "front",
	"display": {
		"thirdperson_righthand": {
			"translation": [0, -1, 0],
			"scale": [0.45, 0.45, 0.45]
		},
		"thirdperson_lefthand": {
			"rotation": [67.25, 0, 0],
			"translation": [-6, -11.5, 7]
		},
		"firstperson_righthand": {
			"translation": [0.5, 0, 0],
			"scale": [0.75, 0.75, 0.75]
		},
		"firstperson_lefthand": {
			"scale": [0, 0, 0]
		},
		"ground": {
			"rotation": [29, 0, 0],
			"scale": [0.4, 0.4, 0.4]
		},
		"gui": {
			"rotation": [28, 151, 0],
			"translation": [0.5, -0.75, 0],
			"scale": [0.78, 0.78, 0.78]
		},
		"head": {
			"scale": [0, 0, 0]
		},
		"fixed": {
			"rotation": [152.75, 0, -180],
			"translation": [0, -3.75, -5.25]
		}
	},
	"groups": [
		{
			"name": "group",
			"origin": [8, 8, 8],
			"color": 0,
			"nbt": "{}",
			"armAnimationEnabled": false,
			"children": [0, 1, 2, 3, 4, 5, 6, 7, 8, 9, 10, 11]
		}
	]
}