{
	"credit": "Made with Blockbench",
	"textures": {
		"0": "item/merge/asura_card_coin",
		"particle": "item/merge/asura_card_coin"
	},
	"elements": [
		{
			"from": [5.14645, 6.48483, 7.875],
			"to": [5.27145, 7.48483, 8.125],
			"rotation": {"angle": 0, "axis": "y", "origin": [8, 8, 8]},
			"faces": {
				"north": {"uv": [2, 10, 2.125, 11], "texture": "#0"},
				"east": {"uv": [2, 9, 2.25, 10], "texture": "#0"},
				"south": {"uv": [3, 10, 3.125, 11], "texture": "#0"},
				"west": {"uv": [3, 9, 3.25, 10], "texture": "#0"},
				"up": {"uv": [13.125, 1.25, 13, 1], "texture": "#0"},
				"down": {"uv": [2.125, 13, 2, 13.25], "texture": "#0"}
			}
		},
		{
			"from": [5.14645, 8.51517, 7.875],
			"to": [5.27145, 9.51517, 8.125],
			"rotation": {"angle": 0, "axis": "y", "origin": [8, 8, 8]},
			"faces": {
				"north": {"uv": [9, 10, 9.125, 11], "texture": "#0"},
				"east": {"uv": [4, 9, 4.25, 10], "texture": "#0"},
				"south": {"uv": [10, 9, 10.125, 10], "texture": "#0"},
				"west": {"uv": [5, 9, 5.25, 10], "texture": "#0"},
				"up": {"uv": [13.125, 6.25, 13, 6], "texture": "#0"},
				"down": {"uv": [7.125, 13, 7, 13.25], "texture": "#0"}
			}
		},
		{
			"from": [5.5, 9.74372, 7.875],
			"to": [10.5, 9.86872, 8.125],
			"rotation": {"angle": 0, "axis": "z", "origin": [8, 8, 8]},
			"faces": {
				"north": {"uv": [7, 6, 12, 6.125], "texture": "#0"},
				"east": {"uv": [13, 9, 13.25, 9.125], "texture": "#0"},
				"south": {"uv": [7, 7, 12, 7.125], "texture": "#0"},
				"west": {"uv": [10, 13, 10.25, 13.125], "texture": "#0"},
				"up": {"uv": [12, 0.25, 7, 0], "texture": "#0"},
				"down": {"uv": [12, 1, 7, 1.25], "texture": "#0"}
			}
		},
		{
			"from": [5.5, 6.13128, 7.875],
			"to": [10.5, 6.25628, 8.125],
			"rotation": {"angle": 0, "axis": "z", "origin": [8, 8, 8]},
			"faces": {
				"north": {"uv": [0, 8, 5, 8.125], "texture": "#0"},
				"east": {"uv": [13, 10, 13.25, 10.125], "texture": "#0"},
				"south": {"uv": [5, 8, 10, 8.125], "texture": "#0"},
				"west": {"uv": [11, 13, 11.25, 13.125], "texture": "#0"},
				"up": {"uv": [12, 2.25, 7, 2], "texture": "#0"},
				"down": {"uv": [12, 3, 7, 3.25], "texture": "#0"}
			}
		},
		{
			"from": [6.34651, 5.61796, 7.875],
			"to": [6.47151, 6.11796, 8.125],
			"rotation": {"angle": -45, "axis": "z", "origin": [8, 8, 8]},
			"faces": {
				"north": {"uv": [3, 12, 3.125, 12.5], "texture": "#0"},
				"east": {"uv": [4, 10, 4.25, 10.5], "texture": "#0"},
				"south": {"uv": [12, 3, 12.125, 3.5], "texture": "#0"},
				"west": {"uv": [5, 10, 5.25, 10.5], "texture": "#0"},
				"up": {"uv": [13.125, 2.25, 13, 2], "texture": "#0"},
				"down": {"uv": [3.125, 13, 3, 13.25], "texture": "#0"}
			}
		},
		{
			"from": [5.61796, 6.34651, 7.875],
			"to": [6.11796, 6.47151, 8.125],
			"rotation": {"angle": -45, "axis": "z", "origin": [8, 8, 8]},
			"faces": {
				"north": {"uv": [6, 12, 6.5, 12.125], "texture": "#0"},
				"east": {"uv": [5, 13, 5.25, 13.125], "texture": "#0"},
				"south": {"uv": [12, 6, 12.5, 6.125], "texture": "#0"},
				"west": {"uv": [6, 13, 6.25, 13.125], "texture": "#0"},
				"up": {"uv": [8.5, 10.25, 8, 10], "texture": "#0"},
				"down": {"uv": [10.5, 8, 10, 8.25], "texture": "#0"}
			}
		},
		{
			"from": [7.05362, 10.96415, 7.875],
			"to": [7.55362, 11.08915, 8.125],
			"rotation": {"angle": 45, "axis": "z", "origin": [8, 8, 8]},
			"faces": {
				"north": {"uv": [7, 12, 7.5, 12.125], "texture": "#0"},
				"east": {"uv": [13, 7, 13.25, 7.125], "texture": "#0"},
				"south": {"uv": [12, 7, 12.5, 7.125], "texture": "#0"},
				"west": {"uv": [8, 13, 8.25, 13.125], "texture": "#0"},
				"up": {"uv": [10.5, 10.25, 10, 10], "texture": "#0"},
				"down": {"uv": [2.5, 11, 2, 11.25], "texture": "#0"}
			}
		},
		{
			"from": [7.05362, 4.91085, 7.875],
			"to": [7.55362, 5.03585, 8.125],
			"rotation": {"angle": -45, "axis": "z", "origin": [8, 8, 8]},
			"faces": {
				"north": {"uv": [8, 12, 8.5, 12.125], "texture": "#0"},
				"east": {"uv": [13, 8, 13.25, 8.125], "texture": "#0"},
				"south": {"uv": [12, 8, 12.5, 8.125], "texture": "#0"},
				"west": {"uv": [9, 13, 9.25, 13.125], "texture": "#0"},
				"up": {"uv": [3.5, 11.25, 3, 11], "texture": "#0"},
				"down": {"uv": [4.5, 11, 4, 11.25], "texture": "#0"}
			}
		},
		{
			"from": [5.46339, 7.75, 7.875],
			"to": [5.58839, 8.25, 8.125],
			"rotation": {"angle": 0, "axis": "z", "origin": [8, 8, 8]},
			"faces": {
				"north": {"uv": [4, 12, 4.125, 12.5], "texture": "#0"},
				"east": {"uv": [6, 10, 6.25, 10.5], "texture": "#0"},
				"south": {"uv": [5, 12, 5.125, 12.5], "texture": "#0"},
				"west": {"uv": [7, 10, 7.25, 10.5], "texture": "#0"},
				"up": {"uv": [13.125, 3.25, 13, 3], "texture": "#0"},
				"down": {"uv": [4.125, 13, 4, 13.25], "texture": "#0"}
			}
		},
		{
			"from": [8.44638, 10.96415, 7.875],
			"to": [8.94638, 11.08915, 8.125],
			"rotation": {"angle": -45, "axis": "z", "origin": [8, 8, 8]},
			"faces": {
				"north": {"uv": [13, 0, 13.5, 0.125], "texture": "#0"},
				"east": {"uv": [4, 14, 4.25, 14.125], "texture": "#0"},
				"south": {"uv": [1, 13, 1.5, 13.125], "texture": "#0"},
				"west": {"uv": [14, 4, 14.25, 4.125], "texture": "#0"},
				"up": {"uv": [2.5, 12.25, 2, 12], "texture": "#0"},
				"down": {"uv": [12.5, 2, 12, 2.25], "texture": "#0"}
			}
		},
		{
			"from": [10.72855, 8.51517, 7.875],
			"to": [10.85355, 9.51517, 8.125],
			"rotation": {"angle": 0, "axis": "y", "origin": [8, 8, 8]},
			"faces": {
				"north": {"uv": [12, 0, 12.125, 1], "texture": "#0"},
				"east": {"uv": [8, 9, 8.25, 10], "texture": "#0"},
				"south": {"uv": [12, 1, 12.125, 2], "texture": "#0"},
				"west": {"uv": [9, 9, 9.25, 10], "texture": "#0"},
				"up": {"uv": [3.125, 14.25, 3, 14], "texture": "#0"},
				"down": {"uv": [14.125, 3, 14, 3.25], "texture": "#0"}
			}
		},
		{
			"from": [4.9375, 6, 7.9375],
			"to": [11.0625, 10, 8.0625],
			"rotation": {"angle": 0, "axis": "y", "origin": [8, 8, 8]},
			"faces": {
				"north": {"uv": [0, 0, 6.125, 4], "texture": "#0"},
				"east": {"uv": [0, 9, 0.125, 13], "texture": "#0"},
				"south": {"uv": [0, 0, 6.125, 4], "texture": "#0"},
				"west": {"uv": [1, 9, 1.125, 13], "texture": "#0"},
				"up": {"uv": [13.125, 4.125, 7, 4], "texture": "#0"},
				"down": {"uv": [13.125, 5, 7, 5.125], "texture": "#0"}
			}
		},
		{
			"from": [9.88204, 6.34651, 7.875],
			"to": [10.38204, 6.47151, 8.125],
			"rotation": {"angle": 45, "axis": "z", "origin": [8, 8, 8]},
			"faces": {
				"north": {"uv": [12, 12, 12.5, 12.125], "texture": "#0"},
				"east": {"uv": [2, 14, 2.25, 14.125], "texture": "#0"},
				"south": {"uv": [0, 13, 0.5, 13.125], "texture": "#0"},
				"west": {"uv": [14, 2, 14.25, 2.125], "texture": "#0"},
				"up": {"uv": [11.5, 10.25, 11, 10], "texture": "#0"},
				"down": {"uv": [11.5, 11, 11, 11.25], "texture": "#0"}
			}
		},
		{
			"from": [10.41161, 7.75, 7.875],
			"to": [10.53661, 8.25, 8.125],
			"rotation": {"angle": 0, "axis": "z", "origin": [8, 8, 8]},
			"faces": {
				"north": {"uv": [11, 12, 11.125, 12.5], "texture": "#0"},
				"east": {"uv": [11, 9, 11.25, 9.5], "texture": "#0"},
				"south": {"uv": [12, 11, 12.125, 11.5], "texture": "#0"},
				"west": {"uv": [10, 11, 10.25, 11.5], "texture": "#0"},
				"up": {"uv": [1.125, 14.25, 1, 14], "texture": "#0"},
				"down": {"uv": [14.125, 1, 14, 1.25], "texture": "#0"}
			}
		},
		{
			"from": [9.52849, 5.61796, 7.875],
			"to": [9.65349, 6.11796, 8.125],
			"rotation": {"angle": 45, "axis": "z", "origin": [8, 8, 8]},
			"faces": {
				"north": {"uv": [10, 12, 10.125, 12.5], "texture": "#0"},
				"east": {"uv": [11, 8, 11.25, 8.5], "texture": "#0"},
				"south": {"uv": [12, 10, 12.125, 10.5], "texture": "#0"},
				"west": {"uv": [9, 11, 9.25, 11.5], "texture": "#0"},
				"up": {"uv": [0.125, 14.25, 0, 14], "texture": "#0"},
				"down": {"uv": [14.125, 0, 14, 0.25], "texture": "#0"}
			}
		},
		{
			"from": [10.72855, 6.48483, 7.875],
			"to": [10.85355, 7.48483, 8.125],
			"rotation": {"angle": 0, "axis": "y", "origin": [8, 8, 8]},
			"faces": {
				"north": {"uv": [7, 11, 7.125, 12], "texture": "#0"},
				"east": {"uv": [6, 9, 6.25, 10], "texture": "#0"},
				"south": {"uv": [8, 11, 8.125, 12], "texture": "#0"},
				"west": {"uv": [7, 9, 7.25, 10], "texture": "#0"},
				"up": {"uv": [13.125, 12.25, 13, 12], "texture": "#0"},
				"down": {"uv": [13.125, 13, 13, 13.25], "texture": "#0"}
			}
		},
		{
			"from": [8.44638, 4.91085, 7.875],
			"to": [8.94638, 5.03585, 8.125],
			"rotation": {"angle": 45, "axis": "z", "origin": [8, 8, 8]},
			"faces": {
				"north": {"uv": [9, 12, 9.5, 12.125], "texture": "#0"},
				"east": {"uv": [13, 11, 13.25, 11.125], "texture": "#0"},
				"south": {"uv": [12, 9, 12.5, 9.125], "texture": "#0"},
				"west": {"uv": [12, 13, 12.25, 13.125], "texture": "#0"},
				"up": {"uv": [5.5, 11.25, 5, 11], "texture": "#0"},
				"down": {"uv": [6.5, 11, 6, 11.25], "texture": "#0"}
			}
		},
		{
			"from": [6.5, 6.5, 7.9],
			"to": [9.5, 9.5, 7.9],
			"rotation": {"angle": 0, "axis": "y", "origin": [5.5, 5.5, 1]},
			"faces": {
				"north": {"uv": [0, 4.375, 3, 7.375], "texture": "#0"},
				"east": {"uv": [0, 0, 0, 3], "texture": "#0"},
				"south": {"uv": [0, 4.375, 3, 7.375], "texture": "#0"},
				"west": {"uv": [0, 0, 0, 3], "texture": "#0"},
				"up": {"uv": [0, 0, 3, 0], "texture": "#0"},
				"down": {"uv": [0, 0, 3, 0], "texture": "#0"}
			}
		},
		{
			"from": [6.5, 6.5, 8.1],
			"to": [9.5, 9.5, 8.1],
			"rotation": {"angle": 0, "axis": "y", "origin": [5.5, 5.5, 1]},
			"faces": {
				"north": {"uv": [0, 4.375, 3, 7.375], "texture": "#0"},
				"east": {"uv": [0, 0, 0, 3], "texture": "#0"},
				"south": {"uv": [0, 4.375, 3, 7.375], "texture": "#0"},
				"west": {"uv": [0, 0, 0, 3], "texture": "#0"},
				"up": {"uv": [0, 0, 3, 0], "texture": "#0"},
				"down": {"uv": [0, 0, 3, 0], "texture": "#0"}
			}
		}
	],
	"display": {
		"thirdperson_righthand": {
			"translation": [0, 1.75, 0]
		},
		"thirdperson_lefthand": {
			"translation": [0, 1.75, 0]
		},
		"firstperson_righthand": {
			"translation": [0, 1.75, 1.5]
		},
		"firstperson_lefthand": {
			"translation": [0, 1.5, 1.25]
		},
		"ground": {
			"translation": [0, -1.5, 0]
		},
		"gui": {
			"scale": [2, 2, 2]
		},
		"head": {
			"scale": [0, 0, 0]
		},
		"fixed": {
			"translation": [0, 0, -0.25],
			"scale": [1.5, 1.5, 1.5]
		}
	}
}