{
	"credit": "Made with Blockbench",
	"texture_size": [32, 32],
	"textures": {
		"0": "item/merge/asura_wings",
		"particle": "item/merge/asura_wings"
	},
	"elements": [
		{
			"from": [1.34196, 10.0244, 7.4354],
			"to": [5.34196, 11.0244, 8.4354],
			"rotation": {"angle": -22.5, "axis": "z", "origin": [0.1, 10.28279, 7.9354]},
			"faces": {
				"north": {"uv": [9, 9, 11, 9.5], "texture": "#0"},
				"east": {"uv": [12, 10.5, 12.5, 11], "texture": "#0"},
				"south": {"uv": [9, 8.5, 11, 9], "texture": "#0"},
				"west": {"uv": [2, 12.5, 2.5, 13], "texture": "#0"},
				"up": {"uv": [10, 4.5, 9.5, 2.5], "rotation": 90, "texture": "#0"},
				"down": {"uv": [3.5, 9.5, 3, 11.5], "rotation": 270, "texture": "#0"}
			}
		},
		{
			"from": [3.29985, 7.95526, 7.4354],
			"to": [5.29985, 8.95526, 8.4354],
			"rotation": {"angle": -22.5, "axis": "z", "origin": [0.1, 10.28279, 7.9354]},
			"faces": {
				"north": {"uv": [12, 0.5, 13, 1], "texture": "#0"},
				"east": {"uv": [13.5, 11, 14, 11.5], "texture": "#0"},
				"south": {"uv": [12, 0, 13, 0.5], "texture": "#0"},
				"west": {"uv": [13.5, 11.5, 14, 12], "texture": "#0"},
				"up": {"uv": [10.5, 12.5, 10, 11.5], "rotation": 90, "texture": "#0"},
				"down": {"uv": [12.5, 1, 12, 2], "rotation": 270, "texture": "#0"}
			}
		},
		{
			"from": [2.28079, 3.88717, 7.6854],
			"to": [4.28079, 6.88717, 8.1854],
			"rotation": {"angle": 0, "axis": "z", "origin": [0.1, 10.28279, 7.9354]},
			"faces": {
				"north": {"uv": [2, 9, 3, 10.5], "texture": "#0"},
				"east": {"uv": [10.5, 13, 10.75, 14.5], "texture": "#0"},
				"south": {"uv": [1, 9, 2, 10.5], "texture": "#0"},
				"west": {"uv": [11, 13, 11.25, 14.5], "texture": "#0"},
				"up": {"uv": [13.75, 13, 13.5, 12], "rotation": 90, "texture": "#0"},
				"down": {"uv": [12.75, 13.5, 12.5, 14.5], "rotation": 270, "texture": "#0"}
			}
		},
		{
			"from": [2.28079, 0.88717, 7.9354],
			"to": [4.28079, 5.88717, 7.9354],
			"rotation": {"angle": 0, "axis": "z", "origin": [0.1, 10.28279, 7.9354]},
			"faces": {
				"north": {"uv": [8, 0, 9, 2.5], "texture": "#0"},
				"east": {"uv": [0, 0, 0, 2.5], "texture": "#0"},
				"south": {"uv": [7, 6, 8, 8.5], "texture": "#0"},
				"west": {"uv": [0, 0, 0, 2.5], "texture": "#0"},
				"up": {"uv": [0, 1, 0, 0], "rotation": 90, "texture": "#0"},
				"down": {"uv": [0, 0, 0, 1], "rotation": 270, "texture": "#0"}
			}
		},
		{
			"from": [4.59633, 8.51608, 7.6204],
			"to": [7.61633, 8.83108, 8.2504],
			"rotation": {"angle": -45, "axis": "z", "origin": [0.1, 10.28279, 7.9354]},
			"faces": {
				"north": {"uv": [7, 14, 8.5, 14.125], "texture": "#0"},
				"east": {"uv": [14, 12, 14.375, 12.125], "texture": "#0"},
				"south": {"uv": [14, 6.5, 15.5, 6.625], "texture": "#0"},
				"west": {"uv": [14, 12.5, 14.375, 12.625], "texture": "#0"},
				"up": {"uv": [4.375, 13, 4, 11.5], "rotation": 90, "texture": "#0"},
				"down": {"uv": [4.875, 11.5, 4.5, 13], "rotation": 270, "texture": "#0"}
			}
		},
		{
			"from": [-0.02949, 4.60323, 7.5154],
			"to": [1.81051, 5.44323, 8.3554],
			"rotation": {"angle": 45, "axis": "z", "origin": [0.1, 10.28279, 7.9354]},
			"faces": {
				"north": {"uv": [13, 2, 13.875, 2.375], "texture": "#0"},
				"east": {"uv": [14, 8.5, 14.375, 8.875], "texture": "#0"},
				"south": {"uv": [12, 2, 12.875, 2.375], "texture": "#0"},
				"west": {"uv": [14, 9, 14.375, 9.375], "texture": "#0"},
				"up": {"uv": [13.375, 10.375, 13, 9.5], "rotation": 90, "texture": "#0"},
				"down": {"uv": [11.875, 13, 11.5, 13.875], "rotation": 270, "texture": "#0"}
			}
		},
		{
			"from": [-1.09015, 7.21953, 7.5154],
			"to": [0.74985, 8.05953, 8.3554],
			"rotation": {"angle": 45, "axis": "z", "origin": [0.1, 10.28279, 7.9354]},
			"faces": {
				"north": {"uv": [13, 2, 13.875, 2.375], "texture": "#0"},
				"east": {"uv": [14, 8.5, 14.375, 8.875], "texture": "#0"},
				"south": {"uv": [12, 2, 12.875, 2.375], "texture": "#0"},
				"west": {"uv": [14, 9, 14.375, 9.375], "texture": "#0"},
				"up": {"uv": [13.375, 10.375, 13, 9.5], "rotation": 90, "texture": "#0"},
				"down": {"uv": [11.875, 13, 11.5, 13.875], "rotation": 270, "texture": "#0"}
			}
		},
		{
			"from": [0.47681, 7.97656, 7.4354],
			"to": [2.47681, 8.97656, 8.4354],
			"rotation": {"angle": -22.5, "axis": "z", "origin": [0.1, 10.28279, 7.9354]},
			"faces": {
				"north": {"uv": [12, 0.5, 13, 1], "texture": "#0"},
				"east": {"uv": [13.5, 11, 14, 11.5], "texture": "#0"},
				"south": {"uv": [12, 0, 13, 0.5], "texture": "#0"},
				"west": {"uv": [13.5, 11.5, 14, 12], "texture": "#0"},
				"up": {"uv": [10.5, 12.5, 10, 11.5], "rotation": 90, "texture": "#0"},
				"down": {"uv": [12.5, 1, 12, 2], "rotation": 270, "texture": "#0"}
			}
		},
		{
			"from": [-2.46194, 9.74617, 7.4354],
			"to": [-1.46194, 11.74617, 8.4354],
			"rotation": {"angle": 45, "axis": "z", "origin": [0.1, 10.28279, 7.9354]},
			"faces": {
				"north": {"uv": [12, 0.5, 13, 1], "rotation": 270, "texture": "#0"},
				"east": {"uv": [10.5, 12.5, 10, 11.5], "rotation": 180, "texture": "#0"},
				"south": {"uv": [12, 0, 13, 0.5], "rotation": 90, "texture": "#0"},
				"west": {"uv": [12.5, 1, 12, 2], "texture": "#0"},
				"up": {"uv": [13.5, 11.5, 14, 12], "rotation": 90, "texture": "#0"},
				"down": {"uv": [13.5, 11, 14, 11.5], "rotation": 90, "texture": "#0"}
			}
		},
		{
			"from": [-3.79914, 11.45504, 7.4354],
			"to": [-2.79914, 13.45504, 8.4354],
			"rotation": {"angle": 22.5, "axis": "z", "origin": [0.1, 10.28279, 7.9354]},
			"faces": {
				"north": {"uv": [12, 0.5, 13, 1], "rotation": 270, "texture": "#0"},
				"east": {"uv": [10.5, 12.5, 10, 11.5], "rotation": 180, "texture": "#0"},
				"south": {"uv": [12, 0, 13, 0.5], "rotation": 90, "texture": "#0"},
				"west": {"uv": [12.5, 1, 12, 2], "texture": "#0"},
				"up": {"uv": [13.5, 11.5, 14, 12], "rotation": 90, "texture": "#0"},
				"down": {"uv": [13.5, 11, 14, 11.5], "rotation": 90, "texture": "#0"}
			}
		},
		{
			"from": [-0.31921, 4.98717, 7.6854],
			"to": [1.68079, 7.98717, 8.1854],
			"rotation": {"angle": 0, "axis": "z", "origin": [0.1, 10.28279, 7.9354]},
			"faces": {
				"north": {"uv": [2, 9, 3, 10.5], "texture": "#0"},
				"east": {"uv": [10.5, 13, 10.75, 14.5], "texture": "#0"},
				"south": {"uv": [1, 9, 2, 10.5], "texture": "#0"},
				"west": {"uv": [11, 13, 11.25, 14.5], "texture": "#0"},
				"up": {"uv": [13.75, 13, 13.5, 12], "rotation": 90, "texture": "#0"},
				"down": {"uv": [12.75, 13.5, 12.5, 14.5], "rotation": 270, "texture": "#0"}
			}
		},
		{
			"from": [1.98003, 7.45542, 7.6204],
			"to": [5.00003, 7.77042, 8.2504],
			"rotation": {"angle": -45, "axis": "z", "origin": [0.1, 10.28279, 7.9354]},
			"faces": {
				"north": {"uv": [7, 14, 8.5, 14.125], "texture": "#0"},
				"east": {"uv": [14, 12, 14.375, 12.125], "texture": "#0"},
				"south": {"uv": [14, 6.5, 15.5, 6.625], "texture": "#0"},
				"west": {"uv": [14, 12.5, 14.375, 12.625], "texture": "#0"},
				"up": {"uv": [4.375, 13, 4, 11.5], "rotation": 90, "texture": "#0"},
				"down": {"uv": [4.875, 11.5, 4.5, 13], "rotation": 270, "texture": "#0"}
			}
		},
		{
			"from": [-2.96072, 7.69211, 7.6204],
			"to": [-2.64572, 10.71211, 8.2504],
			"rotation": {"angle": 22.5, "axis": "z", "origin": [0.1, 10.28279, 7.9354]},
			"faces": {
				"north": {"uv": [7, 14, 8.5, 14.125], "rotation": 270, "texture": "#0"},
				"east": {"uv": [4.375, 13, 4, 11.5], "rotation": 180, "texture": "#0"},
				"south": {"uv": [14, 6.5, 15.5, 6.625], "rotation": 90, "texture": "#0"},
				"west": {"uv": [4.875, 11.5, 4.5, 13], "texture": "#0"},
				"up": {"uv": [14, 12.5, 14.375, 12.625], "rotation": 90, "texture": "#0"},
				"down": {"uv": [14, 12, 14.375, 12.125], "rotation": 90, "texture": "#0"}
			}
		},
		{
			"from": [-4.85009, 8.75919, 7.6204],
			"to": [-4.53509, 11.77919, 8.2504],
			"rotation": {"angle": 0, "axis": "x", "origin": [0.1, 10.28279, 7.9354]},
			"faces": {
				"north": {"uv": [7, 14, 8.5, 14.125], "rotation": 270, "texture": "#0"},
				"east": {"uv": [4.375, 13, 4, 11.5], "rotation": 180, "texture": "#0"},
				"south": {"uv": [14, 6.5, 15.5, 6.625], "rotation": 90, "texture": "#0"},
				"west": {"uv": [4.875, 11.5, 4.5, 13], "texture": "#0"},
				"up": {"uv": [14, 12.5, 14.375, 12.625], "rotation": 90, "texture": "#0"},
				"down": {"uv": [14, 12, 14.375, 12.125], "rotation": 90, "texture": "#0"}
			}
		},
		{
			"from": [-0.31921, 1.98717, 7.9354],
			"to": [1.68079, 6.98717, 7.9354],
			"rotation": {"angle": 0, "axis": "z", "origin": [0.1, 10.28279, 7.9354]},
			"faces": {
				"north": {"uv": [8, 0, 9, 2.5], "texture": "#0"},
				"east": {"uv": [0, 0, 0, 2.5], "texture": "#0"},
				"south": {"uv": [7, 6, 8, 8.5], "texture": "#0"},
				"west": {"uv": [0, 0, 0, 2.5], "texture": "#0"},
				"up": {"uv": [0, 1, 0, 0], "rotation": 90, "texture": "#0"},
				"down": {"uv": [0, 0, 0, 1], "rotation": 270, "texture": "#0"}
			}
		},
		{
			"from": [-1.79888, 8.59625, 7.5154],
			"to": [-0.95888, 10.43625, 8.3554],
			"rotation": {"angle": -22.5, "axis": "z", "origin": [0.1, 10.28279, 7.9354]},
			"faces": {
				"north": {"uv": [1, 13.5, 1.375, 14.375], "texture": "#0"},
				"east": {"uv": [12, 13, 12.375, 13.875], "texture": "#0"},
				"south": {"uv": [0, 13.5, 0.375, 14.375], "texture": "#0"},
				"west": {"uv": [0.5, 13.5, 0.875, 14.375], "texture": "#0"},
				"up": {"uv": [10.375, 14.375, 10, 14], "rotation": 90, "texture": "#0"},
				"down": {"uv": [14.375, 10.5, 14, 10.875], "rotation": 270, "texture": "#0"}
			}
		},
		{
			"from": [-3.19218, 7.81985, 7.5154],
			"to": [-2.35218, 9.65985, 8.3554],
			"rotation": {"angle": -45, "axis": "z", "origin": [0.1, 10.28279, 7.9354]},
			"faces": {
				"north": {"uv": [1, 13.5, 1.375, 14.375], "texture": "#0"},
				"east": {"uv": [12, 13, 12.375, 13.875], "texture": "#0"},
				"south": {"uv": [0, 13.5, 0.375, 14.375], "texture": "#0"},
				"west": {"uv": [0.5, 13.5, 0.875, 14.375], "texture": "#0"},
				"up": {"uv": [10.375, 14.375, 10, 14], "rotation": 90, "texture": "#0"},
				"down": {"uv": [14.375, 10.5, 14, 10.875], "rotation": 270, "texture": "#0"}
			}
		},
		{
			"from": [-2.11718, 6.45513, 7.6854],
			"to": [-0.11718, 8.45513, 8.1854],
			"rotation": {"angle": -22.5, "axis": "z", "origin": [0.1, 10.28279, 7.9354]},
			"faces": {
				"north": {"uv": [9.5, 7.5, 10.5, 8.5], "texture": "#0"},
				"east": {"uv": [13, 13.5, 13.25, 14.5], "texture": "#0"},
				"south": {"uv": [9.5, 6.5, 10.5, 7.5], "texture": "#0"},
				"west": {"uv": [13.5, 13, 13.75, 14], "texture": "#0"},
				"up": {"uv": [14.25, 1, 14, 0], "rotation": 90, "texture": "#0"},
				"down": {"uv": [14.25, 1, 14, 2], "rotation": 270, "texture": "#0"}
			}
		},
		{
			"from": [-4.30911, 12.59049, 7.6854],
			"to": [-2.30911, 14.59049, 8.1854],
			"rotation": {"angle": 45, "axis": "z", "origin": [0.1, 10.28279, 7.9354]},
			"faces": {
				"north": {"uv": [9.5, 7.5, 10.5, 8.5], "rotation": 270, "texture": "#0"},
				"east": {"uv": [14.25, 1, 14, 0], "rotation": 180, "texture": "#0"},
				"south": {"uv": [9.5, 6.5, 10.5, 7.5], "rotation": 90, "texture": "#0"},
				"west": {"uv": [14.25, 1, 14, 2], "texture": "#0"},
				"up": {"uv": [13.5, 13, 13.75, 14], "rotation": 90, "texture": "#0"},
				"down": {"uv": [13, 13.5, 13.25, 14.5], "rotation": 90, "texture": "#0"}
			}
		},
		{
			"from": [-2.11718, 4.45513, 7.9354],
			"to": [-0.11718, 8.45513, 7.9354],
			"rotation": {"angle": -22.5, "axis": "z", "origin": [0.1, 10.28279, 7.9354]},
			"faces": {
				"north": {"uv": [8, 8.5, 9, 10.5], "texture": "#0"},
				"east": {"uv": [0, 0, 0, 2], "texture": "#0"},
				"south": {"uv": [7, 8.5, 8, 10.5], "texture": "#0"},
				"west": {"uv": [0, 0, 0, 2], "texture": "#0"},
				"up": {"uv": [0, 1, 0, 0], "rotation": 90, "texture": "#0"},
				"down": {"uv": [0, 0, 0, 1], "rotation": 270, "texture": "#0"}
			}
		},
		{
			"from": [-4.2077, 3.87368, 7.9354],
			"to": [-2.2077, 7.87368, 7.9354],
			"rotation": {"angle": -45, "axis": "z", "origin": [0.1, 10.28279, 7.9354]},
			"faces": {
				"north": {"uv": [8, 8.5, 9, 10.5], "texture": "#0"},
				"east": {"uv": [0, 0, 0, 2], "texture": "#0"},
				"south": {"uv": [7, 8.5, 8, 10.5], "texture": "#0"},
				"west": {"uv": [0, 0, 0, 2], "texture": "#0"},
				"up": {"uv": [0, 1, 0, 0], "rotation": 90, "texture": "#0"},
				"down": {"uv": [0, 0, 0, 1], "rotation": 270, "texture": "#0"}
			}
		},
		{
			"from": [0.34196, 9.5244, 6.9354],
			"to": [6.34196, 10.0244, 8.9354],
			"rotation": {"angle": -22.5, "axis": "z", "origin": [0.1, 10.28279, 7.9354]},
			"faces": {
				"north": {"uv": [10.5, 3, 13.5, 3.25], "texture": "#0"},
				"east": {"uv": [13.5, 9.5, 14.5, 9.75], "texture": "#0"},
				"south": {"uv": [10.5, 2.5, 13.5, 2.75], "texture": "#0"},
				"west": {"uv": [13.5, 10, 14.5, 10.25], "texture": "#0"},
				"up": {"uv": [8, 3, 7, 0], "rotation": 90, "texture": "#0"},
				"down": {"uv": [8, 3, 7, 6], "rotation": 270, "texture": "#0"}
			}
		},
		{
			"from": [5.34196, 10.0244, 6.9354],
			"to": [6.34196, 11.4244, 8.9354],
			"rotation": {"angle": -22.5, "axis": "z", "origin": [0.1, 10.28279, 7.9354]},
			"faces": {
				"north": {"uv": [8, 13, 8.5, 13.75], "texture": "#0"},
				"east": {"uv": [3.5, 10.5, 4.5, 11.25], "texture": "#0"},
				"south": {"uv": [10, 12.5, 10.5, 13.25], "texture": "#0"},
				"west": {"uv": [10.5, 3.5, 11.5, 4.25], "texture": "#0"},
				"up": {"uv": [12, 11, 11, 10.5], "rotation": 90, "texture": "#0"},
				"down": {"uv": [12.5, 7.5, 11.5, 8], "rotation": 270, "texture": "#0"}
			}
		},
		{
			"from": [0.34196, 10.0244, 6.9354],
			"to": [1.34196, 11.4244, 8.9354],
			"rotation": {"angle": -22.5, "axis": "z", "origin": [0.1, 10.28279, 7.9354]},
			"faces": {
				"north": {"uv": [13, 8.5, 13.5, 9.25], "texture": "#0"},
				"east": {"uv": [4.5, 10.5, 5.5, 11.25], "texture": "#0"},
				"south": {"uv": [8.5, 13, 9, 13.75], "texture": "#0"},
				"west": {"uv": [10.5, 4.5, 11.5, 5.25], "texture": "#0"},
				"up": {"uv": [12.5, 8.5, 11.5, 8], "rotation": 90, "texture": "#0"},
				"down": {"uv": [12.5, 11, 11.5, 11.5], "rotation": 270, "texture": "#0"}
			}
		},
		{
			"from": [2.84196, 10.0244, 6.9354],
			"to": [3.84196, 11.4244, 8.9354],
			"rotation": {"angle": -22.5, "axis": "z", "origin": [0.1, 10.28279, 7.9354]},
			"faces": {
				"north": {"uv": [9.5, 13, 10, 13.75], "texture": "#0"},
				"east": {"uv": [10.5, 5.5, 11.5, 6.25], "texture": "#0"},
				"south": {"uv": [9, 13, 9.5, 13.75], "texture": "#0"},
				"west": {"uv": [10.5, 6.5, 11.5, 7.25], "texture": "#0"},
				"up": {"uv": [12.5, 12, 11.5, 11.5], "rotation": 90, "texture": "#0"},
				"down": {"uv": [1, 12, 0, 12.5], "rotation": 270, "texture": "#0"}
			}
		},
		{
			"from": [1.9218, 17.08976, 6.9354],
			"to": [3.3218, 18.08976, 8.9354],
			"rotation": {"angle": 22.5, "axis": "z", "origin": [0.1, 10.28279, 7.9354]},
			"faces": {
				"north": {"uv": [13, 8.5, 13.5, 9.25], "rotation": 270, "texture": "#0"},
				"east": {"uv": [12.5, 8.5, 11.5, 8], "rotation": 180, "texture": "#0"},
				"south": {"uv": [8.5, 13, 9, 13.75], "rotation": 90, "texture": "#0"},
				"west": {"uv": [12.5, 11, 11.5, 11.5], "texture": "#0"},
				"up": {"uv": [10.5, 4.5, 11.5, 5.25], "rotation": 90, "texture": "#0"},
				"down": {"uv": [4.5, 10.5, 5.5, 11.25], "rotation": 90, "texture": "#0"}
			}
		},
		{
			"from": [1.9218, 14.58976, 6.9354],
			"to": [3.3218, 15.58976, 8.9354],
			"rotation": {"angle": 22.5, "axis": "z", "origin": [0.1, 10.28279, 7.9354]},
			"faces": {
				"north": {"uv": [9.5, 13, 10, 13.75], "rotation": 270, "texture": "#0"},
				"east": {"uv": [12.5, 12, 11.5, 11.5], "rotation": 180, "texture": "#0"},
				"south": {"uv": [9, 13, 9.5, 13.75], "rotation": 90, "texture": "#0"},
				"west": {"uv": [1, 12, 0, 12.5], "texture": "#0"},
				"up": {"uv": [10.5, 6.5, 11.5, 7.25], "rotation": 90, "texture": "#0"},
				"down": {"uv": [10.5, 5.5, 11.5, 6.25], "rotation": 90, "texture": "#0"}
			}
		},
		{
			"from": [1.9218, 13.08976, 7.4354],
			"to": [2.9218, 17.08976, 8.4354],
			"rotation": {"angle": 22.5, "axis": "z", "origin": [0.1, 10.28279, 7.9354]},
			"faces": {
				"north": {"uv": [9, 9, 11, 9.5], "rotation": 270, "texture": "#0"},
				"east": {"uv": [10, 4.5, 9.5, 2.5], "rotation": 180, "texture": "#0"},
				"south": {"uv": [9, 8.5, 11, 9], "rotation": 90, "texture": "#0"},
				"west": {"uv": [3.5, 9.5, 3, 11.5], "texture": "#0"},
				"up": {"uv": [2, 12.5, 2.5, 13], "rotation": 90, "texture": "#0"},
				"down": {"uv": [12, 10.5, 12.5, 11], "rotation": 90, "texture": "#0"}
			}
		},
		{
			"from": [1.4218, 12.08976, 6.9354],
			"to": [1.9218, 18.08976, 8.9354],
			"rotation": {"angle": 22.5, "axis": "z", "origin": [0.1, 10.28279, 7.9354]},
			"faces": {
				"north": {"uv": [10.5, 3, 13.5, 3.25], "rotation": 270, "texture": "#0"},
				"east": {"uv": [8, 3, 7, 0], "rotation": 180, "texture": "#0"},
				"south": {"uv": [10.5, 2.5, 13.5, 2.75], "rotation": 90, "texture": "#0"},
				"west": {"uv": [8, 3, 7, 6], "texture": "#0"},
				"up": {"uv": [13.5, 10, 14.5, 10.25], "rotation": 90, "texture": "#0"},
				"down": {"uv": [13.5, 9.5, 14.5, 9.75], "rotation": 90, "texture": "#0"}
			}
		},
		{
			"from": [1.9218, 12.08976, 6.9354],
			"to": [3.3218, 13.08976, 8.9354],
			"rotation": {"angle": 22.5, "axis": "z", "origin": [0.1, 10.28279, 7.9354]},
			"faces": {
				"north": {"uv": [8, 13, 8.5, 13.75], "rotation": 270, "texture": "#0"},
				"east": {"uv": [12, 11, 11, 10.5], "rotation": 180, "texture": "#0"},
				"south": {"uv": [10, 12.5, 10.5, 13.25], "rotation": 90, "texture": "#0"},
				"west": {"uv": [12.5, 7.5, 11.5, 8], "texture": "#0"},
				"up": {"uv": [10.5, 3.5, 11.5, 4.25], "rotation": 90, "texture": "#0"},
				"down": {"uv": [3.5, 10.5, 4.5, 11.25], "rotation": 90, "texture": "#0"}
			}
		},
		{
			"from": [5.33114, 12.22558, 7.2954],
			"to": [6.89114, 13.50558, 8.5754],
			"rotation": {"angle": -45, "axis": "z", "origin": [0.1, 10.28279, 7.9354]},
			"faces": {
				"north": {"uv": [12, 8.5, 12.75, 9.125], "texture": "#0"},
				"east": {"uv": [12.5, 11.5, 13.125, 12.125], "texture": "#0"},
				"south": {"uv": [8, 12, 8.75, 12.625], "texture": "#0"},
				"west": {"uv": [12.5, 12.5, 13.125, 13.125], "texture": "#0"},
				"up": {"uv": [9.625, 12.75, 9, 12], "rotation": 90, "texture": "#0"},
				"down": {"uv": [12.625, 9.5, 12, 10.25], "rotation": 270, "texture": "#0"}
			}
		},
		{
			"from": [-0.96211, 9.89212, 7.2954],
			"to": [0.59789, 11.17212, 8.5754],
			"rotation": {"angle": -45, "axis": "z", "origin": [0.1, 10.28279, 7.9354]},
			"faces": {
				"north": {"uv": [11.5, 12, 12.25, 12.625], "texture": "#0"},
				"east": {"uv": [13, 0, 13.625, 0.625], "texture": "#0"},
				"south": {"uv": [10.5, 12, 11.25, 12.625], "texture": "#0"},
				"west": {"uv": [2, 13, 2.625, 13.625], "texture": "#0"},
				"up": {"uv": [0.625, 13.25, 0, 12.5], "rotation": 90, "texture": "#0"},
				"down": {"uv": [1.625, 12.5, 1, 13.25], "rotation": 270, "texture": "#0"}
			}
		},
		{
			"from": [-0.09336, 16.28122, 7.2954],
			"to": [1.46664, 17.56122, 8.5754],
			"rotation": {"angle": 22.5, "axis": "z", "origin": [0.1, 10.28279, 7.9354]},
			"faces": {
				"north": {"uv": [11.5, 12, 12.25, 12.625], "texture": "#0"},
				"east": {"uv": [13, 0, 13.625, 0.625], "texture": "#0"},
				"south": {"uv": [10.5, 12, 11.25, 12.625], "texture": "#0"},
				"west": {"uv": [2, 13, 2.625, 13.625], "texture": "#0"},
				"up": {"uv": [0.625, 13.25, 0, 12.5], "rotation": 90, "texture": "#0"},
				"down": {"uv": [1.625, 12.5, 1, 13.25], "rotation": 270, "texture": "#0"}
			}
		},
		{
			"from": [-2.9713, 11.80131, 7.2954],
			"to": [-1.4113, 13.08131, 8.5754],
			"rotation": {"angle": -45, "axis": "z", "origin": [0.1, 10.28279, 7.9354]},
			"faces": {
				"north": {"uv": [3, 12.5, 3.75, 13.125], "texture": "#0"},
				"east": {"uv": [4, 13, 4.625, 13.625], "texture": "#0"},
				"south": {"uv": [12.5, 1, 13.25, 1.625], "texture": "#0"},
				"west": {"uv": [5, 13, 5.625, 13.625], "texture": "#0"},
				"up": {"uv": [13.125, 4.25, 12.5, 3.5], "rotation": 90, "texture": "#0"},
				"down": {"uv": [13.125, 4.5, 12.5, 5.25], "rotation": 270, "texture": "#0"}
			}
		},
		{
			"from": [4.56099, 3.89301, 7.46615],
			"to": [5.49948, 5.0368, 8.40465],
			"rotation": {"angle": 22.5, "axis": "z", "origin": [0.1, 10.28279, 7.9354]},
			"faces": {
				"north": {"uv": [13.5, 8.5, 14, 9.125], "texture": "#0"},
				"east": {"uv": [13.5, 5.5, 14, 6.125], "texture": "#0"},
				"south": {"uv": [13.5, 6.5, 14, 7.125], "texture": "#0"},
				"west": {"uv": [13.5, 7.5, 14, 8.125], "texture": "#0"},
				"up": {"uv": [10.5, 14, 10, 13.5], "rotation": 90, "texture": "#0"},
				"down": {"uv": [14, 10.5, 13.5, 11], "rotation": 270, "texture": "#0"}
			}
		},
		{
			"from": [5.82535, 12.77979, 7.4354],
			"to": [8.82535, 15.77979, 8.4354],
			"rotation": {"angle": -45, "axis": "z", "origin": [0.1, 10.28279, 7.9354]},
			"faces": {
				"north": {"uv": [8, 4, 9.5, 5.5], "texture": "#0"},
				"east": {"uv": [2.5, 10.5, 3, 12], "texture": "#0"},
				"south": {"uv": [8, 2.5, 9.5, 4], "texture": "#0"},
				"west": {"uv": [7, 10.5, 7.5, 12], "texture": "#0"},
				"up": {"uv": [8, 12, 7.5, 10.5], "rotation": 90, "texture": "#0"},
				"down": {"uv": [8.5, 10.5, 8, 12], "rotation": 270, "texture": "#0"}
			}
		},
		{
			"from": [6.34949, 13.27565, 7.2754],
			"to": [8.32949, 15.25565, 8.5954],
			"rotation": {"angle": -45, "axis": "z", "origin": [0.1, 10.28279, 7.9354]},
			"faces": {
				"north": {"uv": [4.5, 9.5, 5.5, 10.5], "texture": "#0"},
				"east": {"uv": [10.5, 7.5, 11.125, 8.5], "texture": "#0"},
				"south": {"uv": [3.5, 9.5, 4.5, 10.5], "texture": "#0"},
				"west": {"uv": [0, 11, 0.625, 12], "texture": "#0"},
				"up": {"uv": [11.625, 1, 11, 0], "rotation": 90, "texture": "#0"},
				"down": {"uv": [11.625, 8.5, 11, 9.5], "rotation": 270, "texture": "#0"}
			}
		},
		{
			"from": [-3.19645, 9.52798, 7.2754],
			"to": [-1.21645, 11.50798, 8.5954],
			"rotation": {"angle": -45, "axis": "z", "origin": [0.1, 10.28279, 7.9354]},
			"faces": {
				"north": {"uv": [4.5, 9.5, 5.5, 10.5], "texture": "#0"},
				"east": {"uv": [10.5, 7.5, 11.125, 8.5], "texture": "#0"},
				"south": {"uv": [3.5, 9.5, 4.5, 10.5], "texture": "#0"},
				"west": {"uv": [0, 11, 0.625, 12], "texture": "#0"},
				"up": {"uv": [11.625, 1, 11, 0], "rotation": 90, "texture": "#0"},
				"down": {"uv": [11.625, 8.5, 11, 9.5], "rotation": 270, "texture": "#0"}
			}
		},
		{
			"from": [-3.72059, 9.03212, 7.4354],
			"to": [-0.72059, 12.03212, 8.4354],
			"rotation": {"angle": -45, "axis": "z", "origin": [0.1, 10.28279, 7.9354]},
			"faces": {
				"north": {"uv": [8, 4, 9.5, 5.5], "texture": "#0"},
				"east": {"uv": [2.5, 10.5, 3, 12], "texture": "#0"},
				"south": {"uv": [8, 2.5, 9.5, 4], "texture": "#0"},
				"west": {"uv": [7, 10.5, 7.5, 12], "texture": "#0"},
				"up": {"uv": [8, 12, 7.5, 10.5], "rotation": 90, "texture": "#0"},
				"down": {"uv": [8.5, 10.5, 8, 12], "rotation": 270, "texture": "#0"}
			}
		},
		{
			"from": [2.00497, 15.2117, 7.4354],
			"to": [3.00497, 19.2117, 8.4354],
			"rotation": {"angle": 45, "axis": "z", "origin": [0.1, 10.28279, 7.9354]},
			"faces": {
				"north": {"uv": [1, 10.5, 1.5, 12.5], "texture": "#0"},
				"east": {"uv": [5.5, 9.5, 6, 11.5], "texture": "#0"},
				"south": {"uv": [10, 2.5, 10.5, 4.5], "texture": "#0"},
				"west": {"uv": [10, 9.5, 10.5, 11.5], "texture": "#0"},
				"up": {"uv": [14.5, 5.5, 14, 5], "rotation": 90, "texture": "#0"},
				"down": {"uv": [6, 14, 5.5, 14.5], "rotation": 270, "texture": "#0"}
			}
		},
		{
			"from": [-1.99503, 15.2117, 7.4354],
			"to": [2.00497, 16.2117, 8.4354],
			"rotation": {"angle": 45, "axis": "z", "origin": [0.1, 10.28279, 7.9354]},
			"faces": {
				"north": {"uv": [10, 1.5, 12, 2], "texture": "#0"},
				"east": {"uv": [14, 6, 14.5, 6.5], "texture": "#0"},
				"south": {"uv": [10, 1, 12, 1.5], "texture": "#0"},
				"west": {"uv": [6.5, 14, 7, 14.5], "texture": "#0"},
				"up": {"uv": [2, 12.5, 1.5, 10.5], "rotation": 90, "texture": "#0"},
				"down": {"uv": [2.5, 10.5, 2, 12.5], "rotation": 270, "texture": "#0"}
			}
		},
		{
			"from": [-6.93546, 10.23345, 7.5154],
			"to": [-5.25546, 11.07345, 8.3554],
			"rotation": {"angle": -22.5, "axis": "z", "origin": [0.1, 10.28279, 7.9354]},
			"faces": {
				"north": {"uv": [13.5, 4, 14.375, 4.375], "texture": "#0"},
				"east": {"uv": [14, 11.5, 14.375, 11.875], "texture": "#0"},
				"south": {"uv": [13.5, 3.5, 14.375, 3.875], "texture": "#0"},
				"west": {"uv": [12, 14, 12.375, 14.375], "texture": "#0"},
				"up": {"uv": [3.875, 14.375, 3.5, 13.5], "rotation": 90, "texture": "#0"},
				"down": {"uv": [13.875, 4.5, 13.5, 5.375], "rotation": 270, "texture": "#0"}
			}
		},
		{
			"from": [-9.55957, 17.75061, 7.4854],
			"to": [-4.15957, 18.65061, 8.3854],
			"rotation": {"angle": 0, "axis": "z", "origin": [0.1, 10.28279, 7.9354]},
			"faces": {
				"north": {"uv": [3, 9, 5.75, 9.5], "texture": "#0"},
				"east": {"uv": [14, 5.5, 14.5, 6], "texture": "#0"},
				"south": {"uv": [9, 2, 11.75, 2.5], "texture": "#0"},
				"west": {"uv": [6, 14, 6.5, 14.5], "texture": "#0"},
				"up": {"uv": [6.5, 11.75, 6, 9], "rotation": 90, "texture": "#0"},
				"down": {"uv": [7, 9, 6.5, 11.75], "rotation": 270, "texture": "#0"}
			}
		},
		{
			"from": [-15.9646, 10, 7.9354],
			"to": [-1.9646, 19, 7.9354],
			"rotation": {"angle": 0, "axis": "y", "origin": [0.1, 10.28279, 7.9354]},
			"faces": {
				"north": {"uv": [0, 4.5, 7, 9], "texture": "#0"},
				"east": {"uv": [0, 0, 0, 4.5], "texture": "#0"},
				"south": {"uv": [7, 4.5, 0, 9], "texture": "#0"},
				"west": {"uv": [0, 0, 0, 4.5], "texture": "#0"},
				"up": {"uv": [0, 7, 0, 0], "rotation": 90, "texture": "#0"},
				"down": {"uv": [0, 0, 0, 7], "rotation": 270, "texture": "#0"}
			}
		},
		{
			"from": [9.10886, 12.22558, 7.2954],
			"to": [10.66886, 13.50558, 8.5754],
			"rotation": {"angle": 45, "axis": "z", "origin": [15.9, 10.28279, 7.9354]},
			"faces": {
				"north": {"uv": [12.75, 8.5, 12, 9.125], "texture": "#0"},
				"east": {"uv": [13.125, 12.5, 12.5, 13.125], "texture": "#0"},
				"south": {"uv": [8.75, 12, 8, 12.625], "texture": "#0"},
				"west": {"uv": [13.125, 11.5, 12.5, 12.125], "texture": "#0"},
				"up": {"uv": [9.625, 12, 9, 12.75], "rotation": 90, "texture": "#0"},
				"down": {"uv": [12.625, 10.25, 12, 9.5], "rotation": 270, "texture": "#0"}
			}
		},
		{
			"from": [10.65804, 10.0244, 7.4354],
			"to": [14.65804, 11.0244, 8.4354],
			"rotation": {"angle": 22.5, "axis": "z", "origin": [15.9, 10.28279, 7.9354]},
			"faces": {
				"north": {"uv": [11, 9, 9, 9.5], "texture": "#0"},
				"east": {"uv": [2.5, 12.5, 2, 13], "texture": "#0"},
				"south": {"uv": [11, 8.5, 9, 9], "texture": "#0"},
				"west": {"uv": [12.5, 10.5, 12, 11], "texture": "#0"},
				"up": {"uv": [10, 2.5, 9.5, 4.5], "rotation": 90, "texture": "#0"},
				"down": {"uv": [3.5, 11.5, 3, 9.5], "rotation": 270, "texture": "#0"}
			}
		},
		{
			"from": [9.65804, 9.5244, 6.9354],
			"to": [15.65804, 10.0244, 8.9354],
			"rotation": {"angle": 22.5, "axis": "z", "origin": [15.9, 10.28279, 7.9354]},
			"faces": {
				"north": {"uv": [13.5, 3, 10.5, 3.25], "texture": "#0"},
				"east": {"uv": [14.5, 10, 13.5, 10.25], "texture": "#0"},
				"south": {"uv": [13.5, 2.5, 10.5, 2.75], "texture": "#0"},
				"west": {"uv": [14.5, 9.5, 13.5, 9.75], "texture": "#0"},
				"up": {"uv": [8, 0, 7, 3], "rotation": 90, "texture": "#0"},
				"down": {"uv": [8, 6, 7, 3], "rotation": 270, "texture": "#0"}
			}
		},
		{
			"from": [9.65804, 10.0244, 6.9354],
			"to": [10.65804, 11.4244, 8.9354],
			"rotation": {"angle": 22.5, "axis": "z", "origin": [15.9, 10.28279, 7.9354]},
			"faces": {
				"north": {"uv": [8.5, 13, 8, 13.75], "texture": "#0"},
				"east": {"uv": [11.5, 3.5, 10.5, 4.25], "texture": "#0"},
				"south": {"uv": [10.5, 12.5, 10, 13.25], "texture": "#0"},
				"west": {"uv": [4.5, 10.5, 3.5, 11.25], "texture": "#0"},
				"up": {"uv": [12, 10.5, 11, 11], "rotation": 90, "texture": "#0"},
				"down": {"uv": [12.5, 8, 11.5, 7.5], "rotation": 270, "texture": "#0"}
			}
		},
		{
			"from": [14.65804, 10.0244, 6.9354],
			"to": [15.65804, 11.4244, 8.9354],
			"rotation": {"angle": 22.5, "axis": "z", "origin": [15.9, 10.28279, 7.9354]},
			"faces": {
				"north": {"uv": [13.5, 8.5, 13, 9.25], "texture": "#0"},
				"east": {"uv": [11.5, 4.5, 10.5, 5.25], "texture": "#0"},
				"south": {"uv": [9, 13, 8.5, 13.75], "texture": "#0"},
				"west": {"uv": [5.5, 10.5, 4.5, 11.25], "texture": "#0"},
				"up": {"uv": [12.5, 8, 11.5, 8.5], "rotation": 90, "texture": "#0"},
				"down": {"uv": [12.5, 11.5, 11.5, 11], "rotation": 270, "texture": "#0"}
			}
		},
		{
			"from": [12.15804, 10.0244, 6.9354],
			"to": [13.15804, 11.4244, 8.9354],
			"rotation": {"angle": 22.5, "axis": "z", "origin": [15.9, 10.28279, 7.9354]},
			"faces": {
				"north": {"uv": [10, 13, 9.5, 13.75], "texture": "#0"},
				"east": {"uv": [11.5, 6.5, 10.5, 7.25], "texture": "#0"},
				"south": {"uv": [9.5, 13, 9, 13.75], "texture": "#0"},
				"west": {"uv": [11.5, 5.5, 10.5, 6.25], "texture": "#0"},
				"up": {"uv": [12.5, 11.5, 11.5, 12], "rotation": 90, "texture": "#0"},
				"down": {"uv": [1, 12.5, 0, 12], "rotation": 270, "texture": "#0"}
			}
		},
		{
			"from": [10.50052, 3.89301, 7.46615],
			"to": [11.43901, 5.0368, 8.40465],
			"rotation": {"angle": -22.5, "axis": "z", "origin": [15.9, 10.28279, 7.9354]},
			"faces": {
				"north": {"uv": [14, 8.5, 13.5, 9.125], "texture": "#0"},
				"east": {"uv": [14, 7.5, 13.5, 8.125], "texture": "#0"},
				"south": {"uv": [14, 6.5, 13.5, 7.125], "texture": "#0"},
				"west": {"uv": [14, 5.5, 13.5, 6.125], "texture": "#0"},
				"up": {"uv": [10.5, 13.5, 10, 14], "rotation": 90, "texture": "#0"},
				"down": {"uv": [14, 11, 13.5, 10.5], "rotation": 270, "texture": "#0"}
			}
		},
		{
			"from": [10.70015, 7.95526, 7.4354],
			"to": [12.70015, 8.95526, 8.4354],
			"rotation": {"angle": 22.5, "axis": "z", "origin": [15.9, 10.28279, 7.9354]},
			"faces": {
				"north": {"uv": [13, 0.5, 12, 1], "texture": "#0"},
				"east": {"uv": [14, 11.5, 13.5, 12], "texture": "#0"},
				"south": {"uv": [13, 0, 12, 0.5], "texture": "#0"},
				"west": {"uv": [14, 11, 13.5, 11.5], "texture": "#0"},
				"up": {"uv": [10.5, 11.5, 10, 12.5], "rotation": 90, "texture": "#0"},
				"down": {"uv": [12.5, 2, 12, 1], "rotation": 270, "texture": "#0"}
			}
		},
		{
			"from": [14.18949, 4.60323, 7.5154],
			"to": [16.02949, 5.44323, 8.3554],
			"rotation": {"angle": -45, "axis": "z", "origin": [15.9, 10.28279, 7.9354]},
			"faces": {
				"north": {"uv": [13.875, 2, 13, 2.375], "texture": "#0"},
				"east": {"uv": [14.375, 9, 14, 9.375], "texture": "#0"},
				"south": {"uv": [12.875, 2, 12, 2.375], "texture": "#0"},
				"west": {"uv": [14.375, 8.5, 14, 8.875], "texture": "#0"},
				"up": {"uv": [13.375, 9.5, 13, 10.375], "rotation": 90, "texture": "#0"},
				"down": {"uv": [11.875, 13.875, 11.5, 13], "rotation": 270, "texture": "#0"}
			}
		},
		{
			"from": [11.71921, 3.88717, 7.6854],
			"to": [13.71921, 6.88717, 8.1854],
			"rotation": {"angle": 0, "axis": "z", "origin": [15.9, 10.28279, 7.9354]},
			"faces": {
				"north": {"uv": [3, 9, 2, 10.5], "texture": "#0"},
				"east": {"uv": [11.25, 13, 11, 14.5], "texture": "#0"},
				"south": {"uv": [2, 9, 1, 10.5], "texture": "#0"},
				"west": {"uv": [10.75, 13, 10.5, 14.5], "texture": "#0"},
				"up": {"uv": [13.75, 12, 13.5, 13], "rotation": 90, "texture": "#0"},
				"down": {"uv": [12.75, 14.5, 12.5, 13.5], "rotation": 270, "texture": "#0"}
			}
		},
		{
			"from": [8.38367, 8.51608, 7.6204],
			"to": [11.40367, 8.83108, 8.2504],
			"rotation": {"angle": 45, "axis": "z", "origin": [15.9, 10.28279, 7.9354]},
			"faces": {
				"north": {"uv": [8.5, 14, 7, 14.125], "texture": "#0"},
				"east": {"uv": [14.375, 12.5, 14, 12.625], "texture": "#0"},
				"south": {"uv": [15.5, 6.5, 14, 6.625], "texture": "#0"},
				"west": {"uv": [14.375, 12, 14, 12.125], "texture": "#0"},
				"up": {"uv": [4.375, 11.5, 4, 13], "rotation": 90, "texture": "#0"},
				"down": {"uv": [4.875, 13, 4.5, 11.5], "rotation": 270, "texture": "#0"}
			}
		},
		{
			"from": [11.71921, 0.88717, 7.9354],
			"to": [13.71921, 5.88717, 7.9354],
			"rotation": {"angle": 0, "axis": "z", "origin": [15.9, 10.28279, 7.9354]},
			"faces": {
				"north": {"uv": [9, 0, 8, 2.5], "texture": "#0"},
				"east": {"uv": [0, 0, 0, 2.5], "texture": "#0"},
				"south": {"uv": [8, 6, 7, 8.5], "texture": "#0"},
				"west": {"uv": [0, 0, 0, 2.5], "texture": "#0"},
				"up": {"uv": [0, 0, 0, 1], "rotation": 90, "texture": "#0"},
				"down": {"uv": [0, 1, 0, 0], "rotation": 270, "texture": "#0"}
			}
		},
		{
			"from": [15.40211, 9.89212, 7.2954],
			"to": [16.96211, 11.17212, 8.5754],
			"rotation": {"angle": 45, "axis": "z", "origin": [15.9, 10.28279, 7.9354]},
			"faces": {
				"north": {"uv": [12.25, 12, 11.5, 12.625], "texture": "#0"},
				"east": {"uv": [2.625, 13, 2, 13.625], "texture": "#0"},
				"south": {"uv": [11.25, 12, 10.5, 12.625], "texture": "#0"},
				"west": {"uv": [13.625, 0, 13, 0.625], "texture": "#0"},
				"up": {"uv": [0.625, 12.5, 0, 13.25], "rotation": 90, "texture": "#0"},
				"down": {"uv": [1.625, 13.25, 1, 12.5], "rotation": 270, "texture": "#0"}
			}
		},
		{
			"from": [16.11718, 4.45513, 7.9354],
			"to": [18.11718, 8.45513, 7.9354],
			"rotation": {"angle": 22.5, "axis": "z", "origin": [15.9, 10.28279, 7.9354]},
			"faces": {
				"north": {"uv": [9, 8.5, 8, 10.5], "texture": "#0"},
				"east": {"uv": [0, 0, 0, 2], "texture": "#0"},
				"south": {"uv": [8, 8.5, 7, 10.5], "texture": "#0"},
				"west": {"uv": [0, 0, 0, 2], "texture": "#0"},
				"up": {"uv": [0, 0, 0, 1], "rotation": 90, "texture": "#0"},
				"down": {"uv": [0, 1, 0, 0], "rotation": 270, "texture": "#0"}
			}
		},
		{
			"from": [16.11718, 6.45513, 7.6854],
			"to": [18.11718, 8.45513, 8.1854],
			"rotation": {"angle": 22.5, "axis": "z", "origin": [15.9, 10.28279, 7.9354]},
			"faces": {
				"north": {"uv": [10.5, 7.5, 9.5, 8.5], "texture": "#0"},
				"east": {"uv": [13.75, 13, 13.5, 14], "texture": "#0"},
				"south": {"uv": [10.5, 6.5, 9.5, 7.5], "texture": "#0"},
				"west": {"uv": [13.25, 13.5, 13, 14.5], "texture": "#0"},
				"up": {"uv": [14.25, 0, 14, 1], "rotation": 90, "texture": "#0"},
				"down": {"uv": [14.25, 2, 14, 1], "rotation": 270, "texture": "#0"}
			}
		},
		{
			"from": [16.95888, 8.59625, 7.5154],
			"to": [17.79888, 10.43625, 8.3554],
			"rotation": {"angle": 22.5, "axis": "z", "origin": [15.9, 10.28279, 7.9354]},
			"faces": {
				"north": {"uv": [1.375, 13.5, 1, 14.375], "texture": "#0"},
				"east": {"uv": [0.875, 13.5, 0.5, 14.375], "texture": "#0"},
				"south": {"uv": [0.375, 13.5, 0, 14.375], "texture": "#0"},
				"west": {"uv": [12.375, 13, 12, 13.875], "texture": "#0"},
				"up": {"uv": [10.375, 14, 10, 14.375], "rotation": 90, "texture": "#0"},
				"down": {"uv": [14.375, 10.875, 14, 10.5], "rotation": 270, "texture": "#0"}
			}
		},
		{
			"from": [17.4113, 11.80131, 7.2954],
			"to": [18.9713, 13.08131, 8.5754],
			"rotation": {"angle": 45, "axis": "z", "origin": [15.9, 10.28279, 7.9354]},
			"faces": {
				"north": {"uv": [3.75, 12.5, 3, 13.125], "texture": "#0"},
				"east": {"uv": [5.625, 13, 5, 13.625], "texture": "#0"},
				"south": {"uv": [13.25, 1, 12.5, 1.625], "texture": "#0"},
				"west": {"uv": [4.625, 13, 4, 13.625], "texture": "#0"},
				"up": {"uv": [13.125, 3.5, 12.5, 4.25], "rotation": 90, "texture": "#0"},
				"down": {"uv": [13.125, 5.25, 12.5, 4.5], "rotation": 270, "texture": "#0"}
			}
		},
		{
			"from": [12.99503, 15.2117, 7.4354],
			"to": [13.99503, 19.2117, 8.4354],
			"rotation": {"angle": -45, "axis": "z", "origin": [15.9, 10.28279, 7.9354]},
			"faces": {
				"north": {"uv": [1.5, 10.5, 1, 12.5], "texture": "#0"},
				"east": {"uv": [10.5, 9.5, 10, 11.5], "texture": "#0"},
				"south": {"uv": [10.5, 2.5, 10, 4.5], "texture": "#0"},
				"west": {"uv": [6, 9.5, 5.5, 11.5], "texture": "#0"},
				"up": {"uv": [14.5, 5, 14, 5.5], "rotation": 90, "texture": "#0"},
				"down": {"uv": [6, 14.5, 5.5, 14], "rotation": 270, "texture": "#0"}
			}
		},
		{
			"from": [20.15957, 17.75061, 7.4854],
			"to": [25.55957, 18.65061, 8.3854],
			"rotation": {"angle": 0, "axis": "z", "origin": [15.9, 10.28279, 7.9354]},
			"faces": {
				"north": {"uv": [5.75, 9, 3, 9.5], "texture": "#0"},
				"east": {"uv": [6.5, 14, 6, 14.5], "texture": "#0"},
				"south": {"uv": [11.75, 2, 9, 2.5], "texture": "#0"},
				"west": {"uv": [14.5, 5.5, 14, 6], "texture": "#0"},
				"up": {"uv": [6.5, 9, 6, 11.75], "rotation": 90, "texture": "#0"},
				"down": {"uv": [7, 11.75, 6.5, 9], "rotation": 270, "texture": "#0"}
			}
		},
		{
			"from": [13.99503, 15.2117, 7.4354],
			"to": [17.99503, 16.2117, 8.4354],
			"rotation": {"angle": -45, "axis": "z", "origin": [15.9, 10.28279, 7.9354]},
			"faces": {
				"north": {"uv": [12, 1.5, 10, 2], "texture": "#0"},
				"east": {"uv": [7, 14, 6.5, 14.5], "texture": "#0"},
				"south": {"uv": [12, 1, 10, 1.5], "texture": "#0"},
				"west": {"uv": [14.5, 6, 14, 6.5], "texture": "#0"},
				"up": {"uv": [2, 10.5, 1.5, 12.5], "rotation": 90, "texture": "#0"},
				"down": {"uv": [2.5, 12.5, 2, 10.5], "rotation": 270, "texture": "#0"}
			}
		},
		{
			"from": [21.25546, 10.23345, 7.5154],
			"to": [22.93546, 11.07345, 8.3554],
			"rotation": {"angle": 22.5, "axis": "z", "origin": [15.9, 10.28279, 7.9354]},
			"faces": {
				"north": {"uv": [14.375, 4, 13.5, 4.375], "texture": "#0"},
				"east": {"uv": [12.375, 14, 12, 14.375], "texture": "#0"},
				"south": {"uv": [14.375, 3.5, 13.5, 3.875], "texture": "#0"},
				"west": {"uv": [14.375, 11.5, 14, 11.875], "texture": "#0"},
				"up": {"uv": [3.875, 13.5, 3.5, 14.375], "rotation": 90, "texture": "#0"},
				"down": {"uv": [13.875, 5.375, 13.5, 4.5], "rotation": 270, "texture": "#0"}
			}
		},
		{
			"from": [17.9646, 10, 7.9354],
			"to": [31.9646, 19, 7.9354],
			"rotation": {"angle": 0, "axis": "y", "origin": [15.9, 10.28279, 7.9354]},
			"faces": {
				"north": {"uv": [7, 4.5, 0, 9], "texture": "#0"},
				"east": {"uv": [0, 0, 0, 4.5], "texture": "#0"},
				"south": {"uv": [0, 4.5, 7, 9], "texture": "#0"},
				"west": {"uv": [0, 0, 0, 4.5], "texture": "#0"},
				"up": {"uv": [0, 0, 0, 7], "rotation": 90, "texture": "#0"},
				"down": {"uv": [0, 7, 0, 0], "rotation": 270, "texture": "#0"}
			}
		},
		{
			"from": [12.6782, 12.08976, 6.9354],
			"to": [14.0782, 13.08976, 8.9354],
			"rotation": {"angle": -22.5, "axis": "z", "origin": [15.9, 10.28279, 7.9354]},
			"faces": {
				"north": {"uv": [8, 13.75, 8.5, 13], "rotation": 270, "texture": "#0"},
				"east": {"uv": [11.5, 7.5, 12.5, 8], "texture": "#0"},
				"south": {"uv": [10, 13.25, 10.5, 12.5], "rotation": 90, "texture": "#0"},
				"west": {"uv": [11, 11, 12, 10.5], "rotation": 180, "texture": "#0"},
				"up": {"uv": [10.5, 4.25, 11.5, 3.5], "rotation": 90, "texture": "#0"},
				"down": {"uv": [3.5, 11.25, 4.5, 10.5], "rotation": 90, "texture": "#0"}
			}
		},
		{
			"from": [14.0782, 12.08976, 6.9354],
			"to": [14.5782, 18.08976, 8.9354],
			"rotation": {"angle": -22.5, "axis": "z", "origin": [15.9, 10.28279, 7.9354]},
			"faces": {
				"north": {"uv": [10.5, 3.25, 13.5, 3], "rotation": 270, "texture": "#0"},
				"east": {"uv": [7, 3, 8, 6], "texture": "#0"},
				"south": {"uv": [10.5, 2.75, 13.5, 2.5], "rotation": 90, "texture": "#0"},
				"west": {"uv": [7, 3, 8, 0], "rotation": 180, "texture": "#0"},
				"up": {"uv": [13.5, 10.25, 14.5, 10], "rotation": 90, "texture": "#0"},
				"down": {"uv": [13.5, 9.75, 14.5, 9.5], "rotation": 90, "texture": "#0"}
			}
		},
		{
			"from": [13.0782, 13.08976, 7.4354],
			"to": [14.0782, 17.08976, 8.4354],
			"rotation": {"angle": -22.5, "axis": "z", "origin": [15.9, 10.28279, 7.9354]},
			"faces": {
				"north": {"uv": [9, 9.5, 11, 9], "rotation": 270, "texture": "#0"},
				"east": {"uv": [3, 9.5, 3.5, 11.5], "texture": "#0"},
				"south": {"uv": [9, 9, 11, 8.5], "rotation": 90, "texture": "#0"},
				"west": {"uv": [9.5, 4.5, 10, 2.5], "rotation": 180, "texture": "#0"},
				"up": {"uv": [2, 13, 2.5, 12.5], "rotation": 90, "texture": "#0"},
				"down": {"uv": [12, 11, 12.5, 10.5], "rotation": 90, "texture": "#0"}
			}
		},
		{
			"from": [12.6782, 14.58976, 6.9354],
			"to": [14.0782, 15.58976, 8.9354],
			"rotation": {"angle": -22.5, "axis": "z", "origin": [15.9, 10.28279, 7.9354]},
			"faces": {
				"north": {"uv": [9.5, 13.75, 10, 13], "rotation": 270, "texture": "#0"},
				"east": {"uv": [0, 12, 1, 12.5], "texture": "#0"},
				"south": {"uv": [9, 13.75, 9.5, 13], "rotation": 90, "texture": "#0"},
				"west": {"uv": [11.5, 12, 12.5, 11.5], "rotation": 180, "texture": "#0"},
				"up": {"uv": [10.5, 7.25, 11.5, 6.5], "rotation": 90, "texture": "#0"},
				"down": {"uv": [10.5, 6.25, 11.5, 5.5], "rotation": 90, "texture": "#0"}
			}
		},
		{
			"from": [12.6782, 17.08976, 6.9354],
			"to": [14.0782, 18.08976, 8.9354],
			"rotation": {"angle": -22.5, "axis": "z", "origin": [15.9, 10.28279, 7.9354]},
			"faces": {
				"north": {"uv": [13, 9.25, 13.5, 8.5], "rotation": 270, "texture": "#0"},
				"east": {"uv": [11.5, 11, 12.5, 11.5], "texture": "#0"},
				"south": {"uv": [8.5, 13.75, 9, 13], "rotation": 90, "texture": "#0"},
				"west": {"uv": [11.5, 8.5, 12.5, 8], "rotation": 180, "texture": "#0"},
				"up": {"uv": [10.5, 5.25, 11.5, 4.5], "rotation": 90, "texture": "#0"},
				"down": {"uv": [4.5, 11.25, 5.5, 10.5], "rotation": 90, "texture": "#0"}
			}
		},
		{
			"from": [16.72059, 9.03212, 7.4354],
			"to": [19.72059, 12.03212, 8.4354],
			"rotation": {"angle": 45, "axis": "z", "origin": [15.9, 10.28279, 7.9354]},
			"faces": {
				"north": {"uv": [9.5, 4, 8, 5.5], "texture": "#0"},
				"east": {"uv": [7.5, 10.5, 7, 12], "texture": "#0"},
				"south": {"uv": [9.5, 2.5, 8, 4], "texture": "#0"},
				"west": {"uv": [3, 10.5, 2.5, 12], "texture": "#0"},
				"up": {"uv": [8, 10.5, 7.5, 12], "rotation": 90, "texture": "#0"},
				"down": {"uv": [8.5, 12, 8, 10.5], "rotation": 270, "texture": "#0"}
			}
		},
		{
			"from": [17.21645, 9.52798, 7.2754],
			"to": [19.19645, 11.50798, 8.5954],
			"rotation": {"angle": 45, "axis": "z", "origin": [15.9, 10.28279, 7.9354]},
			"faces": {
				"north": {"uv": [5.5, 9.5, 4.5, 10.5], "texture": "#0"},
				"east": {"uv": [0.625, 11, 0, 12], "texture": "#0"},
				"south": {"uv": [4.5, 9.5, 3.5, 10.5], "texture": "#0"},
				"west": {"uv": [11.125, 7.5, 10.5, 8.5], "texture": "#0"},
				"up": {"uv": [11.625, 0, 11, 1], "rotation": 90, "texture": "#0"},
				"down": {"uv": [11.625, 9.5, 11, 8.5], "rotation": 270, "texture": "#0"}
			}
		},
		{
			"from": [14.53336, 16.28122, 7.2954],
			"to": [16.09336, 17.56122, 8.5754],
			"rotation": {"angle": -22.5, "axis": "z", "origin": [15.9, 10.28279, 7.9354]},
			"faces": {
				"north": {"uv": [12.25, 12, 11.5, 12.625], "texture": "#0"},
				"east": {"uv": [2.625, 13, 2, 13.625], "texture": "#0"},
				"south": {"uv": [11.25, 12, 10.5, 12.625], "texture": "#0"},
				"west": {"uv": [13.625, 0, 13, 0.625], "texture": "#0"},
				"up": {"uv": [0.625, 12.5, 0, 13.25], "rotation": 90, "texture": "#0"},
				"down": {"uv": [1.625, 13.25, 1, 12.5], "rotation": 270, "texture": "#0"}
			}
		},
		{
			"from": [14.31921, 1.98717, 7.9354],
			"to": [16.31921, 6.98717, 7.9354],
			"rotation": {"angle": 0, "axis": "z", "origin": [15.9, 10.28279, 7.9354]},
			"faces": {
				"north": {"uv": [9, 0, 8, 2.5], "texture": "#0"},
				"east": {"uv": [0, 0, 0, 2.5], "texture": "#0"},
				"south": {"uv": [8, 6, 7, 8.5], "texture": "#0"},
				"west": {"uv": [0, 0, 0, 2.5], "texture": "#0"},
				"up": {"uv": [0, 0, 0, 1], "rotation": 90, "texture": "#0"},
				"down": {"uv": [0, 1, 0, 0], "rotation": 270, "texture": "#0"}
			}
		},
		{
			"from": [10.99997, 7.45542, 7.6204],
			"to": [14.01997, 7.77042, 8.2504],
			"rotation": {"angle": 45, "axis": "z", "origin": [15.9, 10.28279, 7.9354]},
			"faces": {
				"north": {"uv": [8.5, 14, 7, 14.125], "texture": "#0"},
				"east": {"uv": [14.375, 12.5, 14, 12.625], "texture": "#0"},
				"south": {"uv": [15.5, 6.5, 14, 6.625], "texture": "#0"},
				"west": {"uv": [14.375, 12, 14, 12.125], "texture": "#0"},
				"up": {"uv": [4.375, 11.5, 4, 13], "rotation": 90, "texture": "#0"},
				"down": {"uv": [4.875, 13, 4.5, 11.5], "rotation": 270, "texture": "#0"}
			}
		},
		{
			"from": [14.31921, 4.98717, 7.6854],
			"to": [16.31921, 7.98717, 8.1854],
			"rotation": {"angle": 0, "axis": "z", "origin": [15.9, 10.28279, 7.9354]},
			"faces": {
				"north": {"uv": [3, 9, 2, 10.5], "texture": "#0"},
				"east": {"uv": [11.25, 13, 11, 14.5], "texture": "#0"},
				"south": {"uv": [2, 9, 1, 10.5], "texture": "#0"},
				"west": {"uv": [10.75, 13, 10.5, 14.5], "texture": "#0"},
				"up": {"uv": [13.75, 12, 13.5, 13], "rotation": 90, "texture": "#0"},
				"down": {"uv": [12.75, 14.5, 12.5, 13.5], "rotation": 270, "texture": "#0"}
			}
		},
		{
			"from": [13.52319, 7.97656, 7.4354],
			"to": [15.52319, 8.97656, 8.4354],
			"rotation": {"angle": 22.5, "axis": "z", "origin": [15.9, 10.28279, 7.9354]},
			"faces": {
				"north": {"uv": [13, 0.5, 12, 1], "texture": "#0"},
				"east": {"uv": [14, 11.5, 13.5, 12], "texture": "#0"},
				"south": {"uv": [13, 0, 12, 0.5], "texture": "#0"},
				"west": {"uv": [14, 11, 13.5, 11.5], "texture": "#0"},
				"up": {"uv": [10.5, 11.5, 10, 12.5], "rotation": 90, "texture": "#0"},
				"down": {"uv": [12.5, 2, 12, 1], "rotation": 270, "texture": "#0"}
			}
		},
		{
			"from": [15.25015, 7.21953, 7.5154],
			"to": [17.09015, 8.05953, 8.3554],
			"rotation": {"angle": -45, "axis": "z", "origin": [15.9, 10.28279, 7.9354]},
			"faces": {
				"north": {"uv": [13.875, 2, 13, 2.375], "texture": "#0"},
				"east": {"uv": [14.375, 9, 14, 9.375], "texture": "#0"},
				"south": {"uv": [12.875, 2, 12, 2.375], "texture": "#0"},
				"west": {"uv": [14.375, 8.5, 14, 8.875], "texture": "#0"},
				"up": {"uv": [13.375, 9.5, 13, 10.375], "rotation": 90, "texture": "#0"},
				"down": {"uv": [11.875, 13.875, 11.5, 13], "rotation": 270, "texture": "#0"}
			}
		},
		{
			"from": [17.46194, 9.74617, 7.4354],
			"to": [18.46194, 11.74617, 8.4354],
			"rotation": {"angle": -45, "axis": "z", "origin": [15.9, 10.28279, 7.9354]},
			"faces": {
				"north": {"uv": [12, 1, 13, 0.5], "rotation": 270, "texture": "#0"},
				"east": {"uv": [12, 1, 12.5, 2], "texture": "#0"},
				"south": {"uv": [12, 0.5, 13, 0], "rotation": 90, "texture": "#0"},
				"west": {"uv": [10, 12.5, 10.5, 11.5], "rotation": 180, "texture": "#0"},
				"up": {"uv": [13.5, 12, 14, 11.5], "rotation": 90, "texture": "#0"},
				"down": {"uv": [13.5, 11.5, 14, 11], "rotation": 90, "texture": "#0"}
			}
		},
		{
			"from": [18.64572, 7.69211, 7.6204],
			"to": [18.96072, 10.71211, 8.2504],
			"rotation": {"angle": -22.5, "axis": "z", "origin": [15.9, 10.28279, 7.9354]},
			"faces": {
				"north": {"uv": [7, 14.125, 8.5, 14], "rotation": 270, "texture": "#0"},
				"east": {"uv": [4.5, 11.5, 4.875, 13], "texture": "#0"},
				"south": {"uv": [14, 6.625, 15.5, 6.5], "rotation": 90, "texture": "#0"},
				"west": {"uv": [4, 13, 4.375, 11.5], "rotation": 180, "texture": "#0"},
				"up": {"uv": [14, 12.625, 14.375, 12.5], "rotation": 90, "texture": "#0"},
				"down": {"uv": [14, 12.125, 14.375, 12], "rotation": 90, "texture": "#0"}
			}
		},
		{
			"from": [18.79914, 11.45504, 7.4354],
			"to": [19.79914, 13.45504, 8.4354],
			"rotation": {"angle": -22.5, "axis": "z", "origin": [15.9, 10.28279, 7.9354]},
			"faces": {
				"north": {"uv": [12, 1, 13, 0.5], "rotation": 270, "texture": "#0"},
				"east": {"uv": [12, 1, 12.5, 2], "texture": "#0"},
				"south": {"uv": [12, 0.5, 13, 0], "rotation": 90, "texture": "#0"},
				"west": {"uv": [10, 12.5, 10.5, 11.5], "rotation": 180, "texture": "#0"},
				"up": {"uv": [13.5, 12, 14, 11.5], "rotation": 90, "texture": "#0"},
				"down": {"uv": [13.5, 11.5, 14, 11], "rotation": 90, "texture": "#0"}
			}
		},
		{
			"from": [20.53509, 8.75919, 7.6204],
			"to": [20.85009, 11.77919, 8.2504],
			"rotation": {"angle": 0, "axis": "x", "origin": [15.9, 10.28279, 7.9354]},
			"faces": {
				"north": {"uv": [7, 14.125, 8.5, 14], "rotation": 270, "texture": "#0"},
				"east": {"uv": [4.5, 11.5, 4.875, 13], "texture": "#0"},
				"south": {"uv": [14, 6.625, 15.5, 6.5], "rotation": 90, "texture": "#0"},
				"west": {"uv": [4, 13, 4.375, 11.5], "rotation": 180, "texture": "#0"},
				"up": {"uv": [14, 12.625, 14.375, 12.5], "rotation": 90, "texture": "#0"},
				"down": {"uv": [14, 12.125, 14.375, 12], "rotation": 90, "texture": "#0"}
			}
		},
		{
			"from": [18.35218, 7.81985, 7.5154],
			"to": [19.19218, 9.65985, 8.3554],
			"rotation": {"angle": 45, "axis": "z", "origin": [15.9, 10.28279, 7.9354]},
			"faces": {
				"north": {"uv": [1.375, 13.5, 1, 14.375], "texture": "#0"},
				"east": {"uv": [0.875, 13.5, 0.5, 14.375], "texture": "#0"},
				"south": {"uv": [0.375, 13.5, 0, 14.375], "texture": "#0"},
				"west": {"uv": [12.375, 13, 12, 13.875], "texture": "#0"},
				"up": {"uv": [10.375, 14, 10, 14.375], "rotation": 90, "texture": "#0"},
				"down": {"uv": [14.375, 10.875, 14, 10.5], "rotation": 270, "texture": "#0"}
			}
		},
		{
			"from": [18.30911, 12.59049, 7.6854],
			"to": [20.30911, 14.59049, 8.1854],
			"rotation": {"angle": -45, "axis": "z", "origin": [15.9, 10.28279, 7.9354]},
			"faces": {
				"north": {"uv": [9.5, 8.5, 10.5, 7.5], "rotation": 270, "texture": "#0"},
				"east": {"uv": [14, 1, 14.25, 2], "texture": "#0"},
				"south": {"uv": [9.5, 7.5, 10.5, 6.5], "rotation": 90, "texture": "#0"},
				"west": {"uv": [14, 1, 14.25, 0], "rotation": 180, "texture": "#0"},
				"up": {"uv": [13.5, 14, 13.75, 13], "rotation": 90, "texture": "#0"},
				"down": {"uv": [13, 14.5, 13.25, 13.5], "rotation": 90, "texture": "#0"}
			}
		},
		{
			"from": [18.2077, 3.87368, 7.9354],
			"to": [20.2077, 7.87368, 7.9354],
			"rotation": {"angle": 45, "axis": "z", "origin": [15.9, 10.28279, 7.9354]},
			"faces": {
				"north": {"uv": [9, 8.5, 8, 10.5], "texture": "#0"},
				"east": {"uv": [0, 0, 0, 2], "texture": "#0"},
				"south": {"uv": [8, 8.5, 7, 10.5], "texture": "#0"},
				"west": {"uv": [0, 0, 0, 2], "texture": "#0"},
				"up": {"uv": [0, 0, 0, 1], "rotation": 90, "texture": "#0"},
				"down": {"uv": [0, 1, 0, 0], "rotation": 270, "texture": "#0"}
			}
		}
	],
	"display": {
		"thirdperson_righthand": {
			"translation": [0, -1.25, -0.25],
			"scale": [0.3, 0.3, 0.3]
		},
		"thirdperson_lefthand": {
			"rotation": [70, 0, 0],
			"translation": [-6, -6.75, 8.5]
		},
		"firstperson_righthand": {
			"translation": [0, -0.5, 0],
			"scale": [0.5, 0.5, 0.5]
		},
		"firstperson_lefthand": {
			"scale": [0, 0, 0]
		},
		"ground": {
			"rotation": [60, 0, 0],
			"translation": [0, -2.5, 0],
			"scale": [0.3, 0.3, 0.3]
		},
		"gui": {
			"translation": [0, -1.25, 0],
			"scale": [0.35, 0.35, 0.35]
		},
		"head": {
			"scale": [0, 0, 0]
		},
		"fixed": {
			"translation": [0, -1.25, -1.25]
		}
	}
}