{
	"credit": "Made with Blockbench",
	"ambientocclusion": false,
	"texture_size": [32, 32],
	"textures": {
		"2": "item/legoupdate/white_lego_pickaxe"
	},
	"elements": [
		{
			"from": [7.5, 20.7, 3.225],
			"to": [8.5, 24.7, 9.225],
			"rotation": {"angle": 0, "axis": "y", "origin": [0, -2.3, 0.225]},
			"faces": {
				"north": {"uv": [13, 5, 13.5, 7], "texture": "#2"},
				"east": {"uv": [6, 0, 9, 2], "texture": "#2"},
				"south": {"uv": [6.5, 13, 7, 15], "texture": "#2"},
				"west": {"uv": [6, 2, 9, 4], "texture": "#2"},
				"up": {"uv": [5, 15.5, 4.5, 12.5], "texture": "#2"},
				"down": {"uv": [5.5, 13, 5, 16], "texture": "#2"}
			}
		},
		{
			"from": [7.525, 19.32151, 2.29485],
			"to": [8.475, 23.32151, 4.29485],
			"rotation": {"angle": -22.5, "axis": "x", "origin": [8, 21.32151, 0.29485]},
			"faces": {
				"north": {"uv": [7, 13, 7.5, 15], "texture": "#2"},
				"east": {"uv": [0, 12.5, 1, 14.5], "texture": "#2"},
				"south": {"uv": [7.5, 13, 8, 15], "texture": "#2"},
				"west": {"uv": [12.5, 0, 13.5, 2], "texture": "#2"},
				"up": {"uv": [11.5, 4, 11, 3], "texture": "#2"},
				"down": {"uv": [13, 2, 12.5, 3], "texture": "#2"}
			}
		},
		{
			"from": [7.525, 19.82151, -0.70515],
			"to": [8.475, 22.82151, 2.29485],
			"rotation": {"angle": -22.5, "axis": "x", "origin": [8, 21.32151, 0.29485]},
			"faces": {
				"north": {"uv": [3, 14, 3.5, 15.5], "texture": "#2"},
				"east": {"uv": [11, 0, 12.5, 1.5], "texture": "#2"},
				"south": {"uv": [3.5, 14, 4, 15.5], "texture": "#2"},
				"west": {"uv": [11, 1.5, 12.5, 3], "texture": "#2"},
				"up": {"uv": [4.5, 15.5, 4, 14], "texture": "#2"},
				"down": {"uv": [14.5, 5.5, 14, 7], "texture": "#2"}
			}
		},
		{
			"from": [7.525, 19.57151, -2.70515],
			"to": [8.475, 21.57151, -0.70515],
			"rotation": {"angle": -22.5, "axis": "x", "origin": [8, 21.32151, 0.29485]},
			"faces": {
				"north": {"uv": [14, 9, 14.5, 10], "texture": "#2"},
				"east": {"uv": [8, 13, 9, 14], "texture": "#2"},
				"south": {"uv": [9.5, 14, 10, 15], "texture": "#2"},
				"west": {"uv": [9, 13, 10, 14], "texture": "#2"},
				"up": {"uv": [10.5, 15, 10, 14], "texture": "#2"},
				"down": {"uv": [14.5, 10, 14, 11], "texture": "#2"}
			}
		},
		{
			"from": [7.525, 19.32151, -4.70515],
			"to": [8.475, 20.32151, -2.70515],
			"rotation": {"angle": -22.5, "axis": "x", "origin": [8, 21.32151, 0.29485]},
			"faces": {
				"north": {"uv": [2, 14.5, 2.5, 15], "texture": "#2"},
				"east": {"uv": [11.5, 7.5, 12.5, 8], "texture": "#2"},
				"south": {"uv": [14.5, 2, 15, 2.5], "texture": "#2"},
				"west": {"uv": [10.5, 14, 11.5, 14.5], "texture": "#2"},
				"up": {"uv": [14.5, 12, 14, 11], "texture": "#2"},
				"down": {"uv": [12, 14, 11.5, 15], "texture": "#2"}
			}
		},
		{
			"from": [6.5, 20.2, 8.725],
			"to": [9.5, 25.2, 11.725],
			"rotation": {"angle": 0, "axis": "y", "origin": [0, -2.3, 0.225]},
			"faces": {
				"north": {"uv": [5, 10.5, 6.5, 13], "texture": "#2"},
				"east": {"uv": [6.5, 10.5, 8, 13], "texture": "#2"},
				"south": {"uv": [8, 10.5, 9.5, 13], "texture": "#2"},
				"west": {"uv": [9.5, 10.5, 11, 13], "texture": "#2"},
				"up": {"uv": [12.5, 9.5, 11, 8], "texture": "#2"},
				"down": {"uv": [12.5, 9.5, 11, 11], "texture": "#2"}
			}
		},
		{
			"from": [7.525, 19.32151, 23.15515],
			"to": [8.475, 20.32151, 25.15515],
			"rotation": {"angle": 22.5, "axis": "x", "origin": [8, 21.32151, 20.15515]},
			"faces": {
				"north": {"uv": [2.5, 14.5, 3, 15], "texture": "#2"},
				"east": {"uv": [14, 12, 15, 12.5], "texture": "#2"},
				"south": {"uv": [14.5, 2.5, 15, 3], "texture": "#2"},
				"west": {"uv": [14, 12.5, 15, 13], "texture": "#2"},
				"up": {"uv": [12.5, 15, 12, 14], "texture": "#2"},
				"down": {"uv": [14.5, 13, 14, 14], "texture": "#2"}
			}
		},
		{
			"from": [7.525, 19.57151, 21.15515],
			"to": [8.475, 21.57151, 23.15515],
			"rotation": {"angle": 22.5, "axis": "x", "origin": [8, 21.32151, 20.15515]},
			"faces": {
				"north": {"uv": [14, 14, 14.5, 15], "texture": "#2"},
				"east": {"uv": [10, 13, 11, 14], "texture": "#2"},
				"south": {"uv": [0, 14.5, 0.5, 15.5], "texture": "#2"},
				"west": {"uv": [13.5, 0, 14.5, 1], "texture": "#2"},
				"up": {"uv": [15, 1, 14.5, 0], "texture": "#2"},
				"down": {"uv": [1, 14.5, 0.5, 15.5], "texture": "#2"}
			}
		},
		{
			"from": [7.525, 19.82151, 18.15515],
			"to": [8.475, 22.82151, 21.15515],
			"rotation": {"angle": 22.5, "axis": "x", "origin": [8, 21.32151, 20.15515]},
			"faces": {
				"north": {"uv": [14, 7.5, 14.5, 9], "texture": "#2"},
				"east": {"uv": [11, 11, 12.5, 12.5], "texture": "#2"},
				"south": {"uv": [8, 14, 8.5, 15.5], "texture": "#2"},
				"west": {"uv": [11.5, 3, 13, 4.5], "texture": "#2"},
				"up": {"uv": [9, 15.5, 8.5, 14], "texture": "#2"},
				"down": {"uv": [9.5, 14, 9, 15.5], "texture": "#2"}
			}
		},
		{
			"from": [7.525, 19.32151, 16.15515],
			"to": [8.475, 23.32151, 18.15515],
			"rotation": {"angle": 22.5, "axis": "x", "origin": [8, 21.32151, 20.15515]},
			"faces": {
				"north": {"uv": [13.5, 5, 14, 7], "texture": "#2"},
				"east": {"uv": [1, 12.5, 2, 14.5], "texture": "#2"},
				"south": {"uv": [12.5, 13.5, 13, 15.5], "texture": "#2"},
				"west": {"uv": [2, 12.5, 3, 14.5], "texture": "#2"},
				"up": {"uv": [1.5, 15.5, 1, 14.5], "texture": "#2"},
				"down": {"uv": [2, 14.5, 1.5, 15.5], "texture": "#2"}
			}
		},
		{
			"from": [7.5, 20.7, 11.225],
			"to": [8.5, 24.7, 17.225],
			"rotation": {"angle": 0, "axis": "y", "origin": [0, -2.3, 20.225]},
			"faces": {
				"north": {"uv": [13, 13.5, 13.5, 15.5], "texture": "#2"},
				"east": {"uv": [6, 4, 9, 6], "texture": "#2"},
				"south": {"uv": [13.5, 13.5, 14, 15.5], "texture": "#2"},
				"west": {"uv": [6, 6, 9, 8], "texture": "#2"},
				"up": {"uv": [6, 16, 5.5, 13], "texture": "#2"},
				"down": {"uv": [6.5, 13, 6, 16], "texture": "#2"}
			}
		},
		{
			"from": [6.0625, -1.025, 8.2625],
			"to": [9.9375, 0.1375, 12.1375],
			"rotation": {"angle": 0, "axis": "y", "origin": [18.85, 16.6625, 17.3]},
			"faces": {
				"north": {"uv": [13, 7, 15, 7.5], "texture": "#2"},
				"east": {"uv": [13.5, 1, 15.5, 1.5], "texture": "#2"},
				"south": {"uv": [13.5, 1.5, 15.5, 2], "texture": "#2"},
				"west": {"uv": [14, 5, 16, 5.5], "texture": "#2"},
				"up": {"uv": [11, 2, 9, 0], "texture": "#2"},
				"down": {"uv": [11, 2, 9, 4], "texture": "#2"}
			}
		},
		{
			"from": [6.45, 10.9875, 8.65],
			"to": [9.55, 18.7375, 11.75],
			"rotation": {"angle": 0, "axis": "y", "origin": [18.85, -4.2625, 17.3]},
			"faces": {
				"north": {"uv": [0, 6.5, 1.5, 10.25], "texture": "#2"},
				"east": {"uv": [1.5, 6.5, 3, 10.25], "texture": "#2"},
				"south": {"uv": [3, 6.5, 4.5, 10.25], "texture": "#2"},
				"west": {"uv": [4.5, 6.5, 6, 10.25], "texture": "#2"},
				"up": {"uv": [13, 6, 11.5, 4.5], "texture": "#2"},
				"down": {"uv": [13, 6, 11.5, 7.5], "texture": "#2"}
			}
		},
		{
			"from": [6.8375, 18.7375, 9.0375],
			"to": [9.1625, 21.8375, 11.3625],
			"rotation": {"angle": 0, "axis": "y", "origin": [18.85, -1.1625, 17.3]},
			"faces": {
				"north": {"uv": [3, 12.5, 4.25, 14], "texture": "#2"},
				"east": {"uv": [12.5, 7.5, 13.75, 9], "texture": "#2"},
				"south": {"uv": [12.5, 9, 13.75, 10.5], "texture": "#2"},
				"west": {"uv": [12.5, 10.5, 13.75, 12], "texture": "#2"},
				"up": {"uv": [12.25, 13.75, 11, 12.5], "texture": "#2"},
				"down": {"uv": [13.75, 12, 12.5, 13.25], "texture": "#2"}
			}
		},
		{
			"from": [6.8375, -1.4125, 9.0375],
			"to": [9.1625, 10.9875, 11.3625],
			"rotation": {"angle": 0, "axis": "y", "origin": [18.85, -15.1125, 17.3]},
			"faces": {
				"north": {"uv": [0, 0, 1.25, 6.25], "texture": "#2"},
				"east": {"uv": [1.5, 0, 2.75, 6.25], "texture": "#2"},
				"south": {"uv": [3, 0, 4.25, 6.25], "texture": "#2"},
				"west": {"uv": [4.5, 0, 5.75, 6.25], "texture": "#2"},
				"up": {"uv": [14.25, 3.25, 13, 2], "texture": "#2"},
				"down": {"uv": [14.25, 3.5, 13, 4.75], "texture": "#2"}
			}
		},
		{
			"from": [5.675, -4.9, 7.875],
			"to": [10.325, -1.4125, 12.525],
			"rotation": {"angle": 0, "axis": "y", "origin": [18.85, 12.7875, 17.3]},
			"faces": {
				"north": {"uv": [9, 4, 11.25, 5.75], "texture": "#2"},
				"east": {"uv": [9, 6, 11.25, 7.75], "texture": "#2"},
				"south": {"uv": [0, 10.5, 2.25, 12.25], "texture": "#2"},
				"west": {"uv": [2.5, 10.5, 4.75, 12.25], "texture": "#2"},
				"up": {"uv": [8.25, 10.25, 6, 8], "texture": "#2"},
				"down": {"uv": [10.75, 8, 8.5, 10.25], "texture": "#2"}
			}
		}
	],
	"gui_light": "front",
	"display": {
		"thirdperson_righthand": {
			"translation": [0, 0.75, 0.25],
			"scale": [0.63, 0.63, 0.63]
		},
		"thirdperson_lefthand": {
			"translation": [0, 0.75, 0.25],
			"scale": [0.63, 0.63, 0.63]
		},
		"firstperson_righthand": {
			"rotation": [10, 0, 0],
			"translation": [-2.5, 3, 3.5],
			"scale": [0.38, 0.38, 0.38]
		},
		"firstperson_lefthand": {
			"rotation": [10, 0, 0],
			"translation": [-2.5, 3, 3.5],
			"scale": [0.38, 0.38, 0.38]
		},
		"ground": {
			"translation": [0, 4.25, 0],
			"scale": [0.64, 0.64, 0.64]
		},
		"gui": {
			"rotation": [180, 90, -180],
			"translation": [-1.25, -1.25, -80],
			"scale": [0.49, 0.49, 0.49]
		},
		"head": {
			"translation": [0, -8.75, 0]
		},
		"fixed": {
			"rotation": [90, -45, 90],
			"translation": [3.25, -1, -0.25],
			"scale": [0.62, 0.62, 0.62]
		}
	},
	"groups": [
		{
			"name": "group",
			"origin": [0, 0, 20],
			"color": 0,
			"nbt": "{}",
			"armAnimationEnabled": false,
			"children": [0, 1, 2, 3, 4, 5, 6, 7, 8, 9, 10]
		},
		{
			"name": "group",
			"origin": [18.85, 12.7875, 17.3],
			"color": 0,
			"nbt": "{}",
			"armAnimationEnabled": false,
			"children": [11, 12, 13, 14, 15]
		}
	]
}