{
	"credit": "Made by PolygonMC",
	"texture_size": [32, 32],
	"textures": {
		"2": "littlepandaset/fishing_rod_cast"
	},
	"elements": [
		{
			"from": [7.5, 1, 7.5],
			"to": [8.5, 2, 8.5],
			"rotation": {"angle": 0, "axis": "y", "origin": [6.5, 0, 7.5]},
			"faces": {
				"north": {"uv": [8, 3, 8.5, 3.5], "texture": "#2"},
				"east": {"uv": [1, 10, 1.5, 10.5], "texture": "#2"},
				"south": {"uv": [10.5, 4, 11, 4.5], "texture": "#2"},
				"west": {"uv": [10.5, 10, 11, 10.5], "texture": "#2"},
				"up": {"uv": [12, 9, 11.5, 8.5], "texture": "#2"},
				"down": {"uv": [10, 11.5, 9.5, 12], "texture": "#2"}
			}
		},
		{
			"from": [7.5, 2.5, 7.5],
			"to": [8.5, 7.5, 8.5],
			"rotation": {"angle": 0, "axis": "y", "origin": [6.5, 0, 7.5]},
			"faces": {
				"north": {"uv": [7, 3.5, 7.5, 6], "texture": "#2"},
				"east": {"uv": [5.5, 8, 6, 10.5], "texture": "#2"},
				"south": {"uv": [6, 8, 6.5, 10.5], "texture": "#2"},
				"west": {"uv": [6.5, 8, 7, 10.5], "texture": "#2"}
			}
		},
		{
			"from": [7.35, 2, 7.35],
			"to": [8.65, 2.5, 8.65],
			"rotation": {"angle": 0, "axis": "y", "origin": [6.5, 0, 7.5]},
			"faces": {
				"north": {"uv": [10, 13.5, 10.75, 13.75], "texture": "#2"},
				"east": {"uv": [13.5, 10, 14.25, 10.25], "texture": "#2"},
				"south": {"uv": [13.5, 10.5, 14.25, 10.75], "texture": "#2"},
				"west": {"uv": [11, 13.5, 11.75, 13.75], "texture": "#2"},
				"up": {"uv": [12.75, 1.75, 12, 1], "texture": "#2"},
				"down": {"uv": [12.75, 2, 12, 2.75], "texture": "#2"}
			}
		},
		{
			"from": [7.35, 6.5, 7.35],
			"to": [8.65, 7, 8.65],
			"rotation": {"angle": 0, "axis": "y", "origin": [6.5, -1, 7.5]},
			"faces": {
				"north": {"uv": [13.5, 11, 14.25, 11.25], "texture": "#2"},
				"east": {"uv": [13.5, 11.5, 14.25, 11.75], "texture": "#2"},
				"south": {"uv": [13.5, 12, 14.25, 12.25], "texture": "#2"},
				"west": {"uv": [12.5, 13.5, 13.25, 13.75], "texture": "#2"},
				"up": {"uv": [12.75, 3.75, 12, 3], "texture": "#2"},
				"down": {"uv": [12.75, 6, 12, 6.75], "texture": "#2"}
			}
		},
		{
			"from": [7.35, 3, 7.35],
			"to": [8.65, 6, 8.65],
			"rotation": {"angle": 0, "axis": "y", "origin": [6.5, 0, 7.5]},
			"faces": {
				"north": {"uv": [0, 9, 0.75, 10.5], "texture": "#2"},
				"east": {"uv": [8.5, 9, 9.25, 10.5], "texture": "#2"},
				"south": {"uv": [9.5, 0, 10.25, 1.5], "texture": "#2"},
				"west": {"uv": [9.5, 1.5, 10.25, 3], "texture": "#2"},
				"up": {"uv": [7.75, 12.75, 7, 12], "texture": "#2"},
				"down": {"uv": [12.75, 8.5, 12, 9.25], "texture": "#2"}
			}
		},
		{
			"from": [7.75, 0, 7.25],
			"to": [8.25, 1.5, 8.75],
			"rotation": {"angle": -45, "axis": "x", "origin": [8, 0.75, 8]},
			"faces": {
				"north": {"uv": [13.5, 12.5, 13.75, 13.25], "texture": "#2"},
				"east": {"uv": [9.5, 12, 10.25, 12.75], "texture": "#2"},
				"south": {"uv": [13.5, 13.5, 13.75, 14.25], "texture": "#2"},
				"west": {"uv": [10.5, 12, 11.25, 12.75], "texture": "#2"},
				"up": {"uv": [0.25, 14.75, 0, 14], "texture": "#2"},
				"down": {"uv": [14.25, 0, 14, 0.75], "texture": "#2"}
			}
		},
		{
			"from": [6, 14.5, 9],
			"to": [10, 18.5, 13],
			"rotation": {"angle": -22.5, "axis": "y", "origin": [6.75, 17, 11]},
			"faces": {
				"north": {"uv": [3, 0, 5, 2], "texture": "#2"},
				"east": {"uv": [3, 2, 5, 4], "texture": "#2"},
				"south": {"uv": [3, 4, 5, 6], "texture": "#2"},
				"west": {"uv": [5, 0, 7, 2], "texture": "#2"},
				"up": {"uv": [7, 4, 5, 2], "texture": "#2"},
				"down": {"uv": [5, 4, 7, 6], "texture": "#2"}
			}
		},
		{
			"from": [5, 14.5, 10],
			"to": [6, 16, 12],
			"rotation": {"angle": -22.5, "axis": "y", "origin": [6.75, 17, 11]},
			"faces": {
				"north": {"uv": [13, 8, 13.5, 8.75], "texture": "#2"},
				"south": {"uv": [9.5, 13, 10, 13.75], "texture": "#2"},
				"west": {"uv": [11.5, 0, 12.5, 0.75], "texture": "#2"},
				"up": {"uv": [3, 8, 2.5, 7], "texture": "#2"},
				"down": {"uv": [1.5, 9, 1, 10], "texture": "#2"}
			}
		},
		{
			"from": [7.75, 18, 8],
			"to": [8.25, 19.5, 10],
			"rotation": {"angle": -22.5, "axis": "y", "origin": [6.75, 17, 11]},
			"faces": {
				"north": {"uv": [0.5, 14, 0.75, 14.75], "texture": "#2"},
				"east": {"uv": [5, 11.5, 6, 12.25], "texture": "#2"},
				"south": {"uv": [1, 14, 1.25, 14.75], "texture": "#2"},
				"west": {"uv": [6, 11.5, 7, 12.25], "texture": "#2"},
				"up": {"uv": [12.25, 14, 12, 13], "texture": "#2"},
				"down": {"uv": [13.75, 0, 13.5, 1], "texture": "#2"}
			}
		},
		{
			"from": [7.75, 18, 12],
			"to": [8.25, 19.5, 14],
			"rotation": {"angle": -22.5, "axis": "y", "origin": [6.75, 17, 11]},
			"faces": {
				"north": {"uv": [14, 1, 14.25, 1.75], "texture": "#2"},
				"east": {"uv": [11.5, 7.5, 12.5, 8.25], "texture": "#2"},
				"south": {"uv": [1.5, 14, 1.75, 14.75], "texture": "#2"},
				"west": {"uv": [8.5, 11.5, 9.5, 12.25], "texture": "#2"},
				"up": {"uv": [2.25, 14.5, 2, 13.5], "texture": "#2"},
				"down": {"uv": [2.75, 13.5, 2.5, 14.5], "texture": "#2"}
			}
		},
		{
			"from": [7, -2.22976, 3.87392],
			"to": [9, -0.22976, 5.87392],
			"rotation": {"angle": 22.5, "axis": "x", "origin": [8, -0.06726, 4.87392]},
			"faces": {
				"north": {"uv": [9.5, 7.5, 10.5, 8.5], "texture": "#2"},
				"east": {"uv": [9.5, 8.5, 10.5, 9.5], "texture": "#2"},
				"south": {"uv": [9.5, 9.5, 10.5, 10.5], "texture": "#2"},
				"west": {"uv": [0, 10.5, 1, 11.5], "texture": "#2"},
				"up": {"uv": [11.5, 1, 10.5, 0], "texture": "#2"},
				"down": {"uv": [2, 10.5, 1, 11.5], "texture": "#2"}
			}
		},
		{
			"from": [7.3, -0.22976, 4.17392],
			"to": [8.7, 0.27024, 5.57392],
			"rotation": {"angle": 22.5, "axis": "x", "origin": [8, -0.06726, 4.87392]},
			"faces": {
				"north": {"uv": [14, 2, 14.75, 2.25], "texture": "#2"},
				"east": {"uv": [14, 2.5, 14.75, 2.75], "texture": "#2"},
				"south": {"uv": [3, 14, 3.75, 14.25], "texture": "#2"},
				"west": {"uv": [14, 3, 14.75, 3.25], "texture": "#2"}
			}
		},
		{
			"from": [7.2, 0.27024, 4.07392],
			"to": [8.8, 1.92024, 5.67392],
			"rotation": {"angle": 22.5, "axis": "x", "origin": [8, -0.06726, 4.87392]},
			"faces": {
				"north": {"uv": [11.5, 12, 12.25, 12.75], "texture": "#2"},
				"east": {"uv": [12.5, 0, 13.25, 0.75], "texture": "#2"},
				"south": {"uv": [2, 12.5, 2.75, 13.25], "texture": "#2"},
				"west": {"uv": [3, 12.5, 3.75, 13.25], "texture": "#2"},
				"up": {"uv": [4.75, 13.25, 4, 12.5], "texture": "#2"},
				"down": {"uv": [13.25, 4, 12.5, 4.75], "texture": "#2"}
			}
		},
		{
			"from": [7.25, 0.275, 5.35],
			"to": [8.75, 0.305, 8.35],
			"rotation": {"angle": -22.5, "axis": "x", "origin": [8, 0.275, 6.85]},
			"faces": {
				"up": {"uv": [3.25, 11, 2.5, 9.5], "texture": "#2"},
				"down": {"uv": [10.25, 3, 9.5, 4.5], "texture": "#2"}
			}
		},
		{
			"from": [6.5, 10.5, 10],
			"to": [9.5, 14.5, 13],
			"rotation": {"angle": 0, "axis": "y", "origin": [6.5, 10.5, 9]},
			"faces": {
				"north": {"uv": [3, 6, 4.5, 8], "texture": "#2"},
				"east": {"uv": [4.5, 6, 6, 8], "texture": "#2"},
				"south": {"uv": [6, 6, 7.5, 8], "texture": "#2"},
				"west": {"uv": [0, 7, 1.5, 9], "texture": "#2"},
				"up": {"uv": [9.5, 1.5, 8, 0], "texture": "#2"},
				"down": {"uv": [9.5, 1.5, 8, 3], "texture": "#2"}
			}
		},
		{
			"from": [8.75, 12.75, 8],
			"to": [10.25, 14.25, 10.5],
			"rotation": {"angle": 22.5, "axis": "y", "origin": [9.5, 13.5, 9.25]},
			"faces": {
				"north": {"uv": [5, 12.5, 5.75, 13.25], "texture": "#2"},
				"east": {"uv": [10.5, 3, 11.75, 3.75], "texture": "#2"},
				"south": {"uv": [12.5, 5, 13.25, 5.75], "texture": "#2"},
				"west": {"uv": [5.5, 10.5, 6.75, 11.25], "texture": "#2"},
				"up": {"uv": [8.25, 11.75, 7.5, 10.5], "texture": "#2"},
				"down": {"uv": [11.25, 7.5, 10.5, 8.75], "texture": "#2"}
			}
		},
		{
			"from": [5.75, 12.75, 8],
			"to": [7.25, 14.25, 10.5],
			"rotation": {"angle": -22.5, "axis": "y", "origin": [6.5, 13.5, 9.25]},
			"faces": {
				"north": {"uv": [6, 12.5, 6.75, 13.25], "texture": "#2"},
				"east": {"uv": [8.5, 10.5, 9.75, 11.25], "texture": "#2"},
				"south": {"uv": [12.5, 7, 13.25, 7.75], "texture": "#2"},
				"west": {"uv": [10.5, 9, 11.75, 9.75], "texture": "#2"},
				"up": {"uv": [10.75, 11.75, 10, 10.5], "texture": "#2"},
				"down": {"uv": [11.75, 1, 11, 2.25], "texture": "#2"}
			}
		},
		{
			"from": [5.75, 10.5, 8],
			"to": [7.25, 12, 10.5],
			"rotation": {"angle": -22.5, "axis": "y", "origin": [6.5, 11.25, 9.25]},
			"faces": {
				"north": {"uv": [8, 12.5, 8.75, 13.25], "texture": "#2"},
				"east": {"uv": [11, 4, 12.25, 4.75], "texture": "#2"},
				"south": {"uv": [12.5, 9.5, 13.25, 10.25], "texture": "#2"},
				"west": {"uv": [11, 5, 12.25, 5.75], "texture": "#2"},
				"up": {"uv": [3.25, 12.25, 2.5, 11], "texture": "#2"},
				"down": {"uv": [11.75, 6, 11, 7.25], "texture": "#2"}
			}
		},
		{
			"from": [8.75, 10.5, 8],
			"to": [10.25, 12, 10.5],
			"rotation": {"angle": 22.5, "axis": "y", "origin": [9.5, 11.25, 9.25]},
			"faces": {
				"north": {"uv": [12.5, 10.5, 13.25, 11.25], "texture": "#2"},
				"east": {"uv": [11, 10, 12.25, 10.75], "texture": "#2"},
				"south": {"uv": [12.5, 11.5, 13.25, 12.25], "texture": "#2"},
				"west": {"uv": [11, 11, 12.25, 11.75], "texture": "#2"},
				"up": {"uv": [0.75, 12.75, 0, 11.5], "texture": "#2"},
				"down": {"uv": [1.75, 11.5, 1, 12.75], "texture": "#2"}
			}
		},
		{
			"from": [7.25, 10, 7.25],
			"to": [8.75, 16.5, 8.75],
			"rotation": {"angle": 0, "axis": "y", "origin": [7.5, 10, 7.5]},
			"faces": {
				"north": {"uv": [7, 0, 7.75, 3.25], "texture": "#2"},
				"east": {"uv": [1.5, 7, 2.25, 10.25], "texture": "#2"},
				"south": {"uv": [7.5, 3.5, 8.25, 6.75], "texture": "#2"},
				"west": {"uv": [7.5, 7, 8.25, 10.25], "texture": "#2"},
				"up": {"uv": [13.25, 13.25, 12.5, 12.5], "texture": "#2"},
				"down": {"uv": [0.75, 13, 0, 13.75], "texture": "#2"}
			}
		},
		{
			"from": [4.25, 15.3, 7.25],
			"to": [7.25, 15.33, 8.75],
			"rotation": {"angle": -45, "axis": "x", "origin": [5.75, 15.315, 8]},
			"faces": {
				"up": {"uv": [5, 10.25, 3.5, 9.5], "texture": "#2"},
				"down": {"uv": [11, 4.5, 9.5, 5.25], "texture": "#2"}
			}
		},
		{
			"from": [7.985, 21.015, 8.25],
			"to": [8.015, 22.515, 11.25],
			"rotation": {"angle": -22.5, "axis": "x", "origin": [8, 21.765, 9.75]},
			"faces": {
				"east": {"uv": [11, 4.5, 9.5, 5.25], "texture": "#2"},
				"west": {"uv": [5, 10.25, 3.5, 9.5], "rotation": 180, "texture": "#2"}
			}
		},
		{
			"from": [8.5, 12.34, 7.985],
			"to": [11.5, 13.84, 8.015],
			"rotation": {"angle": 22.5, "axis": "z", "origin": [10, 13.09, 8]},
			"faces": {
				"north": {"uv": [9.5, 5.5, 11, 6.25], "texture": "#2"},
				"south": {"uv": [9.5, 6.5, 11, 7.25], "texture": "#2"}
			}
		},
		{
			"from": [7, 7.5, 6.75],
			"to": [9, 10, 9.25],
			"rotation": {"angle": 0, "axis": "y", "origin": [7, 7.75, 7]},
			"faces": {
				"north": {"uv": [8.5, 3, 9.5, 4.25], "texture": "#2"},
				"east": {"uv": [2.5, 8, 3.75, 9.25], "texture": "#2"},
				"south": {"uv": [8.5, 4.5, 9.5, 5.75], "texture": "#2"},
				"west": {"uv": [4, 8, 5.25, 9.25], "texture": "#2"},
				"up": {"uv": [9.5, 7.25, 8.5, 6], "texture": "#2"},
				"down": {"uv": [9.5, 7.5, 8.5, 8.75], "texture": "#2"}
			}
		},
		{
			"from": [7.5, 11.5, 5.75],
			"to": [8.5, 12, 6.75],
			"rotation": {"angle": 0, "axis": "y", "origin": [7.5, 10, 5.75]},
			"faces": {
				"north": {"uv": [14, 3.5, 14.5, 3.75], "texture": "#2"},
				"east": {"uv": [4, 14, 4.5, 14.25], "texture": "#2"},
				"south": {"uv": [4.5, 14, 5, 14.25], "texture": "#2"},
				"west": {"uv": [14, 4.5, 14.5, 4.75], "texture": "#2"},
				"up": {"uv": [12.5, 7.5, 12, 7], "texture": "#2"}
			}
		},
		{
			"from": [7.5, 9.5, 5.75],
			"to": [8.5, 10, 6.75],
			"rotation": {"angle": 0, "axis": "y", "origin": [7.5, 8, 5.75]},
			"faces": {
				"north": {"uv": [14, 5, 14.5, 5.25], "texture": "#2"},
				"east": {"uv": [5.5, 14, 6, 14.25], "texture": "#2"},
				"south": {"uv": [6, 14, 6.5, 14.25], "texture": "#2"},
				"west": {"uv": [14, 6, 14.5, 6.25], "texture": "#2"},
				"down": {"uv": [8.5, 12, 8, 12.5], "texture": "#2"}
			}
		},
		{
			"from": [7.35, 10, 5.6],
			"to": [8.65, 11.5, 6.9],
			"rotation": {"angle": 0, "axis": "y", "origin": [7.5, 9.5, 5.75]},
			"faces": {
				"north": {"uv": [1, 13, 1.75, 13.75], "texture": "#2"},
				"east": {"uv": [13, 1, 13.75, 1.75], "texture": "#2"},
				"south": {"uv": [13, 2, 13.75, 2.75], "texture": "#2"},
				"west": {"uv": [13, 3, 13.75, 3.75], "texture": "#2"},
				"up": {"uv": [13.75, 6.75, 13, 6], "texture": "#2"},
				"down": {"uv": [7.75, 13, 7, 13.75], "texture": "#2"}
			}
		},
		{
			"from": [6, 8, 7.25],
			"to": [7, 8.5, 7.75],
			"rotation": {"angle": 0, "axis": "y", "origin": [5, 7.75, 7]},
			"faces": {
				"north": {"uv": [14, 6.5, 14.5, 6.75], "texture": "#2"},
				"south": {"uv": [7, 14, 7.5, 14.25], "texture": "#2"},
				"up": {"uv": [14.5, 7.25, 14, 7], "texture": "#2"},
				"down": {"uv": [8, 14, 7.5, 14.25], "texture": "#2"}
			}
		},
		{
			"from": [4.5, 7.75, 7],
			"to": [6, 8.75, 8],
			"rotation": {"angle": 0, "axis": "y", "origin": [4, 7.75, 7]},
			"faces": {
				"north": {"uv": [11, 2.5, 11.75, 3], "texture": "#2"},
				"east": {"uv": [12, 9.5, 12.5, 10], "texture": "#2"},
				"south": {"uv": [13, 9, 13.75, 9.5], "texture": "#2"},
				"west": {"uv": [12.5, 8, 13, 8.5], "texture": "#2"},
				"up": {"uv": [10.75, 13.5, 10, 13], "texture": "#2"},
				"down": {"uv": [11.75, 13, 11, 13.5], "texture": "#2"}
			}
		},
		{
			"from": [6.5, 10.5, 5.75],
			"to": [7.5, 10.53, 7.75],
			"rotation": {"angle": 45, "axis": "x", "origin": [5.5, 10.5, 5.75]},
			"faces": {
				"up": {"uv": [9.5, 13.5, 9, 12.5], "texture": "#2"},
				"down": {"uv": [9.5, 12.5, 9, 13.5], "texture": "#2"}
			}
		},
		{
			"from": [7.4, 16.5, 7.4],
			"to": [8.6, 20.5, 8.6],
			"rotation": {"angle": 0, "axis": "x", "origin": [7.5, 16.5, 7.5]},
			"faces": {
				"north": {"uv": [11, 1, 10.5, 3], "texture": "#2"},
				"east": {"uv": [10.5, 1, 11, 3], "texture": "#2"},
				"south": {"uv": [11, 1, 10.5, 3], "texture": "#2"},
				"west": {"uv": [10.5, 1, 11, 3], "texture": "#2"},
				"up": {"uv": [3.5, 14, 3, 13.5], "texture": "#2"}
			}
		},
		{
			"from": [7.5, 20.5, 7.5],
			"to": [8.5, 24.5, 8.5],
			"rotation": {"angle": 0, "axis": "x", "origin": [8, 22.5, 8]},
			"faces": {
				"north": {"uv": [5, 10.5, 4.5, 12.5], "texture": "#2"},
				"east": {"uv": [4.5, 10.5, 5, 12.5], "texture": "#2"},
				"south": {"uv": [5, 10.5, 4.5, 12.5], "texture": "#2"},
				"west": {"uv": [4.5, 10.5, 5, 12.5], "texture": "#2"},
				"up": {"uv": [4, 14, 3.5, 13.5], "texture": "#2"}
			}
		},
		{
			"from": [7, 15, 5.5],
			"to": [7.5, 15.5, 7.5],
			"rotation": {"angle": 0, "axis": "y", "origin": [7, 15, 5.5]},
			"faces": {
				"north": {"uv": [14, 9.5, 14.25, 9.75], "texture": "#2"},
				"east": {"uv": [4, 13.5, 5, 13.75], "texture": "#2"},
				"south": {"uv": [10, 14, 10.25, 14.25], "texture": "#2"},
				"west": {"uv": [13.5, 4, 14.5, 4.25], "texture": "#2"},
				"up": {"uv": [13.75, 5.5, 13.5, 4.5], "texture": "#2"},
				"down": {"uv": [5.25, 13.5, 5, 14.5], "texture": "#2"}
			}
		},
		{
			"from": [8.5, 15, 5.5],
			"to": [9, 15.5, 7.5],
			"rotation": {"angle": 0, "axis": "y", "origin": [8.5, 15, 5.5]},
			"faces": {
				"north": {"uv": [10.5, 14, 10.75, 14.25], "texture": "#2"},
				"east": {"uv": [5.5, 13.5, 6.5, 13.75], "texture": "#2"},
				"south": {"uv": [11, 14, 11.25, 14.25], "texture": "#2"},
				"west": {"uv": [13.5, 5.5, 14.5, 5.75], "texture": "#2"},
				"up": {"uv": [6.75, 14.5, 6.5, 13.5], "texture": "#2"},
				"down": {"uv": [13.75, 7, 13.5, 8], "texture": "#2"}
			}
		},
		{
			"from": [7.5, 15, 7],
			"to": [8.5, 15.5, 7.5],
			"rotation": {"angle": 0, "axis": "y", "origin": [8, 15, 5.5]},
			"faces": {
				"north": {"uv": [14, 7.5, 14.5, 7.75], "texture": "#2"},
				"south": {"uv": [8, 14, 8.5, 14.25], "texture": "#2"},
				"up": {"uv": [14.5, 8.25, 14, 8], "texture": "#2"},
				"down": {"uv": [9, 14, 8.5, 14.25], "texture": "#2"}
			}
		},
		{
			"from": [7.5, 15, 5.5],
			"to": [8.5, 15.5, 6],
			"rotation": {"angle": 0, "axis": "y", "origin": [8, 15, 4]},
			"faces": {
				"north": {"uv": [14, 8.5, 14.5, 8.75], "texture": "#2"},
				"south": {"uv": [9, 14, 9.5, 14.25], "texture": "#2"},
				"up": {"uv": [14.5, 9.25, 14, 9], "texture": "#2"},
				"down": {"uv": [10, 14, 9.5, 14.25], "texture": "#2"}
			}
		},
		{
			"from": [7, 19, 5.5],
			"to": [7.5, 19.5, 7.5],
			"rotation": {"angle": 0, "axis": "y", "origin": [7, 19, 5.5]},
			"faces": {
				"north": {"uv": [14, 9.5, 14.25, 9.75], "texture": "#2"},
				"east": {"uv": [4, 13.5, 5, 13.75], "texture": "#2"},
				"south": {"uv": [10, 14, 10.25, 14.25], "texture": "#2"},
				"west": {"uv": [13.5, 4, 14.5, 4.25], "texture": "#2"},
				"up": {"uv": [13.75, 5.5, 13.5, 4.5], "texture": "#2"},
				"down": {"uv": [5.25, 13.5, 5, 14.5], "texture": "#2"}
			}
		},
		{
			"from": [8.5, 19, 5.5],
			"to": [9, 19.5, 7.5],
			"rotation": {"angle": 0, "axis": "y", "origin": [8.5, 19, 5.5]},
			"faces": {
				"north": {"uv": [10.5, 14, 10.75, 14.25], "texture": "#2"},
				"east": {"uv": [5.5, 13.5, 6.5, 13.75], "texture": "#2"},
				"south": {"uv": [11, 14, 11.25, 14.25], "texture": "#2"},
				"west": {"uv": [13.5, 5.5, 14.5, 5.75], "texture": "#2"},
				"up": {"uv": [6.75, 14.5, 6.5, 13.5], "texture": "#2"},
				"down": {"uv": [13.75, 7, 13.5, 8], "texture": "#2"}
			}
		},
		{
			"from": [7.5, 19, 7],
			"to": [8.5, 19.5, 7.5],
			"rotation": {"angle": 0, "axis": "y", "origin": [8, 19, 5.5]},
			"faces": {
				"north": {"uv": [14, 7.5, 14.5, 7.75], "texture": "#2"},
				"south": {"uv": [8, 14, 8.5, 14.25], "texture": "#2"},
				"up": {"uv": [14.5, 8.25, 14, 8], "texture": "#2"},
				"down": {"uv": [9, 14, 8.5, 14.25], "texture": "#2"}
			}
		},
		{
			"from": [7.5, 19, 5.5],
			"to": [8.5, 19.5, 6],
			"rotation": {"angle": 0, "axis": "y", "origin": [8, 19, 4]},
			"faces": {
				"north": {"uv": [14, 8.5, 14.5, 8.75], "texture": "#2"},
				"south": {"uv": [9, 14, 9.5, 14.25], "texture": "#2"},
				"up": {"uv": [14.5, 9.25, 14, 9], "texture": "#2"},
				"down": {"uv": [10, 14, 9.5, 14.25], "texture": "#2"}
			}
		},
		{
			"from": [7, 23, 5.5],
			"to": [7.5, 23.5, 7.5],
			"rotation": {"angle": 0, "axis": "y", "origin": [7, 23, 5.5]},
			"faces": {
				"north": {"uv": [14, 9.5, 14.25, 9.75], "texture": "#2"},
				"east": {"uv": [4, 13.5, 5, 13.75], "texture": "#2"},
				"south": {"uv": [10, 14, 10.25, 14.25], "texture": "#2"},
				"west": {"uv": [13.5, 4, 14.5, 4.25], "texture": "#2"},
				"up": {"uv": [13.75, 5.5, 13.5, 4.5], "texture": "#2"},
				"down": {"uv": [5.25, 13.5, 5, 14.5], "texture": "#2"}
			}
		},
		{
			"from": [8.5, 23, 5.5],
			"to": [9, 23.5, 7.5],
			"rotation": {"angle": 0, "axis": "y", "origin": [8.5, 23, 5.5]},
			"faces": {
				"north": {"uv": [10.5, 14, 10.75, 14.25], "texture": "#2"},
				"east": {"uv": [5.5, 13.5, 6.5, 13.75], "texture": "#2"},
				"south": {"uv": [11, 14, 11.25, 14.25], "texture": "#2"},
				"west": {"uv": [13.5, 5.5, 14.5, 5.75], "texture": "#2"},
				"up": {"uv": [6.75, 14.5, 6.5, 13.5], "texture": "#2"},
				"down": {"uv": [13.75, 7, 13.5, 8], "texture": "#2"}
			}
		},
		{
			"from": [7.5, 23, 7],
			"to": [8.5, 23.5, 7.5],
			"rotation": {"angle": 0, "axis": "y", "origin": [8, 23, 5.5]},
			"faces": {
				"north": {"uv": [14, 7.5, 14.5, 7.75], "texture": "#2"},
				"south": {"uv": [8, 14, 8.5, 14.25], "texture": "#2"},
				"up": {"uv": [14.5, 8.25, 14, 8], "texture": "#2"},
				"down": {"uv": [9, 14, 8.5, 14.25], "texture": "#2"}
			}
		},
		{
			"from": [7.5, 23, 5.5],
			"to": [8.5, 23.5, 6],
			"rotation": {"angle": 0, "axis": "y", "origin": [8, 23, 4]},
			"faces": {
				"north": {"uv": [14, 8.5, 14.5, 8.75], "texture": "#2"},
				"south": {"uv": [9, 14, 9.5, 14.25], "texture": "#2"},
				"up": {"uv": [14.5, 9.25, 14, 9], "texture": "#2"},
				"down": {"uv": [10, 14, 9.5, 14.25], "texture": "#2"}
			}
		},
		{
			"from": [7.985, 10.5, 1.5],
			"to": [8.015, 24.5, 7.5],
			"rotation": {"angle": 0, "axis": "y", "origin": [7.985, 10.5, 1.5]},
			"faces": {
				"east": {"uv": [3, 0, 0, 7], "texture": "#2"},
				"west": {"uv": [0, 0, 3, 7], "texture": "#2"}
			}
		}
	],
	"gui_light": "front",
	"display": {
		"thirdperson_righthand": {
			"rotation": [18.75, 0, 0],
			"translation": [0, 1.25, 1.75]
		},
		"thirdperson_lefthand": {
			"rotation": [18.75, 0, 0],
			"translation": [0, 1.25, 1.75]
		},
		"firstperson_righthand": {
			"rotation": [-51, 0, -24],
			"translation": [-3.5, 2.5, 4.5]
		},
		"firstperson_lefthand": {
			"rotation": [-51, 0, -24],
			"translation": [-3.5, 2.5, 4.5]
		},
		"ground": {
			"rotation": [-45, 0, 0],
			"translation": [0, 10.5, 0]
		},
		"gui": {
			"rotation": [-90, 45, 90],
			"translation": [3.25, -0.75, 0],
			"scale": [0.72852, 0.72852, 0.72852]
		},
		"head": {
			"rotation": [90, -90, 90]
		},
		"fixed": {
			"rotation": [90, -90, 90],
			"translation": [0, -7.25, -1],
			"scale": [2, 2, 2]
		}
	}
}