{
	"credit": "Made by PolygonMC",
	"texture_size": [32, 32],
	"textures": {
		"2": "littlepandaset/panda_hood"
	},
	"elements": [
		{
			"from": [3, 7.5, 3],
			"to": [13, 13.25, 13],
			"rotation": {"angle": 0, "axis": "y", "origin": [3.5, 4, 3.5]},
			"faces": {
				"north": {"uv": [5, 0, 10, 3], "texture": "#2"},
				"east": {"uv": [5, 3, 10, 6], "texture": "#2"},
				"south": {"uv": [5, 6, 10, 9], "texture": "#2"},
				"west": {"uv": [5, 9, 10, 12], "texture": "#2"},
				"up": {"uv": [5, 5, 0, 0], "texture": "#2"},
				"down": {"uv": [5, 5, 0, 10], "texture": "#2"}
			}
		},
		{
			"from": [5.5, 7.5, 1],
			"to": [10.5, 10.25, 3],
			"rotation": {"angle": 0, "axis": "y", "origin": [3.5, 3.5, 3]},
			"faces": {
				"north": {"uv": [10, 4, 12.5, 5.5], "texture": "#2"},
				"east": {"uv": [0, 12, 1, 13.5], "texture": "#2"},
				"west": {"uv": [1, 12, 2, 13.5], "texture": "#2"},
				"up": {"uv": [12.5, 10.5, 10, 9.5], "texture": "#2"},
				"down": {"uv": [12.5, 10.5, 10, 11.5], "texture": "#2"}
			}
		},
		{
			"from": [10.75, 12.5, 7.5],
			"to": [15.25, 16, 8.5],
			"rotation": {"angle": 0, "axis": "y", "origin": [0, 0, 2.5]},
			"faces": {
				"north": {"uv": [0, 10, 2.5, 12], "texture": "#2"},
				"east": {"uv": [4.5, 10, 5, 12], "texture": "#2"},
				"south": {"uv": [10, 0, 12.5, 2], "texture": "#2"},
				"west": {"uv": [4.5, 12, 5, 14], "texture": "#2"},
				"up": {"uv": [4.5, 12.5, 2, 12], "texture": "#2"},
				"down": {"uv": [14.5, 2, 12, 2.5], "texture": "#2"}
			}
		},
		{
			"from": [0.75, 12.5, 7.5],
			"to": [5.25, 16, 8.5],
			"rotation": {"angle": 0, "axis": "y", "origin": [16, 0, 2.5]},
			"faces": {
				"north": {"uv": [2.5, 10, 0, 12], "texture": "#2"},
				"east": {"uv": [5, 12, 4.5, 14], "texture": "#2"},
				"south": {"uv": [12.5, 0, 10, 2], "texture": "#2"},
				"west": {"uv": [5, 10, 4.5, 12], "texture": "#2"},
				"up": {"uv": [2, 12.5, 4.5, 12], "texture": "#2"},
				"down": {"uv": [12, 2, 14.5, 2.5], "texture": "#2"}
			}
		},
		{
			"from": [12.5, 6, 6.375],
			"to": [13.5, 10, 9.625],
			"rotation": {"angle": 0, "axis": "y", "origin": [0, 0, -0.125]},
			"faces": {
				"north": {"uv": [5, 12, 5.5, 14], "texture": "#2"},
				"east": {"uv": [10, 5.5, 11.5, 7.5], "texture": "#2"},
				"south": {"uv": [5.5, 12, 6, 14], "texture": "#2"},
				"west": {"uv": [10, 7.5, 11.5, 9.5], "texture": "#2"},
				"up": {"uv": [12.5, 4, 12, 2.5], "texture": "#2"}
			}
		},
		{
			"from": [12.25, 2, 5.875],
			"to": [13.75, 6, 10.125],
			"rotation": {"angle": 0, "axis": "y", "origin": [0, 0, -0.125]},
			"faces": {
				"north": {"uv": [11.5, 5.5, 12.5, 7.5], "texture": "#2"},
				"east": {"uv": [10, 2, 12, 4], "texture": "#2"},
				"south": {"uv": [11.5, 7.5, 12.5, 9.5], "texture": "#2"},
				"west": {"uv": [2.5, 10, 4.5, 12], "texture": "#2"},
				"up": {"uv": [11, 13.5, 10, 11.5], "texture": "#2"},
				"down": {"uv": [12, 11.5, 11, 13.5], "texture": "#2"}
			}
		},
		{
			"from": [2.5, 6, 6.375],
			"to": [3.5, 10, 9.625],
			"rotation": {"angle": 0, "axis": "y", "origin": [16, 0, -0.125]},
			"faces": {
				"north": {"uv": [5.5, 12, 5, 14], "texture": "#2"},
				"east": {"uv": [11.5, 7.5, 10, 9.5], "texture": "#2"},
				"south": {"uv": [6, 12, 5.5, 14], "texture": "#2"},
				"west": {"uv": [11.5, 5.5, 10, 7.5], "texture": "#2"},
				"up": {"uv": [12, 4, 12.5, 2.5], "texture": "#2"}
			}
		},
		{
			"from": [2.25, 2, 5.875],
			"to": [3.75, 6, 10.125],
			"rotation": {"angle": 0, "axis": "y", "origin": [16, 0, -0.125]},
			"faces": {
				"north": {"uv": [12.5, 5.5, 11.5, 7.5], "texture": "#2"},
				"east": {"uv": [4.5, 10, 2.5, 12], "texture": "#2"},
				"south": {"uv": [12.5, 7.5, 11.5, 9.5], "texture": "#2"},
				"west": {"uv": [12, 2, 10, 4], "texture": "#2"},
				"up": {"uv": [10, 13.5, 11, 11.5], "texture": "#2"},
				"down": {"uv": [11, 11.5, 12, 13.5], "texture": "#2"}
			}
		}
	],
	"gui_light": "front",
	"display": {
		"thirdperson_righthand": {
			"rotation": [60.5, 0, 0],
			"translation": [0, 2, 0],
			"scale": [0.66602, 0.66602, 0.66602]
		},
		"thirdperson_lefthand": {
			"rotation": [60.5, 0, 0],
			"translation": [0, 2, 0],
			"scale": [0.66602, 0.66602, 0.66602]
		},
		"firstperson_righthand": {
			"rotation": [150.5, 0, -180],
			"translation": [-1, 2.25, 0],
			"scale": [0.69531, 0.69531, 0.69531]
		},
		"firstperson_lefthand": {
			"rotation": [150.5, 0, -180],
			"translation": [-1, 2.25, 0],
			"scale": [0.69531, 0.69531, 0.69531]
		},
		"ground": {
			"rotation": [35, 0, 0],
			"translation": [0, 5.5, 0]
		},
		"gui": {
			"rotation": [0, 145, 0],
			"translation": [0, -1, 0]
		},
		"head": {
			"translation": [0, 0.75, 0],
			"scale": [1.54297, 1.54297, 1.54297]
		},
		"fixed": {
			"rotation": [-90, 0, 0],
			"translation": [0, 0, -11.25],
			"scale": [2.47656, 2.47656, 2.47656]
		}
	}
}