{"textures":{"0":"modelengine:entity/slots"},"elements":[{"from":[7.428571,5.428571,6.857143],"to":[9.142858,14.0,8.571428],"rotation":{"angle":-22.5,"axis":"x","origin":[8.0,8.0,8.0]},"faces":{"east":{"uv":[0.0,11.625,0.375,13.5],"rotation":0,"texture":"#0","tintindex":0},"south":{"uv":[1.125,11.625,1.5,13.5],"rotation":0,"texture":"#0","tintindex":0},"north":{"uv":[0.375,11.625,0.75,13.5],"rotation":0,"texture":"#0","tintindex":0},"west":{"uv":[0.75,11.625,1.125,13.5],"rotation":0,"texture":"#0","tintindex":0},"up":{"uv":[0.75,11.625,0.375,11.25],"rotation":0,"texture":"#0","tintindex":0},"down":{"uv":[1.125,11.25,0.75,11.625],"rotation":0,"texture":"#0","tintindex":0}}}],"display":{"head":{"translation":[0.0,-6.4,0.0],"scale":[4.0,4.0,4.0]}}}