{
	"credit": "Made with Blockbench",
	"texture_size": [32, 32],
	"textures": {
		"1": "waffle_set:waffle_fishing_rod"
	},
	"elements": [
		{
			"from": [7.76833, 0.01082, 7.72544],
			"to": [9.01833, 8.01082, 8.97544],
			"rotation": {"angle": -45, "axis": "y", "origin": [8, 14, 8]},
			"faces": {
				"north": {"uv": [6, 4, 6.625, 8], "texture": "#1"},
				"east": {"uv": [0, 7, 0.625, 11], "texture": "#1"},
				"south": {"uv": [7, 0, 7.625, 4], "texture": "#1"},
				"west": {"uv": [6, 0, 6.625, 4], "texture": "#1"},
				"up": {"uv": [9.125, 7.625, 8.5, 7], "rotation": 270, "texture": "#1"},
				"down": {"uv": [1.625, 9, 1, 9.625], "rotation": 90, "texture": "#1"}
			}
		},
		{
			"from": [7.91833, 8.01082, 7.87544],
			"to": [8.91833, 16.01082, 8.87544],
			"rotation": {"angle": -45, "axis": "y", "origin": [8, 14, 8]},
			"faces": {
				"north": {"uv": [10.25, 3.625, 9.75, 7.625], "texture": "#1"},
				"east": {"uv": [9.75, 3.625, 10.25, 7.625], "texture": "#1"},
				"south": {"uv": [10.25, 3.625, 9.75, 7.625], "texture": "#1"},
				"west": {"uv": [9.75, 3.625, 10.25, 7.625], "texture": "#1"},
				"up": {"uv": [10.25, 3.625, 10.75, 4.125], "texture": "#1"},
				"down": {"uv": [1.625, 9, 1, 9.625], "rotation": 90, "texture": "#1"}
			}
		},
		{
			"from": [7.75, 15.83467, 8.26754],
			"to": [7.75, 17.58467, 10.26754],
			"rotation": {"angle": -22.5, "axis": "x", "origin": [8.025, 16.56528, 8.57742]},
			"faces": {
				"north": {"uv": [0, 1, 0.5, 0.5], "rotation": 90, "texture": "#1"},
				"east": {"uv": [0, 1, 1, 2], "rotation": 270, "texture": "#1"},
				"south": {"uv": [0, 1, 0.5, 0.5], "rotation": 90, "texture": "#1"},
				"west": {"uv": [0, 2, 0.875, 1], "rotation": 270, "texture": "#1"},
				"up": {"uv": [0, 0, 0.5, 0.5], "rotation": 180, "texture": "#1"},
				"down": {"uv": [0, 1, 0.5, 0.5], "rotation": 180, "texture": "#1"}
			}
		},
		{
			"from": [7.85, 15.82491, 7.25806],
			"to": [7.85, 17.57491, 9.25806],
			"rotation": {"angle": 22.5, "axis": "x", "origin": [8.025, 16.56528, 8.57742]},
			"faces": {
				"north": {"uv": [0.5, 1, 0, 0.5], "rotation": 90, "texture": "#1"},
				"east": {"uv": [1, 1.875, 0, 2.875], "rotation": 270, "texture": "#1"},
				"south": {"uv": [0.5, 1, 0, 0.5], "rotation": 90, "texture": "#1"},
				"west": {"uv": [0.875, 2.875, 0, 1.875], "rotation": 270, "texture": "#1"},
				"up": {"uv": [0.5, 1, 0, 0.5], "texture": "#1"},
				"down": {"uv": [0.5, 0, 0, 0.5], "texture": "#1"}
			}
		},
		{
			"from": [7.5, 16.33467, 7.51754],
			"to": [8.5, 17.08467, 8.51754],
			"rotation": {"angle": -22.5, "axis": "x", "origin": [8.025, 16.56528, 8.57742]},
			"faces": {
				"north": {"uv": [0, 1, 0.5, 0.5], "rotation": 90, "texture": "#1"},
				"east": {"uv": [0, 0.5, 0.5, 0], "rotation": 270, "texture": "#1"},
				"south": {"uv": [0, 1, 0.5, 0.5], "rotation": 90, "texture": "#1"},
				"west": {"uv": [0, 0.5, 0.375, 0], "rotation": 270, "texture": "#1"},
				"up": {"uv": [0, 0, 0.5, 0.5], "rotation": 180, "texture": "#1"},
				"down": {"uv": [0, 1, 0.5, 0.5], "rotation": 180, "texture": "#1"}
			}
		},
		{
			"from": [7.525, 15.83626, 7.37886],
			"to": [8.475, 16.58626, 8.67886],
			"rotation": {"angle": 0, "axis": "x", "origin": [8.025, 16.56528, 8.57742]},
			"faces": {
				"north": {"uv": [0, 0.5, 0.5, 0], "rotation": 270, "texture": "#1"},
				"east": {"uv": [0.5, 0.65, 1, 0], "rotation": 270, "texture": "#1"},
				"south": {"uv": [0, 1, 0.5, 0.5], "rotation": 90, "texture": "#1"},
				"west": {"uv": [0.5, 0.65, 0.875, 0], "rotation": 270, "texture": "#1"},
				"up": {"uv": [0, 1, 0.5, 0.5], "texture": "#1"},
				"down": {"uv": [1, 0.65, 1.475, 0], "rotation": 180, "texture": "#1"}
			}
		},
		{
			"from": [7.5, 0.22814, 6.61194],
			"to": [7.5, 7.47814, 9.16194],
			"rotation": {"angle": 0, "axis": "y", "origin": [8, 0.5, 9.25]},
			"faces": {
				"north": {"uv": [0, 0.5, 0.5, 1], "rotation": 90, "texture": "#1"},
				"east": {"uv": [10.875, 3.5, 11.15, 3.75], "texture": "#1"},
				"south": {"uv": [0, 0, 0.5, 0.5], "rotation": 270, "texture": "#1"},
				"west": {"uv": [9.875, 0, 11.15, 3.625], "texture": "#1"},
				"up": {"uv": [0, 0.5, 0.5, 1], "texture": "#1"},
				"down": {"uv": [1, 0, 1.475, 0.65], "rotation": 180, "texture": "#1"}
			}
		},
		{
			"from": [8.5, 0.22814, 6.61194],
			"to": [8.5, 7.47814, 9.16194],
			"rotation": {"angle": 0, "axis": "y", "origin": [8, 0.5, 9.25]},
			"faces": {
				"north": {"uv": [0, 0.5, 0.5, 1], "rotation": 90, "texture": "#1"},
				"east": {"uv": [11.15, 0, 9.875, 3.625], "texture": "#1"},
				"south": {"uv": [0, 0, 0.5, 0.5], "rotation": 270, "texture": "#1"},
				"west": {"uv": [10.875, 3.5, 12.15, 7.125], "texture": "#1"},
				"up": {"uv": [0, 0.5, 0.5, 1], "texture": "#1"},
				"down": {"uv": [1, 0, 1.475, 0.65], "rotation": 180, "texture": "#1"}
			}
		},
		{
			"from": [8.3, 15.83467, 8.26754],
			"to": [8.3, 17.58467, 10.26754],
			"rotation": {"angle": -22.5, "axis": "x", "origin": [8.025, 16.56528, 8.57742]},
			"faces": {
				"north": {"uv": [0, 0.5, 0.5, 1], "rotation": 90, "texture": "#1"},
				"east": {"uv": [0, 1, 1, 2], "rotation": 270, "texture": "#1"},
				"south": {"uv": [0, 0.5, 0.5, 1], "rotation": 90, "texture": "#1"},
				"west": {"uv": [0, 2, 0.875, 1], "rotation": 270, "texture": "#1"},
				"up": {"uv": [0.5, 0, 0, 0.5], "rotation": 180, "texture": "#1"},
				"down": {"uv": [0.5, 1, 0, 0.5], "rotation": 180, "texture": "#1"}
			}
		},
		{
			"from": [8.15, 15.82491, 7.25806],
			"to": [8.15, 17.57491, 9.25806],
			"rotation": {"angle": 22.5, "axis": "x", "origin": [8.025, 16.56528, 8.57742]},
			"faces": {
				"north": {"uv": [0.5, 0.5, 0, 1], "rotation": 90, "texture": "#1"},
				"east": {"uv": [1, 1.875, 0, 2.875], "rotation": 270, "texture": "#1"},
				"south": {"uv": [0.5, 0.5, 0, 1], "rotation": 90, "texture": "#1"},
				"west": {"uv": [0.875, 2.875, 0, 1.875], "rotation": 270, "texture": "#1"},
				"up": {"uv": [0, 1, 0.5, 0.5], "texture": "#1"},
				"down": {"uv": [0, 0, 0.5, 0.5], "texture": "#1"}
			}
		},
		{
			"from": [7.85, -1.73061, 8.91664],
			"to": [7.85, 0.26939, 10.91664],
			"rotation": {"angle": 22.5, "axis": "x", "origin": [7.975, -0.74134, 9.17877]},
			"faces": {
				"north": {"uv": [0, 1, 0.5, 0.5], "rotation": 90, "texture": "#1"},
				"east": {"uv": [0, 1, 1, 2], "rotation": 270, "texture": "#1"},
				"south": {"uv": [0, 1, 0.5, 0.5], "rotation": 90, "texture": "#1"},
				"west": {"uv": [0, 2, 1, 1], "rotation": 270, "texture": "#1"},
				"up": {"uv": [0, 0, 0.5, 0.5], "rotation": 180, "texture": "#1"},
				"down": {"uv": [0, 1, 0.5, 0.5], "rotation": 180, "texture": "#1"}
			}
		},
		{
			"from": [7.6, -1.23061, 8.16664],
			"to": [8.6, -0.23061, 9.16664],
			"rotation": {"angle": 22.5, "axis": "x", "origin": [7.975, -0.74134, 9.17877]},
			"faces": {
				"north": {"uv": [0, 1, 0.5, 0.5], "rotation": 90, "texture": "#1"},
				"east": {"uv": [0, 0.5, 0.5, 0], "rotation": 270, "texture": "#1"},
				"south": {"uv": [0, 1, 0.5, 0.5], "rotation": 90, "texture": "#1"},
				"west": {"uv": [0, 0.5, 0.5, 0], "rotation": 270, "texture": "#1"},
				"up": {"uv": [0, 0, 0.5, 0.5], "rotation": 180, "texture": "#1"},
				"down": {"uv": [0, 1, 0.5, 0.5], "rotation": 180, "texture": "#1"}
			}
		},
		{
			"from": [7.625, -1.71009, 8.02763],
			"to": [8.575, -0.71009, 9.32763],
			"rotation": {"angle": 45, "axis": "x", "origin": [7.975, -0.74134, 9.17877]},
			"faces": {
				"north": {"uv": [0, 0.5, 0.5, 0], "rotation": 270, "texture": "#1"},
				"east": {"uv": [0.5, 0.65, 1, 0], "rotation": 270, "texture": "#1"},
				"south": {"uv": [0, 1, 0.5, 0.5], "rotation": 90, "texture": "#1"},
				"west": {"uv": [0.5, 0.65, 1, 0], "rotation": 270, "texture": "#1"},
				"up": {"uv": [0, 1, 0.5, 0.5], "texture": "#1"},
				"down": {"uv": [1, 0.65, 1.475, 0], "rotation": 180, "texture": "#1"}
			}
		},
		{
			"from": [7.95, -1.46187, 8.21603],
			"to": [7.95, 0.53813, 10.21603],
			"rotation": {"angle": -22.5, "axis": "x", "origin": [7.975, -0.74134, 9.17877]},
			"faces": {
				"north": {"uv": [0.5, 0, 0, 0.5], "rotation": 180, "texture": "#1"},
				"east": {"uv": [1, 1.875, 0, 2.875], "rotation": 180, "texture": "#1"},
				"south": {"uv": [0.5, 1, 0, 0.5], "texture": "#1"},
				"west": {"uv": [1, 2.875, 0, 1.875], "texture": "#1"},
				"up": {"uv": [0.5, 1, 0, 0.5], "rotation": 270, "texture": "#1"},
				"down": {"uv": [0.5, 1, 0, 0.5], "rotation": 90, "texture": "#1"}
			}
		},
		{
			"from": [7.36875, 7.8101, 8.65736],
			"to": [8.61875, 9.0601, 9.90736],
			"rotation": {"angle": 22.5, "axis": "x", "origin": [7.99375, 13.72284, 7.80531]},
			"faces": {
				"north": {"uv": [0, 0, 0.5, 0.5], "texture": "#1"},
				"east": {"uv": [0, 0.5, 0.5, 0], "texture": "#1"},
				"south": {"uv": [0, 1, 0.5, 0.5], "rotation": 180, "texture": "#1"},
				"west": {"uv": [0, 0.5, 0.5, 0], "rotation": 180, "texture": "#1"},
				"up": {"uv": [0, 1, 0.5, 0.5], "rotation": 90, "texture": "#1"},
				"down": {"uv": [0, 1, 0.5, 0.5], "rotation": 270, "texture": "#1"}
			}
		},
		{
			"from": [7.4, 9.35634, 2.64297],
			"to": [8.5875, 10.60634, 4.26797],
			"rotation": {"angle": -45, "axis": "x", "origin": [7.99375, 13.72284, 7.80531]},
			"faces": {
				"north": {"uv": [0, 0.5, 0.5, 0], "rotation": 270, "texture": "#1"},
				"east": {"uv": [0.5, 0.65, 1, 0], "rotation": 270, "texture": "#1"},
				"south": {"uv": [0, 1, 0.5, 0.5], "rotation": 90, "texture": "#1"},
				"west": {"uv": [0.5, 0.65, 1, 0], "rotation": 270, "texture": "#1"},
				"up": {"uv": [0, 1, 0.5, 0.5], "texture": "#1"},
				"down": {"uv": [1, 0.65, 1.475, 0], "rotation": 180, "texture": "#1"}
			}
		},
		{
			"from": [7.68125, 8.7476, 8.03236],
			"to": [7.68125, 11.2476, 10.53236],
			"rotation": {"angle": 22.5, "axis": "x", "origin": [7.99375, 13.72284, 7.80531]},
			"faces": {
				"north": {"uv": [0, 0, 0.5, 0.5], "texture": "#1"},
				"east": {"uv": [0, 1, 1, 2], "texture": "#1"},
				"south": {"uv": [0, 1, 0.5, 0.5], "rotation": 180, "texture": "#1"},
				"west": {"uv": [0, 2, 1, 1], "rotation": 180, "texture": "#1"},
				"up": {"uv": [0, 1, 0.5, 0.5], "rotation": 90, "texture": "#1"},
				"down": {"uv": [0, 1, 0.5, 0.5], "rotation": 270, "texture": "#1"}
			}
		},
		{
			"from": [7.80625, 8.17917, 3.97356],
			"to": [7.80625, 10.67917, 6.47356],
			"rotation": {"angle": -22.5, "axis": "x", "origin": [7.99375, 13.72284, 7.80531]},
			"faces": {
				"north": {"uv": [0.5, 1, 0, 0.5], "rotation": 90, "texture": "#1"},
				"east": {"uv": [1, 1.875, 0, 2.875], "rotation": 270, "texture": "#1"},
				"south": {"uv": [0.5, 1, 0, 0.5], "rotation": 90, "texture": "#1"},
				"west": {"uv": [1, 2.875, 0, 1.875], "rotation": 270, "texture": "#1"},
				"up": {"uv": [0.5, 1, 0, 0.5], "texture": "#1"},
				"down": {"uv": [0.5, 0, 0, 0.5], "texture": "#1"}
			}
		},
		{
			"from": [8.36875, 8.7476, 7.78236],
			"to": [8.36875, 11.2476, 10.28236],
			"rotation": {"angle": 22.5, "axis": "x", "origin": [7.99375, 13.72284, 7.55531]},
			"faces": {
				"north": {"uv": [0.5, 0, 0, 0.5], "texture": "#1"},
				"east": {"uv": [0, 1, 1, 2], "texture": "#1"},
				"south": {"uv": [0.5, 1, 0, 0.5], "rotation": 180, "texture": "#1"},
				"west": {"uv": [0, 2, 1, 1], "rotation": 180, "texture": "#1"},
				"up": {"uv": [0, 0.5, 0.5, 1], "rotation": 90, "texture": "#1"},
				"down": {"uv": [0, 0.5, 0.5, 1], "rotation": 270, "texture": "#1"}
			}
		},
		{
			"from": [8.18125, 8.17917, 3.72356],
			"to": [8.18125, 10.67917, 6.22356],
			"rotation": {"angle": -22.5, "axis": "x", "origin": [7.99375, 13.72284, 7.55531]},
			"faces": {
				"north": {"uv": [0.5, 0.5, 0, 1], "rotation": 90, "texture": "#1"},
				"east": {"uv": [1, 1.875, 0, 2.875], "rotation": 270, "texture": "#1"},
				"south": {"uv": [0.5, 0.5, 0, 1], "rotation": 90, "texture": "#1"},
				"west": {"uv": [1, 2.875, 0, 1.875], "rotation": 270, "texture": "#1"},
				"up": {"uv": [0, 1, 0.5, 0.5], "texture": "#1"},
				"down": {"uv": [0, 0, 0.5, 0.5], "texture": "#1"}
			}
		},
		{
			"from": [7.825, 7.75032, 8.15183],
			"to": [8.125, 9.50032, 12.15183],
			"rotation": {"angle": -22.5, "axis": "x", "origin": [8.025, 9.62532, 10.15183]},
			"faces": {
				"north": {"uv": [1.5, 0.15, 2.375, 0], "rotation": 270, "texture": "#1"},
				"east": {"uv": [2.375, 0, 1.5, 2], "rotation": 270, "texture": "#1"},
				"south": {"uv": [1.5, 0.15, 2.375, 0], "rotation": 90, "texture": "#1"},
				"west": {"uv": [1.5, 0, 2.375, 2], "rotation": 90, "texture": "#1"},
				"up": {"uv": [1.61875, 0, 1.5, 2], "rotation": 180, "texture": "#1"},
				"down": {"uv": [2.49375, 0, 2.375, 2], "texture": "#1"}
			}
		},
		{
			"from": [7.925, 7.20144, 8.65951],
			"to": [8.225, 11.20144, 10.40951],
			"rotation": {"angle": 22.5, "axis": "x", "origin": [7.775, 8.70144, 10.53451]},
			"faces": {
				"north": {"uv": [1.61875, 0, 1.5, 2], "texture": "#1"},
				"east": {"uv": [2.375, 0, 1.5, 2], "texture": "#1"},
				"south": {"uv": [2.49375, 0, 2.375, 2], "texture": "#1"},
				"west": {"uv": [1.5, 0, 2.375, 2], "texture": "#1"},
				"up": {"uv": [1.5, 0.15, 2.375, 0], "rotation": 90, "texture": "#1"},
				"down": {"uv": [1.5, 0.15, 2.375, 0], "rotation": 90, "texture": "#1"}
			}
		},
		{
			"from": [6.875, 6.2, 9.35],
			"to": [6.875, 8.7, 10.85],
			"rotation": {"angle": 22.5, "axis": "x", "origin": [6.875, 7.45, 9.35]},
			"faces": {
				"north": {"uv": [0.5, 0.75, 0.75, 1], "texture": "#1"},
				"east": {"uv": [0, 3.5, 0.75, 4.75], "texture": "#1"},
				"south": {"uv": [0.5, 0.75, 0.75, 1], "texture": "#1"},
				"west": {"uv": [0.75, 3.5, 0, 4.75], "texture": "#1"},
				"up": {"uv": [0.75, 0.75, 0.5, 1], "texture": "#1"},
				"down": {"uv": [0.75, 0.75, 0.5, 1], "texture": "#1"}
			}
		},
		{
			"from": [6.875, 6.2, 7.9],
			"to": [6.875, 8.7, 9.4],
			"rotation": {"angle": -22.5, "axis": "x", "origin": [6.875, 7.45, 9.4]},
			"faces": {
				"north": {"uv": [0.75, 0.75, 0.5, 1], "texture": "#1"},
				"east": {"uv": [0.75, 3.5, 0, 4.75], "texture": "#1"},
				"south": {"uv": [0.75, 0.75, 0.5, 1], "texture": "#1"},
				"west": {"uv": [0, 3.5, 0.75, 4.75], "texture": "#1"},
				"up": {"uv": [0.75, 1, 0.5, 0.75], "texture": "#1"},
				"down": {"uv": [0.75, 1, 0.5, 0.75], "texture": "#1"}
			}
		},
		{
			"from": [6.675, 7.2, 9.15],
			"to": [7.175, 7.7, 9.65],
			"rotation": {"angle": 0, "axis": "y", "origin": [0, 6.7, 0.75]},
			"faces": {
				"north": {"uv": [0.75, 0.75, 0.5, 1], "texture": "#1"},
				"east": {"uv": [0.5, 0.75, 0.75, 1], "texture": "#1"},
				"south": {"uv": [0.75, 0.75, 0.5, 1], "texture": "#1"},
				"west": {"uv": [0.5, 0.75, 0.75, 1], "texture": "#1"},
				"up": {"uv": [0.75, 1, 0.5, 0.75], "texture": "#1"},
				"down": {"uv": [0.75, 1, 0.5, 0.75], "texture": "#1"}
			}
		},
		{
			"from": [5.675, 8.7, 8.15],
			"to": [6.175, 9.2, 8.65],
			"rotation": {"angle": -22.5, "axis": "x", "origin": [6.475, 8.625, 7.675]},
			"faces": {
				"north": {"uv": [0.75, 0.75, 0.5, 1], "texture": "#1"},
				"east": {"uv": [0.5, 0.75, 0.75, 1], "texture": "#1"},
				"south": {"uv": [0.75, 0.75, 0.5, 1], "texture": "#1"},
				"west": {"uv": [0.5, 0.75, 0.75, 1], "texture": "#1"},
				"up": {"uv": [0.75, 1, 0.5, 0.75], "texture": "#1"},
				"down": {"uv": [0.75, 1, 0.5, 0.75], "texture": "#1"}
			}
		},
		{
			"from": [8.925, 6.2, 7.8],
			"to": [8.925, 8.7, 9.3],
			"rotation": {"angle": -22.5, "axis": "x", "origin": [8.925, 7.45, 9.3]},
			"faces": {
				"north": {"uv": [0.5, 0.75, 0.75, 1], "texture": "#1"},
				"east": {"uv": [0.75, 3.5, 0, 4.75], "texture": "#1"},
				"south": {"uv": [0.5, 0.75, 0.75, 1], "texture": "#1"},
				"west": {"uv": [0.25, 6, 0, 6.25], "texture": "#1"},
				"up": {"uv": [0.5, 1, 0.75, 0.75], "texture": "#1"},
				"down": {"uv": [0.5, 1, 0.75, 0.75], "texture": "#1"}
			}
		},
		{
			"from": [8.625, 7.2, 9.05],
			"to": [9.125, 7.7, 9.55],
			"rotation": {"angle": 0, "axis": "y", "origin": [15.8, 6.7, 0.65]},
			"faces": {
				"north": {"uv": [0.5, 0.75, 0.75, 1], "texture": "#1"},
				"east": {"uv": [0.75, 0.75, 0.5, 1], "texture": "#1"},
				"south": {"uv": [0.5, 0.75, 0.75, 1], "texture": "#1"},
				"west": {"uv": [0.75, 0.75, 0.5, 1], "texture": "#1"},
				"up": {"uv": [0.5, 1, 0.75, 0.75], "texture": "#1"},
				"down": {"uv": [0.5, 1, 0.75, 0.75], "texture": "#1"}
			}
		},
		{
			"from": [8.925, 6.2, 9.25],
			"to": [8.925, 8.7, 10.75],
			"rotation": {"angle": 22.5, "axis": "x", "origin": [8.925, 7.45, 9.25]},
			"faces": {
				"north": {"uv": [0.75, 0.75, 0.5, 1], "texture": "#1"},
				"east": {"uv": [0, 3.5, 0.75, 4.75], "texture": "#1"},
				"south": {"uv": [0.75, 0.75, 0.5, 1], "texture": "#1"},
				"west": {"uv": [0.25, 6, 0, 6.25], "texture": "#1"},
				"up": {"uv": [0.5, 0.75, 0.75, 1], "texture": "#1"},
				"down": {"uv": [0.5, 0.75, 0.75, 1], "texture": "#1"}
			}
		},
		{
			"from": [8.025, 9.60868, 6.66808],
			"to": [8.025, 14.85868, 7.91808],
			"rotation": {"angle": 0, "axis": "x", "origin": [8, 15.13368, 4.04308]},
			"faces": {
				"north": {"uv": [2.125, 2.125, 1.5, 2.75], "texture": "#1"},
				"east": {"uv": [2.75, 3.125, 2.125, 6.75], "texture": "#1"},
				"south": {"uv": [2.125, 2.125, 1.5, 2.75], "texture": "#1"},
				"west": {"uv": [2.125, 3.125, 2.75, 5.75], "texture": "#1"},
				"up": {"uv": [1.5, 2.125, 2.125, 2.75], "texture": "#1"},
				"down": {"uv": [1.5, 2.125, 2.125, 2.75], "texture": "#1"}
			}
		},
		{
			"from": [6.65, 8.05, 6.65],
			"to": [7.4, 8.55, 7.15],
			"rotation": {"angle": -22.5, "axis": "x", "origin": [6.475, 8.625, 7.675]},
			"faces": {
				"north": {"uv": [1.75, 0.125, 1.5, 0.5], "rotation": 90, "texture": "#1"},
				"east": {"uv": [1.5, 0, 1.75, 0.25], "rotation": 90, "texture": "#1"},
				"south": {"uv": [1.5, 0.5, 1.75, 0.125], "rotation": 90, "texture": "#1"},
				"west": {"uv": [1.5, 0, 1.75, 0.25], "rotation": 90, "texture": "#1"},
				"up": {"uv": [1.75, 0.5, 1.5, 0.125], "rotation": 90, "texture": "#1"},
				"down": {"uv": [1.75, 0.5, 1.5, 0.125], "rotation": 90, "texture": "#1"}
			}
		},
		{
			"from": [6.15, 8.7, 8.2],
			"to": [6.9, 9.2, 8.7],
			"rotation": {"angle": -22.5, "axis": "x", "origin": [6.475, 8.625, 7.675]},
			"faces": {
				"north": {"uv": [1.75, 0.125, 1.5, 0.5], "rotation": 90, "texture": "#1"},
				"east": {"uv": [1.5, 0, 1.75, 0.25], "rotation": 90, "texture": "#1"},
				"south": {"uv": [1.5, 0.5, 1.75, 0.125], "rotation": 90, "texture": "#1"},
				"west": {"uv": [1.5, 0, 1.75, 0.25], "rotation": 90, "texture": "#1"},
				"up": {"uv": [1.75, 0.5, 1.5, 0.125], "rotation": 90, "texture": "#1"},
				"down": {"uv": [1.75, 0.5, 1.5, 0.125], "rotation": 90, "texture": "#1"}
			}
		},
		{
			"from": [6.525, 8.37132, 6.70962],
			"to": [7.025, 8.87132, 8.45962],
			"rotation": {"angle": -45, "axis": "x", "origin": [6.475, 8.625, 7.675]},
			"faces": {
				"north": {"uv": [1.5, 0, 1.75, 0.25], "rotation": 90, "texture": "#1"},
				"east": {"uv": [1.5, 0.25, 1.75, 1.125], "rotation": 90, "texture": "#1"},
				"south": {"uv": [1.5, 0, 1.75, 0.25], "rotation": 90, "texture": "#1"},
				"west": {"uv": [1.75, 0.25, 1.5, 1.125], "rotation": 90, "texture": "#1"},
				"up": {"uv": [1.75, 1.125, 1.5, 0.25], "texture": "#1"},
				"down": {"uv": [1.5, 1.125, 1.75, 0.25], "texture": "#1"}
			}
		}
	],
	"gui_light": "front",
	"display": {
		"thirdperson_righthand": {
			"rotation": [16.5, 0, 0],
			"translation": [0, 2.25, 1.25],
			"scale": [1.25, 1.25, 1.25]
		},
		"thirdperson_lefthand": {
			"rotation": [16.5, 0, 0],
			"translation": [0, 2.25, 1.25],
			"scale": [1.25, 1.25, 1.25]
		},
		"firstperson_righthand": {
			"rotation": [-42.76, -4.36, 12.16],
			"translation": [6, 0, -1.5],
			"scale": [1.50391, 1.50391, 1.50391]
		},
		"firstperson_lefthand": {
			"rotation": [-42.76, -4.36, 12.16],
			"translation": [6, 0, -1.5],
			"scale": [1.50391, 1.50391, 1.50391]
		},
		"ground": {
			"rotation": [0, 0, 90],
			"translation": [-0.5, 0, 0.75]
		},
		"gui": {
			"rotation": [90, 135, -90],
			"translation": [-0.75, 0, -2],
			"scale": [1.12305, 1.12305, 1.12305]
		},
		"head": {
			"rotation": [-90, 23.25, -90],
			"translation": [0, 12.25, 0],
			"scale": [1.5, 1.5, 1.5]
		},
		"fixed": {
			"rotation": [90, -90, 90],
			"translation": [1.5, 0.5, -2],
			"scale": [2.75, 2.75, 2.75]
		}
	},
	"groups": [
		0,
		1,
		{
			"name": "strawberry",
			"origin": [5.5, 0.5, 6.5],
			"color": 0,
			"nbt": "{}",
			"armAnimationEnabled": false,
			"children": [2, 3, 4, 5, 6, 7, 8, 9]
		},
		{
			"name": "strawberry",
			"origin": [5.5, 0.5, 6.5],
			"color": 0,
			"nbt": "{}",
			"armAnimationEnabled": false,
			"children": [
				{
					"name": "group",
					"origin": [7.975, 0.75866, 9.17877],
					"color": 0,
					"nbt": "{}",
					"armAnimationEnabled": false,
					"children": [10, 11, 12, 13]
				},
				{
					"name": "group",
					"origin": [8, 13, 8],
					"color": 0,
					"nbt": "{}",
					"armAnimationEnabled": false,
					"children": [14, 15, 16, 17, 18, 19]
				}
			]
		},
		20,
		21,
		{
			"name": "bow",
			"origin": [8.925, 7.7, 8.5],
			"color": 0,
			"nbt": "{}",
			"armAnimationEnabled": false,
			"children": [22, 23, 24, 25, 26, 27, 28]
		},
		29,
		30,
		31,
		32
	]
}