{"custom_model_data": 00035,
"credit":"MadebyPolygonMC","texture_size":[32,32],"textures":{"2":"littleteddybearset:backpack","particle":"littleteddybearset:backpack"},"elements":[{"from":[5.5,10.5,4.9375],"to":[10.5,15.5,9.9375],"rotation":{"angle":0,"axis":"y","origin":[8,10.84632,8.2]},"faces":{"north":{"uv":[2.5,0,5,2.5],"texture":"#2"},"east":{"uv":[2.5,2.5,5,5],"texture":"#2"},"south":{"uv":[0,0,2.5,2.5],"texture":"#2"},"west":{"uv":[0,2.5,2.5,5],"texture":"#2"},"up":{"uv":[2.5,7.5,0,5],"rotation":180,"texture":"#2"},"down":{"uv":[7.5,0,5,2.5],"rotation":180,"texture":"#2"}}},{"from":[6.5,10.5,3.9375],"to":[9.5,12.5,4.9375],"rotation":{"angle":0,"axis":"y","origin":[8,10.84632,8.2]},"faces":{"north":{"uv":[7,4,8.5,5],"texture":"#2"},"east":{"uv":[11,0.5,11.5,1.5],"texture":"#2"},"west":{"uv":[9.5,1.5,10,2.5],"texture":"#2"},"up":{"uv":[12,8.5,10.5,8],"rotation":180,"texture":"#2"},"down":{"uv":[12,8.5,10.5,9],"rotation":180,"texture":"#2"}}},{"from":[7.3,11.715,3.7975],"to":[8.7,12.635,4.6775],"rotation":{"angle":0,"axis":"y","origin":[8,10.84632,8.2]},"faces":{"north":{"uv":[11,4.5,11.75,5],"texture":"#2"},"east":{"uv":[7.5,11,8,11.5],"texture":"#2"},"south":{"uv":[11,4,11.75,4.5],"texture":"#2"},"west":{"uv":[7,11,7.5,11.5],"texture":"#2"},"up":{"uv":[11.75,5.5,11,5],"rotation":180,"texture":"#2"},"down":{"uv":[6.75,11,6,11.5],"rotation":180,"texture":"#2"}}},{"from":[6,5.5,5.9375],"to":[10,10.5,9.4375],"rotation":{"angle":0,"axis":"y","origin":[8,10.84632,8.2]},"faces":{"north":{"uv":[5,2.5,7,5],"texture":"#2"},"east":{"uv":[6.5,5,8.25,7.5],"texture":"#2"},"south":{"uv":[2.5,5,4.5,7.5],"texture":"#2"},"west":{"uv":[4.5,5,6.25,7.5],"texture":"#2"},"up":{"uv":[9.5,1.75,7.5,0],"rotation":180,"texture":"#2"},"down":{"uv":[8,7.5,6,9.25],"rotation":180,"texture":"#2"}}},{"from":[6,5.5,4.9375],"to":[10,8,5.9375],"rotation":{"angle":0,"axis":"y","origin":[8,10.84632,8.2]},"faces":{"north":{"uv":[8.5,5.5,10.5,6.75],"texture":"#2"},"east":{"uv":[9,10.5,9.5,11.75],"texture":"#2"},"west":{"uv":[7.5,9.5,8,10.75],"texture":"#2"},"up":{"uv":[9.5,2.5,7.5,2],"rotation":180,"texture":"#2"},"down":{"uv":[10.5,7,8.5,7.5],"rotation":180,"texture":"#2"}}},{"from":[10,8.95853,3.01865],"to":[12.25,11.20853,8.01865],"rotation":{"angle":-22.5,"axis":"x","origin":[8,10.84632,8.2]},"faces":{"north":{"uv":[9.5,0,10.75,1.25],"texture":"#2"},"east":{"uv":[8.5,4,11,5.25],"texture":"#2"},"south":{"uv":[9,9,10.25,10.25],"texture":"#2"},"west":{"uv":[8,7.5,10.5,8.75],"texture":"#2"},"up":{"uv":[1.25,11.5,0,9],"rotation":180,"texture":"#2"},"down":{"uv":[2.75,9,1.5,11.5],"rotation":180,"texture":"#2"}}},{"from":[8.45208,4.75,2.32611],"to":[10.70208,7,8.32611],"rotation":{"angle":-22.5,"axis":"y","origin":[8,10.84632,8.2]},"faces":{"north":{"uv":[10,1.5,11.25,2.75],"texture":"#2"},"east":{"uv":[0,7.5,3,8.75],"texture":"#2"},"south":{"uv":[6,9.5,7.25,10.75],"texture":"#2"},"west":{"uv":[7,2.5,10,3.75],"texture":"#2"},"up":{"uv":[4.25,10.5,3,7.5],"rotation":180,"texture":"#2"},"down":{"uv":[5.75,7.5,4.5,10.5],"rotation":180,"texture":"#2"}}},{"from":[3.75,8.95853,3.01865],"to":[6,11.20853,8.01865],"rotation":{"angle":-22.5,"axis":"x","origin":[8,10.84632,8.2]},"faces":{"north":{"uv":[10.75,0,9.5,1.25],"texture":"#2"},"east":{"uv":[10.5,7.5,8,8.75],"texture":"#2"},"south":{"uv":[10.25,9,9,10.25],"texture":"#2"},"west":{"uv":[11,4,8.5,5.25],"texture":"#2"},"up":{"uv":[0,11.5,1.25,9],"rotation":180,"texture":"#2"},"down":{"uv":[1.5,9,2.75,11.5],"rotation":180,"texture":"#2"}}},{"from":[5.29792,4.75,2.32611],"to":[7.54792,7,8.32611],"rotation":{"angle":22.5,"axis":"y","origin":[8,10.84632,8.2]},"faces":{"north":{"uv":[11.25,1.5,10,2.75],"texture":"#2"},"east":{"uv":[10,2.5,7,3.75],"texture":"#2"},"south":{"uv":[7.25,9.5,6,10.75],"texture":"#2"},"west":{"uv":[3,7.5,0,8.75],"texture":"#2"},"up":{"uv":[3,10.5,4.25,7.5],"rotation":180,"texture":"#2"},"down":{"uv":[4.5,7.5,5.75,10.5],"rotation":180,"texture":"#2"}}},{"from":[6.9712,15.1421,7.0625],"to":[9.2212,17.3921,8.0625],"rotation":{"angle":-22.5,"axis":"z","origin":[8,10.84632,8.2]},"faces":{"north":{"uv":[4.5,10.5,5.75,11.75],"texture":"#2"},"east":{"uv":[9.5,10.5,10,11.75],"texture":"#2"},"south":{"uv":[3,10.5,4.25,11.75],"texture":"#2"},"west":{"uv":[10.5,9,11,10.25],"texture":"#2"},"up":{"uv":[11.25,11,10,10.5],"rotation":180,"texture":"#2"},"down":{"uv":[12.25,0,11,0.5],"rotation":180,"texture":"#2"}}},{"from":[6.7788,15.1421,7.0625],"to":[9.0288,17.3921,8.0625],"rotation":{"angle":22.5,"axis":"z","origin":[8,10.84632,8.2]},"faces":{"north":{"uv":[5.75,10.5,4.5,11.75],"texture":"#2"},"east":{"uv":[11,9,10.5,10.25],"texture":"#2"},"south":{"uv":[4.25,10.5,3,11.75],"texture":"#2"},"west":{"uv":[10,10.5,9.5,11.75],"texture":"#2"},"up":{"uv":[10,11,11.25,10.5],"rotation":180,"texture":"#2"},"down":{"uv":[11,0,12.25,0.5],"rotation":180,"texture":"#2"}}},{"from":[7.5,6.26974,7.62148],"to":[8.5,7.26974,8.62148],"rotation":{"angle":-22.5,"axis":"x","origin":[8,10.84632,8.2]},"faces":{"north":{"uv":[10,11,10.5,11.5],"texture":"#2"},"east":{"uv":[11,10,11.5,10.5],"texture":"#2"},"south":{"uv":[11,9,11.5,9.5],"texture":"#2"},"west":{"uv":[11,9.5,11.5,10],"texture":"#2"},"up":{"uv":[11,11.5,10.5,11],"rotation":180,"texture":"#2"},"down":{"uv":[11.5,11,11,11.5],"rotation":180,"texture":"#2"}}},{"from":[5.5,9,12.1625],"to":[6.75,14,12.1625],"rotation":{"angle":0,"axis":"y","origin":[8,10.84632,8.2]},"faces":{"north":{"uv":[8.75,9,8,11.5],"texture":"#2"},"east":{"uv":[0,0,0,2.5],"texture":"#2"},"south":{"uv":[8,9,8.75,11.5],"texture":"#2"},"west":{"uv":[0,0,0,2.5],"texture":"#2"},"up":{"uv":[0.75,0,0,0],"rotation":180,"texture":"#2"},"down":{"uv":[0.75,0,0,0],"rotation":180,"texture":"#2"}}},{"from":[6.75,10,12.1625],"to":[9.25,11.5,12.1625],"rotation":{"angle":0,"axis":"y","origin":[8,10.84632,8.2]},"faces":{"north":{"uv":[11.75,7,10.5,7.75],"texture":"#2"},"east":{"uv":[0,0,0,0.75],"texture":"#2"},"south":{"uv":[10.5,7,11.75,7.75],"texture":"#2"},"west":{"uv":[0,0,0,0.75],"texture":"#2"},"up":{"uv":[1.25,0,0,0],"rotation":180,"texture":"#2"},"down":{"uv":[1.25,0,0,0],"rotation":180,"texture":"#2"}}},{"from":[5.5,9,9.4125],"to":[6,10.5,9.4125],"rotation":{"angle":0,"axis":"y","origin":[8,10.84632,8.2]},"faces":{"north":{"uv":[0,11.5,0.25,12.25],"texture":"#2"},"east":{"uv":[0,0,0,0.75],"texture":"#2"},"south":{"uv":[0,11.5,0.25,12.25],"texture":"#2"},"west":{"uv":[0,0,0,0.75],"texture":"#2"},"up":{"uv":[0.25,0,0,0],"rotation":180,"texture":"#2"},"down":{"uv":[0.25,0,0,0],"rotation":180,"texture":"#2"}}},{"from":[10,9,9.4125],"to":[10.5,10.5,9.4125],"rotation":{"angle":0,"axis":"y","origin":[8,10.84632,8.2]},"faces":{"north":{"uv":[0.25,11.5,0,12.25],"texture":"#2"},"east":{"uv":[0,0,0,0.75],"texture":"#2"},"south":{"uv":[0.25,11.5,0,12.25],"texture":"#2"},"west":{"uv":[0,0,0,0.75],"texture":"#2"},"up":{"uv":[0,0,0.25,0],"rotation":180,"texture":"#2"},"down":{"uv":[0,0,0.25,0],"rotation":180,"texture":"#2"}}},{"from":[5.5,13.999,9.9135],"to":[6.75,13.999,12.1635],"rotation":{"angle":0,"axis":"y","origin":[8,10.84632,8.2]},"faces":{"north":{"uv":[0,0,0.75,0],"texture":"#2"},"east":{"uv":[0,0,1.25,0],"texture":"#2"},"south":{"uv":[0,0,0.75,0],"texture":"#2"},"west":{"uv":[0,0,1.25,0],"texture":"#2"},"up":{"uv":[11.25,6.75,10.5,5.5],"rotation":180,"texture":"#2"},"down":{"uv":[11.25,5.5,10.5,6.75],"rotation":180,"texture":"#2"}}},{"from":[5.501,9,9.4125],"to":[5.501,10.5,12.1625],"rotation":{"angle":0,"axis":"y","origin":[8,10.84632,8.2]},"faces":{"north":{"uv":[0,0,0,0.75],"texture":"#2"},"east":{"uv":[11.5,3,10,3.75],"texture":"#2"},"south":{"uv":[0,0,0,0.75],"texture":"#2"},"west":{"uv":[10,3,11.5,3.75],"texture":"#2"},"up":{"uv":[0,1.5,0,0],"rotation":180,"texture":"#2"},"down":{"uv":[0,0,0,1.5],"rotation":180,"texture":"#2"}}},{"from":[9.25,13.999,9.9135],"to":[10.5,13.999,12.1635],"rotation":{"angle":0,"axis":"y","origin":[8,10.84632,8.2]},"faces":{"north":{"uv":[0.75,0,0,0],"texture":"#2"},"east":{"uv":[1.25,0,0,0],"texture":"#2"},"south":{"uv":[0.75,0,0,0],"texture":"#2"},"west":{"uv":[1.25,0,0,0],"texture":"#2"},"up":{"uv":[10.5,6.75,11.25,5.5],"rotation":180,"texture":"#2"},"down":{"uv":[10.5,5.5,11.25,6.75],"rotation":180,"texture":"#2"}}},{"from":[9.25,9,12.1625],"to":[10.5,14,12.1625],"rotation":{"angle":0,"axis":"y","origin":[8,10.84632,8.2]},"faces":{"north":{"uv":[8,9,8.75,11.5],"texture":"#2"},"east":{"uv":[0,0,0,2.5],"texture":"#2"},"south":{"uv":[8.75,9,8,11.5],"texture":"#2"},"west":{"uv":[0,0,0,2.5],"texture":"#2"},"up":{"uv":[0,0,0.75,0],"rotation":180,"texture":"#2"},"down":{"uv":[0,0,0.75,0],"rotation":180,"texture":"#2"}}},{"from":[10.499,9,9.4125],"to":[10.499,10.5,12.1625],"rotation":{"angle":0,"axis":"y","origin":[8,10.84632,8.2]},"faces":{"north":{"uv":[0,0,0,0.75],"texture":"#2"},"east":{"uv":[11.5,3,10,3.75],"texture":"#2"},"south":{"uv":[0,0,0,0.75],"texture":"#2"},"west":{"uv":[10,3,11.5,3.75],"texture":"#2"},"up":{"uv":[0,1.5,0,0],"rotation":180,"texture":"#2"},"down":{"uv":[0,0,0,1.5],"rotation":180,"texture":"#2"}}}],"gui_light":"front","display":{"thirdperson_righthand":{"rotation":[61,0,0],"translation":[0,-1.5,-5.25],"scale":[0.74805,0.74805,0.74805]},"thirdperson_lefthand":{"rotation":[67.5,180,0],"translation":[-5.5,-9.75,4.25],"scale":[1.71484,1.71484,1.71484]},"firstperson_righthand":{"rotation":[0,180,0],"translation":[-2.25,3.5,0],"scale":[0.9707,0.9707,0.9707]},"firstperson_lefthand":{"scale":[0,0,0]},"ground":{"translation":[0,7,0]},"gui":{"rotation":[0,-145,0],"translation":[-1.25,-3.75,0],"scale":[1.31641,1.31641,1.31641]},"head":{"rotation":[0,180,0],"translation":[0,-56.75,7],"scale":[2.50586,2.50586,2.50586]},"fixed":{"rotation":[-90,0,0],"translation":[0,3.75,-7],"scale":[2.7539,2.7539,2.7539]}}}