{"custom_model_data": 00036,
"credit":"MadebyPolygonMC","texture_size":[24,24],"textures":{"1":"littleteddybearset:bow","particle":"littleteddybearset:bow"},"elements":[{"from":[7.5,6,7.5],"to":[8.5,7,8.5],"rotation":{"angle":0,"axis":"y","origin":[7.5,5,7.5]},"faces":{"north":{"uv":[13.33333,8.66667,14,9.33333],"texture":"#1"},"east":{"uv":[14,0,14.66667,0.66667],"texture":"#1"},"south":{"uv":[0.66667,14,1.33333,14.66667],"texture":"#1"},"west":{"uv":[14,0.66667,14.66667,1.33333],"texture":"#1"},"up":{"uv":[2,14.66667,1.33333,14],"texture":"#1"},"down":{"uv":[14.66667,1.33333,14,2],"texture":"#1"}}},{"from":[7.5,9,7.5],"to":[8.5,10,8.5],"rotation":{"angle":0,"axis":"y","origin":[7.5,8,7.5]},"faces":{"north":{"uv":[2,14,2.66667,14.66667],"texture":"#1"},"east":{"uv":[14,2,14.66667,2.66667],"texture":"#1"},"south":{"uv":[2.66667,14,3.33333,14.66667],"texture":"#1"},"west":{"uv":[14,2.66667,14.66667,3.33333],"texture":"#1"},"up":{"uv":[14.66667,4,14,3.33333],"texture":"#1"},"down":{"uv":[4.66667,14,4,14.66667],"texture":"#1"}}},{"from":[7.6,7,7.6],"to":[8.4,9,8.4],"rotation":{"angle":0,"axis":"y","origin":[7.5,6,7.5]},"faces":{"north":{"uv":[6,8.66667,6.66667,10],"texture":"#1"},"east":{"uv":[10,11.33333,10.66667,12.66667],"texture":"#1"},"south":{"uv":[13.33333,0,14,1.33333],"texture":"#1"},"west":{"uv":[13.33333,1.33333,14,2.66667],"texture":"#1"},"up":{"uv":[5.33333,14.66667,4.66667,14],"texture":"#1"},"down":{"uv":[14.66667,4.66667,14,5.33333],"texture":"#1"}}},{"from":[7.44,-0.96129,10.23465],"to":[8.56,0.15871,11.35465],"rotation":{"angle":0,"axis":"y","origin":[8,0.06717,10.32619]},"faces":{"north":{"uv":[5.33333,14,6,14.66667],"texture":"#1"},"east":{"uv":[14,5.33333,14.66667,6],"texture":"#1"},"south":{"uv":[6,14,6.66667,14.66667],"texture":"#1"},"west":{"uv":[14,6,14.66667,6.66667],"texture":"#1"},"up":{"uv":[7.33333,14.66667,6.66667,14],"texture":"#1"},"down":{"uv":[14.66667,6.66667,14,7.33333],"texture":"#1"}}},{"from":[7.35,10,7.35],"to":[8.65,12,8.65],"rotation":{"angle":0,"axis":"y","origin":[7,1,7]},"faces":{"north":{"uv":[2,11.33333,3,12.66667],"texture":"#1"},"east":{"uv":[3.33333,11.33333,4.33333,12.66667],"texture":"#1"},"south":{"uv":[4.66667,11.33333,5.66667,12.66667],"texture":"#1"},"west":{"uv":[6,11.33333,7,12.66667],"texture":"#1"},"up":{"uv":[6.33333,13.66667,5.33333,12.66667],"texture":"#1"},"down":{"uv":[7.66667,12.66667,6.66667,13.66667],"texture":"#1"}}},{"from":[7.35,4,7.35],"to":[8.65,6,8.65],"rotation":{"angle":0,"axis":"y","origin":[7,15,7]},"faces":{"north":{"uv":[7.33333,11.33333,8.33333,12.66667],"texture":"#1"},"east":{"uv":[8.66667,11.33333,9.66667,12.66667],"texture":"#1"},"south":{"uv":[11.33333,10,12.33333,11.33333],"texture":"#1"},"west":{"uv":[11.33333,11.33333,12.33333,12.66667],"texture":"#1"},"up":{"uv":[9,13.66667,8,12.66667],"texture":"#1"},"down":{"uv":[10.33333,12.66667,9.33333,13.66667],"texture":"#1"}}},{"from":[7.35,-0.27033,9.67619],"to":[8.65,1.72967,10.97619],"rotation":{"angle":-45,"axis":"x","origin":[8,0.06717,10.32619]},"faces":{"north":{"uv":[12,0,13,1.33333],"texture":"#1"},"east":{"uv":[12,1.33333,13,2.66667],"texture":"#1"},"south":{"uv":[12,2.66667,13,4],"texture":"#1"},"west":{"uv":[12,4,13,5.33333],"texture":"#1"},"up":{"uv":[13.66667,11,12.66667,10],"texture":"#1"},"down":{"uv":[11.66667,12.66667,10.66667,13.66667],"texture":"#1"}}},{"from":[7.45,1.025,8.8],"to":[8.55,4.525,9.9],"rotation":{"angle":-22.5,"axis":"x","origin":[8,0.7375,9.35]},"faces":{"north":{"uv":[10.66667,10,11.33333,12.33333],"texture":"#1"},"east":{"uv":[0,11.33333,0.66667,13.66667],"texture":"#1"},"south":{"uv":[0.66667,11.33333,1.33333,13.66667],"texture":"#1"},"west":{"uv":[1.33333,11.33333,2,13.66667],"texture":"#1"}}},{"from":[7.44,15.84129,10.23465],"to":[8.56,16.96129,11.35465],"rotation":{"angle":0,"axis":"y","origin":[8,15.93283,10.32619]},"faces":{"north":{"uv":[7.33333,14,8,14.66667],"texture":"#1"},"east":{"uv":[8,14,8.66667,14.66667],"texture":"#1"},"south":{"uv":[8.66667,14,9.33333,14.66667],"texture":"#1"},"west":{"uv":[14,8.66667,14.66667,9.33333],"texture":"#1"},"up":{"uv":[10,14.66667,9.33333,14],"texture":"#1"},"down":{"uv":[14.66667,9.33333,14,10],"texture":"#1"}}},{"from":[7.35,14.27033,9.67619],"to":[8.65,16.27033,10.97619],"rotation":{"angle":45,"axis":"x","origin":[8,15.93283,10.32619]},"faces":{"north":{"uv":[12,5.33333,13,6.66667],"texture":"#1"},"east":{"uv":[12,6.66667,13,8],"texture":"#1"},"south":{"uv":[12,8,13,9.33333],"texture":"#1"},"west":{"uv":[2,12.66667,3,14],"texture":"#1"},"up":{"uv":[13.66667,12.33333,12.66667,11.33333],"texture":"#1"},"down":{"uv":[13,12.66667,12,13.66667],"texture":"#1"}}},{"from":[5.9,11.95541,5.899],"to":[10.1,15.78041,10.099],"rotation":{"angle":0,"axis":"y","origin":[8,14.05541,7.999]},"faces":{"north":{"uv":[6.66667,2,9.33333,4.66667],"texture":"#1"},"east":{"uv":[6.66667,4.66667,9.33333,7.33333],"texture":"#1"},"south":{"uv":[6.66667,7.33333,9.33333,10],"texture":"#1"},"west":{"uv":[9.33333,2,12,4.66667],"texture":"#1"},"up":{"uv":[12,7.33333,9.33333,4.66667],"texture":"#1"},"down":{"uv":[12,7.33333,9.33333,10],"texture":"#1"}}},{"from":[6.74,11.95541,5.059],"to":[9.26,13.38541,5.899],"rotation":{"angle":0,"axis":"y","origin":[8,14.05541,3.799]},"faces":{"north":{"uv":[8.66667,10,10.33333,11],"texture":"#1"},"east":{"uv":[13.33333,12.66667,14,13.66667],"texture":"#1"},"west":{"uv":[0,14,0.66667,15],"texture":"#1"},"up":{"uv":[13.66667,10,12,9.33333],"texture":"#1"},"down":{"uv":[5,12.66667,3.33333,13.33333],"texture":"#1"}}},{"from":[7.412,12.72601,4.9414],"to":[8.588,13.49881,5.6806],"rotation":{"angle":0,"axis":"y","origin":[7.916,14.08481,3.5974]},"faces":{"north":{"uv":[10,14,10.66667,14.66667],"texture":"#1"},"east":{"uv":[10.66667,14,11,14.66667],"texture":"#1"},"south":{"uv":[14,10,14.66667,10.66667],"texture":"#1"},"west":{"uv":[14,10.66667,14.33333,11.33333],"texture":"#1"},"up":{"uv":[12,14.33333,11.33333,14],"texture":"#1"},"down":{"uv":[14.66667,11.33333,14,11.66667],"texture":"#1"}}},{"from":[8.84,15.00041,7.684],"to":[10.73,16.89041,8.524],"rotation":{"angle":-22.5,"axis":"z","origin":[9.68,15.84041,8.104]},"faces":{"north":{"uv":[4.66667,8.66667,6,10],"texture":"#1"},"east":{"uv":[13.33333,2.66667,14,4],"texture":"#1"},"south":{"uv":[4.66667,10,6,11.33333],"texture":"#1"},"west":{"uv":[3.33333,13.33333,4,14.66667],"texture":"#1"},"up":{"uv":[5.33333,14,4,13.33333],"texture":"#1"},"down":{"uv":[14.66667,4,13.33333,4.66667],"texture":"#1"}}},{"from":[5.27,15.00041,7.684],"to":[7.16,16.89041,8.524],"rotation":{"angle":22.5,"axis":"z","origin":[6.32,15.84041,8.104]},"faces":{"north":{"uv":[6,10,7.33333,11.33333],"texture":"#1"},"east":{"uv":[13.33333,4.66667,14,6],"texture":"#1"},"south":{"uv":[7.33333,10,8.66667,11.33333],"texture":"#1"},"west":{"uv":[13.33333,6,14,7.33333],"texture":"#1"},"up":{"uv":[14.66667,8,13.33333,7.33333],"texture":"#1"},"down":{"uv":[14.66667,8,13.33333,8.66667],"texture":"#1"}}},{"from":[8,2.5,3],"to":[8,5.5,11],"rotation":{"angle":45,"axis":"x","origin":[8,1,3]},"faces":{"north":{"uv":[0,0,0,2],"texture":"#1"},"east":{"uv":[12,0,6.66667,2],"texture":"#1"},"south":{"uv":[0,0,0,2],"texture":"#1"},"west":{"uv":[6.66667,0,12,2],"texture":"#1"},"up":{"uv":[0,5.33333,0,0],"texture":"#1"},"down":{"uv":[0,0,0,5.33333],"texture":"#1"}}},{"from":[8,-0.25,11],"to":[8,16.25,18],"rotation":{"angle":0,"axis":"y","origin":[6,0,6]},"faces":{"north":{"uv":[0,0,0,11],"texture":"#1"},"east":{"uv":[4.66667,0,0,11],"texture":"#1"},"south":{"uv":[0,0,0,11],"texture":"#1"},"west":{"uv":[0,0,4.66667,11],"texture":"#1"},"up":{"uv":[0,4.66667,0,0],"texture":"#1"},"down":{"uv":[0,0,0,4.66667],"texture":"#1"}}}],"gui_light":"front","display":{"thirdperson_righthand":{"translation":[0,-2,1]},"thirdperson_lefthand":{"translation":[0,-2,1]},"firstperson_righthand":{"translation":[0,5.25,0]},"firstperson_lefthand":{"translation":[0,5.25,0]},"ground":{"translation":[0,7,0]},"gui":{"rotation":[-90,135,90],"translation":[-1,1.25,0]},"head":{"scale":[1.5,1.5,1.5],"rotation":[90,45,90]},"fixed":{"rotation":[90,-45,90],"translation":[1.5,1.25,0]}}}