{"custom_model_data": 00040,
"credit":"MadebyPolygonMC","texture_size":[40,40],"textures":{"1":"littleteddybearset:chest","particle":"littleteddybearset:chest"},"elements":[{"from":[3.75,4,3.75],"to":[12.25,6,12.25],"rotation":{"angle":0,"axis":"x","origin":[8,4.01021,12.1945]},"faces":{"north":{"uv":[6.8,6,10.2,6.8],"texture":"#1"},"east":{"uv":[6.8,6.8,10.2,7.6],"texture":"#1"},"south":{"uv":[0,7.2,3.4,8],"texture":"#1"},"west":{"uv":[6.8,7.6,10.2,8.4],"texture":"#1"},"up":{"uv":[3.4,3.4,0,0],"texture":"#1"},"down":{"uv":[3.4,3.6,0,7],"texture":"#1"}}},{"from":[4.5,6,4.5],"to":[11.5,7,11.5],"rotation":{"angle":0,"axis":"x","origin":[8,4.01021,12.1945]},"faces":{"north":{"uv":[8,11.6,10.8,12],"texture":"#1"},"east":{"uv":[11.6,11.2,14.4,11.6],"texture":"#1"},"south":{"uv":[11.6,11.6,14.4,12],"texture":"#1"},"west":{"uv":[3.2,12,6,12.4],"texture":"#1"},"up":{"uv":[9.6,6,6.8,3.2],"texture":"#1"}}},{"from":[8.75,6,4.25],"to":[10.75,7.25,11.75],"rotation":{"angle":0,"axis":"x","origin":[8,4.01021,12.1945]},"faces":{"north":{"uv":[12.4,10,13.2,10.6],"texture":"#1"},"east":{"uv":[9.6,4.8,12.6,5.4],"texture":"#1"},"south":{"uv":[12.4,12,13.2,12.6],"texture":"#1"},"west":{"uv":[10.4,5.6,13.4,6.2],"texture":"#1"},"up":{"uv":[7.2,13,6.4,10],"texture":"#1"},"down":{"uv":[8,10,7.2,13],"texture":"#1"}}},{"from":[11.5,4.75,5],"to":[12.5,7.25,7],"rotation":{"angle":0,"axis":"x","origin":[8,4.01021,12.1945]},"faces":{"north":{"uv":[10.4,12,10.8,13],"texture":"#1"},"east":{"uv":[12,8.4,12.8,9.4],"texture":"#1"},"south":{"uv":[6,12.8,6.4,13.8],"texture":"#1"},"west":{"uv":[8.8,12,9.6,13],"texture":"#1"},"up":{"uv":[10.4,13.6,10,12.8],"texture":"#1"},"down":{"uv":[11.2,12.8,10.8,13.6],"texture":"#1"}}},{"from":[5.9,11.55541,7.199],"to":[10.1,15.75541,11.399],"rotation":{"angle":0,"axis":"x","origin":[8,4.01021,12.1945]},"faces":{"north":{"uv":[4.8,9.6,3.2,11.2],"texture":"#1"},"east":{"uv":[3.2,9.6,1.6,11.2],"texture":"#1"},"south":{"uv":[1.6,9.6,0,11.2],"texture":"#1"},"west":{"uv":[11.2,3.2,9.6,4.8],"texture":"#1"},"up":{"uv":[6.4,9.6,4.8,11.2],"texture":"#1"},"down":{"uv":[11.6,1.6,10,0],"texture":"#1"}}},{"from":[6.74,11.55541,6.359],"to":[9.26,13.23541,7.199],"rotation":{"angle":0,"axis":"x","origin":[8,4.01021,12.1945]},"faces":{"north":{"uv":[5.8,12.4,4.8,13],"texture":"#1"},"east":{"uv":[0.8,13.2,0.4,13.8],"texture":"#1"},"west":{"uv":[13.6,0.4,13.2,1],"texture":"#1"},"up":{"uv":[13.4,10.8,12.4,11.2],"texture":"#1"},"down":{"uv":[13.8,5.2,12.8,4.8],"texture":"#1"}}},{"from":[7.412,12.57601,6.2414],"to":[8.588,13.34881,6.9806],"rotation":{"angle":0,"axis":"x","origin":[8,4.01021,12.1945]},"faces":{"north":{"uv":[6.8,9.6,6.4,10],"texture":"#1"},"east":{"uv":[13.4,2,13.2,2.4],"texture":"#1"},"south":{"uv":[3.6,9.2,3.2,9.6],"texture":"#1"},"west":{"uv":[2.6,13.2,2.4,13.6],"texture":"#1"},"up":{"uv":[13.6,2.4,13.2,2.6],"texture":"#1"},"down":{"uv":[3.2,13.4,2.8,13.2],"texture":"#1"}}},{"from":[6.32,6.4244,5.43806],"to":[9.68,10.6244,8.37806],"rotation":{"angle":22.5,"axis":"x","origin":[8,4.01021,12.1945]},"faces":{"north":{"uv":[9.4,10,8,11.6],"texture":"#1"},"east":{"uv":[11.2,8.4,10,10],"texture":"#1"},"south":{"uv":[11.4,1.6,10,3.2],"texture":"#1"},"west":{"uv":[10.8,10,9.6,11.6],"texture":"#1"},"up":{"uv":[11.8,6.4,10.4,7.6],"texture":"#1"},"down":{"uv":[12.2,11.2,10.8,10],"texture":"#1"}}},{"from":[6.32,6.4244,4.59806],"to":[9.68,8.5244,5.43806],"rotation":{"angle":22.5,"axis":"x","origin":[8,4.01021,12.1945]},"faces":{"north":{"uv":[13.4,6.4,12,7.2],"texture":"#1"},"east":{"uv":[12.4,12.8,12,13.6],"texture":"#1"},"west":{"uv":[12.8,12.8,12.4,13.6],"texture":"#1"},"up":{"uv":[13.4,7.2,12,7.6],"texture":"#1"},"down":{"uv":[13.4,10,12,9.6],"texture":"#1"}}},{"from":[7.58,8.66699,11.92311],"to":[8.42,9.50699,12.76311],"rotation":{"angle":-22.5,"axis":"x","origin":[8,4.01021,12.1945]},"faces":{"north":{"uv":[13.6,1.2,13.2,1.6],"texture":"#1"},"east":{"uv":[1.6,13.2,1.2,13.6],"texture":"#1"},"south":{"uv":[1.2,13.2,0.8,13.6],"texture":"#1"},"west":{"uv":[2,13.2,1.6,13.6],"texture":"#1"},"up":{"uv":[13.6,1.6,13.2,2],"texture":"#1"},"down":{"uv":[2.4,13.6,2,13.2],"texture":"#1"}}},{"from":[5.27,14.67541,9.184],"to":[7.16,16.56541,10.024],"rotation":{"angle":0,"axis":"z","origin":[8,4.01021,12.1945]},"faces":{"north":{"uv":[13.2,0.8,12.4,1.6],"texture":"#1"},"east":{"uv":[13.2,12.8,12.8,13.6],"texture":"#1"},"south":{"uv":[13.2,0,12.4,0.8],"texture":"#1"},"west":{"uv":[0.4,13.2,0,14],"texture":"#1"},"up":{"uv":[13.6,9.2,12.8,9.6],"texture":"#1"},"down":{"uv":[14,0.4,13.2,0],"texture":"#1"}}},{"from":[5.81,6.97541,4.624],"to":[7.7,8.86541,9.664],"rotation":{"angle":0,"axis":"x","origin":[8,4.01021,12.1945]},"faces":{"north":{"uv":[13.2,3.2,12.4,2.4],"rotation":180,"texture":"#1"},"east":{"uv":[1.6,11.2,0.8,13.2],"rotation":270,"texture":"#1"},"south":{"uv":[13.2,1.6,12.4,2.4],"texture":"#1"},"west":{"uv":[3.2,11.2,2.4,13.2],"rotation":90,"texture":"#1"},"up":{"uv":[2.4,11.2,1.6,13.2],"rotation":180,"texture":"#1"},"down":{"uv":[0.8,11.2,0,13.2],"texture":"#1"}}},{"from":[4.43,7.64875,11.57264],"to":[6.32,11.84875,13.46264],"rotation":{"angle":-22.5,"axis":"x","origin":[8,4.01021,12.1945]},"faces":{"north":{"uv":[12.4,0,11.6,1.6],"texture":"#1"},"east":{"uv":[11.6,11.2,10.8,12.8],"texture":"#1"},"south":{"uv":[12,8.4,11.2,10],"texture":"#1"},"west":{"uv":[12.4,1.6,11.6,3.2],"texture":"#1"},"up":{"uv":[4,12.4,3.2,13.2],"texture":"#1"},"down":{"uv":[4.8,13.2,4,12.4],"texture":"#1"}}},{"from":[5.25,6,4.25],"to":[7.25,7.25,11.75],"rotation":{"angle":0,"axis":"x","origin":[8,4.01021,12.1945]},"faces":{"north":{"uv":[13.2,10,12.4,10.6],"texture":"#1"},"east":{"uv":[13.4,5.6,10.4,6.2],"texture":"#1"},"south":{"uv":[13.2,12,12.4,12.6],"texture":"#1"},"west":{"uv":[12.6,4.8,9.6,5.4],"texture":"#1"},"up":{"uv":[6.4,13,7.2,10],"texture":"#1"},"down":{"uv":[7.2,10,8,13],"texture":"#1"}}},{"from":[3.5,4.75,5],"to":[4.5,7.25,7],"rotation":{"angle":0,"axis":"x","origin":[8,4.01021,12.1945]},"faces":{"north":{"uv":[10.8,12,10.4,13],"texture":"#1"},"east":{"uv":[9.6,12,8.8,13],"texture":"#1"},"south":{"uv":[6.4,12.8,6,13.8],"texture":"#1"},"west":{"uv":[12.8,8.4,12,9.4],"texture":"#1"},"up":{"uv":[10,13.6,10.4,12.8],"texture":"#1"},"down":{"uv":[10.8,12.8,11.2,13.6],"texture":"#1"}}},{"from":[11.5,4.75,9],"to":[12.5,7.25,11],"rotation":{"angle":0,"axis":"x","origin":[8,4.01021,12.1945]},"faces":{"north":{"uv":[6.4,12.8,6,13.8],"texture":"#1"},"east":{"uv":[12.8,8.4,12,9.4],"texture":"#1"},"south":{"uv":[10.8,12,10.4,13],"texture":"#1"},"west":{"uv":[9.6,12,8.8,13],"texture":"#1"},"up":{"uv":[10.4,12.8,10,13.6],"texture":"#1"},"down":{"uv":[11.2,13.6,10.8,12.8],"texture":"#1"}}},{"from":[3.5,4.75,9],"to":[4.5,7.25,11],"rotation":{"angle":0,"axis":"x","origin":[8,4.01021,12.1945]},"faces":{"north":{"uv":[6,12.8,6.4,13.8],"texture":"#1"},"east":{"uv":[8.8,12,9.6,13],"texture":"#1"},"south":{"uv":[10.4,12,10.8,13],"texture":"#1"},"west":{"uv":[12,8.4,12.8,9.4],"texture":"#1"},"up":{"uv":[10,12.8,10.4,13.6],"texture":"#1"},"down":{"uv":[10.8,13.6,11.2,12.8],"texture":"#1"}}},{"from":[8.3,6.97541,4.624],"to":[10.19,8.86541,9.664],"rotation":{"angle":0,"axis":"x","origin":[8,4.01021,12.1945]},"faces":{"north":{"uv":[12.4,3.2,13.2,2.4],"rotation":180,"texture":"#1"},"east":{"uv":[3.2,13.2,2.4,11.2],"rotation":90,"texture":"#1"},"south":{"uv":[12.4,1.6,13.2,2.4],"texture":"#1"},"west":{"uv":[1.6,13.2,0.8,11.2],"rotation":270,"texture":"#1"},"up":{"uv":[1.6,11.2,2.4,13.2],"rotation":180,"texture":"#1"},"down":{"uv":[0,11.2,0.8,13.2],"texture":"#1"}}},{"from":[9.68,7.64875,11.57264],"to":[11.57,11.84875,13.46264],"rotation":{"angle":-22.5,"axis":"x","origin":[8,4.01021,12.1945]},"faces":{"north":{"uv":[11.6,0,12.4,1.6],"texture":"#1"},"east":{"uv":[11.6,1.6,12.4,3.2],"texture":"#1"},"south":{"uv":[11.2,8.4,12,10],"texture":"#1"},"west":{"uv":[10.8,11.2,11.6,12.8],"texture":"#1"},"up":{"uv":[3.2,12.4,4,13.2],"texture":"#1"},"down":{"uv":[4,13.2,4.8,12.4],"texture":"#1"}}},{"from":[8.84,14.67541,9.184],"to":[10.73,16.56541,10.024],"rotation":{"angle":0,"axis":"z","origin":[8,4.01021,12.1945]},"faces":{"north":{"uv":[12.4,0.8,13.2,1.6],"texture":"#1"},"east":{"uv":[0,13.2,0.4,14],"texture":"#1"},"south":{"uv":[12.4,0,13.2,0.8],"texture":"#1"},"west":{"uv":[12.8,12.8,13.2,13.6],"texture":"#1"},"up":{"uv":[12.8,9.2,13.6,9.6],"texture":"#1"},"down":{"uv":[13.2,0.4,14,0],"texture":"#1"}}},{"from":[4,0,4],"to":[12,1,12],"rotation":{"angle":0,"axis":"y","origin":[7,0,7]},"faces":{"north":{"uv":[10.4,7.6,13.6,8],"texture":"#1"},"east":{"uv":[10.4,8,13.6,8.4],"texture":"#1"},"south":{"uv":[3.2,11.2,6.4,11.6],"texture":"#1"},"west":{"uv":[11.2,3.2,14.4,3.6],"texture":"#1"},"up":{"uv":[6.8,3.2,3.6,0],"texture":"#1"},"down":{"uv":[6.8,3.2,3.6,6.4],"texture":"#1"}}},{"from":[4.5,1,4.5],"to":[11.5,2,11.5],"rotation":{"angle":0,"axis":"y","origin":[7,1,7]},"faces":{"north":{"uv":[11.2,3.6,14,4],"texture":"#1"},"east":{"uv":[11.2,4,14,4.4],"texture":"#1"},"south":{"uv":[11.2,4.4,14,4.8],"texture":"#1"},"west":{"uv":[3.2,11.6,6,12],"texture":"#1"}}},{"from":[4,2,4],"to":[12,4,12],"rotation":{"angle":0,"axis":"y","origin":[7,2,7]},"faces":{"north":{"uv":[0,8,3.2,8.8],"texture":"#1"},"east":{"uv":[6.8,8.4,10,9.2],"texture":"#1"},"south":{"uv":[0,8.8,3.2,9.6],"texture":"#1"},"west":{"uv":[6.8,9.2,10,10],"texture":"#1"},"up":{"uv":[6.8,9.6,3.6,6.4],"texture":"#1"},"down":{"uv":[10,0,6.8,3.2],"texture":"#1"}}},{"from":[11.5,0.5,5],"to":[12.5,3.5,7],"rotation":{"angle":0,"axis":"y","origin":[11.5,0,5]},"faces":{"north":{"uv":[3.2,8,3.6,9.2],"texture":"#1"},"east":{"uv":[8,12,8.8,13.2],"texture":"#1"},"south":{"uv":[6,11.6,6.4,12.8],"texture":"#1"},"up":{"uv":[13.2,9.2,12.8,8.4],"texture":"#1"},"down":{"uv":[10,12.8,9.6,13.6],"texture":"#1"}}},{"from":[7,2,3.5],"to":[9,4,4.5],"rotation":{"angle":-45,"axis":"z","origin":[8,3,4]},"faces":{"north":{"uv":[9.6,12,10.4,12.8],"texture":"#1"},"east":{"uv":[11.2,12.8,11.6,13.6],"texture":"#1"},"south":{"uv":[11.6,12,12.4,12.8],"texture":"#1"},"west":{"uv":[11.6,12.8,12,13.6],"texture":"#1"},"up":{"uv":[10.4,6,9.6,5.6],"texture":"#1"},"down":{"uv":[13.6,5.2,12.8,5.6],"texture":"#1"}}},{"from":[3.5,0.5,5],"to":[4.5,3.5,7],"rotation":{"angle":0,"axis":"y","origin":[4.5,0,5]},"faces":{"north":{"uv":[3.6,8,3.2,9.2],"texture":"#1"},"south":{"uv":[6.4,11.6,6,12.8],"texture":"#1"},"west":{"uv":[8.8,12,8,13.2],"texture":"#1"},"up":{"uv":[12.8,9.2,13.2,8.4],"texture":"#1"},"down":{"uv":[9.6,12.8,10,13.6],"texture":"#1"}}},{"from":[11.5,0.5,9],"to":[12.5,3.5,11],"rotation":{"angle":0,"axis":"y","origin":[11.5,0,11]},"faces":{"north":{"uv":[6.4,11.6,6,12.8],"texture":"#1"},"east":{"uv":[8.8,12,8,13.2],"texture":"#1"},"south":{"uv":[3.6,8,3.2,9.2],"texture":"#1"},"up":{"uv":[13.2,8.4,12.8,9.2],"texture":"#1"},"down":{"uv":[10,13.6,9.6,12.8],"texture":"#1"}}},{"from":[3.5,0.5,9],"to":[4.5,3.5,11],"rotation":{"angle":0,"axis":"y","origin":[4.5,0,11]},"faces":{"north":{"uv":[6,11.6,6.4,12.8],"texture":"#1"},"south":{"uv":[3.2,8,3.6,9.2],"texture":"#1"},"west":{"uv":[8,12,8.8,13.2],"texture":"#1"},"up":{"uv":[12.8,8.4,13.2,9.2],"texture":"#1"},"down":{"uv":[9.6,13.6,10,12.8],"texture":"#1"}}}],"gui_light":"front","display":{"thirdperson_righthand":{"rotation":[60.25,0,0],"translation":[0,3.75,4],"scale":[0.74023,0.74023,0.74023]},"thirdperson_lefthand":{"rotation":[60.25,0,0],"translation":[0,3.75,4],"scale":[0.74023,0.74023,0.74023]},"firstperson_righthand":{"rotation":[-15,180,0],"translation":[-2.25,8,-1]},"firstperson_lefthand":{"rotation":[-15,180,0],"translation":[-2.25,8,-1]},"ground":{"translation":[0,7,0]},"gui":{"rotation":[0,145,0],"translation":[0,-0.25,0]},"head":{"rotation":[0,180,0],"translation":[0,-19,0],"scale":[3.05469,3.05469,3.05469]},"fixed":{"rotation":[-90,0,0],"translation":[0,0,-23.5],"scale":[3.21289,3.21289,3.21289]}}}