{"custom_model_data": 00049,
"credit":"MadebyPolygonMC","texture_size":[24,24],"textures":{"1":"littleteddybearset:flag","particle":"littleteddybearset:flag"},"elements":[{"from":[7.5,7,7.5],"to":[8.5,8,8.5],"rotation":{"angle":0,"axis":"y","origin":[7.5,6,7.5]},"faces":{"north":{"uv":[12.66667,3.33333,13.33333,4],"texture":"#1"},"east":{"uv":[4,12.66667,4.66667,13.33333],"texture":"#1"},"south":{"uv":[12.66667,10.66667,13.33333,11.33333],"texture":"#1"},"west":{"uv":[12.66667,12,13.33333,12.66667],"texture":"#1"},"up":{"uv":[14,2,13.33333,1.33333],"texture":"#1"},"down":{"uv":[14,4.66667,13.33333,5.33333],"texture":"#1"}}},{"from":[7.5,10,7.5],"to":[8.5,11,8.5],"rotation":{"angle":0,"axis":"y","origin":[7.5,9,7.5]},"faces":{"north":{"uv":[13.33333,10.66667,14,11.33333],"texture":"#1"},"east":{"uv":[14,2.66667,14.66667,3.33333],"texture":"#1"},"south":{"uv":[14,4.66667,14.66667,5.33333],"texture":"#1"},"west":{"uv":[14,5.33333,14.66667,6],"texture":"#1"},"up":{"uv":[14.66667,6.66667,14,6],"texture":"#1"},"down":{"uv":[14.66667,6.66667,14,7.33333],"texture":"#1"}}},{"from":[7.6,8,7.6],"to":[8.4,10,8.4],"rotation":{"angle":0,"axis":"y","origin":[7.5,7,7.5]},"faces":{"north":{"uv":[9.33333,12.66667,10,14],"texture":"#1"},"east":{"uv":[1.33333,13.33333,2,14.66667],"texture":"#1"},"south":{"uv":[6.66667,13.33333,7.33333,14.66667],"texture":"#1"},"west":{"uv":[13.33333,12,14,13.33333],"texture":"#1"},"up":{"uv":[8,14.66667,7.33333,14],"texture":"#1"},"down":{"uv":[14.66667,7.33333,14,8],"texture":"#1"}}},{"from":[7.44,6.215,7.44],"to":[8.56,7.335,8.56],"rotation":{"angle":-45,"axis":"x","origin":[8,6.775,8]},"faces":{"north":{"uv":[8,14,8.66667,14.66667],"texture":"#1"},"east":{"uv":[14,8,14.66667,8.66667],"texture":"#1"},"south":{"uv":[8.66667,14,9.33333,14.66667],"texture":"#1"},"west":{"uv":[14,8.66667,14.66667,9.33333],"texture":"#1"},"up":{"uv":[10,14.66667,9.33333,14],"texture":"#1"},"down":{"uv":[14.66667,9.33333,14,10],"texture":"#1"}}},{"from":[7.44,23.64,7.44],"to":[8.56,24.76,8.56],"rotation":{"angle":-45,"axis":"x","origin":[8,24.2,8]},"faces":{"north":{"uv":[10,14,10.66667,14.66667],"texture":"#1"},"east":{"uv":[14,10,14.66667,10.66667],"texture":"#1"},"south":{"uv":[10.66667,14,11.33333,14.66667],"texture":"#1"},"west":{"uv":[14,10.66667,14.66667,11.33333],"texture":"#1"},"up":{"uv":[12,14.66667,11.33333,14],"texture":"#1"},"down":{"uv":[14.66667,11.33333,14,12],"texture":"#1"}}},{"from":[7.44,0.215,7.44],"to":[8.56,1.335,8.56],"rotation":{"angle":-45,"axis":"x","origin":[8,0.775,8]},"faces":{"north":{"uv":[12,14,12.66667,14.66667],"texture":"#1"},"east":{"uv":[14,12,14.66667,12.66667],"texture":"#1"},"south":{"uv":[12.66667,14,13.33333,14.66667],"texture":"#1"},"west":{"uv":[14,12.66667,14.66667,13.33333],"texture":"#1"},"up":{"uv":[14.66667,14,14,13.33333],"texture":"#1"},"down":{"uv":[14.66667,14,14,14.66667],"texture":"#1"}}},{"from":[7.35,11,7.35],"to":[8.65,13,8.65],"rotation":{"angle":0,"axis":"y","origin":[7,2,7]},"faces":{"north":{"uv":[7.33333,10.66667,8.33333,12],"texture":"#1"},"east":{"uv":[8.66667,10.66667,9.66667,12],"texture":"#1"},"south":{"uv":[10.66667,9.33333,11.66667,10.66667],"texture":"#1"},"west":{"uv":[10.66667,10.66667,11.66667,12],"texture":"#1"},"up":{"uv":[13.66667,3,12.66667,2],"texture":"#1"},"down":{"uv":[3.66667,12.66667,2.66667,13.66667],"texture":"#1"}}},{"from":[7.35,16.5,7.35],"to":[8.65,20.5,8.65],"rotation":{"angle":0,"axis":"y","origin":[7,2,7]},"faces":{"north":{"uv":[8.66667,0,9.66667,2.66667],"texture":"#1"},"east":{"uv":[2,8.66667,3,11.33333],"texture":"#1"},"south":{"uv":[8.66667,2.66667,9.66667,5.33333],"texture":"#1"},"west":{"uv":[3.33333,8.66667,4.33333,11.33333],"texture":"#1"},"up":{"uv":[13.66667,7.66667,12.66667,6.66667],"texture":"#1"},"down":{"uv":[9,12.66667,8,13.66667],"texture":"#1"}}},{"from":[7.45,13,7.45],"to":[8.55,16.5,8.55],"rotation":{"angle":0,"axis":"y","origin":[7,2,7]},"faces":{"north":{"uv":[10,4,10.66667,6.33333],"texture":"#1"},"east":{"uv":[10,6.66667,10.66667,9],"texture":"#1"},"south":{"uv":[10,9.33333,10.66667,11.66667],"texture":"#1"},"west":{"uv":[0,10.66667,0.66667,13],"texture":"#1"}}},{"from":[7.45,20.5,7.45],"to":[8.55,24,8.55],"rotation":{"angle":0,"axis":"y","origin":[7,9.5,7]},"faces":{"north":{"uv":[0.66667,10.66667,1.33333,13],"texture":"#1"},"east":{"uv":[1.33333,10.66667,2,13],"texture":"#1"},"south":{"uv":[10.66667,4,11.33333,6.33333],"texture":"#1"},"west":{"uv":[4.66667,10.66667,5.33333,13],"texture":"#1"}}},{"from":[7.35,1.1,7.35],"to":[8.65,3.1,8.65],"rotation":{"angle":0,"axis":"y","origin":[7,6,7]},"faces":{"north":{"uv":[11.33333,0,12.33333,1.33333],"texture":"#1"},"east":{"uv":[11.33333,1.33333,12.33333,2.66667],"texture":"#1"},"south":{"uv":[2,11.33333,3,12.66667],"texture":"#1"},"west":{"uv":[11.33333,2.66667,12.33333,4],"texture":"#1"},"up":{"uv":[13.66667,10.33333,12.66667,9.33333],"texture":"#1"},"down":{"uv":[11.66667,12.66667,10.66667,13.66667],"texture":"#1"}}},{"from":[7.45,3.1,7.45],"to":[8.55,6.6,8.55],"rotation":{"angle":0,"axis":"y","origin":[7,6,7]},"faces":{"north":{"uv":[5.33333,10.66667,6,13],"texture":"#1"},"east":{"uv":[6,10.66667,6.66667,13],"texture":"#1"},"south":{"uv":[6.66667,10.66667,7.33333,13],"texture":"#1"},"west":{"uv":[10.66667,6.66667,11.33333,9],"texture":"#1"}}},{"from":[7.45,22.23431,4.2435],"to":[10.15,24.93431,6.9435],"rotation":{"angle":-22.5,"axis":"z","origin":[8.8,23.94007,6.4575]},"faces":{"north":{"uv":[0,6.66667,1.66667,8.33333],"texture":"#1"},"east":{"uv":[2,6.66667,3.66667,8.33333],"texture":"#1"},"south":{"uv":[4,6.66667,5.66667,8.33333],"texture":"#1"},"west":{"uv":[6,6.66667,7.66667,8.33333],"texture":"#1"},"up":{"uv":[9.66667,8.33333,8,6.66667],"texture":"#1"},"down":{"uv":[1.66667,8.66667,0,10.33333],"texture":"#1"}}},{"from":[6.92,20.20931,4.5135],"to":[9.08,22.90931,6.4035],"rotation":{"angle":0,"axis":"y","origin":[8,23.09633,5.85]},"faces":{"north":{"uv":[4.66667,8.66667,6,10.33333],"texture":"#1"},"east":{"uv":[6,8.66667,7.33333,10.33333],"texture":"#1"},"south":{"uv":[7.33333,8.66667,8.66667,10.33333],"texture":"#1"},"west":{"uv":[8.66667,8.66667,10,10.33333],"texture":"#1"},"up":{"uv":[10,6.66667,8.66667,5.33333],"texture":"#1"},"down":{"uv":[11.33333,0,10,1.33333],"texture":"#1"}}},{"from":[6.92,20.20931,6.4035],"to":[9.08,21.83431,6.9435],"rotation":{"angle":0,"axis":"y","origin":[8,23.09633,5.85]},"faces":{"east":{"uv":[14.66667,5.33333,15,6.33333],"texture":"#1"},"south":{"uv":[3.33333,11.33333,4.66667,12.33333],"texture":"#1"},"west":{"uv":[6,14.66667,6.33333,15.66667],"texture":"#1"},"up":{"uv":[1.33333,15,0,14.66667],"texture":"#1"},"down":{"uv":[16,0,14.66667,0.33333],"texture":"#1"}}},{"from":[7.99,22.23431,6.9435],"to":[9.61,23.31431,7.4835],"rotation":{"angle":-22.5,"axis":"z","origin":[8.8,23.94007,6.4575]},"faces":{"east":{"uv":[14.66667,7.33333,15,8],"texture":"#1"},"south":{"uv":[12.66667,8,13.66667,8.66667],"texture":"#1"},"west":{"uv":[8,14.66667,8.33333,15.33333],"texture":"#1"},"up":{"uv":[7.66667,15,6.66667,14.66667],"texture":"#1"},"down":{"uv":[15.66667,6.66667,14.66667,7],"texture":"#1"}}},{"from":[8.422,22.89041,7.0839],"to":[9.178,23.38721,7.5591],"rotation":{"angle":-22.5,"axis":"z","origin":[8.8,23.94007,6.4575]},"faces":{"north":{"uv":[14.66667,8,15.33333,8.33333],"texture":"#1"},"east":{"uv":[14.66667,12,15,12.33333],"texture":"#1"},"south":{"uv":[8.66667,14.66667,9.33333,15],"texture":"#1"},"west":{"uv":[12.66667,14.66667,13,15],"texture":"#1"},"up":{"uv":[15.33333,9,14.66667,8.66667],"texture":"#1"},"down":{"uv":[10,14.66667,9.33333,15],"texture":"#1"}}},{"from":[7.73,20.36924,5.00502],"to":[8.27,20.90924,5.54502],"rotation":{"angle":22.5,"axis":"x","origin":[8,23.09633,5.85]},"faces":{"north":{"uv":[14.66667,12.66667,15,13],"texture":"#1"},"east":{"uv":[13.33333,14.66667,13.66667,15],"texture":"#1"},"south":{"uv":[14.66667,13.33333,15,13.66667],"texture":"#1"},"west":{"uv":[14,14.66667,14.33333,15],"texture":"#1"},"up":{"uv":[15,14.33333,14.66667,14],"texture":"#1"},"down":{"uv":[15,14.66667,14.66667,15],"texture":"#1"}}},{"from":[7.55935,24.85665,5.306],"to":[8.77435,26.07165,5.896],"rotation":{"angle":0,"axis":"z","origin":[8.8,23.94007,6.4575]},"faces":{"north":{"uv":[14.66667,0.66667,15.33333,1.33333],"texture":"#1"},"east":{"uv":[14.66667,9.33333,15,10],"texture":"#1"},"south":{"uv":[1.33333,14.66667,2,15.33333],"texture":"#1"},"west":{"uv":[10,14.66667,10.33333,15.33333],"texture":"#1"},"up":{"uv":[15.33333,10.33333,14.66667,10],"texture":"#1"},"down":{"uv":[11.33333,14.66667,10.66667,15],"texture":"#1"}}},{"from":[6.51182,19.30431,4.66962],"to":[7.72682,20.51931,7.90962],"rotation":{"angle":45,"axis":"x","origin":[7.11932,19.91181,6.28962]},"faces":{"north":{"uv":[14.66667,1.33333,15.33333,2],"texture":"#1"},"east":{"uv":[11.33333,4,13.33333,4.66667],"texture":"#1"},"south":{"uv":[2,14.66667,2.66667,15.33333],"texture":"#1"},"west":{"uv":[11.33333,4.66667,13.33333,5.33333],"texture":"#1"},"up":{"uv":[12,7.33333,11.33333,5.33333],"texture":"#1"},"down":{"uv":[12,7.33333,11.33333,9.33333],"texture":"#1"}}},{"from":[6.205,21.52119,5.33055],"to":[7.42,22.73619,8.03055],"rotation":{"angle":22.5,"axis":"x","origin":[8.5,22.79633,5.85]},"faces":{"north":{"uv":[14.66667,2,15.33333,2.66667],"texture":"#1"},"east":{"uv":[8,12,9.66667,12.66667],"texture":"#1"},"south":{"uv":[14.66667,2.66667,15.33333,3.33333],"texture":"#1"},"west":{"uv":[12,8.66667,13.66667,9.33333],"texture":"#1"},"up":{"uv":[12.66667,11,12,9.33333],"texture":"#1"},"down":{"uv":[10.66667,12,10,13.66667],"texture":"#1"}}},{"from":[8.58,21.52119,5.33055],"to":[9.795,22.73619,8.03055],"rotation":{"angle":22.5,"axis":"x","origin":[7.5,22.79633,5.85]},"faces":{"north":{"uv":[14.66667,3.33333,15.33333,4],"texture":"#1"},"east":{"uv":[10.66667,12,12.33333,12.66667],"texture":"#1"},"south":{"uv":[4,14.66667,4.66667,15.33333],"texture":"#1"},"west":{"uv":[12,11.33333,13.66667,12],"texture":"#1"},"up":{"uv":[13.33333,1.66667,12.66667,0],"texture":"#1"},"down":{"uv":[2.66667,12.66667,2,14.33333],"texture":"#1"}}},{"from":[8.27318,19.30431,4.66962],"to":[9.48818,20.51931,7.90962],"rotation":{"angle":45,"axis":"x","origin":[8.88068,19.91181,6.28962]},"faces":{"north":{"uv":[14.66667,4,15.33333,4.66667],"texture":"#1"},"east":{"uv":[12,5.33333,14,6],"texture":"#1"},"south":{"uv":[4.66667,14.66667,5.33333,15.33333],"texture":"#1"},"west":{"uv":[12,6,14,6.66667],"texture":"#1"},"up":{"uv":[12.66667,8.66667,12,6.66667],"texture":"#1"},"down":{"uv":[8,12,7.33333,14],"texture":"#1"}}},{"from":[8.82565,24.85665,5.306],"to":[10.04065,26.07165,5.896],"rotation":{"angle":-45,"axis":"z","origin":[8.8,23.94007,6.4575]},"faces":{"north":{"uv":[14.66667,4.66667,15.33333,5.33333],"texture":"#1"},"east":{"uv":[14.66667,10.66667,15,11.33333],"texture":"#1"},"south":{"uv":[5.33333,14.66667,6,15.33333],"texture":"#1"},"west":{"uv":[11.33333,14.66667,11.66667,15.33333],"texture":"#1"},"up":{"uv":[15.33333,11.66667,14.66667,11.33333],"texture":"#1"},"down":{"uv":[12.66667,14.66667,12,15],"texture":"#1"}}},{"from":[7.5,24.6,7],"to":[8.5,26.6,9],"rotation":{"angle":45,"axis":"x","origin":[8,25.6,8]},"faces":{"north":{"uv":[13.33333,13.33333,14,14.66667],"texture":"#1"},"east":{"uv":[10,1.33333,11.33333,2.66667],"texture":"#1"},"south":{"uv":[14,1.33333,14.66667,2.66667],"texture":"#1"},"west":{"uv":[10,2.66667,11.33333,4],"texture":"#1"},"up":{"uv":[3.33333,15.33333,2.66667,14],"texture":"#1"},"down":{"uv":[4,14,3.33333,15.33333],"texture":"#1"}}},{"from":[7.25,24.85,7.25],"to":[8.75,26.35,8.75],"rotation":{"angle":45,"axis":"x","origin":[8,25.6,8]},"faces":{"north":{"uv":[12,12.66667,13,13.66667],"texture":"#1"},"east":{"uv":[0,13.33333,1,14.33333],"texture":"#1"},"south":{"uv":[13.33333,0,14.33333,1],"texture":"#1"},"west":{"uv":[13.33333,3.33333,14.33333,4.33333],"texture":"#1"},"up":{"uv":[5,14.33333,4,13.33333],"texture":"#1"},"down":{"uv":[6.33333,13.33333,5.33333,14.33333],"texture":"#1"}}},{"from":[8,17,8],"to":[8,27,21],"rotation":{"angle":0,"axis":"y","origin":[8,12,8]},"faces":{"north":{"uv":[0,0,0,6.66667],"texture":"#1"},"east":{"uv":[0,0,8.66667,6.66667],"texture":"#1"},"south":{"uv":[0,0,0,6.66667],"texture":"#1"},"west":{"uv":[8.66667,0,0,6.66667],"texture":"#1"},"up":{"uv":[0,8.66667,0,0],"texture":"#1"},"down":{"uv":[0,0,0,8.66667],"texture":"#1"}}}],"gui_light":"front","display":{"thirdperson_righthand":{"rotation":[-112.5,0,-180],"translation":[0,1,3.75]},"thirdperson_lefthand":{"rotation":[-112.5,0,-180],"translation":[0,1,3.75]},"firstperson_righthand":{"rotation":[-10,-180,0],"translation":[2.25,-0.25,0]},"firstperson_lefthand":{"rotation":[-10,-180,0],"translation":[2.25,-0.25,0]},"ground":{"translation":[0,8.5,0]},"gui":{"rotation":[90,-45,90],"translation":[5,-2.75,0],"scale":[0.60937,0.60937,0.60937]},"head":{"translation":[0,-23,0],"scale":[2.54297,2.54297,2.54297]},"fixed":{"rotation":[-90,180,0],"translation":[0,0,-21.25],"scale":[3,3,3]}}}