{"custom_model_data": 00052,
"credit":"MadebyPolygonMC","texture_size":[24,24],"textures":{"2":"littleteddybearset:hood","particle":"littleteddybearset:hood"},"elements":[{"from":[5.5,4.84118,7.0375],"to":[10.5,9.84118,12.0375],"rotation":{"angle":0,"axis":"x","origin":[8,7.34118,9.5375]},"faces":{"north":{"uv":[0,0,3.33333,3.33333],"texture":"#2"},"east":{"uv":[0,3.33333,3.33333,6.66667],"texture":"#2"},"south":{"uv":[3.33333,0,6.66667,3.33333],"texture":"#2"},"west":{"uv":[3.33333,3.33333,6.66667,6.66667],"texture":"#2"},"up":{"uv":[3.33333,10,0,6.66667],"texture":"#2"},"down":{"uv":[10,0,6.66667,3.33333],"texture":"#2"}}},{"from":[6.5,4.84118,6.0375],"to":[9.5,6.84118,7.0375],"rotation":{"angle":0,"axis":"x","origin":[8,7.34118,4.5375]},"faces":{"north":{"uv":[7.33333,7.33333,9.33333,8.66667],"texture":"#2"},"east":{"uv":[6.66667,5.33333,7.33333,6.66667],"texture":"#2"},"west":{"uv":[10,2.66667,10.66667,4],"texture":"#2"},"up":{"uv":[11.33333,6,9.33333,5.33333],"texture":"#2"},"down":{"uv":[11.33333,6,9.33333,6.66667],"texture":"#2"}}},{"from":[7.3,6.05618,5.8975],"to":[8.7,6.97618,6.7775],"rotation":{"angle":0,"axis":"x","origin":[7.9,7.37618,4.2975]},"faces":{"north":{"uv":[10,6.66667,11,7.33333],"texture":"#2"},"east":{"uv":[10,9.33333,10.66667,10],"texture":"#2"},"south":{"uv":[10,7.33333,11,8],"texture":"#2"},"west":{"uv":[10,10,10.66667,10.66667],"texture":"#2"},"up":{"uv":[11,8.66667,10,8],"texture":"#2"},"down":{"uv":[11,8.66667,10,9.33333],"texture":"#2"}}},{"from":[9,9.09118,9.1625],"to":[11.25,11.34118,10.1625],"rotation":{"angle":-22.5,"axis":"z","origin":[10,10.09118,9.6625]},"faces":{"north":{"uv":[3.33333,6.66667,5,8.33333],"texture":"#2"},"east":{"uv":[10,0,10.66667,1.66667],"texture":"#2"},"south":{"uv":[6.66667,3.33333,8.33333,5],"texture":"#2"},"west":{"uv":[0.66667,10,1.33333,11.66667],"texture":"#2"},"up":{"uv":[3,10.66667,1.33333,10],"texture":"#2"},"down":{"uv":[11.66667,2,10,2.66667],"texture":"#2"}}},{"from":[4.75,9.09118,9.1625],"to":[7,11.34118,10.1625],"rotation":{"angle":22.5,"axis":"z","origin":[6,10.09118,9.6625]},"faces":{"north":{"uv":[5,6.66667,3.33333,8.33333],"texture":"#2"},"east":{"uv":[1.33333,10,0.66667,11.66667],"texture":"#2"},"south":{"uv":[8.33333,3.33333,6.66667,5],"texture":"#2"},"west":{"uv":[10.66667,0,10,1.66667],"texture":"#2"},"up":{"uv":[1.33333,10.66667,3,10],"texture":"#2"},"down":{"uv":[10,2,11.66667,2.66667],"texture":"#2"}}},{"from":[5,3.75,8.5],"to":[6,6.75,10.5],"rotation":{"angle":0,"axis":"y","origin":[5,1.75,8.5]},"faces":{"north":{"uv":[9.33333,6.66667,10,8.66667],"texture":"#2"},"east":{"uv":[3.33333,8.66667,4.66667,10.66667],"texture":"#2"},"south":{"uv":[0,10,0.66667,12],"texture":"#2"},"west":{"uv":[8.66667,3.33333,10,5.33333],"texture":"#2"},"up":{"uv":[10.66667,5.33333,10,4],"texture":"#2"}}},{"from":[4.75,1.25,8.25],"to":[6,3.75,10.75],"rotation":{"angle":0,"axis":"y","origin":[5,0.75,8.5]},"faces":{"north":{"uv":[4.66667,8.66667,5.66667,10.33333],"texture":"#2"},"east":{"uv":[5.33333,6.66667,7,8.33333],"texture":"#2"},"south":{"uv":[6,8.66667,7,10.33333],"texture":"#2"},"west":{"uv":[7.33333,5.33333,9,7],"texture":"#2"},"up":{"uv":[8.33333,10.33333,7.33333,8.66667],"texture":"#2"},"down":{"uv":[9.66667,8.66667,8.66667,10.33333],"texture":"#2"}}},{"from":[10,3.75,8.5],"to":[11,6.75,10.5],"rotation":{"angle":0,"axis":"y","origin":[11,1.75,8.5]},"faces":{"north":{"uv":[10,6.66667,9.33333,8.66667],"texture":"#2"},"east":{"uv":[10,3.33333,8.66667,5.33333],"texture":"#2"},"south":{"uv":[0.66667,10,0,12],"texture":"#2"},"west":{"uv":[4.66667,8.66667,3.33333,10.66667],"texture":"#2"},"up":{"uv":[10,5.33333,10.66667,4],"texture":"#2"}}},{"from":[10,1.25,8.25],"to":[11.25,3.75,10.75],"rotation":{"angle":0,"axis":"y","origin":[11,0.75,8.5]},"faces":{"north":{"uv":[5.66667,8.66667,4.66667,10.33333],"texture":"#2"},"east":{"uv":[9,5.33333,7.33333,7],"texture":"#2"},"south":{"uv":[7,8.66667,6,10.33333],"texture":"#2"},"west":{"uv":[7,6.66667,5.33333,8.33333],"texture":"#2"},"up":{"uv":[7.33333,10.33333,8.33333,8.66667],"texture":"#2"},"down":{"uv":[8.66667,8.66667,9.66667,10.33333],"texture":"#2"}}}],"gui_light":"front","display":{"thirdperson_righthand":{"rotation":[61,0,0],"translation":[0,1.75,0.75],"scale":[0.74805,0.74805,0.74805]},"thirdperson_lefthand":{"rotation":[61,0,0],"translation":[0,1.75,0.75],"scale":[0.74805,0.74805,0.74805]},"firstperson_righthand":{"rotation":[0,180,0],"translation":[-0.5,6,1.25],"scale":[1.08984,1.08984,1.08984]},"firstperson_lefthand":{"rotation":[0,180,0],"translation":[-0.5,6,1.25],"scale":[1.08984,1.08984,1.08984]},"ground":{"translation":[0,8.5,-1.25]},"gui":{"rotation":[0,180,0],"translation":[0,2.5,0],"scale":[1.61719,1.61719,1.61719]},"head":{"translation":[0,10.25,-4.75],"scale":[3.02734,3.02734,3.02734]},"fixed":{"rotation":[-90,0,0],"translation":[0,-4.25,-15.75],"scale":[2.42187,2.42187,2.42187]}}}