{"custom_model_data": 00058,
"credit":"MadebyPolygonMC","texture_size":[24,24],"textures":{"2":"littleteddybearset:spear"},"elements":[{"from":[7.5,7,7.5],"to":[8.5,8,8.5],"rotation":{"angle":0,"axis":"y","origin":[7.5,6,7.5]},"faces":{"north":{"uv":[4.66667,6,5.33333,6.66667],"texture":"#2"},"east":{"uv":[1.33333,6.66667,2,7.33333],"texture":"#2"},"south":{"uv":[6.66667,6,7.33333,6.66667],"texture":"#2"},"west":{"uv":[7.33333,3.33333,8,4],"texture":"#2"},"up":{"uv":[11.33333,8.66667,10.66667,8],"texture":"#2"},"down":{"uv":[6.66667,11.33333,6,12],"texture":"#2"}}},{"from":[7.5,10,7.5],"to":[8.5,11,8.5],"rotation":{"angle":0,"axis":"y","origin":[7.5,9,7.5]},"faces":{"north":{"uv":[10,12,10.66667,12.66667],"texture":"#2"},"east":{"uv":[12,11.33333,12.66667,12],"texture":"#2"},"south":{"uv":[12,12,12.66667,12.66667],"texture":"#2"},"west":{"uv":[0,12.66667,0.66667,13.33333],"texture":"#2"},"up":{"uv":[13.33333,0.66667,12.66667,0],"texture":"#2"},"down":{"uv":[1.33333,12.66667,0.66667,13.33333],"texture":"#2"}}},{"from":[7.6,8,7.6],"to":[8.4,10,8.4],"rotation":{"angle":0,"axis":"y","origin":[7.5,7,7.5]},"faces":{"north":{"uv":[8,10.66667,8.66667,12],"texture":"#2"},"east":{"uv":[9.33333,11.33333,10,12.66667],"texture":"#2"},"south":{"uv":[2.66667,12,3.33333,13.33333],"texture":"#2"},"west":{"uv":[12,6.66667,12.66667,8],"texture":"#2"},"up":{"uv":[13.33333,1.33333,12.66667,0.66667],"texture":"#2"},"down":{"uv":[2,12.66667,1.33333,13.33333],"texture":"#2"}}},{"from":[7.44,6.215,7.44],"to":[8.56,7.335,8.56],"rotation":{"angle":-45,"axis":"x","origin":[8,6.775,8]},"faces":{"north":{"uv":[12.66667,1.33333,13.33333,2],"texture":"#2"},"east":{"uv":[2,12.66667,2.66667,13.33333],"texture":"#2"},"south":{"uv":[12.66667,2,13.33333,2.66667],"texture":"#2"},"west":{"uv":[12.66667,2.66667,13.33333,3.33333],"texture":"#2"},"up":{"uv":[4,13.33333,3.33333,12.66667],"texture":"#2"},"down":{"uv":[13.33333,3.33333,12.66667,4],"texture":"#2"}}},{"from":[7.44,23.64,7.44],"to":[8.56,24.76,8.56],"rotation":{"angle":-45,"axis":"x","origin":[8,24.2,8]},"faces":{"north":{"uv":[12.66667,12.66667,13.33333,13.33333],"texture":"#2"},"east":{"uv":[0,13.33333,0.66667,14],"texture":"#2"},"south":{"uv":[13.33333,0,14,0.66667],"texture":"#2"},"west":{"uv":[0.66667,13.33333,1.33333,14],"texture":"#2"},"up":{"uv":[14,1.33333,13.33333,0.66667],"texture":"#2"},"down":{"uv":[2,13.33333,1.33333,14],"texture":"#2"}}},{"from":[7.44,0.215,7.44],"to":[8.56,1.335,8.56],"rotation":{"angle":-45,"axis":"x","origin":[8,0.775,8]},"faces":{"north":{"uv":[4,12.66667,4.66667,13.33333],"texture":"#2"},"east":{"uv":[12.66667,4,13.33333,4.66667],"texture":"#2"},"south":{"uv":[4.66667,12.66667,5.33333,13.33333],"texture":"#2"},"west":{"uv":[12.66667,4.66667,13.33333,5.33333],"texture":"#2"},"up":{"uv":[6,13.33333,5.33333,12.66667],"texture":"#2"},"down":{"uv":[13.33333,5.33333,12.66667,6],"texture":"#2"}}},{"from":[7.35,11,7.35],"to":[8.65,13,8.65],"rotation":{"angle":0,"axis":"y","origin":[7,2,7]},"faces":{"north":{"uv":[6.66667,8.66667,7.66667,10],"texture":"#2"},"east":{"uv":[8,8.66667,9,10],"texture":"#2"},"south":{"uv":[0,9.33333,1,10.66667],"texture":"#2"},"west":{"uv":[9.33333,0,10.33333,1.33333],"texture":"#2"},"up":{"uv":[7.66667,11.66667,6.66667,10.66667],"texture":"#2"},"down":{"uv":[11.66667,6.66667,10.66667,7.66667],"texture":"#2"}}},{"from":[7.35,16.5,7.35],"to":[8.65,20.5,8.65],"rotation":{"angle":0,"axis":"y","origin":[7,2,7]},"faces":{"north":{"uv":[2,4.66667,3,7.33333],"texture":"#2"},"east":{"uv":[5.33333,4,6.33333,6.66667],"texture":"#2"},"south":{"uv":[3.33333,6,4.33333,8.66667],"texture":"#2"},"west":{"uv":[0,6.66667,1,9.33333],"texture":"#2"},"up":{"uv":[11.66667,11,10.66667,10],"texture":"#2"},"down":{"uv":[2.33333,11.33333,1.33333,12.33333],"texture":"#2"}}},{"from":[7.45,13,7.45],"to":[8.55,16.5,8.55],"rotation":{"angle":0,"axis":"y","origin":[7,2,7]},"faces":{"north":{"uv":[2.66667,7.33333,3.33333,9.66667],"texture":"#2"},"east":{"uv":[8,3.33333,8.66667,5.66667],"texture":"#2"},"south":{"uv":[8.66667,0,9.33333,2.33333],"texture":"#2"},"west":{"uv":[1.33333,8.66667,2,11],"texture":"#2"}}},{"from":[7.45,20.5,7.45],"to":[8.55,24,8.55],"rotation":{"angle":0,"axis":"y","origin":[7,9.5,7]},"faces":{"north":{"uv":[4.66667,8.66667,5.33333,11],"texture":"#2"},"east":{"uv":[5.33333,8.66667,6,11],"texture":"#2"},"south":{"uv":[8.66667,5.33333,9.33333,7.66667],"texture":"#2"},"west":{"uv":[6,8.66667,6.66667,11],"texture":"#2"}}},{"from":[7.35,1.1,7.35],"to":[8.65,3.1,8.65],"rotation":{"angle":0,"axis":"y","origin":[7,6,7]},"faces":{"north":{"uv":[9.33333,1.33333,10.33333,2.66667],"texture":"#2"},"east":{"uv":[9.33333,2.66667,10.33333,4],"texture":"#2"},"south":{"uv":[9.33333,4,10.33333,5.33333],"texture":"#2"},"west":{"uv":[9.33333,5.33333,10.33333,6.66667],"texture":"#2"},"up":{"uv":[12.33333,3.66667,11.33333,2.66667],"texture":"#2"},"down":{"uv":[4.33333,11.33333,3.33333,12.33333],"texture":"#2"}}},{"from":[7.45,3.1,7.45],"to":[8.55,6.6,8.55],"rotation":{"angle":0,"axis":"y","origin":[7,6,7]},"faces":{"north":{"uv":[2,8.66667,2.66667,11],"texture":"#2"},"east":{"uv":[8.66667,2.66667,9.33333,5],"texture":"#2"},"south":{"uv":[3.33333,8.66667,4,11],"texture":"#2"},"west":{"uv":[4,8.66667,4.66667,11],"texture":"#2"}}},{"from":[7.45,22.23431,4.2435],"to":[10.15,24.93431,6.9435],"rotation":{"angle":-22.5,"axis":"z","origin":[8.8,23.94007,6.4575]},"faces":{"north":{"uv":[3.33333,0,5,1.66667],"texture":"#2"},"east":{"uv":[3.33333,2,5,3.66667],"texture":"#2"},"south":{"uv":[3.33333,4,5,5.66667],"texture":"#2"},"west":{"uv":[0,4.66667,1.66667,6.33333],"texture":"#2"},"up":{"uv":[7,1.66667,5.33333,0],"texture":"#2"},"down":{"uv":[7,2,5.33333,3.66667],"texture":"#2"}}},{"from":[6.92,20.20931,4.5135],"to":[9.08,22.90931,6.4035],"rotation":{"angle":0,"axis":"y","origin":[8,23.09633,5.85]},"faces":{"north":{"uv":[6.66667,4,8,5.66667],"texture":"#2"},"east":{"uv":[4.66667,6.66667,6,8.33333],"texture":"#2"},"south":{"uv":[6,6.66667,7.33333,8.33333],"texture":"#2"},"west":{"uv":[7.33333,0,8.66667,1.66667],"texture":"#2"},"up":{"uv":[2.66667,8.66667,1.33333,7.33333],"texture":"#2"},"down":{"uv":[8.66667,2,7.33333,3.33333],"texture":"#2"}}},{"from":[6.92,20.20931,6.4035],"to":[9.08,21.83431,6.9435],"rotation":{"angle":0,"axis":"y","origin":[8,23.09633,5.85]},"faces":{"east":{"uv":[13.33333,1.33333,13.66667,2.33333],"texture":"#2"},"south":{"uv":[9.33333,6.66667,10.66667,7.66667],"texture":"#2"},"west":{"uv":[2,13.33333,2.33333,14.33333],"texture":"#2"},"up":{"uv":[14,6.33333,12.66667,6],"texture":"#2"},"down":{"uv":[14,6.66667,12.66667,7],"texture":"#2"}}},{"from":[7.99,22.23431,6.9435],"to":[9.61,23.31431,7.4835],"rotation":{"angle":-22.5,"axis":"z","origin":[8.8,23.94007,6.4575]},"faces":{"east":{"uv":[13.33333,3.33333,13.66667,4],"texture":"#2"},"south":{"uv":[12,10.66667,13,11.33333],"texture":"#2"},"west":{"uv":[4,13.33333,4.33333,14],"texture":"#2"},"up":{"uv":[3.66667,13.66667,2.66667,13.33333],"texture":"#2"},"down":{"uv":[14.33333,2.66667,13.33333,3],"texture":"#2"}}},{"from":[8.422,22.89041,7.0839],"to":[9.178,23.38721,7.5591],"rotation":{"angle":-22.5,"axis":"z","origin":[8.8,23.94007,6.4575]},"faces":{"north":{"uv":[13.33333,4,14,4.33333],"texture":"#2"},"east":{"uv":[13.33333,8.66667,13.66667,9],"texture":"#2"},"south":{"uv":[4.66667,13.33333,5.33333,13.66667],"texture":"#2"},"west":{"uv":[9.33333,13.33333,9.66667,13.66667],"texture":"#2"},"up":{"uv":[14,5,13.33333,4.66667],"texture":"#2"},"down":{"uv":[6,13.33333,5.33333,13.66667],"texture":"#2"}}},{"from":[7.73,20.36924,5.00502],"to":[8.27,20.90924,5.54502],"rotation":{"angle":22.5,"axis":"x","origin":[8,23.09633,5.85]},"faces":{"north":{"uv":[13.33333,9.33333,13.66667,9.66667],"texture":"#2"},"east":{"uv":[10,13.33333,10.33333,13.66667],"texture":"#2"},"south":{"uv":[13.33333,10,13.66667,10.33333],"texture":"#2"},"west":{"uv":[10.66667,13.33333,11,13.66667],"texture":"#2"},"up":{"uv":[13.66667,11,13.33333,10.66667],"texture":"#2"},"down":{"uv":[11.66667,13.33333,11.33333,13.66667],"texture":"#2"}}},{"from":[7.55935,24.85665,5.306],"to":[8.77435,26.07165,5.896],"rotation":{"angle":0,"axis":"z","origin":[8.8,23.94007,6.4575]},"faces":{"north":{"uv":[12.66667,7.33333,13.33333,8],"texture":"#2"},"east":{"uv":[13.33333,5.33333,13.66667,6],"texture":"#2"},"south":{"uv":[12.66667,8,13.33333,8.66667],"texture":"#2"},"west":{"uv":[6,13.33333,6.33333,14],"texture":"#2"},"up":{"uv":[7.33333,13.66667,6.66667,13.33333],"texture":"#2"},"down":{"uv":[8,13.33333,7.33333,13.66667],"texture":"#2"}}},{"from":[6.51182,19.30431,4.66962],"to":[7.72682,20.51931,7.90962],"rotation":{"angle":45,"axis":"x","origin":[7.11932,19.91181,6.28962]},"faces":{"north":{"uv":[12.66667,8.66667,13.33333,9.33333],"texture":"#2"},"east":{"uv":[8.66667,8,10.66667,8.66667],"texture":"#2"},"south":{"uv":[9.33333,12.66667,10,13.33333],"texture":"#2"},"west":{"uv":[9.33333,8.66667,11.33333,9.33333],"texture":"#2"},"up":{"uv":[10,11.33333,9.33333,9.33333],"texture":"#2"},"down":{"uv":[3.33333,10,2.66667,12],"texture":"#2"}}},{"from":[6.205,21.52119,5.33055],"to":[7.42,22.73619,8.03055],"rotation":{"angle":22.5,"axis":"x","origin":[8.5,22.79633,5.85]},"faces":{"north":{"uv":[12.66667,9.33333,13.33333,10],"texture":"#2"},"east":{"uv":[10.66667,0,12.33333,0.66667],"texture":"#2"},"south":{"uv":[10,12.66667,10.66667,13.33333],"texture":"#2"},"west":{"uv":[10.66667,0.66667,12.33333,1.33333],"texture":"#2"},"up":{"uv":[0.66667,12.33333,0,10.66667],"texture":"#2"},"down":{"uv":[1.33333,10.66667,0.66667,12.33333],"texture":"#2"}}},{"from":[8.58,21.52119,5.33055],"to":[9.795,22.73619,8.03055],"rotation":{"angle":22.5,"axis":"x","origin":[7.5,22.79633,5.85]},"faces":{"north":{"uv":[12,12.66667,12.66667,13.33333],"texture":"#2"},"east":{"uv":[10.66667,1.33333,12.33333,2],"texture":"#2"},"south":{"uv":[12.66667,12,13.33333,12.66667],"texture":"#2"},"west":{"uv":[10.66667,2,12.33333,2.66667],"texture":"#2"},"up":{"uv":[11.33333,4.33333,10.66667,2.66667],"texture":"#2"},"down":{"uv":[11.33333,4.66667,10.66667,6.33333],"texture":"#2"}}},{"from":[8.27318,19.30431,4.66962],"to":[9.48818,20.51931,7.90962],"rotation":{"angle":45,"axis":"x","origin":[8.88068,19.91181,6.28962]},"faces":{"north":{"uv":[11.33333,12.66667,12,13.33333],"texture":"#2"},"east":{"uv":[6.66667,10,8.66667,10.66667],"texture":"#2"},"south":{"uv":[12.66667,11.33333,13.33333,12],"texture":"#2"},"west":{"uv":[10,9.33333,12,10],"texture":"#2"},"up":{"uv":[9.33333,12,8.66667,10],"texture":"#2"},"down":{"uv":[10.66667,10,10,12],"texture":"#2"}}},{"from":[8.82565,24.85665,5.306],"to":[10.04065,26.07165,5.896],"rotation":{"angle":-45,"axis":"z","origin":[8.8,23.94007,6.4575]},"faces":{"north":{"uv":[12.66667,10,13.33333,10.66667],"texture":"#2"},"east":{"uv":[13.33333,7.33333,13.66667,8],"texture":"#2"},"south":{"uv":[10.66667,12.66667,11.33333,13.33333],"texture":"#2"},"west":{"uv":[8,13.33333,8.33333,14],"texture":"#2"},"up":{"uv":[14,8.33333,13.33333,8],"texture":"#2"},"down":{"uv":[9.33333,13.33333,8.66667,13.66667],"texture":"#2"}}},{"from":[7.5,24.6,7],"to":[8.5,26.6,9],"rotation":{"angle":45,"axis":"x","origin":[8,25.6,8]},"faces":{"north":{"uv":[7.33333,12,8,13.33333],"texture":"#2"},"east":{"uv":[7.33333,6,8.66667,7.33333],"texture":"#2"},"south":{"uv":[8,12,8.66667,13.33333],"texture":"#2"},"west":{"uv":[7.33333,7.33333,8.66667,8.66667],"texture":"#2"},"up":{"uv":[9.33333,13.33333,8.66667,12],"texture":"#2"},"down":{"uv":[12.66667,9.33333,12,10.66667],"texture":"#2"}}},{"from":[7.25,24.85,7.25],"to":[8.75,26.35,8.75],"rotation":{"angle":45,"axis":"x","origin":[8,25.6,8]},"faces":{"north":{"uv":[11.33333,4,12.33333,5],"texture":"#2"},"east":{"uv":[4.66667,11.33333,5.66667,12.33333],"texture":"#2"},"south":{"uv":[11.33333,5.33333,12.33333,6.33333],"texture":"#2"},"west":{"uv":[11.33333,8,12.33333,9],"texture":"#2"},"up":{"uv":[11.66667,12.33333,10.66667,11.33333],"texture":"#2"},"down":{"uv":[7,12,6,13],"texture":"#2"}}},{"from":[8,25,5.75],"to":[8,32,10.25],"rotation":{"angle":0,"axis":"y","origin":[8,25,5.75]},"faces":{"north":{"uv":[0,0,0,4.66667],"texture":"#2"},"east":{"uv":[3,0,0,4.66667],"texture":"#2"},"south":{"uv":[0,0,0,4.66667],"texture":"#2"},"west":{"uv":[0,0,3,4.66667],"texture":"#2"},"up":{"uv":[0,3,0,0],"texture":"#2"},"down":{"uv":[0,0,0,3],"texture":"#2"}}}],"gui_light":"front","display":{"thirdperson_righthand":{"translation":[0,-3.25,1]},"thirdperson_lefthand":{"translation":[0,-3.25,1]},"firstperson_righthand":{"rotation":[-10,0,0],"translation":[-1.5,-3.75,2]},"firstperson_lefthand":{"rotation":[-10,0,0],"translation":[-1.5,-3.75,2]},"ground":{"translation":[0,8.5,0]},"gui":{"rotation":[90,-45,90],"translation":[4,-4,0],"scale":[0.69531,0.69531,0.69531]},"head":{"scale":[1.5,1.5,1.5],"rotation":[0,90,0]},"fixed":{"rotation":[90,-135,90],"translation":[-4.5,-4.5,0],"scale":[0.81055,0.81055,0.81055]}}}