{"custom_model_data": 00059,
"credit":"MadebyPolygonMC","texture_size":[32,32],"textures":{"1":"littleteddybearset:staff","particle":"littleteddybearset:staff"},"elements":[{"from":[7.5,7,7.5],"to":[8.5,8,8.5],"rotation":{"angle":0,"axis":"y","origin":[7.5,6,7.5]},"faces":{"north":{"uv":[7,9,7.5,9.5],"texture":"#1"},"east":{"uv":[9.5,6.5,10,7],"texture":"#1"},"south":{"uv":[2,10,2.5,10.5],"texture":"#1"},"west":{"uv":[12,2.5,12.5,3],"texture":"#1"},"up":{"uv":[13,4.5,12.5,4],"texture":"#1"},"down":{"uv":[13,4.5,12.5,5],"texture":"#1"}}},{"from":[7.5,10,7.5],"to":[8.5,11,8.5],"rotation":{"angle":0,"axis":"y","origin":[7.5,9,7.5]},"faces":{"north":{"uv":[12.5,5,13,5.5],"texture":"#1"},"east":{"uv":[12.5,5.5,13,6],"texture":"#1"},"south":{"uv":[12.5,6,13,6.5],"texture":"#1"},"west":{"uv":[12.5,6.5,13,7],"texture":"#1"},"up":{"uv":[7.5,13,7,12.5],"texture":"#1"},"down":{"uv":[8,12.5,7.5,13],"texture":"#1"}}},{"from":[7.6,8,7.6],"to":[8.4,10,8.4],"rotation":{"angle":0,"axis":"y","origin":[7.5,7,7.5]},"faces":{"north":{"uv":[12,12,12.5,13],"texture":"#1"},"east":{"uv":[12.5,1,13,2],"texture":"#1"},"south":{"uv":[12.5,2,13,3],"texture":"#1"},"west":{"uv":[12.5,3,13,4],"texture":"#1"},"up":{"uv":[8.5,13,8,12.5],"texture":"#1"},"down":{"uv":[9,12.5,8.5,13],"texture":"#1"}}},{"from":[7.44,6.215,7.44],"to":[8.56,7.335,8.56],"rotation":{"angle":-45,"axis":"x","origin":[8,6.775,8]},"faces":{"north":{"uv":[9,12.5,9.5,13],"texture":"#1"},"east":{"uv":[12.5,9,13,9.5],"texture":"#1"},"south":{"uv":[9.5,12.5,10,13],"texture":"#1"},"west":{"uv":[12.5,9.5,13,10],"texture":"#1"},"up":{"uv":[13,10.5,12.5,10],"texture":"#1"},"down":{"uv":[13,10.5,12.5,11],"texture":"#1"}}},{"from":[7.44,0.215,7.44],"to":[8.56,1.335,8.56],"rotation":{"angle":-45,"axis":"x","origin":[8,0.775,8]},"faces":{"north":{"uv":[2.5,13,3,13.5],"texture":"#1"},"east":{"uv":[13,2.5,13.5,3],"texture":"#1"},"south":{"uv":[3,13,3.5,13.5],"texture":"#1"},"west":{"uv":[13,3,13.5,3.5],"texture":"#1"},"up":{"uv":[4,13.5,3.5,13],"texture":"#1"},"down":{"uv":[13.5,3.5,13,4],"texture":"#1"}}},{"from":[7.35,11,7.35],"to":[8.65,13,8.65],"rotation":{"angle":0,"axis":"y","origin":[7,2,7]},"faces":{"north":{"uv":[11.5,3,12.25,4],"texture":"#1"},"east":{"uv":[11.5,4,12.25,5],"texture":"#1"},"south":{"uv":[11.5,5,12.25,6],"texture":"#1"},"west":{"uv":[11.5,6,12.25,7],"texture":"#1"},"up":{"uv":[2.75,12.75,2,12],"texture":"#1"},"down":{"uv":[3.75,12,3,12.75],"texture":"#1"}}},{"from":[7.35,16.5,7.35],"to":[8.65,20.5,8.65],"rotation":{"angle":0,"axis":"y","origin":[7,2,7]},"faces":{"north":{"uv":[7,9.5,7.75,11.5],"texture":"#1"},"east":{"uv":[8,9.5,8.75,11.5],"texture":"#1"},"south":{"uv":[9,9.5,9.75,11.5],"texture":"#1"},"west":{"uv":[0,10,0.75,12],"texture":"#1"},"up":{"uv":[4.75,12.75,4,12],"texture":"#1"},"down":{"uv":[5.75,12,5,12.75],"texture":"#1"}}},{"from":[7.45,13,7.45],"to":[8.55,16.5,8.55],"rotation":{"angle":0,"axis":"y","origin":[7,2,7]},"faces":{"north":{"uv":[11,3,11.5,4.75],"texture":"#1"},"east":{"uv":[11,5,11.5,6.75],"texture":"#1"},"south":{"uv":[11,7,11.5,8.75],"texture":"#1"},"west":{"uv":[11,9,11.5,10.75],"texture":"#1"}}},{"from":[7.35,1.1,7.35],"to":[8.65,3.1,8.65],"rotation":{"angle":0,"axis":"y","origin":[7,6,7]},"faces":{"north":{"uv":[8,11.5,8.75,12.5],"texture":"#1"},"east":{"uv":[9,11.5,9.75,12.5],"texture":"#1"},"south":{"uv":[11.5,9,12.25,10],"texture":"#1"},"west":{"uv":[11.5,10,12.25,11],"texture":"#1"},"up":{"uv":[12.75,8.25,12,7.5],"texture":"#1"},"down":{"uv":[12.75,11,12,11.75],"texture":"#1"}}},{"from":[7.45,3.1,7.45],"to":[8.55,6.6,8.55],"rotation":{"angle":0,"axis":"y","origin":[7,6,7]},"faces":{"north":{"uv":[10,11,10.5,12.75],"texture":"#1"},"east":{"uv":[10.5,11,11,12.75],"texture":"#1"},"south":{"uv":[11,11,11.5,12.75],"texture":"#1"},"west":{"uv":[1,11.5,1.5,13.25],"texture":"#1"}}},{"from":[6.65,24.15931,6.2435],"to":[9.35,26.85931,8.9435],"rotation":{"angle":0,"axis":"y","origin":[8,24.34633,7.85]},"faces":{"north":{"uv":[2.5,9,3.75,10.25],"texture":"#1"},"east":{"uv":[4,9,5.25,10.25],"texture":"#1"},"south":{"uv":[5.5,9,6.75,10.25],"texture":"#1"},"west":{"uv":[9.5,2,10.75,3.25],"texture":"#1"},"up":{"uv":[10.75,4.75,9.5,3.5],"texture":"#1"},"down":{"uv":[10.75,5,9.5,6.25],"texture":"#1"}}},{"from":[6.92,21.45931,6.5135],"to":[9.08,24.15931,8.4035],"rotation":{"angle":0,"axis":"y","origin":[8,24.34633,7.85]},"faces":{"north":{"uv":[2,10.5,3,11.75],"texture":"#1"},"east":{"uv":[3,10.5,4,11.75],"texture":"#1"},"south":{"uv":[4,10.5,5,11.75],"texture":"#1"},"west":{"uv":[5,10.5,6,11.75],"texture":"#1"},"up":{"uv":[6,7.5,5,6.5],"texture":"#1"},"down":{"uv":[12,0,11,1],"texture":"#1"}}},{"from":[6.92,21.45931,8.4035],"to":[9.08,23.08431,8.9435],"rotation":{"angle":0,"axis":"y","origin":[8,24.34633,7.85]},"faces":{"east":{"uv":[4,13,4.25,13.75],"texture":"#1"},"south":{"uv":[7,11.5,8,12.25],"texture":"#1"},"west":{"uv":[13,4,13.25,4.75],"texture":"#1"},"up":{"uv":[13.5,12.25,12.5,12],"texture":"#1"},"down":{"uv":[13.5,12.5,12.5,12.75],"texture":"#1"}}},{"from":[7.19,24.15931,8.9435],"to":[8.81,25.23931,9.4835],"rotation":{"angle":0,"axis":"y","origin":[8,24.34633,7.85]},"faces":{"east":{"uv":[5.5,13,5.75,13.5],"texture":"#1"},"south":{"uv":[12,8.5,12.75,9],"texture":"#1"},"west":{"uv":[13,5.5,13.25,6],"texture":"#1"},"up":{"uv":[5.25,13.25,4.5,13],"texture":"#1"},"down":{"uv":[13.75,5,13,5.25],"texture":"#1"}}},{"from":[7.622,24.81541,9.0839],"to":[8.378,25.31221,9.5591],"rotation":{"angle":0,"axis":"y","origin":[8,24.34633,7.85]},"faces":{"north":{"uv":[6,13,6.5,13.25],"texture":"#1"},"east":{"uv":[8,13,8.25,13.25],"texture":"#1"},"south":{"uv":[13,6,13.5,6.25],"texture":"#1"},"west":{"uv":[13,8,13.25,8.25],"texture":"#1"},"up":{"uv":[7,13.25,6.5,13],"texture":"#1"},"down":{"uv":[13.5,6.5,13,6.75],"texture":"#1"}}},{"from":[7.73,21.61924,7.00502],"to":[8.27,22.15924,7.54502],"rotation":{"angle":22.5,"axis":"x","origin":[8,24.34633,7.85]},"faces":{"north":{"uv":[8.5,13,8.75,13.25],"texture":"#1"},"east":{"uv":[13,8.5,13.25,8.75],"texture":"#1"},"south":{"uv":[9,13,9.25,13.25],"texture":"#1"},"west":{"uv":[13,9,13.25,9.25],"texture":"#1"},"up":{"uv":[9.75,13.25,9.5,13],"texture":"#1"},"down":{"uv":[13.25,9.5,13,9.75],"texture":"#1"}}},{"from":[7.34055,26.66604,7.306],"to":[8.55555,27.88104,7.896],"rotation":{"angle":22.5,"axis":"z","origin":[8,24.34633,7.85]},"faces":{"north":{"uv":[11.5,12.5,12,13],"texture":"#1"},"east":{"uv":[7,13,7.25,13.5],"texture":"#1"},"south":{"uv":[13,1,13.5,1.5],"texture":"#1"},"west":{"uv":[13,7,13.25,7.5],"texture":"#1"},"up":{"uv":[8,13.25,7.5,13],"texture":"#1"},"down":{"uv":[13.5,7.5,13,7.75],"texture":"#1"}}},{"from":[6.28515,21.05431,7.16452],"to":[7.50015,22.26931,10.40452],"rotation":{"angle":-22.5,"axis":"y","origin":[8,24.34633,7.85]},"faces":{"north":{"uv":[1.5,13,2,13.5],"texture":"#1"},"east":{"uv":[8.5,7,10,7.5],"texture":"#1"},"south":{"uv":[13,1.5,13.5,2],"texture":"#1"},"west":{"uv":[11.5,7,13,7.5],"texture":"#1"},"up":{"uv":[2,13,1.5,11.5],"texture":"#1"},"down":{"uv":[12,7.5,11.5,9],"texture":"#1"}}},{"from":[5.705,23.07119,7.33055],"to":[6.92,24.28619,10.03055],"rotation":{"angle":22.5,"axis":"x","origin":[8,24.34633,7.85]},"faces":{"north":{"uv":[2,13,2.5,13.5],"texture":"#1"},"east":{"uv":[12,0,13.25,0.5],"texture":"#1"},"south":{"uv":[13,2,13.5,2.5],"texture":"#1"},"west":{"uv":[12,0.5,13.25,1],"texture":"#1"},"up":{"uv":[1,13.25,0.5,12],"texture":"#1"},"down":{"uv":[12.5,1,12,2.25],"texture":"#1"}}},{"from":[9.08,23.07119,7.33055],"to":[10.295,24.28619,10.03055],"rotation":{"angle":22.5,"axis":"x","origin":[8,24.34633,7.85]},"faces":{"north":{"uv":[2.5,13,2,13.5],"texture":"#1"},"east":{"uv":[13.25,0.5,12,1],"texture":"#1"},"south":{"uv":[13.5,2,13,2.5],"texture":"#1"},"west":{"uv":[13.25,0,12,0.5],"texture":"#1"},"up":{"uv":[0.5,13.25,1,12],"texture":"#1"},"down":{"uv":[12,1,12.5,2.25],"texture":"#1"}}},{"from":[8.49985,21.05431,7.16452],"to":[9.71485,22.26931,10.40452],"rotation":{"angle":22.5,"axis":"y","origin":[8,24.34633,7.85]},"faces":{"north":{"uv":[2,13,1.5,13.5],"texture":"#1"},"east":{"uv":[13,7,11.5,7.5],"texture":"#1"},"south":{"uv":[13.5,1.5,13,2],"texture":"#1"},"west":{"uv":[10,7,8.5,7.5],"texture":"#1"},"up":{"uv":[1.5,13,2,11.5],"texture":"#1"},"down":{"uv":[11.5,7.5,12,9],"texture":"#1"}}},{"from":[7.44445,26.66604,7.306],"to":[8.65945,27.88104,7.896],"rotation":{"angle":-22.5,"axis":"z","origin":[8,24.34633,7.85]},"faces":{"north":{"uv":[12,12.5,11.5,13],"texture":"#1"},"east":{"uv":[13.25,7,13,7.5],"texture":"#1"},"south":{"uv":[13.5,1,13,1.5],"texture":"#1"},"west":{"uv":[7.25,13,7,13.5],"texture":"#1"},"up":{"uv":[7.5,13.25,8,13],"texture":"#1"},"down":{"uv":[13,7.5,13.5,7.75],"texture":"#1"}}},{"from":[7,17,7],"to":[9,20,9],"rotation":{"angle":0,"axis":"y","origin":[7,2,0]},"faces":{"north":{"uv":[1,10,2,11.5],"texture":"#1"},"east":{"uv":[10,6.5,11,8],"texture":"#1"},"south":{"uv":[10,8,11,9.5],"texture":"#1"},"west":{"uv":[10,9.5,11,11],"texture":"#1"},"up":{"uv":[12,2,11,1],"texture":"#1"},"down":{"uv":[12,2,11,3],"texture":"#1"}}},{"from":[5.5,19,5.5],"to":[10.5,21,10.5],"rotation":{"angle":0,"axis":"y","origin":[6.5,19,6.5]},"faces":{"north":{"uv":[7.5,7.5,10,8.5],"texture":"#1"},"east":{"uv":[2.5,8,5,9],"texture":"#1"},"south":{"uv":[8.5,0,11,1],"texture":"#1"},"west":{"uv":[8.5,1,11,2],"texture":"#1"},"up":{"uv":[8.5,2.5,6,0],"texture":"#1"},"down":{"uv":[8.5,2.5,6,5],"texture":"#1"}}},{"from":[5.5,20,4.5],"to":[10.5,25,6.5],"rotation":{"angle":0,"axis":"y","origin":[6.5,19,1.5]},"faces":{"north":{"uv":[6,5,8.5,7.5],"texture":"#1"},"east":{"uv":[8.5,2,9.5,4.5],"texture":"#1"},"south":{"uv":[0,6.5,2.5,9],"texture":"#1"},"west":{"uv":[8.5,4.5,9.5,7],"texture":"#1"},"up":{"uv":[10,9.5,7.5,8.5],"texture":"#1"},"down":{"uv":[2.5,9,0,10],"texture":"#1"}}},{"from":[4.5,20,5.5],"to":[5.5,23,10.5],"rotation":{"angle":0,"axis":"y","origin":[5.5,19,6.5]},"faces":{"north":{"uv":[11.5,11,12,12.5],"texture":"#1"},"east":{"uv":[2.5,6.5,5,8],"texture":"#1"},"south":{"uv":[0,12,0.5,13.5],"texture":"#1"},"west":{"uv":[5,7.5,7.5,9],"texture":"#1"},"up":{"uv":[6.5,13,6,10.5],"texture":"#1"},"down":{"uv":[7,10.5,6.5,13],"texture":"#1"}}},{"from":[10.5,20,5.5],"to":[11.5,23,10.5],"rotation":{"angle":0,"axis":"y","origin":[10.5,19,6.5]},"faces":{"north":{"uv":[12,11,11.5,12.5],"texture":"#1"},"east":{"uv":[7.5,7.5,5,9],"texture":"#1"},"south":{"uv":[0.5,12,0,13.5],"texture":"#1"},"west":{"uv":[5,6.5,2.5,8],"texture":"#1"},"up":{"uv":[6,13,6.5,10.5],"texture":"#1"},"down":{"uv":[6.5,10.5,7,13],"texture":"#1"}}},{"from":[1.8752,17.9396,8],"to":[14.1248,30.5604,8],"rotation":{"angle":0,"axis":"y","origin":[8,24.25,8]},"faces":{"north":{"uv":[6,0,0,6.25],"texture":"#1"},"east":{"uv":[0,0,0,6.25],"texture":"#1"},"south":{"uv":[0,0,6,6.25],"texture":"#1"},"west":{"uv":[0,0,0,6.25],"texture":"#1"},"up":{"uv":[6,0,0,0],"texture":"#1"},"down":{"uv":[6,0,0,0],"texture":"#1"}}}],"gui_light":"front","display":{"thirdperson_righthand":{"translation":[0,-3.25,1]},"thirdperson_lefthand":{"translation":[0,-3.25,1]},"firstperson_righthand":{"rotation":[-10,0,0],"translation":[-1.5,-3.75,2]},"firstperson_lefthand":{"rotation":[-10,0,0],"translation":[-1.5,-3.75,2]},"ground":{"translation":[0,8.5,0]},"gui":{"rotation":[0,0,45],"translation":[4,-4,0],"scale":[0.69531,0.69531,0.69531]},"head":{"scale":[1.5,1.5,1.5],"rotation":[0,90,0]},"fixed":{"rotation":[0,180,45],"translation":[-4.75,-4.75,0],"scale":[0.81055,0.81055,0.81055]}}}