{"custom_model_data": 00060,
"credit":"MadebyPolygonMC","texture_size":[32,32],"textures":{"1":"littleteddybearset:swim_tube"},"elements":[{"from":[6.05,6.57619,0.923],"to":[9.95,10.47619,4.823],"rotation":{"angle":0,"axis":"y","origin":[8,6.84632,3.46775]},"faces":{"north":{"uv":[5,0,7,2],"texture":"#1"},"east":{"uv":[6,6,8,8],"texture":"#1"},"south":{"uv":[7,0,9,2],"texture":"#1"},"west":{"uv":[0,8,2,10],"texture":"#1"},"up":{"uv":[10,4,8,2],"texture":"#1"},"down":{"uv":[10,4,8,6],"texture":"#1"}}},{"from":[6.83,6.57619,0.143],"to":[9.17,8.13619,0.923],"rotation":{"angle":0,"axis":"y","origin":[8,6.84632,3.46775]},"faces":{"north":{"uv":[12.5,1.5,13.75,2.25],"texture":"#1"},"east":{"uv":[10,4,10.5,4.75],"texture":"#1"},"west":{"uv":[10,5,10.5,5.75],"texture":"#1"},"up":{"uv":[13.75,3,12.5,2.5],"texture":"#1"},"down":{"uv":[13.75,3,12.5,3.5],"texture":"#1"}}},{"from":[7.454,7.52389,0.0338],"to":[8.546,8.24149,0.7202],"rotation":{"angle":0,"axis":"y","origin":[8,6.84632,3.46775]},"faces":{"north":{"uv":[4,12.5,4.5,12.75],"texture":"#1"},"east":{"uv":[12.5,5.5,12.75,5.75],"texture":"#1"},"south":{"uv":[4.5,12.5,5,12.75],"texture":"#1"},"west":{"uv":[6,12.5,6.25,12.75],"texture":"#1"},"up":{"uv":[5.5,12.75,5,12.5],"texture":"#1"},"down":{"uv":[6,12.5,5.5,12.75],"texture":"#1"}}},{"from":[11.54328,5.11877,2.31569],"to":[15.44328,6.87377,4.07069],"rotation":{"angle":45,"axis":"y","origin":[13.49328,5.99627,3.19319]},"faces":{"north":{"uv":[9.5,10.5,11.5,11.5],"texture":"#1"},"east":{"uv":[1.5,11.5,2.5,12.5],"texture":"#1"},"south":{"uv":[10.5,6.5,12.5,7.5],"texture":"#1"},"west":{"uv":[11.5,5.5,12.5,6.5],"texture":"#1"},"up":{"uv":[3,10,2,8],"rotation":90,"texture":"#1"},"down":{"uv":[3.5,11,2.5,13],"rotation":270,"texture":"#1"}}},{"from":[11.46011,5.09119,10.92],"to":[16.14011,6.84619,12.675],"rotation":{"angle":-45,"axis":"y","origin":[13.80011,5.96869,11.7975]},"faces":{"north":{"uv":[10,3,12.25,4],"texture":"#1"},"east":{"uv":[11.5,10.5,12.5,11.5],"texture":"#1"},"south":{"uv":[5,2,7.25,3],"texture":"#1"},"west":{"uv":[11.5,11.5,12.5,12.5],"texture":"#1"},"up":{"uv":[11.5,6.25,10.5,4],"rotation":90,"texture":"#1"},"down":{"uv":[9.5,10.5,8.5,12.75],"rotation":270,"texture":"#1"}}},{"from":[-0.14011,5.09119,10.92],"to":[4.53989,6.84619,12.675],"rotation":{"angle":45,"axis":"y","origin":[2.19989,5.96869,11.7975]},"faces":{"north":{"uv":[12.25,3,10,4],"texture":"#1"},"east":{"uv":[12.5,11.5,11.5,12.5],"texture":"#1"},"south":{"uv":[7.25,2,5,3],"texture":"#1"},"west":{"uv":[12.5,10.5,11.5,11.5],"texture":"#1"},"up":{"uv":[11.5,4,10.5,6.25],"rotation":90,"texture":"#1"},"down":{"uv":[9.5,12.75,8.5,10.5],"rotation":270,"texture":"#1"}}},{"from":[0.55672,5.11877,2.31569],"to":[4.45672,6.87377,4.07069],"rotation":{"angle":-45,"axis":"y","origin":[2.50672,5.99627,3.19319]},"faces":{"north":{"uv":[11.5,10.5,9.5,11.5],"texture":"#1"},"east":{"uv":[12.5,5.5,11.5,6.5],"texture":"#1"},"south":{"uv":[12.5,6.5,10.5,7.5],"texture":"#1"},"west":{"uv":[2.5,11.5,1.5,12.5],"texture":"#1"},"up":{"uv":[3,8,2,10],"rotation":90,"texture":"#1"},"down":{"uv":[3.5,13,2.5,11],"rotation":270,"texture":"#1"}}},{"from":[7.35332,9.94703,2.5805],"to":[9.10832,11.70203,3.3605],"rotation":{"angle":-22.5,"axis":"z","origin":[8.15578,6.59632,3.46775]},"faces":{"north":{"uv":[9.5,11.5,10.5,12.5],"texture":"#1"},"east":{"uv":[7.5,2,8,3],"texture":"#1"},"south":{"uv":[10.5,11.5,11.5,12.5],"texture":"#1"},"west":{"uv":[2.5,10,3,11],"texture":"#1"},"up":{"uv":[10,2,9,1.5],"texture":"#1"},"down":{"uv":[2.5,12.5,1.5,13],"texture":"#1"}}},{"from":[6.89168,9.94703,2.5805],"to":[8.64668,11.70203,3.3605],"rotation":{"angle":22.5,"axis":"z","origin":[7.84422,6.59632,3.46775]},"faces":{"north":{"uv":[10.5,11.5,9.5,12.5],"texture":"#1"},"east":{"uv":[3,10,2.5,11],"texture":"#1"},"south":{"uv":[11.5,11.5,10.5,12.5],"texture":"#1"},"west":{"uv":[8,2,7.5,3],"texture":"#1"},"up":{"uv":[9,2,10,1.5],"texture":"#1"},"down":{"uv":[1.5,12.5,2.5,13],"texture":"#1"}}},{"from":[7.61,6.12659,11.4365],"to":[8.39,6.90659,12.2165],"rotation":{"angle":-22.5,"axis":"x","origin":[8,9.69632,11.88775]},"faces":{"north":{"uv":[8,7.5,8.5,8],"texture":"#1"},"east":{"uv":[8,11,8.5,11.5],"texture":"#1"},"south":{"uv":[8,11.5,8.5,12],"texture":"#1"},"west":{"uv":[8,12,8.5,12.5],"texture":"#1"},"up":{"uv":[4,13,3.5,12.5],"texture":"#1"},"down":{"uv":[13,3.5,12.5,4],"texture":"#1"}}},{"from":[3.12,4.78,3.12],"to":[5.56,7.22,12.88],"rotation":{"angle":0,"axis":"y","origin":[3.12,4.78,3.12]},"faces":{"north":{"uv":[3.5,11,4.75,12.25],"texture":"#1"},"east":{"uv":[0,0,5,1.25],"texture":"#1"},"south":{"uv":[5,11,6.25,12.25],"texture":"#1"},"west":{"uv":[0,1.5,5,2.75],"texture":"#1"},"up":{"uv":[1.25,8,0,3],"texture":"#1"},"down":{"uv":[2.75,3,1.5,8],"texture":"#1"}}},{"from":[10.44,4.78,3.12],"to":[12.88,7.22,12.88],"rotation":{"angle":0,"axis":"y","origin":[12.88,4.78,3.12]},"faces":{"north":{"uv":[6.5,11,7.75,12.25],"texture":"#1"},"east":{"uv":[3,3,8,4.25],"texture":"#1"},"south":{"uv":[11,7.5,12.25,8.75],"texture":"#1"},"west":{"uv":[3,4.5,8,5.75],"texture":"#1"},"up":{"uv":[4.25,11,3,6],"texture":"#1"},"down":{"uv":[5.75,6,4.5,11],"texture":"#1"}}},{"from":[5.56,4.78,10.44],"to":[10.44,7.22,12.88],"rotation":{"angle":0,"axis":"y","origin":[6.78,6,6.78]},"faces":{"north":{"uv":[8.5,9,11,10.25],"texture":"#1"},"east":{"uv":[11.5,0,12.75,1.25],"texture":"#1"},"south":{"uv":[6,9.5,8.5,10.75],"texture":"#1"},"west":{"uv":[11.5,4,12.75,5.25],"texture":"#1"},"up":{"uv":[2.5,11.25,0,10],"texture":"#1"},"down":{"uv":[12.5,1.5,10,2.75],"texture":"#1"}}},{"from":[5.56,4.78,3.12],"to":[10.44,7.22,5.56],"rotation":{"angle":0,"axis":"y","origin":[6.78,6,9.22]},"faces":{"north":{"uv":[6,8,8.5,9.25],"texture":"#1"},"east":{"uv":[11,9,12.25,10.25],"texture":"#1"},"south":{"uv":[8,6,10.5,7.25],"texture":"#1"},"west":{"uv":[0,11.5,1.25,12.75],"texture":"#1"},"up":{"uv":[11,8.75,8.5,7.5],"texture":"#1"},"down":{"uv":[11.5,0,9,1.25],"texture":"#1"}}}],"gui_light":"front","display":{"thirdperson_righthand":{"rotation":[61,0,0],"translation":[0,0.5,0.5],"scale":[0.74805,0.74805,0.74805]},"thirdperson_lefthand":{"rotation":[68,0,0],"translation":[-5.5,-3.5,4.75],"scale":[1.39648,1.39648,1.39648]},"firstperson_righthand":{"rotation":[148.5,0,-180],"translation":[-2.25,2,0],"scale":[0.80859,0.80859,0.80859]},"firstperson_lefthand":{"rotation":[148.5,0,-180],"translation":[-2.25,2,0],"scale":[0,0,0]},"ground":{"translation":[0,7,0]},"gui":{"rotation":[45,135,0],"translation":[0,1.75,0],"scale":[0.97852,0.97852,0.97852]},"head":{"translation":[0,-52,-0.5],"scale":[2.50586,2.50586,2.50586]},"fixed":{"rotation":[-90,0,0],"translation":[0,0,-7],"scale":[2.7539,2.7539,2.7539]}}}