{"custom_model_data": 00062,
"credit":"MadebyPolygonMC","texture_size":[24,24],"textures":{"1":"littleteddybearset:teddybear"},"elements":[{"from":[5.5,10.5,6.375],"to":[10.5,15.5,11.375],"rotation":{"angle":0,"axis":"x","origin":[8,13,8.875]},"faces":{"north":{"uv":[0,0,3.33333,3.33333],"texture":"#1"},"east":{"uv":[0,3.33333,3.33333,6.66667],"texture":"#1"},"south":{"uv":[3.33333,0,6.66667,3.33333],"texture":"#1"},"west":{"uv":[3.33333,3.33333,6.66667,6.66667],"texture":"#1"},"up":{"uv":[3.33333,10,0,6.66667],"texture":"#1"},"down":{"uv":[10,0,6.66667,3.33333],"texture":"#1"}}},{"from":[6.5,10.5,5.375],"to":[9.5,12.5,6.375],"rotation":{"angle":0,"axis":"x","origin":[8,13,3.875]},"faces":{"north":{"uv":[9.33333,5.33333,11.33333,6.66667],"texture":"#1"},"east":{"uv":[12.66667,2,13.33333,3.33333],"texture":"#1"},"west":{"uv":[14,8.66667,14.66667,10],"texture":"#1"},"up":{"uv":[15.33333,4.66667,13.33333,4],"texture":"#1"},"down":{"uv":[15.33333,4.66667,13.33333,5.33333],"texture":"#1"}}},{"from":[7.3,11.715,5.235],"to":[8.7,12.635,6.115],"rotation":{"angle":0,"axis":"x","origin":[7.9,13.035,3.635]},"faces":{"north":{"uv":[14,10,15,10.66667],"texture":"#1"},"east":{"uv":[12,14,12.66667,14.66667],"texture":"#1"},"south":{"uv":[10.66667,14,11.66667,14.66667],"texture":"#1"},"west":{"uv":[12.66667,14,13.33333,14.66667],"texture":"#1"},"up":{"uv":[15,11.33333,14,10.66667],"texture":"#1"},"down":{"uv":[15,11.33333,14,12],"texture":"#1"}}},{"from":[6,5.5,7.375],"to":[10,10.5,10.875],"rotation":{"angle":0,"axis":"y","origin":[8,9.05866,8]},"faces":{"north":{"uv":[3.33333,6.66667,6,10],"texture":"#1"},"east":{"uv":[6,6.66667,8.33333,10],"texture":"#1"},"south":{"uv":[6.66667,3.33333,9.33333,6.66667],"texture":"#1"},"west":{"uv":[8.66667,6.66667,11,10],"texture":"#1"},"up":{"uv":[12.66667,2.33333,10,0],"texture":"#1"},"down":{"uv":[10.66667,10,8,12.33333],"texture":"#1"}}},{"from":[6,5.5,6.375],"to":[10,8,7.375],"rotation":{"angle":0,"axis":"y","origin":[8,9.05866,8]},"faces":{"north":{"uv":[11.33333,7.33333,14,9],"texture":"#1"},"east":{"uv":[10,12.66667,10.66667,14.33333],"texture":"#1"},"west":{"uv":[6,14,6.66667,15.66667],"texture":"#1"},"up":{"uv":[12.66667,3.33333,10,2.66667],"texture":"#1"},"down":{"uv":[14,9.33333,11.33333,10],"texture":"#1"}}},{"from":[10,8,5],"to":[12.25,10.25,10],"rotation":{"angle":-22.5,"axis":"x","origin":[11,9,7.5]},"faces":{"north":{"uv":[10.66667,12,12.33333,13.66667],"texture":"#1"},"east":{"uv":[10.66667,10,14,11.66667],"texture":"#1"},"south":{"uv":[12.66667,0,14.33333,1.66667],"texture":"#1"},"west":{"uv":[11.33333,5.33333,14.66667,7],"texture":"#1"},"up":{"uv":[1.66667,15.33333,0,12],"texture":"#1"},"down":{"uv":[3.66667,12,2,15.33333],"texture":"#1"}}},{"from":[3.75,8,5],"to":[6,10.25,10],"rotation":{"angle":-22.5,"axis":"x","origin":[5,9,7.5]},"faces":{"north":{"uv":[12.33333,12,10.66667,13.66667],"texture":"#1"},"east":{"uv":[14.66667,5.33333,11.33333,7],"texture":"#1"},"south":{"uv":[14.33333,0,12.66667,1.66667],"texture":"#1"},"west":{"uv":[14,10,10.66667,11.66667],"texture":"#1"},"up":{"uv":[0,15.33333,1.66667,12],"texture":"#1"},"down":{"uv":[2,12,3.66667,15.33333],"texture":"#1"}}},{"from":[9.25,4.75,4.5],"to":[11.5,7,10.5],"rotation":{"angle":-22.5,"axis":"y","origin":[10.25,5.75,8]},"faces":{"north":{"uv":[8,12.66667,9.66667,14.33333],"texture":"#1"},"east":{"uv":[9.33333,3.33333,13.33333,5],"texture":"#1"},"south":{"uv":[12.66667,12,14.33333,13.66667],"texture":"#1"},"west":{"uv":[0,10,4,11.66667],"texture":"#1"},"up":{"uv":[5.66667,14,4,10],"texture":"#1"},"down":{"uv":[7.66667,10,6,14],"texture":"#1"}}},{"from":[4.5,4.75,4.5],"to":[6.75,7,10.5],"rotation":{"angle":22.5,"axis":"y","origin":[5.75,5.75,8]},"faces":{"north":{"uv":[9.66667,12.66667,8,14.33333],"texture":"#1"},"east":{"uv":[4,10,0,11.66667],"texture":"#1"},"south":{"uv":[14.33333,12,12.66667,13.66667],"texture":"#1"},"west":{"uv":[13.33333,3.33333,9.33333,5],"texture":"#1"},"up":{"uv":[4,14,5.66667,10],"texture":"#1"},"down":{"uv":[6,10,7.66667,14],"texture":"#1"}}},{"from":[9,14.75,8.5],"to":[11.25,17,9.5],"rotation":{"angle":-22.5,"axis":"z","origin":[10,15.75,9]},"faces":{"north":{"uv":[13.33333,2,15,3.66667],"texture":"#1"},"east":{"uv":[6.66667,14,7.33333,15.66667],"texture":"#1"},"south":{"uv":[4,14,5.66667,15.66667],"texture":"#1"},"west":{"uv":[7.33333,14,8,15.66667],"texture":"#1"},"up":{"uv":[15.66667,8,14,7.33333],"texture":"#1"},"down":{"uv":[15.66667,8,14,8.66667],"texture":"#1"}}},{"from":[4.75,14.75,8.5],"to":[7,17,9.5],"rotation":{"angle":22.5,"axis":"z","origin":[6,15.75,9]},"faces":{"north":{"uv":[15,2,13.33333,3.66667],"texture":"#1"},"east":{"uv":[8,14,7.33333,15.66667],"texture":"#1"},"south":{"uv":[5.66667,14,4,15.66667],"texture":"#1"},"west":{"uv":[7.33333,14,6.66667,15.66667],"texture":"#1"},"up":{"uv":[14,8,15.66667,7.33333],"texture":"#1"},"down":{"uv":[14,8,15.66667,8.66667],"texture":"#1"}}},{"from":[7.5,6.55,10.625],"to":[8.5,7.55,11.625],"rotation":{"angle":-22.5,"axis":"x","origin":[8,7.05,11.125]},"faces":{"north":{"uv":[13.33333,14,14,14.66667],"texture":"#1"},"east":{"uv":[14,14,14.66667,14.66667],"texture":"#1"},"south":{"uv":[14.66667,0,15.33333,0.66667],"texture":"#1"},"west":{"uv":[14.66667,0.66667,15.33333,1.33333],"texture":"#1"},"up":{"uv":[15.33333,2,14.66667,1.33333],"texture":"#1"},"down":{"uv":[15.33333,5.33333,14.66667,6],"texture":"#1"}}}],"gui_light":"front","display":{"thirdperson_righthand":{"rotation":[61,0,0],"translation":[0,1.75,0.75],"scale":[0.74805,0.74805,0.74805]},"thirdperson_lefthand":{"rotation":[67.75,0,0],"translation":[0.5,0,13],"scale":[0.65625,0.65625,0.65625]},"firstperson_righthand":{"rotation":[0,180,0],"translation":[-0.5,3.5,0],"scale":[1.08984,1.08984,1.08984]},"firstperson_lefthand":{"scale":[0,0,0]},"ground":{"translation":[0,7,0]},"gui":{"rotation":[0,180,0],"translation":[0,-3.75,0],"scale":[1.31641,1.31641,1.31641]},"head":{"translation":[0,11,0.25],"scale":[1.48828,1.48828,1.48828]},"fixed":{"rotation":[-90,0,0],"translation":[0,0,-5.75],"scale":[2.21484,2.21484,2.21484]}}}