{
	"credit": "Made with Blockbench",
	"texture_size": [256, 256],
	"textures": {
		"3": "item/toucanupdate/coconut_sword"
	},
	"elements": [
		{
			"from": [1.4, 11.8, 4.35147],
			"to": [2, 12.4, 7.35147],
			"rotation": {"angle": 45, "axis": "z", "origin": [2, 13, 4.35147]},
			"faces": {
				"north": {"uv": [12.875, 1.5625, 12.8125, 1.625], "rotation": 180, "texture": "#3"},
				"east": {"uv": [11.75, 3.75, 11.8125, 4.0625], "rotation": 270, "texture": "#3"},
				"south": {"uv": [9.5625, 4.875, 9.5, 4.8125], "texture": "#3"},
				"west": {"uv": [8.625, 3.8125, 8.6875, 4.125], "rotation": 90, "texture": "#3"},
				"up": {"uv": [11.5, 3.75, 11.5625, 4.0625], "rotation": 180, "texture": "#3"},
				"down": {"uv": [8.125, 3.8125, 8.1875, 4.125], "texture": "#3"}
			}
		},
		{
			"from": [2, 12.15147, 4.35147],
			"to": [3.8, 12.75147, 7.35147],
			"rotation": {"angle": 0, "axis": "y", "origin": [3.2, 12.75147, 4.35147]},
			"faces": {
				"north": {"uv": [12.625, 3.875, 12.4375, 3.9375], "rotation": 180, "texture": "#3"},
				"east": {"uv": [8.875, 3.4375, 8.9375, 3.75], "rotation": 270, "texture": "#3"},
				"south": {"uv": [11.3125, 0.875, 11.125, 0.8125], "texture": "#3"},
				"west": {"uv": [11.25, 3.625, 11.3125, 3.9375], "rotation": 90, "texture": "#3"},
				"up": {"uv": [8.4375, 2.625, 8.625, 2.9375], "rotation": 180, "texture": "#3"},
				"down": {"uv": [10.625, 0.5625, 10.8125, 0.875], "texture": "#3"}
			}
		},
		{
			"from": [2, 9.75147, 7.35147],
			"to": [3.8, 22.35147, 7.95147],
			"rotation": {"angle": 0, "axis": "y", "origin": [3.2, 12.75147, 4.95147]},
			"faces": {
				"north": {"uv": [8.4375, 1.25, 8.25, 2.5625], "rotation": 180, "texture": "#3"},
				"east": {"uv": [9.625, 1.875, 10.9375, 1.9375], "rotation": 270, "texture": "#3"},
				"south": {"uv": [8.1875, 2.5625, 8, 1.25], "texture": "#3"},
				"west": {"uv": [9.875, 1.625, 11.1875, 1.6875], "rotation": 90, "texture": "#3"},
				"up": {"uv": [11.8125, 4.5, 12, 4.5625], "rotation": 180, "texture": "#3"},
				"down": {"uv": [12.5, 4.375, 12.6875, 4.4375], "texture": "#3"}
			}
		},
		{
			"from": [2.6, 27.15147, 5.25147],
			"to": [3.2, 28.35147, 5.85147],
			"rotation": {"angle": 0, "axis": "y", "origin": [3.8, 22.35147, 2.85147]},
			"faces": {
				"north": {"uv": [8.6875, 4.8125, 8.625, 4.9375], "rotation": 180, "texture": "#3"},
				"east": {"uv": [12.8125, 0.3125, 12.9375, 0.375], "rotation": 270, "texture": "#3"},
				"south": {"uv": [12.875, 0.6875, 12.8125, 0.5625], "texture": "#3"},
				"west": {"uv": [12.8125, 0.4375, 12.9375, 0.5], "rotation": 90, "texture": "#3"},
				"up": {"uv": [8.75, 4.9375, 8.8125, 5], "rotation": 180, "texture": "#3"},
				"down": {"uv": [8.875, 4.9375, 8.9375, 5], "texture": "#3"}
			}
		},
		{
			"from": [4.17279, 26.44427, 5.85147],
			"to": [4.77279, 27.04427, 6.45147],
			"rotation": {"angle": -45, "axis": "z", "origin": [4.17279, 28.84427, 5.25147]},
			"faces": {
				"north": {"uv": [13, 0.6875, 12.9375, 0.75], "rotation": 180, "texture": "#3"},
				"east": {"uv": [12.9375, 0, 13, 0.0625], "rotation": 270, "texture": "#3"},
				"south": {"uv": [13, 0.625, 12.9375, 0.5625], "texture": "#3"},
				"west": {"uv": [8.375, 4.9375, 8.4375, 5], "rotation": 90, "texture": "#3"},
				"up": {"uv": [12.875, 4.8125, 12.9375, 4.875], "rotation": 180, "texture": "#3"},
				"down": {"uv": [8.25, 4.9375, 8.3125, 5], "texture": "#3"}
			}
		},
		{
			"from": [2.6, 27.15147, 6.45147],
			"to": [3.2, 28.35147, 7.05147],
			"rotation": {"angle": 0, "axis": "y", "origin": [3.8, 22.35147, 4.05147]},
			"faces": {
				"north": {"uv": [9.25, 4.75, 9.1875, 4.875], "rotation": 180, "texture": "#3"},
				"east": {"uv": [12.6875, 4.25, 12.8125, 4.3125], "rotation": 270, "texture": "#3"},
				"south": {"uv": [12.8125, 1.125, 12.75, 1], "texture": "#3"},
				"west": {"uv": [9, 4.75, 9.125, 4.8125], "rotation": 90, "texture": "#3"},
				"up": {"uv": [12.875, 3.1875, 12.9375, 3.25], "rotation": 180, "texture": "#3"},
				"down": {"uv": [12.875, 3.3125, 12.9375, 3.375], "texture": "#3"}
			}
		},
		{
			"from": [2, 9.75147, 3.75147],
			"to": [3.8, 21.76647, 4.35147],
			"rotation": {"angle": 0, "axis": "y", "origin": [3.2, 12.75147, 1.35147]},
			"faces": {
				"north": {"uv": [8.9375, 1.3125, 8.75, 2.5625], "rotation": 180, "texture": "#3"},
				"east": {"uv": [9.875, 1.75, 11.125, 1.8125], "rotation": 270, "texture": "#3"},
				"south": {"uv": [8.6875, 2.5625, 8.5, 1.25], "texture": "#3"},
				"west": {"uv": [9.625, 2, 10.875, 2.0625], "rotation": 90, "texture": "#3"},
				"up": {"uv": [12.5, 4.5, 12.6875, 4.5625], "rotation": 180, "texture": "#3"},
				"down": {"uv": [12.5625, 0, 12.75, 0.0625], "texture": "#3"}
			}
		},
		{
			"from": [3.8, 11.8, 4.35147],
			"to": [4.4, 12.4, 7.35147],
			"rotation": {"angle": -45, "axis": "z", "origin": [3.8, 13, 4.35147]},
			"faces": {
				"north": {"uv": [10.9375, 2.125, 10.875, 2.1875], "rotation": 180, "texture": "#3"},
				"east": {"uv": [8.5, 3.6875, 8.5625, 4], "rotation": 270, "texture": "#3"},
				"south": {"uv": [10.6875, 2.3125, 10.625, 2.25], "texture": "#3"},
				"west": {"uv": [11.75, 0.5, 11.8125, 0.8125], "rotation": 90, "texture": "#3"},
				"up": {"uv": [11.625, 3.5, 11.6875, 3.8125], "rotation": 180, "texture": "#3"},
				"down": {"uv": [11.6875, 1.125, 11.75, 1.4375], "texture": "#3"}
			}
		},
		{
			"from": [2.77573, 10.77574, 4.35147],
			"to": [3.37573, 11.97574, 7.35147],
			"rotation": {"angle": 0, "axis": "y", "origin": [3.37573, 13.17574, 4.35147]},
			"faces": {
				"north": {"uv": [11.4375, 1.1875, 11.375, 1.3125], "rotation": 180, "texture": "#3"},
				"east": {"uv": [9.75, 3.25, 9.875, 3.5625], "rotation": 270, "texture": "#3"},
				"south": {"uv": [10.375, 3.375, 10.3125, 3.25], "texture": "#3"},
				"west": {"uv": [9.9375, 3.25, 10.0625, 3.5625], "rotation": 90, "texture": "#3"},
				"up": {"uv": [11.375, 3.75, 11.4375, 4.0625], "rotation": 180, "texture": "#3"},
				"down": {"uv": [11.75, 3.375, 11.8125, 3.6875], "texture": "#3"}
			}
		},
		{
			"from": [2.42427, 10.77574, 4.35147],
			"to": [3.02427, 11.97574, 7.35147],
			"rotation": {"angle": 0, "axis": "y", "origin": [2.42427, 13.17574, 4.35147]},
			"faces": {
				"north": {"uv": [11.375, 1.1875, 11.4375, 1.3125], "rotation": 180, "texture": "#3"},
				"east": {"uv": [10.0625, 3.25, 9.9375, 3.5625], "rotation": 270, "texture": "#3"},
				"south": {"uv": [10.3125, 3.375, 10.375, 3.25], "texture": "#3"},
				"west": {"uv": [9.875, 3.25, 9.75, 3.5625], "rotation": 90, "texture": "#3"},
				"up": {"uv": [11.4375, 3.75, 11.375, 4.0625], "rotation": 180, "texture": "#3"},
				"down": {"uv": [11.8125, 3.375, 11.75, 3.6875], "texture": "#3"}
			}
		},
		{
			"from": [2, 9.75147, 4.35147],
			"to": [3.8, 10.35147, 7.35147],
			"rotation": {"angle": 0, "axis": "y", "origin": [3.2, 12.75147, 4.35147]},
			"faces": {
				"north": {"uv": [12.625, 4.125, 12.4375, 4.1875], "rotation": 180, "texture": "#3"},
				"east": {"uv": [9, 3.75, 9.0625, 4.0625], "rotation": 270, "texture": "#3"},
				"south": {"uv": [12.625, 4.0625, 12.4375, 4], "texture": "#3"},
				"west": {"uv": [9.125, 3.75, 9.1875, 4.0625], "rotation": 90, "texture": "#3"},
				"up": {"uv": [8.6875, 2.625, 8.875, 2.9375], "rotation": 180, "texture": "#3"},
				"down": {"uv": [10.625, 0.9375, 10.8125, 1.25], "texture": "#3"}
			}
		},
		{
			"from": [1.50294, 9.64853, 4.35147],
			"to": [2.10294, 10.24853, 7.35147],
			"rotation": {"angle": 45, "axis": "z", "origin": [2.10294, 12.04853, 4.35147]},
			"faces": {
				"north": {"uv": [8.8125, 4.8125, 8.75, 4.875], "rotation": 180, "texture": "#3"},
				"east": {"uv": [11.75, 1.875, 11.8125, 2.1875], "rotation": 270, "texture": "#3"},
				"south": {"uv": [11.1875, 4.3125, 11.125, 4.25], "texture": "#3"},
				"west": {"uv": [11.75, 3, 11.8125, 3.3125], "rotation": 90, "texture": "#3"},
				"up": {"uv": [11.75, 1.5, 11.8125, 1.8125], "rotation": 180, "texture": "#3"},
				"down": {"uv": [11.75, 2.625, 11.8125, 2.9375], "texture": "#3"}
			}
		},
		{
			"from": [3.69706, 9.64853, 4.35147],
			"to": [4.29706, 10.24853, 7.35147],
			"rotation": {"angle": -45, "axis": "z", "origin": [3.69706, 12.04853, 4.35147]},
			"faces": {
				"north": {"uv": [12.875, 1.6875, 12.8125, 1.75], "rotation": 180, "texture": "#3"},
				"east": {"uv": [8.875, 3.8125, 8.9375, 4.125], "rotation": 270, "texture": "#3"},
				"south": {"uv": [9.6875, 4.875, 9.625, 4.8125], "texture": "#3"},
				"west": {"uv": [10.25, 3.8125, 10.3125, 4.125], "rotation": 90, "texture": "#3"},
				"up": {"uv": [8.75, 3.8125, 8.8125, 4.125], "rotation": 180, "texture": "#3"},
				"down": {"uv": [11.8125, 1.125, 11.875, 1.4375], "texture": "#3"}
			}
		},
		{
			"from": [2, 14.55147, 4.35147],
			"to": [3.8, 15.15147, 7.35147],
			"rotation": {"angle": 0, "axis": "y", "origin": [3.2, 15.15147, 4.35147]},
			"faces": {
				"north": {"uv": [12.625, 4.25, 12.4375, 4.3125], "rotation": 180, "texture": "#3"},
				"east": {"uv": [10.625, 3.8125, 10.6875, 4.125], "rotation": 270, "texture": "#3"},
				"south": {"uv": [12.4375, 4.5, 12.25, 4.4375], "texture": "#3"},
				"west": {"uv": [10.75, 3.8125, 10.8125, 4.125], "rotation": 90, "texture": "#3"},
				"up": {"uv": [9.5, 2.625, 9.6875, 2.9375], "rotation": 180, "texture": "#3"},
				"down": {"uv": [9.75, 2.625, 9.9375, 2.9375], "texture": "#3"}
			}
		},
		{
			"from": [1.4, 14.2, 4.35147],
			"to": [2, 14.8, 7.35147],
			"rotation": {"angle": 45, "axis": "z", "origin": [2, 15.4, 4.35147]},
			"faces": {
				"north": {"uv": [12.875, 2.4375, 12.8125, 2.5], "rotation": 180, "texture": "#3"},
				"east": {"uv": [11.875, 2.625, 11.9375, 2.9375], "rotation": 270, "texture": "#3"},
				"south": {"uv": [10.4375, 4.875, 10.375, 4.8125], "texture": "#3"},
				"west": {"uv": [11, 3.875, 11.0625, 4.1875], "rotation": 90, "texture": "#3"},
				"up": {"uv": [11.875, 2.25, 11.9375, 2.5625], "rotation": 180, "texture": "#3"},
				"down": {"uv": [10.875, 3.875, 10.9375, 4.1875], "texture": "#3"}
			}
		},
		{
			"from": [3.8, 14.2, 4.35147],
			"to": [4.4, 14.8, 7.35147],
			"rotation": {"angle": -45, "axis": "z", "origin": [3.8, 15.4, 4.35147]},
			"faces": {
				"north": {"uv": [12.875, 2.0625, 12.8125, 2.125], "rotation": 180, "texture": "#3"},
				"east": {"uv": [11.875, 0, 11.9375, 0.3125], "rotation": 270, "texture": "#3"},
				"south": {"uv": [10.0625, 4.875, 10, 4.8125], "texture": "#3"},
				"west": {"uv": [8.375, 3.875, 8.4375, 4.1875], "rotation": 90, "texture": "#3"},
				"up": {"uv": [8, 3.875, 8.0625, 4.1875], "rotation": 180, "texture": "#3"},
				"down": {"uv": [8.25, 3.875, 8.3125, 4.1875], "texture": "#3"}
			}
		},
		{
			"from": [2.77573, 13.17574, 4.35147],
			"to": [3.37573, 14.37574, 7.35147],
			"rotation": {"angle": 0, "axis": "y", "origin": [3.37573, 15.57574, 4.35147]},
			"faces": {
				"north": {"uv": [8.0625, 4.625, 8, 4.75], "rotation": 180, "texture": "#3"},
				"east": {"uv": [11.1875, 3.25, 11.3125, 3.5625], "rotation": 270, "texture": "#3"},
				"south": {"uv": [11.8125, 2.375, 11.75, 2.25], "texture": "#3"},
				"west": {"uv": [8.5, 3.3125, 8.625, 3.625], "rotation": 90, "texture": "#3"},
				"up": {"uv": [11.875, 0.375, 11.9375, 0.6875], "rotation": 180, "texture": "#3"},
				"down": {"uv": [11.875, 0.75, 11.9375, 1.0625], "texture": "#3"}
			}
		},
		{
			"from": [2.42427, 13.17574, 4.35147],
			"to": [3.02427, 14.37574, 7.35147],
			"rotation": {"angle": 0, "axis": "y", "origin": [2.42427, 15.57574, 4.35147]},
			"faces": {
				"north": {"uv": [8, 4.625, 8.0625, 4.75], "rotation": 180, "texture": "#3"},
				"east": {"uv": [8.625, 3.3125, 8.5, 3.625], "rotation": 270, "texture": "#3"},
				"south": {"uv": [11.75, 2.375, 11.8125, 2.25], "texture": "#3"},
				"west": {"uv": [11.3125, 3.25, 11.1875, 3.5625], "rotation": 90, "texture": "#3"},
				"up": {"uv": [11.9375, 0.375, 11.875, 0.6875], "rotation": 180, "texture": "#3"},
				"down": {"uv": [11.9375, 0.75, 11.875, 1.0625], "texture": "#3"}
			}
		},
		{
			"from": [1.50294, 12.04853, 4.35147],
			"to": [2.10294, 12.64853, 7.35147],
			"rotation": {"angle": 45, "axis": "z", "origin": [2.10294, 14.44853, 4.35147]},
			"faces": {
				"north": {"uv": [12.875, 2.1875, 12.8125, 2.25], "rotation": 180, "texture": "#3"},
				"east": {"uv": [9.375, 3.875, 9.4375, 4.1875], "rotation": 270, "texture": "#3"},
				"south": {"uv": [10.1875, 4.875, 10.125, 4.8125], "texture": "#3"},
				"west": {"uv": [11.875, 1.5, 11.9375, 1.8125], "rotation": 90, "texture": "#3"},
				"up": {"uv": [9.25, 3.875, 9.3125, 4.1875], "rotation": 180, "texture": "#3"},
				"down": {"uv": [9.5, 3.875, 9.5625, 4.1875], "texture": "#3"}
			}
		},
		{
			"from": [3.69706, 12.04853, 4.35147],
			"to": [4.29706, 12.64853, 7.35147],
			"rotation": {"angle": -45, "axis": "z", "origin": [3.69706, 14.44853, 4.35147]},
			"faces": {
				"north": {"uv": [12.875, 2.3125, 12.8125, 2.375], "rotation": 180, "texture": "#3"},
				"east": {"uv": [11.875, 1.875, 11.9375, 2.1875], "rotation": 270, "texture": "#3"},
				"south": {"uv": [10.3125, 4.875, 10.25, 4.8125], "texture": "#3"},
				"west": {"uv": [10.125, 3.875, 10.1875, 4.1875], "rotation": 90, "texture": "#3"},
				"up": {"uv": [9.875, 3.875, 9.9375, 4.1875], "rotation": 180, "texture": "#3"},
				"down": {"uv": [10, 3.875, 10.0625, 4.1875], "texture": "#3"}
			}
		},
		{
			"from": [2, 16.95147, 4.35147],
			"to": [3.8, 17.55147, 7.35147],
			"rotation": {"angle": 0, "axis": "y", "origin": [3.2, 17.55147, 4.35147]},
			"faces": {
				"north": {"uv": [12.6875, 1.0625, 12.5, 1.125], "rotation": 180, "texture": "#3"},
				"east": {"uv": [11.875, 3, 11.9375, 3.3125], "rotation": 270, "texture": "#3"},
				"south": {"uv": [9.1875, 4.5625, 9, 4.5], "texture": "#3"},
				"west": {"uv": [11.125, 3.875, 11.1875, 4.1875], "rotation": 90, "texture": "#3"},
				"up": {"uv": [10, 2.625, 10.1875, 2.9375], "rotation": 180, "texture": "#3"},
				"down": {"uv": [10.25, 2.625, 10.4375, 2.9375], "texture": "#3"}
			}
		},
		{
			"from": [1.4, 16.6, 4.35147],
			"to": [2, 17.2, 7.35147],
			"rotation": {"angle": 45, "axis": "z", "origin": [2, 17.8, 4.35147]},
			"faces": {
				"north": {"uv": [12.875, 2.5625, 12.8125, 2.625], "rotation": 180, "texture": "#3"},
				"east": {"uv": [11.625, 3.875, 11.6875, 4.1875], "rotation": 270, "texture": "#3"},
				"south": {"uv": [10.5625, 4.875, 10.5, 4.8125], "texture": "#3"},
				"west": {"uv": [11.9375, 1.125, 12, 1.4375], "rotation": 90, "texture": "#3"},
				"up": {"uv": [11.875, 3.375, 11.9375, 3.6875], "rotation": 180, "texture": "#3"},
				"down": {"uv": [11.875, 3.75, 11.9375, 4.0625], "texture": "#3"}
			}
		},
		{
			"from": [3.8, 16.6, 4.35147],
			"to": [4.4, 17.2, 7.35147],
			"rotation": {"angle": -45, "axis": "z", "origin": [3.8, 17.8, 4.35147]},
			"faces": {
				"north": {"uv": [12.875, 2.6875, 12.8125, 2.75], "rotation": 180, "texture": "#3"},
				"east": {"uv": [12, 0.375, 12.0625, 0.6875], "rotation": 270, "texture": "#3"},
				"south": {"uv": [10.6875, 4.875, 10.625, 4.8125], "texture": "#3"},
				"west": {"uv": [12, 1.5, 12.0625, 1.8125], "rotation": 90, "texture": "#3"},
				"up": {"uv": [12, 0, 12.0625, 0.3125], "rotation": 180, "texture": "#3"},
				"down": {"uv": [12, 0.75, 12.0625, 1.0625], "texture": "#3"}
			}
		},
		{
			"from": [2.77573, 15.57574, 4.35147],
			"to": [3.37573, 16.77574, 7.35147],
			"rotation": {"angle": 0, "axis": "y", "origin": [3.37573, 17.97574, 4.35147]},
			"faces": {
				"north": {"uv": [9.9375, 4.625, 9.875, 4.75], "rotation": 180, "texture": "#3"},
				"east": {"uv": [11.375, 2, 11.5, 2.3125], "rotation": 270, "texture": "#3"},
				"south": {"uv": [9.8125, 4.75, 9.75, 4.625], "texture": "#3"},
				"west": {"uv": [11.375, 2.375, 11.5, 2.6875], "rotation": 90, "texture": "#3"},
				"up": {"uv": [12, 1.875, 12.0625, 2.1875], "rotation": 180, "texture": "#3"},
				"down": {"uv": [12, 2.25, 12.0625, 2.5625], "texture": "#3"}
			}
		},
		{
			"from": [2.42427, 15.57574, 4.35147],
			"to": [3.02427, 16.77574, 7.35147],
			"rotation": {"angle": 0, "axis": "y", "origin": [2.42427, 17.97574, 4.35147]},
			"faces": {
				"north": {"uv": [9.875, 4.625, 9.9375, 4.75], "rotation": 180, "texture": "#3"},
				"east": {"uv": [11.5, 2.375, 11.375, 2.6875], "rotation": 270, "texture": "#3"},
				"south": {"uv": [9.75, 4.75, 9.8125, 4.625], "texture": "#3"},
				"west": {"uv": [11.5, 2, 11.375, 2.3125], "rotation": 90, "texture": "#3"},
				"up": {"uv": [12.0625, 1.875, 12, 2.1875], "rotation": 180, "texture": "#3"},
				"down": {"uv": [12.0625, 2.25, 12, 2.5625], "texture": "#3"}
			}
		},
		{
			"from": [1.50294, 14.44853, 4.35147],
			"to": [2.10294, 15.04853, 7.35147],
			"rotation": {"angle": 45, "axis": "z", "origin": [2.10294, 16.84853, 4.35147]},
			"faces": {
				"north": {"uv": [12.875, 2.8125, 12.8125, 2.875], "rotation": 180, "texture": "#3"},
				"east": {"uv": [12, 3, 12.0625, 3.3125], "rotation": 270, "texture": "#3"},
				"south": {"uv": [10.8125, 4.875, 10.75, 4.8125], "texture": "#3"},
				"west": {"uv": [12, 3.375, 12.0625, 3.6875], "rotation": 90, "texture": "#3"},
				"up": {"uv": [12, 2.625, 12.0625, 2.9375], "rotation": 180, "texture": "#3"},
				"down": {"uv": [11.25, 4, 11.3125, 4.3125], "texture": "#3"}
			}
		},
		{
			"from": [3.69706, 14.44853, 4.35147],
			"to": [4.29706, 15.04853, 7.35147],
			"rotation": {"angle": -45, "axis": "z", "origin": [3.69706, 16.84853, 4.35147]},
			"faces": {
				"north": {"uv": [12.875, 2.9375, 12.8125, 3], "rotation": 180, "texture": "#3"},
				"east": {"uv": [12.125, 0, 12.1875, 0.3125], "rotation": 270, "texture": "#3"},
				"south": {"uv": [10.9375, 4.875, 10.875, 4.8125], "texture": "#3"},
				"west": {"uv": [12.125, 0.75, 12.1875, 1.0625], "rotation": 90, "texture": "#3"},
				"up": {"uv": [12.0625, 1.125, 12.125, 1.4375], "rotation": 180, "texture": "#3"},
				"down": {"uv": [12.125, 0.375, 12.1875, 0.6875], "texture": "#3"}
			}
		},
		{
			"from": [2, 19.35147, 4.35147],
			"to": [3.8, 19.95147, 7.35147],
			"rotation": {"angle": 0, "axis": "y", "origin": [3.2, 19.95147, 4.35147]},
			"faces": {
				"north": {"uv": [12.6875, 1.3125, 12.5, 1.375], "rotation": 180, "texture": "#3"},
				"east": {"uv": [9, 4.125, 9.0625, 4.4375], "rotation": 270, "texture": "#3"},
				"south": {"uv": [12.6875, 1.25, 12.5, 1.1875], "texture": "#3"},
				"west": {"uv": [9.125, 4.125, 9.1875, 4.4375], "rotation": 90, "texture": "#3"},
				"up": {"uv": [10.5, 2.625, 10.6875, 2.9375], "rotation": 180, "texture": "#3"},
				"down": {"uv": [10.75, 2.25, 10.9375, 2.5625], "texture": "#3"}
			}
		},
		{
			"from": [1.4, 19, 4.35147],
			"to": [2, 19.6, 7.35147],
			"rotation": {"angle": 45, "axis": "z", "origin": [2, 20.2, 4.35147]},
			"faces": {
				"north": {"uv": [12.875, 3.0625, 12.8125, 3.125], "rotation": 180, "texture": "#3"},
				"east": {"uv": [12.125, 1.875, 12.1875, 2.1875], "rotation": 270, "texture": "#3"},
				"south": {"uv": [11.0625, 4.875, 11, 4.8125], "texture": "#3"},
				"west": {"uv": [12.125, 2.625, 12.1875, 2.9375], "rotation": 90, "texture": "#3"},
				"up": {"uv": [12.125, 1.5, 12.1875, 1.8125], "rotation": 180, "texture": "#3"},
				"down": {"uv": [12.125, 2.25, 12.1875, 2.5625], "texture": "#3"}
			}
		},
		{
			"from": [3.8, 19, 4.35147],
			"to": [4.4, 19.6, 7.35147],
			"rotation": {"angle": -45, "axis": "z", "origin": [3.8, 20.2, 4.35147]},
			"faces": {
				"north": {"uv": [11.3125, 4.8125, 11.25, 4.875], "rotation": 180, "texture": "#3"},
				"east": {"uv": [11.375, 4.125, 11.4375, 4.4375], "rotation": 270, "texture": "#3"},
				"south": {"uv": [11.1875, 4.875, 11.125, 4.8125], "texture": "#3"},
				"west": {"uv": [11.5, 4.125, 11.5625, 4.4375], "rotation": 90, "texture": "#3"},
				"up": {"uv": [12.125, 3, 12.1875, 3.3125], "rotation": 180, "texture": "#3"},
				"down": {"uv": [12.125, 3.375, 12.1875, 3.6875], "texture": "#3"}
			}
		},
		{
			"from": [2.77573, 17.97574, 4.35147],
			"to": [3.37573, 19.17574, 7.35147],
			"rotation": {"angle": 0, "axis": "y", "origin": [3.37573, 20.37574, 4.35147]},
			"faces": {
				"north": {"uv": [11.0625, 4.625, 11, 4.75], "rotation": 180, "texture": "#3"},
				"east": {"uv": [8.125, 3.4375, 8.25, 3.75], "rotation": 270, "texture": "#3"},
				"south": {"uv": [10.9375, 4.75, 10.875, 4.625], "texture": "#3"},
				"west": {"uv": [11.4375, 0.25, 11.5625, 0.5625], "rotation": 90, "texture": "#3"},
				"up": {"uv": [11.75, 4.125, 11.8125, 4.4375], "rotation": 180, "texture": "#3"},
				"down": {"uv": [12.125, 3.75, 12.1875, 4.0625], "texture": "#3"}
			}
		},
		{
			"from": [2.42427, 17.97574, 4.35147],
			"to": [3.02427, 19.17574, 7.35147],
			"rotation": {"angle": 0, "axis": "y", "origin": [2.42427, 20.37574, 4.35147]},
			"faces": {
				"north": {"uv": [11, 4.625, 11.0625, 4.75], "rotation": 180, "texture": "#3"},
				"east": {"uv": [11.5625, 0.25, 11.4375, 0.5625], "rotation": 270, "texture": "#3"},
				"south": {"uv": [10.875, 4.75, 10.9375, 4.625], "texture": "#3"},
				"west": {"uv": [8.25, 3.4375, 8.125, 3.75], "rotation": 90, "texture": "#3"},
				"up": {"uv": [11.8125, 4.125, 11.75, 4.4375], "rotation": 180, "texture": "#3"},
				"down": {"uv": [12.1875, 3.75, 12.125, 4.0625], "texture": "#3"}
			}
		},
		{
			"from": [1.50294, 16.84853, 4.35147],
			"to": [2.10294, 17.44853, 7.35147],
			"rotation": {"angle": 45, "axis": "z", "origin": [2.10294, 19.24853, 4.35147]},
			"faces": {
				"north": {"uv": [11.5625, 4.8125, 11.5, 4.875], "rotation": 180, "texture": "#3"},
				"east": {"uv": [12, 4.125, 12.0625, 4.4375], "rotation": 270, "texture": "#3"},
				"south": {"uv": [11.4375, 4.875, 11.375, 4.8125], "texture": "#3"},
				"west": {"uv": [8.125, 4.1875, 8.1875, 4.5], "rotation": 90, "texture": "#3"},
				"up": {"uv": [11.875, 4.125, 11.9375, 4.4375], "rotation": 180, "texture": "#3"},
				"down": {"uv": [12.125, 4.125, 12.1875, 4.4375], "texture": "#3"}
			}
		},
		{
			"from": [3.69706, 16.84853, 4.35147],
			"to": [4.29706, 17.44853, 7.35147],
			"rotation": {"angle": -45, "axis": "z", "origin": [3.69706, 19.24853, 4.35147]},
			"faces": {
				"north": {"uv": [11.8125, 4.8125, 11.75, 4.875], "rotation": 180, "texture": "#3"},
				"east": {"uv": [12.1875, 1.125, 12.25, 1.4375], "rotation": 270, "texture": "#3"},
				"south": {"uv": [11.6875, 4.875, 11.625, 4.8125], "texture": "#3"},
				"west": {"uv": [10.375, 4.1875, 10.4375, 4.5], "rotation": 90, "texture": "#3"},
				"up": {"uv": [8.875, 4.1875, 8.9375, 4.5], "rotation": 180, "texture": "#3"},
				"down": {"uv": [10.25, 4.1875, 10.3125, 4.5], "texture": "#3"}
			}
		},
		{
			"from": [2, 21.75147, 4.33647],
			"to": [3.8, 22.35147, 7.35147],
			"rotation": {"angle": 0, "axis": "y", "origin": [3.2, 22.35147, 4.35147]},
			"faces": {
				"north": {"uv": [11.75, 4.5, 11.5625, 4.5625], "rotation": 180, "texture": "#3"},
				"east": {"uv": [10.5, 4.1875, 10.5625, 4.5], "rotation": 270, "texture": "#3"},
				"south": {"uv": [11.5, 4.5625, 11.3125, 4.5], "texture": "#3"},
				"west": {"uv": [10.625, 4.1875, 10.6875, 4.5], "rotation": 90, "texture": "#3"},
				"up": {"uv": [10.75, 2.625, 10.9375, 2.9375], "rotation": 180, "texture": "#3"},
				"down": {"uv": [10.875, 0.5625, 11.0625, 0.875], "texture": "#3"}
			}
		},
		{
			"from": [1.4, 21.4, 4.35147],
			"to": [2, 22, 7.35147],
			"rotation": {"angle": 45, "axis": "z", "origin": [2, 22.6, 4.35147]},
			"faces": {
				"north": {"uv": [11.9375, 4.8125, 11.875, 4.875], "rotation": 180, "texture": "#3"},
				"east": {"uv": [8, 4.25, 8.0625, 4.5625], "rotation": 270, "texture": "#3"},
				"south": {"uv": [12.875, 3.875, 12.8125, 3.8125], "texture": "#3"},
				"west": {"uv": [8.25, 4.25, 8.3125, 4.5625], "rotation": 90, "texture": "#3"},
				"up": {"uv": [10.75, 4.1875, 10.8125, 4.5], "rotation": 180, "texture": "#3"},
				"down": {"uv": [12.25, 0, 12.3125, 0.3125], "texture": "#3"}
			}
		},
		{
			"from": [3.8, 21.4, 4.35147],
			"to": [4.4, 22, 7.35147],
			"rotation": {"angle": -45, "axis": "z", "origin": [3.8, 22.6, 4.35147]},
			"faces": {
				"north": {"uv": [12.875, 4.0625, 12.8125, 4.125], "rotation": 180, "texture": "#3"},
				"east": {"uv": [12.25, 0.375, 12.3125, 0.6875], "rotation": 270, "texture": "#3"},
				"south": {"uv": [12.875, 4, 12.8125, 3.9375], "texture": "#3"},
				"west": {"uv": [9.25, 4.25, 9.3125, 4.5625], "rotation": 90, "texture": "#3"},
				"up": {"uv": [8.375, 4.25, 8.4375, 4.5625], "rotation": 180, "texture": "#3"},
				"down": {"uv": [12.25, 0.75, 12.3125, 1.0625], "texture": "#3"}
			}
		},
		{
			"from": [2.77573, 20.37574, 4.35147],
			"to": [3.37573, 21.57574, 7.35147],
			"rotation": {"angle": 0, "axis": "y", "origin": [3.37573, 22.77574, 4.35147]},
			"faces": {
				"north": {"uv": [11.5625, 4.625, 11.5, 4.75], "rotation": 180, "texture": "#3"},
				"east": {"uv": [10.5, 3.4375, 10.625, 3.75], "rotation": 270, "texture": "#3"},
				"south": {"uv": [11.4375, 4.75, 11.375, 4.625], "texture": "#3"},
				"west": {"uv": [10.6875, 3.4375, 10.8125, 3.75], "rotation": 90, "texture": "#3"},
				"up": {"uv": [9.375, 4.25, 9.4375, 4.5625], "rotation": 180, "texture": "#3"},
				"down": {"uv": [9.5, 4.25, 9.5625, 4.5625], "texture": "#3"}
			}
		},
		{
			"from": [2.42427, 20.37574, 4.35147],
			"to": [3.02427, 21.57574, 7.35147],
			"rotation": {"angle": 0, "axis": "y", "origin": [2.42427, 22.77574, 4.35147]},
			"faces": {
				"north": {"uv": [11.5, 4.625, 11.5625, 4.75], "rotation": 180, "texture": "#3"},
				"east": {"uv": [10.8125, 3.4375, 10.6875, 3.75], "rotation": 270, "texture": "#3"},
				"south": {"uv": [11.375, 4.75, 11.4375, 4.625], "texture": "#3"},
				"west": {"uv": [10.625, 3.4375, 10.5, 3.75], "rotation": 90, "texture": "#3"},
				"up": {"uv": [9.4375, 4.25, 9.375, 4.5625], "rotation": 180, "texture": "#3"},
				"down": {"uv": [9.5625, 4.25, 9.5, 4.5625], "texture": "#3"}
			}
		},
		{
			"from": [1.50294, 19.24853, 4.35147],
			"to": [2.10294, 19.84853, 7.35147],
			"rotation": {"angle": 45, "axis": "z", "origin": [2.10294, 21.64853, 4.35147]},
			"faces": {
				"north": {"uv": [12.3125, 4.8125, 12.25, 4.875], "rotation": 180, "texture": "#3"},
				"east": {"uv": [9.625, 4.25, 9.6875, 4.5625], "rotation": 270, "texture": "#3"},
				"south": {"uv": [12.1875, 4.875, 12.125, 4.8125], "texture": "#3"},
				"west": {"uv": [9.875, 4.25, 9.9375, 4.5625], "rotation": 90, "texture": "#3"},
				"up": {"uv": [12.25, 1.5, 12.3125, 1.8125], "rotation": 180, "texture": "#3"},
				"down": {"uv": [9.75, 4.25, 9.8125, 4.5625], "texture": "#3"}
			}
		},
		{
			"from": [3.69706, 19.24853, 4.35147],
			"to": [4.29706, 19.84853, 7.35147],
			"rotation": {"angle": -45, "axis": "z", "origin": [3.69706, 21.64853, 4.35147]},
			"faces": {
				"north": {"uv": [12.5625, 4.8125, 12.5, 4.875], "rotation": 180, "texture": "#3"},
				"east": {"uv": [12.25, 2.25, 12.3125, 2.5625], "rotation": 270, "texture": "#3"},
				"south": {"uv": [12.4375, 4.875, 12.375, 4.8125], "texture": "#3"},
				"west": {"uv": [10.875, 4.25, 10.9375, 4.5625], "rotation": 90, "texture": "#3"},
				"up": {"uv": [10.125, 4.25, 10.1875, 4.5625], "rotation": 180, "texture": "#3"},
				"down": {"uv": [12.25, 2.625, 12.3125, 2.9375], "texture": "#3"}
			}
		},
		{
			"from": [-0.8669, 10.35147, 8.9331],
			"to": [-0.2669, 21.75147, 9.5331],
			"rotation": {"angle": 45, "axis": "y", "origin": [-0.8669, 13.35147, 3.5331]},
			"faces": {
				"north": {"uv": [9.3125, 2.25, 9.25, 3.4375], "rotation": 180, "texture": "#3"},
				"east": {"uv": [9.625, 2.125, 10.8125, 2.1875], "rotation": 270, "texture": "#3"},
				"south": {"uv": [10.3125, 1.3125, 10.25, 0.125], "texture": "#3"},
				"west": {"uv": [10.25, 0, 11.4375, 0.0625], "rotation": 90, "texture": "#3"},
				"up": {"uv": [9.25, 3.5, 9.3125, 3.5625], "rotation": 180, "texture": "#3"},
				"down": {"uv": [11.625, 0.5, 11.6875, 0.5625], "texture": "#3"}
			}
		},
		{
			"from": [-1.81838, 10.35147, 8.9331],
			"to": [-1.21838, 21.75147, 9.5331],
			"rotation": {"angle": 45, "axis": "y", "origin": [-1.81838, 13.35147, 3.5331]},
			"faces": {
				"north": {"uv": [9.4375, 2.375, 9.375, 3.5625], "rotation": 180, "texture": "#3"},
				"east": {"uv": [9.375, 2.25, 10.5625, 2.3125], "rotation": 270, "texture": "#3"},
				"south": {"uv": [10.4375, 1.3125, 10.375, 0.125], "texture": "#3"},
				"west": {"uv": [10.25, 1.375, 11.4375, 1.4375], "rotation": 90, "texture": "#3"},
				"up": {"uv": [12.8125, 0.75, 12.875, 0.8125], "rotation": 180, "texture": "#3"},
				"down": {"uv": [8.875, 4.8125, 8.9375, 4.875], "texture": "#3"}
			}
		},
		{
			"from": [-0.8669, 10.35147, 2.16985],
			"to": [-0.2669, 21.75147, 2.76985],
			"rotation": {"angle": -45, "axis": "y", "origin": [-0.8669, 13.35147, 8.16985]},
			"faces": {
				"north": {"uv": [8.0625, 2.625, 8, 3.8125], "rotation": 180, "texture": "#3"},
				"east": {"uv": [9.5, 2.5, 10.6875, 2.5625], "rotation": 270, "texture": "#3"},
				"south": {"uv": [9.1875, 3.6875, 9.125, 2.5], "texture": "#3"},
				"west": {"uv": [10.625, 0.125, 11.8125, 0.1875], "rotation": 90, "texture": "#3"},
				"up": {"uv": [9.875, 4.8125, 9.9375, 4.875], "rotation": 180, "texture": "#3"},
				"down": {"uv": [12.8125, 1.9375, 12.875, 2], "texture": "#3"}
			}
		},
		{
			"from": [-1.81838, 10.35147, 2.16985],
			"to": [-1.21838, 21.75147, 2.76985],
			"rotation": {"angle": -45, "axis": "y", "origin": [-1.81838, 13.35147, 8.16985]},
			"faces": {
				"north": {"uv": [9.0625, 2.5, 9, 3.6875], "rotation": 180, "texture": "#3"},
				"east": {"uv": [10.25, 1.5, 11.4375, 1.5625], "rotation": 270, "texture": "#3"},
				"south": {"uv": [10.5625, 1.3125, 10.5, 0.125], "texture": "#3"},
				"west": {"uv": [9.5, 2.375, 10.6875, 2.4375], "rotation": 90, "texture": "#3"},
				"up": {"uv": [9.75, 4.8125, 9.8125, 4.875], "rotation": 180, "texture": "#3"},
				"down": {"uv": [12.8125, 1.8125, 12.875, 1.875], "texture": "#3"}
			}
		},
		{
			"from": [3.8, 23.8, 5.25147],
			"to": [4.4, 24.4, 7.05147],
			"rotation": {"angle": -45, "axis": "z", "origin": [3.8, 25, 4.65147]},
			"faces": {
				"north": {"uv": [12.8125, 4.8125, 12.75, 4.875], "rotation": 180, "texture": "#3"},
				"east": {"uv": [12.5625, 1.4375, 12.625, 1.625], "rotation": 270, "texture": "#3"},
				"south": {"uv": [12.875, 4.75, 12.8125, 4.6875], "texture": "#3"},
				"west": {"uv": [12.5625, 1.9375, 12.625, 2.125], "rotation": 90, "texture": "#3"},
				"up": {"uv": [8.875, 4.5625, 8.9375, 4.75], "rotation": 180, "texture": "#3"},
				"down": {"uv": [12.5625, 1.6875, 12.625, 1.875], "texture": "#3"}
			}
		},
		{
			"from": [2, 22.35147, 7.05147],
			"to": [3.8, 24.75147, 7.65147],
			"rotation": {"angle": 0, "axis": "y", "origin": [3.2, 17.55147, 4.65147]},
			"faces": {
				"north": {"uv": [8.6875, 3, 8.5, 3.25], "rotation": 180, "texture": "#3"},
				"east": {"uv": [12.375, 0.5625, 12.625, 0.625], "rotation": 270, "texture": "#3"},
				"south": {"uv": [11.125, 0.5, 10.9375, 0.25], "texture": "#3"},
				"west": {"uv": [12.375, 0.6875, 12.625, 0.75], "rotation": 90, "texture": "#3"},
				"up": {"uv": [12.5625, 0.375, 12.75, 0.4375], "rotation": 180, "texture": "#3"},
				"down": {"uv": [8.25, 4.625, 8.4375, 4.6875], "texture": "#3"}
			}
		},
		{
			"from": [2.77573, 22.77574, 5.25147],
			"to": [3.37573, 23.97574, 7.05147],
			"rotation": {"angle": 0, "axis": "y", "origin": [3.37573, 25.17574, 4.65147]},
			"faces": {
				"north": {"uv": [12.5, 4.625, 12.4375, 4.75], "rotation": 180, "texture": "#3"},
				"east": {"uv": [11.5625, 3.25, 11.6875, 3.4375], "rotation": 270, "texture": "#3"},
				"south": {"uv": [11.9375, 4.75, 11.875, 4.625], "texture": "#3"},
				"west": {"uv": [11.625, 0.25, 11.75, 0.4375], "rotation": 90, "texture": "#3"},
				"up": {"uv": [12.5625, 2.1875, 12.625, 2.375], "rotation": 180, "texture": "#3"},
				"down": {"uv": [10.25, 4.5625, 10.3125, 4.75], "texture": "#3"}
			}
		},
		{
			"from": [2.42427, 22.77574, 5.25147],
			"to": [3.02427, 23.97574, 7.05147],
			"rotation": {"angle": 0, "axis": "y", "origin": [2.42427, 25.17574, 4.65147]},
			"faces": {
				"north": {"uv": [12.4375, 4.625, 12.5, 4.75], "rotation": 180, "texture": "#3"},
				"east": {"uv": [11.75, 0.25, 11.625, 0.4375], "rotation": 270, "texture": "#3"},
				"south": {"uv": [11.875, 4.75, 11.9375, 4.625], "texture": "#3"},
				"west": {"uv": [11.6875, 3.25, 11.5625, 3.4375], "rotation": 90, "texture": "#3"},
				"up": {"uv": [12.625, 2.1875, 12.5625, 2.375], "rotation": 180, "texture": "#3"},
				"down": {"uv": [10.3125, 4.5625, 10.25, 4.75], "texture": "#3"}
			}
		},
		{
			"from": [1.50294, 21.64853, 5.25147],
			"to": [2.10294, 22.24853, 7.05147],
			"rotation": {"angle": 45, "axis": "z", "origin": [2.10294, 24.04853, 4.65147]},
			"faces": {
				"north": {"uv": [12.9375, 0.875, 12.875, 0.9375], "rotation": 180, "texture": "#3"},
				"east": {"uv": [12.5625, 2.4375, 12.625, 2.625], "rotation": 270, "texture": "#3"},
				"south": {"uv": [8.5625, 4.9375, 8.5, 4.875], "texture": "#3"},
				"west": {"uv": [10.625, 4.5625, 10.6875, 4.75], "rotation": 90, "texture": "#3"},
				"up": {"uv": [10.375, 4.5625, 10.4375, 4.75], "rotation": 180, "texture": "#3"},
				"down": {"uv": [10.5, 4.5625, 10.5625, 4.75], "texture": "#3"}
			}
		},
		{
			"from": [2, 22.35147, 4.65147],
			"to": [3.8, 24.75147, 5.25147],
			"rotation": {"angle": 0, "axis": "y", "origin": [3.2, 17.55147, 2.25147]},
			"faces": {
				"north": {"uv": [9.6875, 3.25, 9.5, 3.5], "rotation": 180, "texture": "#3"},
				"east": {"uv": [12.375, 3.1875, 12.625, 3.25], "rotation": 270, "texture": "#3"},
				"south": {"uv": [11.375, 0.5, 11.1875, 0.25], "texture": "#3"},
				"west": {"uv": [12.4375, 3.5, 12.6875, 3.5625], "rotation": 90, "texture": "#3"},
				"up": {"uv": [9, 4.625, 9.1875, 4.6875], "rotation": 180, "texture": "#3"},
				"down": {"uv": [9.25, 4.625, 9.4375, 4.6875], "texture": "#3"}
			}
		},
		{
			"from": [2, 24.15147, 5.25147],
			"to": [3.8, 24.75147, 7.05147],
			"rotation": {"angle": 0, "axis": "y", "origin": [3.2, 24.75147, 4.65147]},
			"faces": {
				"north": {"uv": [12.75, 0.25, 12.5625, 0.3125], "rotation": 180, "texture": "#3"},
				"east": {"uv": [11.625, 4.25, 11.6875, 4.4375], "rotation": 270, "texture": "#3"},
				"south": {"uv": [12.75, 0.1875, 12.5625, 0.125], "texture": "#3"},
				"west": {"uv": [8.5, 4.4375, 8.5625, 4.625], "rotation": 90, "texture": "#3"},
				"up": {"uv": [11.5, 1.5625, 11.6875, 1.75], "rotation": 180, "texture": "#3"},
				"down": {"uv": [11.375, 3.5, 11.5625, 3.6875], "texture": "#3"}
			}
		},
		{
			"from": [1.4, 23.8, 5.25147],
			"to": [2, 24.4, 7.05147],
			"rotation": {"angle": 45, "axis": "z", "origin": [2, 25, 4.65147]},
			"faces": {
				"north": {"uv": [12.6875, 4.8125, 12.625, 4.875], "rotation": 180, "texture": "#3"},
				"east": {"uv": [8.125, 4.5625, 8.1875, 4.75], "rotation": 270, "texture": "#3"},
				"south": {"uv": [12.875, 4.625, 12.8125, 4.5625], "texture": "#3"},
				"west": {"uv": [8.75, 4.5625, 8.8125, 4.75], "rotation": 90, "texture": "#3"},
				"up": {"uv": [12.0625, 4.5, 12.125, 4.6875], "rotation": 180, "texture": "#3"},
				"down": {"uv": [8.625, 4.5625, 8.6875, 4.75], "texture": "#3"}
			}
		},
		{
			"from": [3.69706, 21.64853, 5.25147],
			"to": [4.29706, 22.24853, 7.05147],
			"rotation": {"angle": -45, "axis": "z", "origin": [3.69706, 24.04853, 4.65147]},
			"faces": {
				"north": {"uv": [12.9375, 1, 12.875, 1.0625], "rotation": 180, "texture": "#3"},
				"east": {"uv": [11.125, 4.5625, 11.1875, 4.75], "rotation": 270, "texture": "#3"},
				"south": {"uv": [9.0625, 4.9375, 9, 4.875], "texture": "#3"},
				"west": {"uv": [12.3125, 4.5625, 12.375, 4.75], "rotation": 90, "texture": "#3"},
				"up": {"uv": [12.5625, 2.9375, 12.625, 3.125], "rotation": 180, "texture": "#3"},
				"down": {"uv": [12.1875, 4.5625, 12.25, 4.75], "texture": "#3"}
			}
		},
		{
			"from": [1.50294, 24.04853, 4.95147],
			"to": [2.10294, 25.24853, 6.15147],
			"rotation": {"angle": 45, "axis": "z", "origin": [2.10294, 26.44853, 4.35147]},
			"faces": {
				"north": {"uv": [12.75, 3.875, 12.6875, 4], "rotation": 180, "texture": "#3"},
				"east": {"uv": [12.25, 4.25, 12.375, 4.375], "rotation": 270, "texture": "#3"},
				"south": {"uv": [12.75, 3.1875, 12.6875, 3.0625], "texture": "#3"},
				"west": {"uv": [12.3125, 1.125, 12.4375, 1.25], "rotation": 90, "texture": "#3"},
				"up": {"uv": [12.6875, 2.6875, 12.75, 2.8125], "rotation": 180, "texture": "#3"},
				"down": {"uv": [12.6875, 2.875, 12.75, 3], "texture": "#3"}
			}
		},
		{
			"from": [2.3, 24.75147, 6.15147],
			"to": [3.5, 27.15147, 6.75147],
			"rotation": {"angle": 0, "axis": "y", "origin": [3.5, 21.15147, 3.75147]},
			"faces": {
				"north": {"uv": [11.6875, 2.9375, 11.5625, 3.1875], "rotation": 180, "texture": "#3"},
				"east": {"uv": [12.4375, 3.625, 12.6875, 3.6875], "rotation": 270, "texture": "#3"},
				"south": {"uv": [11.6875, 2.875, 11.5625, 2.625], "texture": "#3"},
				"west": {"uv": [12.4375, 3.75, 12.6875, 3.8125], "rotation": 90, "texture": "#3"},
				"up": {"uv": [12.75, 1.3125, 12.875, 1.375], "rotation": 180, "texture": "#3"},
				"down": {"uv": [12.8125, 0.1875, 12.9375, 0.25], "texture": "#3"}
			}
		},
		{
			"from": [3.07573, 25.17574, 4.95147],
			"to": [3.07573, 26.37574, 6.15147],
			"rotation": {"angle": 0, "axis": "y", "origin": [3.07573, 27.57574, 4.35147]},
			"faces": {
				"north": {"uv": [11.5, 1.8125, 11.5, 1.9375], "rotation": 180, "texture": "#3"},
				"east": {"uv": [12.25, 3.875, 12.375, 4], "rotation": 270, "texture": "#3"},
				"south": {"uv": [11.3125, 3.125, 11.3125, 3], "texture": "#3"},
				"west": {"uv": [12.25, 4.0625, 12.375, 4.1875], "rotation": 90, "texture": "#3"},
				"up": {"uv": [8.9375, 3.25, 8.9375, 3.375], "rotation": 180, "texture": "#3"},
				"down": {"uv": [11.25, 1.625, 11.25, 1.75], "texture": "#3"}
			}
		},
		{
			"from": [2.72427, 25.17574, 4.95147],
			"to": [2.72427, 26.37574, 6.15147],
			"rotation": {"angle": 0, "axis": "y", "origin": [2.72427, 27.57574, 4.35147]},
			"faces": {
				"north": {"uv": [11.5, 1.8125, 11.5, 1.9375], "rotation": 180, "texture": "#3"},
				"east": {"uv": [12.375, 4.0625, 12.25, 4.1875], "rotation": 270, "texture": "#3"},
				"south": {"uv": [11.3125, 3.125, 11.3125, 3], "texture": "#3"},
				"west": {"uv": [12.375, 3.875, 12.25, 4], "rotation": 90, "texture": "#3"},
				"up": {"uv": [8.9375, 3.25, 8.9375, 3.375], "rotation": 180, "texture": "#3"},
				"down": {"uv": [11.25, 1.625, 11.25, 1.75], "texture": "#3"}
			}
		},
		{
			"from": [4.1, 26.2, 4.95147],
			"to": [4.1, 26.8, 6.15147],
			"rotation": {"angle": -45, "axis": "z", "origin": [3.5, 27.4, 4.35147]},
			"faces": {
				"north": {"uv": [8.9375, 3.125, 8.9375, 3.1875], "rotation": 180, "texture": "#3"},
				"east": {"uv": [12.6875, 2.3125, 12.75, 2.4375], "rotation": 270, "texture": "#3"},
				"south": {"uv": [8.9375, 3.0625, 8.9375, 3], "texture": "#3"},
				"west": {"uv": [12.6875, 2.5, 12.75, 2.625], "rotation": 90, "texture": "#3"},
				"up": {"uv": [8.9375, 2.625, 8.9375, 2.75], "rotation": 180, "texture": "#3"},
				"down": {"uv": [8.9375, 2.8125, 8.9375, 2.9375], "texture": "#3"}
			}
		},
		{
			"from": [2.3, 26.55147, 4.95147],
			"to": [3.5, 27.15147, 6.15147],
			"rotation": {"angle": 0, "axis": "y", "origin": [3.5, 27.15147, 4.35147]},
			"faces": {
				"north": {"uv": [12.8125, 1.4375, 12.6875, 1.5], "rotation": 180, "texture": "#3"},
				"east": {"uv": [12.6875, 0.5, 12.75, 0.625], "rotation": 270, "texture": "#3"},
				"south": {"uv": [12.8125, 0.9375, 12.6875, 0.875], "texture": "#3"},
				"west": {"uv": [12.6875, 0.6875, 12.75, 0.8125], "rotation": 90, "texture": "#3"},
				"up": {"uv": [12.25, 3.5, 12.375, 3.625], "rotation": 180, "texture": "#3"},
				"down": {"uv": [12.25, 3.6875, 12.375, 3.8125], "texture": "#3"}
			}
		},
		{
			"from": [2.3, 24.75147, 4.35147],
			"to": [3.5, 27.15147, 4.95147],
			"rotation": {"angle": 0, "axis": "y", "origin": [3.5, 21.15147, 1.95147]},
			"faces": {
				"north": {"uv": [9.625, 3.5625, 9.5, 3.8125], "rotation": 180, "texture": "#3"},
				"east": {"uv": [12.375, 0.8125, 12.625, 0.875], "rotation": 270, "texture": "#3"},
				"south": {"uv": [11.6875, 0.875, 11.5625, 0.625], "texture": "#3"},
				"west": {"uv": [12.375, 0.9375, 12.625, 1], "rotation": 90, "texture": "#3"},
				"up": {"uv": [12.75, 1.1875, 12.875, 1.25], "rotation": 180, "texture": "#3"},
				"down": {"uv": [9.3125, 4.75, 9.4375, 4.8125], "texture": "#3"}
			}
		},
		{
			"from": [1.7, 26.2, 4.95147],
			"to": [2.3, 26.8, 6.15147],
			"rotation": {"angle": 45, "axis": "z", "origin": [2.3, 27.4, 4.35147]},
			"faces": {
				"north": {"uv": [12.9375, 1.4375, 12.875, 1.5], "rotation": 180, "texture": "#3"},
				"east": {"uv": [12.6875, 1.75, 12.75, 1.875], "rotation": 270, "texture": "#3"},
				"south": {"uv": [9.375, 4.9375, 9.3125, 4.875], "texture": "#3"},
				"west": {"uv": [12.6875, 2.125, 12.75, 2.25], "rotation": 90, "texture": "#3"},
				"up": {"uv": [12.6875, 1.5625, 12.75, 1.6875], "rotation": 180, "texture": "#3"},
				"down": {"uv": [12.6875, 1.9375, 12.75, 2.0625], "texture": "#3"}
			}
		},
		{
			"from": [3.69706, 24.04853, 4.95147],
			"to": [4.29706, 25.24853, 6.15147],
			"rotation": {"angle": -45, "axis": "z", "origin": [3.69706, 26.44853, 4.35147]},
			"faces": {
				"north": {"uv": [8.4375, 4.75, 8.375, 4.875], "rotation": 180, "texture": "#3"},
				"east": {"uv": [12.375, 0.1875, 12.5, 0.3125], "rotation": 270, "texture": "#3"},
				"south": {"uv": [8.3125, 4.875, 8.25, 4.75], "texture": "#3"},
				"west": {"uv": [12.375, 0.375, 12.5, 0.5], "rotation": 90, "texture": "#3"},
				"up": {"uv": [12.6875, 4.0625, 12.75, 4.1875], "rotation": 180, "texture": "#3"},
				"down": {"uv": [12.6875, 4.625, 12.75, 4.75], "texture": "#3"}
			}
		},
		{
			"from": [3.32427, 28.24427, 5.85147],
			"to": [3.92427, 28.84427, 6.45147],
			"rotation": {"angle": -45, "axis": "z", "origin": [3.32427, 29.44427, 5.85147]},
			"faces": {
				"north": {"uv": [12.9375, 4.4375, 12.875, 4.5], "rotation": 180, "texture": "#3"},
				"east": {"uv": [12.875, 3.5625, 12.9375, 3.625], "rotation": 270, "texture": "#3"},
				"south": {"uv": [12.9375, 4.375, 12.875, 4.3125], "texture": "#3"},
				"west": {"uv": [12.875, 4.1875, 12.9375, 4.25], "rotation": 90, "texture": "#3"},
				"up": {"uv": [12.875, 3.4375, 12.9375, 3.5], "rotation": 180, "texture": "#3"},
				"down": {"uv": [12.875, 3.6875, 12.9375, 3.75], "texture": "#3"}
			}
		},
		{
			"from": [2.8994, 9.57147, 3.15147],
			"to": [2.8994, 30.57147, 8.55147],
			"rotation": {"angle": 0, "axis": "y", "origin": [2.8994, 29.97147, 4.95147]},
			"faces": {
				"north": {"uv": [9.5, 4.9375, 9.5, 7.125], "rotation": 180, "texture": "#3"},
				"east": {"uv": [8, 0, 10.1875, 0.5625], "rotation": 270, "texture": "#3"},
				"south": {"uv": [9.25, 7.125, 9.25, 4.9375], "texture": "#3"},
				"west": {"uv": [8, 0.625, 10.1875, 1.1875], "rotation": 90, "texture": "#3"},
				"up": {"uv": [9.4375, 4.875, 9.4375, 5.4375], "rotation": 180, "texture": "#3"},
				"down": {"uv": [9.1875, 4.9375, 9.1875, 5.5], "texture": "#3"}
			}
		},
		{
			"from": [2.15, 7.925, 4.775],
			"to": [3.65, 8.925, 6.775],
			"rotation": {"angle": 0, "axis": "y", "origin": [2.9, -0.575, 5.775]},
			"faces": {
				"north": {"uv": [0.25, 9, 0.5, 9.25], "texture": "#3"},
				"east": {"uv": [0, 9, 0.25, 9.25], "texture": "#3"},
				"south": {"uv": [0.75, 9, 1, 9.25], "texture": "#3"},
				"west": {"uv": [0.5, 9, 0.75, 9.25], "texture": "#3"},
				"up": {"uv": [0.5, 9, 0.25, 8.75], "texture": "#3"},
				"down": {"uv": [0.75, 8.75, 0.5, 9], "texture": "#3"}
			}
		},
		{
			"from": [2.4, 3.325, 5.275],
			"to": [3.4, 8.925, 6.275],
			"rotation": {"angle": 0, "axis": "y", "origin": [2.9, -0.575, 5.775]},
			"faces": {
				"north": {"uv": [3, 11, 3.25, 13.25], "texture": "#3"},
				"east": {"uv": [2.75, 11, 3, 13.25], "texture": "#3"},
				"south": {"uv": [3.5, 11, 3.75, 13.25], "texture": "#3"},
				"west": {"uv": [3.25, 11, 3.5, 13.25], "texture": "#3"},
				"up": {"uv": [3.25, 11, 3, 10.75], "texture": "#3"},
				"down": {"uv": [3.5, 10.75, 3.25, 11], "texture": "#3"}
			}
		},
		{
			"from": [1.89, 7.99635, 2.14664],
			"to": [3.91, 9.01635, 4.16664],
			"rotation": {"angle": -22.5, "axis": "x", "origin": [2.9, 8.50635, 1.65664]},
			"faces": {
				"north": {"uv": [4.25, 11.25, 4.75, 11.5], "texture": "#3"},
				"east": {"uv": [3.75, 11.25, 4.25, 11.5], "texture": "#3"},
				"south": {"uv": [5.25, 11.25, 5.75, 11.5], "texture": "#3"},
				"west": {"uv": [4.75, 11.25, 5.25, 11.5], "texture": "#3"},
				"up": {"uv": [4.75, 11.25, 4.25, 10.75], "texture": "#3"},
				"down": {"uv": [5.25, 10.75, 4.75, 11.25], "texture": "#3"}
			}
		},
		{
			"from": [1.89, 7.99635, 7.38336],
			"to": [3.91, 9.01635, 9.40336],
			"rotation": {"angle": 22.5, "axis": "x", "origin": [2.9, 8.50635, 9.89336]},
			"faces": {
				"north": {"uv": [3.5, 10.5, 4, 10.75], "texture": "#3"},
				"east": {"uv": [3, 10.5, 3.5, 10.75], "texture": "#3"},
				"south": {"uv": [4.5, 10.5, 5, 10.75], "texture": "#3"},
				"west": {"uv": [4, 10.5, 4.5, 10.75], "texture": "#3"},
				"up": {"uv": [4, 10.5, 3.5, 10], "texture": "#3"},
				"down": {"uv": [4.5, 10, 4, 10.5], "texture": "#3"}
			}
		},
		{
			"from": [1.88, 8.905, 3.755],
			"to": [3.92, 9.945, 7.795],
			"rotation": {"angle": 0, "axis": "y", "origin": [2.9, -0.575, 5.275]},
			"faces": {
				"north": {"uv": [3, 9, 3.5, 9.25], "texture": "#3"},
				"east": {"uv": [2, 9, 3, 9.25], "texture": "#3"},
				"south": {"uv": [4.5, 9, 5, 9.25], "texture": "#3"},
				"west": {"uv": [3.5, 9, 4.5, 9.25], "texture": "#3"},
				"up": {"uv": [3.5, 9, 3, 8], "texture": "#3"},
				"down": {"uv": [4, 8, 3.5, 9], "texture": "#3"}
			}
		},
		{
			"from": [1.37, 2.64, 4.135],
			"to": [4.61, 4.44, 7.375],
			"rotation": {"angle": 0, "axis": "y", "origin": [5.3, 0, 9.62]},
			"faces": {
				"north": {"uv": [1.125, 1.5, 2.25, 2.125], "texture": "#3"},
				"east": {"uv": [1.125, 1.5, 2.25, 2.125], "texture": "#3"},
				"south": {"uv": [1.125, 1.5, 2.25, 2.125], "texture": "#3"},
				"west": {"uv": [1.125, 1.5, 2.25, 2.125], "texture": "#3"},
				"up": {"uv": [2.25, 2.625, 3.375, 3.75], "texture": "#3"},
				"down": {"uv": [2.25, 1.5, 3.375, 2.625], "texture": "#3"}
			}
		}
	],
	"gui_light": "front",
	"display": {
		"thirdperson_righthand": {
			"rotation": [0, 2, 0],
			"translation": [6.5, -0.25, 4.25],
			"scale": [1.18, 1.18, 1.18]
		},
		"thirdperson_lefthand": {
			"rotation": [0, 12, 0],
			"translation": [-5.75, 0, 5.45],
			"scale": [1.16, 1.16, 1.16]
		},
		"firstperson_righthand": {
			"rotation": [-33.14, 4.85, 3.14],
			"translation": [6.5, 1.25, -1.25]
		},
		"firstperson_lefthand": {
			"rotation": [-26, -1, 0],
			"translation": [-3.25, 1.5, 0],
			"scale": [0.81, 0.81, 0.81]
		},
		"ground": {
			"rotation": [-37, -13, 0],
			"translation": [4.25, 3, 0],
			"scale": [0.63, 0.63, 0.63]
		},
		"gui": {
			"rotation": [-90, 47.25, 94],
			"translation": [3.5, -2, 0],
			"scale": [0.61, 0.61, 0.61]
		},
		"head": {
			"translation": [0, -32.5, 0],
			"scale": [1.34023, 1.34023, 1.34023]
		},
		"fixed": {
			"translation": [0, -3.25, -7.5]
		}
	},
	"groups": [
		{
			"name": "group",
			"origin": [1.715, -0.59957, 15.19957],
			"color": 0,
			"nbt": "{}",
			"armAnimationEnabled": false,
			"children": [
				0,
				1,
				2,
				3,
				4,
				5,
				6,
				7,
				8,
				9,
				10,
				11,
				12,
				13,
				14,
				15,
				16,
				17,
				18,
				19,
				20,
				21,
				22,
				23,
				24,
				25,
				26,
				27,
				28,
				29,
				30,
				31,
				32,
				33,
				34,
				35,
				36,
				37,
				38,
				39,
				40,
				41,
				42,
				43,
				44,
				45,
				46,
				47,
				48,
				49,
				50,
				51,
				52,
				53,
				54,
				55,
				56,
				57,
				58,
				59,
				60,
				61,
				62,
				63,
				64,
				65,
				66,
				67,
				68,
				69,
				70
			]
		}
	]
}