{
	"credit": "Made with Blockbench",
	"texture_size": [64, 64],
	"textures": {
		"10": "item/toucanupdate/toucan_pickaxe"
	},
	"elements": [
		{
			"from": [7, 15, 7],
			"to": [9, 18, 9],
			"rotation": {"angle": 0, "axis": "y", "origin": [7, -7, 0]},
			"faces": {
				"north": {"uv": [7, 2.5, 7.5, 3.25], "texture": "#10"},
				"east": {"uv": [7, 3.25, 7.5, 4], "texture": "#10"},
				"south": {"uv": [7, 4, 7.5, 4.75], "texture": "#10"},
				"west": {"uv": [7, 4.75, 7.5, 5.5], "texture": "#10"},
				"up": {"uv": [8, 2.75, 7.5, 2.25], "texture": "#10"},
				"down": {"uv": [8, 2.75, 7.5, 3.25], "texture": "#10"}
			}
		},
		{
			"from": [7, 4, 7],
			"to": [9, 7, 9],
			"rotation": {"angle": 0, "axis": "y", "origin": [7, -23, 0]},
			"faces": {
				"north": {"uv": [7, 5.5, 7.5, 6.25], "texture": "#10"},
				"east": {"uv": [7.25, 0, 7.75, 0.75], "texture": "#10"},
				"south": {"uv": [0.5, 7.25, 1, 8], "texture": "#10"},
				"west": {"uv": [1, 7.25, 1.5, 8], "texture": "#10"},
				"up": {"uv": [8, 3.75, 7.5, 3.25], "texture": "#10"},
				"down": {"uv": [8, 3.75, 7.5, 4.25], "texture": "#10"}
			}
		},
		{
			"from": [7.321, -12.44658, 7.25705],
			"to": [8.689, -11.11658, 8.77705],
			"rotation": {"angle": 22.5, "axis": "x", "origin": [8.005, -11.115, 8.025]},
			"faces": {
				"north": {"uv": [8.25, 1, 8.5625, 1.3125], "texture": "#10"},
				"east": {"uv": [8, 4.75, 8.375, 5.0625], "texture": "#10"},
				"south": {"uv": [1.5, 8.25, 1.8125, 8.5625], "texture": "#10"},
				"west": {"uv": [5.25, 8, 5.625, 8.3125], "texture": "#10"},
				"up": {"uv": [8.3125, 5.625, 8, 5.25], "texture": "#10"},
				"down": {"uv": [8.3125, 5.75, 8, 6.125], "texture": "#10"}
			}
		},
		{
			"from": [7.321, -12.44658, 7.27295],
			"to": [8.689, -11.11658, 8.79295],
			"rotation": {"angle": -22.5, "axis": "x", "origin": [8.005, -11.115, 8.025]},
			"faces": {
				"north": {"uv": [8.25, 1.5, 8.5625, 1.8125], "texture": "#10"},
				"east": {"uv": [6.25, 8, 6.625, 8.3125], "texture": "#10"},
				"south": {"uv": [2, 8.25, 2.3125, 8.5625], "texture": "#10"},
				"west": {"uv": [8, 6.25, 8.375, 6.5625], "texture": "#10"},
				"up": {"uv": [7.0625, 8.375, 6.75, 8], "texture": "#10"},
				"down": {"uv": [8.5625, 0, 8.25, 0.375], "texture": "#10"}
			}
		},
		{
			"from": [7.245, -12.635, 7.265],
			"to": [8.765, -10.735, 8.785],
			"rotation": {"angle": 0, "axis": "y", "origin": [8.005, -11.115, 8.025]},
			"faces": {
				"north": {"uv": [7.75, 7.25, 8.125, 7.75], "texture": "#10"},
				"east": {"uv": [7.75, 7.75, 8.125, 8.25], "texture": "#10"},
				"south": {"uv": [0, 8, 0.375, 8.5], "texture": "#10"},
				"west": {"uv": [0.5, 8, 0.875, 8.5], "texture": "#10"},
				"up": {"uv": [4.625, 8.375, 4.25, 8], "texture": "#10"},
				"down": {"uv": [8.375, 4.25, 8, 4.625], "texture": "#10"}
			}
		},
		{
			"from": [7.055, -10.925, 7.075],
			"to": [8.955, -10.545, 8.975],
			"rotation": {"angle": 0, "axis": "y", "origin": [8.005, -9.405, 8.025]},
			"faces": {
				"north": {"uv": [8.25, 3, 8.75, 3.125], "texture": "#10"},
				"east": {"uv": [3.25, 8.25, 3.75, 8.375], "texture": "#10"},
				"south": {"uv": [8.25, 3.25, 8.75, 3.375], "texture": "#10"},
				"west": {"uv": [8.25, 3.5, 8.75, 3.625], "texture": "#10"},
				"up": {"uv": [8, 4.75, 7.5, 4.25], "texture": "#10"},
				"down": {"uv": [8, 4.75, 7.5, 5.25], "texture": "#10"}
			}
		},
		{
			"from": [7.055, -6.175, 7.075],
			"to": [8.955, -5.795, 8.975],
			"rotation": {"angle": 0, "axis": "y", "origin": [8.005, -4.655, 8.025]},
			"faces": {
				"north": {"uv": [4.75, 8.25, 5.25, 8.375], "texture": "#10"},
				"east": {"uv": [5.75, 8.25, 6.25, 8.375], "texture": "#10"},
				"south": {"uv": [8.25, 6.75, 8.75, 6.875], "texture": "#10"},
				"west": {"uv": [8.25, 7, 8.75, 7.125], "texture": "#10"},
				"up": {"uv": [8, 5.75, 7.5, 5.25], "texture": "#10"},
				"down": {"uv": [8, 5.75, 7.5, 6.25], "texture": "#10"}
			}
		},
		{
			"from": [7.055, -8.455, 7.075],
			"to": [8.955, -8.075, 8.975],
			"rotation": {"angle": 0, "axis": "y", "origin": [8.005, -6.935, 8.025]},
			"faces": {
				"north": {"uv": [7.25, 8.25, 7.75, 8.375], "texture": "#10"},
				"east": {"uv": [8.25, 7.25, 8.75, 7.375], "texture": "#10"},
				"south": {"uv": [8.25, 7.5, 8.75, 7.625], "texture": "#10"},
				"west": {"uv": [7.75, 8.25, 8.25, 8.375], "texture": "#10"},
				"up": {"uv": [8.25, 0.5, 7.75, 0], "texture": "#10"},
				"down": {"uv": [2, 7.75, 1.5, 8.25], "texture": "#10"}
			}
		},
		{
			"from": [7.245, -10.925, 7.835],
			"to": [8.765, -6.175, 8.215],
			"rotation": {"angle": 0, "axis": "y", "origin": [8.005, -6.555, 8.025]},
			"faces": {
				"north": {"uv": [5.75, 6.5, 6.125, 7.6875], "texture": "#10"},
				"east": {"uv": [8, 1.25, 8.125, 2.4375], "texture": "#10"},
				"south": {"uv": [0, 6.75, 0.375, 7.9375], "texture": "#10"},
				"west": {"uv": [8, 2.5, 8.125, 3.6875], "texture": "#10"},
				"up": {"uv": [0.875, 8.625, 0.5, 8.5], "texture": "#10"},
				"down": {"uv": [8.875, 2.5, 8.5, 2.625], "texture": "#10"}
			}
		},
		{
			"from": [7.815, -5.795, 8.481],
			"to": [8.195, -4.845, 8.861],
			"rotation": {"angle": 45, "axis": "x", "origin": [8.005, -5.605, 7.341]},
			"faces": {
				"north": {"uv": [6.75, 1.25, 6.875, 1.5], "texture": "#10"},
				"east": {"uv": [8.5, 2.75, 8.625, 3], "texture": "#10"},
				"south": {"uv": [3.25, 8.5, 3.375, 8.75], "texture": "#10"},
				"west": {"uv": [3.5, 8.5, 3.625, 8.75], "texture": "#10"},
				"up": {"uv": [0.625, 8.875, 0.5, 8.75], "texture": "#10"},
				"down": {"uv": [8.875, 0.5, 8.75, 0.625], "texture": "#10"}
			}
		},
		{
			"from": [7.815, -8.075, 8.481],
			"to": [8.195, -7.125, 8.861],
			"rotation": {"angle": 45, "axis": "x", "origin": [8.005, -7.885, 7.341]},
			"faces": {
				"north": {"uv": [3.75, 8.5, 3.875, 8.75], "texture": "#10"},
				"east": {"uv": [8.5, 3.75, 8.625, 4], "texture": "#10"},
				"south": {"uv": [4, 8.5, 4.125, 8.75], "texture": "#10"},
				"west": {"uv": [8.5, 4, 8.625, 4.25], "texture": "#10"},
				"up": {"uv": [0.875, 8.875, 0.75, 8.75], "texture": "#10"},
				"down": {"uv": [8.875, 0.75, 8.75, 0.875], "texture": "#10"}
			}
		},
		{
			"from": [7.104, 18.994, 7.04575],
			"to": [8.886, 24.826, 8.82775],
			"rotation": {"angle": 0, "axis": "y", "origin": [15.285, 7.735, 16.64425]},
			"faces": {
				"north": {"uv": [5.75, 2, 6.1875, 3.4375], "texture": "#10"},
				"east": {"uv": [5.75, 3.5, 6.1875, 4.9375], "texture": "#10"},
				"south": {"uv": [5.75, 5, 6.1875, 6.4375], "texture": "#10"},
				"west": {"uv": [6.25, 0, 6.6875, 1.4375], "texture": "#10"},
				"up": {"uv": [8.1875, 7.1875, 7.75, 6.75], "texture": "#10"},
				"down": {"uv": [7.6875, 7.75, 7.25, 8.1875], "texture": "#10"}
			}
		},
		{
			"from": [6.375, 20.4925, 6.31675],
			"to": [9.615, 23.7325, 9.55675],
			"rotation": {"angle": -45, "axis": "x", "origin": [7.995, 22.1125, 7.93675]},
			"faces": {
				"north": {"uv": [5.25, 0, 6.0625, 0.8125], "texture": "#10"},
				"east": {"uv": [0.75, 5.25, 1.5625, 6.0625], "texture": "#10"},
				"south": {"uv": [5.25, 1, 6.0625, 1.8125], "texture": "#10"},
				"west": {"uv": [1.75, 5.5, 2.5625, 6.3125], "texture": "#10"},
				"up": {"uv": [3.5625, 6.3125, 2.75, 5.5], "texture": "#10"},
				"down": {"uv": [4.5625, 5.5, 3.75, 6.3125], "texture": "#10"}
			}
		},
		{
			"from": [7.995, 23.7325, 5.50675],
			"to": [7.995, 28.5925, 11.98675],
			"rotation": {"angle": 0, "axis": "y", "origin": [7.995, 22.1125, 7.93675]},
			"faces": {
				"north": {"uv": [0, 0, 0, 1.1875], "texture": "#10"},
				"east": {"uv": [2, 0, 3.625, 1.1875], "texture": "#10"},
				"south": {"uv": [0, 0, 0, 1.1875], "texture": "#10"},
				"west": {"uv": [2, 1.25, 3.625, 2.4375], "texture": "#10"},
				"up": {"uv": [0, 1.625, 0, 0], "texture": "#10"},
				"down": {"uv": [0, 0, 0, 1.625], "texture": "#10"}
			}
		},
		{
			"from": [6.78, 19.885, 8.74675],
			"to": [9.21, 23.935, 14.41675],
			"rotation": {"angle": 0, "axis": "y", "origin": [8.4, 21.505, 10.36675]},
			"faces": {
				"north": {"uv": [0.75, 6.25, 1.375, 7.25], "texture": "#10"},
				"east": {"uv": [2, 2.5, 3.4375, 3.5], "texture": "#10"},
				"south": {"uv": [6.25, 1.5, 6.875, 2.5], "texture": "#10"},
				"west": {"uv": [2, 3.5, 3.4375, 4.5], "texture": "#10"},
				"up": {"uv": [5.625, 3.4375, 5, 2], "texture": "#10"},
				"down": {"uv": [5.625, 3.5, 5, 4.9375], "texture": "#10"}
			}
		},
		{
			"from": [7.185, 18.265, 12.99925],
			"to": [8.805, 21.505, 18.66925],
			"rotation": {"angle": 22.5, "axis": "x", "origin": [7.995, 21.1, 19.07425]},
			"faces": {
				"north": {"uv": [2.5, 7.25, 2.875, 8.0625], "texture": "#10"},
				"east": {"uv": [3.75, 0, 5.1875, 0.8125], "texture": "#10"},
				"south": {"uv": [3, 7.25, 3.375, 8.0625], "texture": "#10"},
				"west": {"uv": [3.75, 1, 5.1875, 1.8125], "texture": "#10"},
				"up": {"uv": [4.125, 7.9375, 3.75, 6.5], "texture": "#10"},
				"down": {"uv": [4.625, 6.5, 4.25, 7.9375], "texture": "#10"}
			}
		},
		{
			"from": [7.59, 18.8725, 18.66925],
			"to": [8.4, 20.4925, 22.71925],
			"rotation": {"angle": 45, "axis": "x", "origin": [7.995, 21.1, 19.07425]},
			"faces": {
				"north": {"uv": [4.75, 2, 4.9375, 2.375], "texture": "#10"},
				"east": {"uv": [3.75, 2, 4.75, 2.375], "texture": "#10"},
				"south": {"uv": [0.5, 6.75, 0.6875, 7.125], "texture": "#10"},
				"west": {"uv": [7, 6.25, 8, 6.625], "texture": "#10"},
				"up": {"uv": [4.9375, 6.5, 4.75, 5.5], "texture": "#10"},
				"down": {"uv": [3.6875, 7.25, 3.5, 8.25], "texture": "#10"}
			}
		},
		{
			"from": [6.79, 19.885, 1.43325],
			"to": [9.22, 23.935, 7.10325],
			"rotation": {"angle": 0, "axis": "y", "origin": [7.6, 21.505, 5.48325]},
			"faces": {
				"north": {"uv": [6.25, 2.5, 6.875, 3.5], "texture": "#10"},
				"east": {"uv": [3.5, 2.5, 4.9375, 3.5], "texture": "#10"},
				"south": {"uv": [6.25, 3.5, 6.875, 4.5], "texture": "#10"},
				"west": {"uv": [3.5, 3.5, 4.9375, 4.5], "texture": "#10"},
				"up": {"uv": [5.625, 6.4375, 5, 5], "texture": "#10"},
				"down": {"uv": [0.625, 5.25, 0, 6.6875], "texture": "#10"}
			}
		},
		{
			"from": [7.195, 18.265, -2.81925],
			"to": [8.815, 21.505, 2.85075],
			"rotation": {"angle": -22.5, "axis": "x", "origin": [8.005, 21.1, -3.22425]},
			"faces": {
				"north": {"uv": [7.25, 6.75, 7.625, 7.5625], "texture": "#10"},
				"east": {"uv": [2, 4.5, 3.4375, 5.3125], "texture": "#10"},
				"south": {"uv": [7.5, 1.25, 7.875, 2.0625], "texture": "#10"},
				"west": {"uv": [3.5, 4.5, 4.9375, 5.3125], "texture": "#10"},
				"up": {"uv": [5.125, 7.9375, 4.75, 6.5], "texture": "#10"},
				"down": {"uv": [5.625, 6.5, 5.25, 7.9375], "texture": "#10"}
			}
		},
		{
			"from": [7.6, 18.8725, -6.86925],
			"to": [8.41, 20.4925, -2.81925],
			"rotation": {"angle": -45, "axis": "x", "origin": [8.005, 21.1, -3.22425]},
			"faces": {
				"north": {"uv": [8.25, 2.5, 8.4375, 2.875], "texture": "#10"},
				"east": {"uv": [7.25, 0.75, 8.25, 1.125], "texture": "#10"},
				"south": {"uv": [3, 8.25, 3.1875, 8.625], "texture": "#10"},
				"west": {"uv": [1.5, 7.25, 2.5, 7.625], "texture": "#10"},
				"up": {"uv": [1.1875, 9, 1, 8], "texture": "#10"},
				"down": {"uv": [1.4375, 8, 1.25, 9], "texture": "#10"}
			}
		},
		{
			"from": [7.815, -7.73919, 7.22239],
			"to": [8.195, -7.35919, 8.17239],
			"rotation": {"angle": -45, "axis": "x", "origin": [8.005, -7.885, 8.063]},
			"faces": {
				"north": {"uv": [8.75, 1, 8.875, 1.125], "texture": "#10"},
				"east": {"uv": [4.25, 8.5, 4.5, 8.625], "texture": "#10"},
				"south": {"uv": [8.75, 1.25, 8.875, 1.375], "texture": "#10"},
				"west": {"uv": [8.5, 4.25, 8.75, 4.375], "texture": "#10"},
				"up": {"uv": [4.625, 8.75, 4.5, 8.5], "texture": "#10"},
				"down": {"uv": [8.625, 4.5, 8.5, 4.75], "texture": "#10"}
			}
		},
		{
			"from": [7.815, -10.17119, 7.22239],
			"to": [8.195, -9.79119, 8.17239],
			"rotation": {"angle": -45, "axis": "x", "origin": [8.005, -10.317, 8.063]},
			"faces": {
				"north": {"uv": [1.5, 8.75, 1.625, 8.875], "texture": "#10"},
				"east": {"uv": [4.75, 8.5, 5, 8.625], "texture": "#10"},
				"south": {"uv": [8.75, 1.5, 8.875, 1.625], "texture": "#10"},
				"west": {"uv": [8.5, 4.75, 8.75, 4.875], "texture": "#10"},
				"up": {"uv": [5.125, 8.75, 5, 8.5], "texture": "#10"},
				"down": {"uv": [8.625, 5, 8.5, 5.25], "texture": "#10"}
			}
		},
		{
			"from": [7.815, -10.583, 8.481],
			"to": [8.195, -9.633, 8.861],
			"rotation": {"angle": 45, "axis": "x", "origin": [8.005, -10.393, 7.341]},
			"faces": {
				"north": {"uv": [5.25, 8.5, 5.375, 8.75], "texture": "#10"},
				"east": {"uv": [8.5, 5.25, 8.625, 5.5], "texture": "#10"},
				"south": {"uv": [5.5, 8.5, 5.625, 8.75], "texture": "#10"},
				"west": {"uv": [8.5, 5.5, 8.625, 5.75], "texture": "#10"},
				"up": {"uv": [1.875, 8.875, 1.75, 8.75], "texture": "#10"},
				"down": {"uv": [8.875, 1.75, 8.75, 1.875], "texture": "#10"}
			}
		},
		{
			"from": [7.075, -5.125, 7.025],
			"to": [8.925, -4.125, 8.975],
			"rotation": {"angle": 0, "axis": "y", "origin": [8.125, -3.125, 8]},
			"faces": {
				"north": {"uv": [8.25, 0.5, 8.6875, 0.75], "texture": "#10"},
				"east": {"uv": [7.75, 0.5, 8.25, 0.75], "texture": "#10"},
				"south": {"uv": [8.25, 0.75, 8.6875, 1], "texture": "#10"},
				"west": {"uv": [4.75, 8, 5.25, 8.25], "texture": "#10"},
				"up": {"uv": [2.4375, 8.25, 2, 7.75], "texture": "#10"},
				"down": {"uv": [6.1875, 7.75, 5.75, 8.25], "texture": "#10"}
			}
		},
		{
			"from": [7.815, -5.795, 7.189],
			"to": [8.195, -4.845, 7.569],
			"rotation": {"angle": -45, "axis": "x", "origin": [8.005, -5.605, 8.709]},
			"faces": {
				"north": {"uv": [5.75, 8.5, 5.875, 8.75], "texture": "#10"},
				"east": {"uv": [8.5, 5.75, 8.625, 6], "texture": "#10"},
				"south": {"uv": [6, 8.5, 6.125, 8.75], "texture": "#10"},
				"west": {"uv": [8.5, 6, 8.625, 6.25], "texture": "#10"},
				"up": {"uv": [2.125, 8.875, 2, 8.75], "texture": "#10"},
				"down": {"uv": [8.875, 2, 8.75, 2.125], "texture": "#10"}
			}
		},
		{
			"from": [7.815, -8.075, 7.189],
			"to": [8.195, -7.125, 7.569],
			"rotation": {"angle": -45, "axis": "x", "origin": [8.005, -7.885, 8.709]},
			"faces": {
				"north": {"uv": [6.25, 8.5, 6.375, 8.75], "texture": "#10"},
				"east": {"uv": [8.5, 6.25, 8.625, 6.5], "texture": "#10"},
				"south": {"uv": [6.5, 8.5, 6.625, 8.75], "texture": "#10"},
				"west": {"uv": [8.5, 6.5, 8.625, 6.75], "texture": "#10"},
				"up": {"uv": [2.375, 8.875, 2.25, 8.75], "texture": "#10"},
				"down": {"uv": [8.875, 2.25, 8.75, 2.375], "texture": "#10"}
			}
		},
		{
			"from": [7.815, -8.67187, 8.15507],
			"to": [8.195, -7.72187, 8.53507],
			"rotation": {"angle": -45, "axis": "x", "origin": [8.005, -7.885, 8.063]},
			"faces": {
				"north": {"uv": [6.75, 8.5, 6.875, 8.75], "texture": "#10"},
				"east": {"uv": [7, 8.5, 7.125, 8.75], "texture": "#10"},
				"south": {"uv": [7.25, 8.5, 7.375, 8.75], "texture": "#10"},
				"west": {"uv": [7.5, 8.5, 7.625, 8.75], "texture": "#10"},
				"up": {"uv": [2.625, 8.875, 2.5, 8.75], "texture": "#10"},
				"down": {"uv": [2.875, 8.75, 2.75, 8.875], "texture": "#10"}
			}
		},
		{
			"from": [7.815, -11.10387, 8.15507],
			"to": [8.195, -10.15387, 8.53507],
			"rotation": {"angle": -45, "axis": "x", "origin": [8.005, -10.317, 8.063]},
			"faces": {
				"north": {"uv": [7.75, 8.5, 7.875, 8.75], "texture": "#10"},
				"east": {"uv": [8, 8.5, 8.125, 8.75], "texture": "#10"},
				"south": {"uv": [8.25, 8.5, 8.375, 8.75], "texture": "#10"},
				"west": {"uv": [8.5, 8.5, 8.625, 8.75], "texture": "#10"},
				"up": {"uv": [8.875, 2.875, 8.75, 2.75], "texture": "#10"},
				"down": {"uv": [3.125, 8.75, 3, 8.875], "texture": "#10"}
			}
		},
		{
			"from": [7.815, -10.583, 7.189],
			"to": [8.195, -9.633, 7.569],
			"rotation": {"angle": -45, "axis": "x", "origin": [8.005, -10.393, 8.709]},
			"faces": {
				"north": {"uv": [0, 8.75, 0.125, 9], "texture": "#10"},
				"east": {"uv": [8.75, 0, 8.875, 0.25], "texture": "#10"},
				"south": {"uv": [0.25, 8.75, 0.375, 9], "texture": "#10"},
				"west": {"uv": [8.75, 0.25, 8.875, 0.5], "texture": "#10"},
				"up": {"uv": [8.875, 3.125, 8.75, 3], "texture": "#10"},
				"down": {"uv": [3.375, 8.75, 3.25, 8.875], "texture": "#10"}
			}
		},
		{
			"from": [7.435, -10.925, 7.455],
			"to": [8.575, -5.985, 8.595],
			"rotation": {"angle": 0, "axis": "y", "origin": [8.005, -9.215, 8.025]},
			"faces": {
				"north": {"uv": [6.75, 0, 7.0625, 1.25], "texture": "#10"},
				"east": {"uv": [6.25, 6.75, 6.5625, 8], "texture": "#10"},
				"south": {"uv": [6.75, 6.75, 7.0625, 8], "texture": "#10"},
				"west": {"uv": [7, 1.25, 7.3125, 2.5], "texture": "#10"},
				"up": {"uv": [8.5625, 2.3125, 8.25, 2], "texture": "#10"},
				"down": {"uv": [2.8125, 8.25, 2.5, 8.5625], "texture": "#10"}
			}
		},
		{
			"from": [7.435, -12.5698, 8.7198],
			"to": [8.575, -11.8098, 9.4798],
			"rotation": {"angle": 45, "axis": "x", "origin": [8.005, -11.115, 8.025]},
			"faces": {
				"north": {"uv": [8.25, 7.75, 8.5625, 7.9375], "texture": "#10"},
				"east": {"uv": [1.75, 5.25, 1.9375, 5.4375], "texture": "#10"},
				"south": {"uv": [8.25, 8, 8.5625, 8.1875], "texture": "#10"},
				"west": {"uv": [1.5, 6.25, 1.6875, 6.4375], "texture": "#10"},
				"up": {"uv": [8.5625, 8.4375, 8.25, 8.25], "texture": "#10"},
				"down": {"uv": [0.3125, 8.5, 0, 8.6875], "texture": "#10"}
			}
		},
		{
			"from": [7.25, -6, 7.25],
			"to": [8.75, 15, 8.75],
			"rotation": {"angle": 0, "axis": "y", "origin": [7, -7, 0]},
			"faces": {
				"north": {"uv": [0, 0, 0.375, 5.25], "texture": "#10"},
				"east": {"uv": [0.5, 0, 0.875, 5.25], "texture": "#10"},
				"south": {"uv": [1, 0, 1.375, 5.25], "texture": "#10"},
				"west": {"uv": [1.5, 0, 1.875, 5.25], "texture": "#10"},
				"up": {"uv": [4.125, 8.375, 3.75, 8], "texture": "#10"},
				"down": {"uv": [8.375, 3.75, 8, 4.125], "texture": "#10"}
			}
		},
		{
			"from": [6.5, 18, 6.5],
			"to": [9.5, 21, 9.5],
			"rotation": {"angle": 0, "axis": "y", "origin": [7, -4, 0]},
			"faces": {
				"north": {"uv": [6.25, 4.5, 7, 5.25], "texture": "#10"},
				"east": {"uv": [6.25, 5.25, 7, 6], "texture": "#10"},
				"south": {"uv": [6.25, 6, 7, 6.75], "texture": "#10"},
				"west": {"uv": [1.5, 6.5, 2.25, 7.25], "texture": "#10"},
				"up": {"uv": [3, 7.25, 2.25, 6.5], "texture": "#10"},
				"down": {"uv": [3.75, 6.5, 3, 7.25], "texture": "#10"}
			}
		}
	],
	"gui_light": "front",
	"display": {
		"thirdperson_righthand": {
			"rotation": [0, -168, 0],
			"translation": [0, 1.75, 1.75],
			"scale": [0.51, 0.51, 0.51]
		},
		"thirdperson_lefthand": {
			"rotation": [0, 28, 0],
			"translation": [0, 5, 1.75],
			"scale": [0.59, 0.59, 0.59]
		},
		"firstperson_righthand": {
			"rotation": [-9, -11, 0],
			"translation": [2.25, -2.75, -3.5],
			"scale": [0.8, 0.8, 0.8]
		},
		"firstperson_lefthand": {
			"rotation": [-29, 11, 0],
			"translation": [-0.25, -4.5, -2],
			"scale": [0.8, 0.8, 0.8]
		},
		"ground": {
			"rotation": [-78, 58, 0],
			"translation": [0, 1.25, 0],
			"scale": [0.41, 0.41, 0.41]
		},
		"gui": {
			"rotation": [-48, 37, 58],
			"translation": [0.25, -0.25, 0],
			"scale": [0.44, 0.44, 0.44]
		},
		"head": {
			"scale": [1, 1, -1]
		},
		"fixed": {
			"rotation": [0, -180, -45],
			"translation": [0, 0, -1.75]
		}
	},
	"groups": [
		{
			"name": "group",
			"origin": [8.5, 21, 10.5],
			"color": 0,
			"nbt": "{}",
			"armAnimationEnabled": false,
			"children": [0, 1, 2, 3, 4, 5, 6, 7, 8, 9, 10, 11, 12, 13, 14, 15, 16, 17, 18, 19, 20, 21, 22, 23, 24, 25, 26, 27, 28, 29, 30, 31, 32]
		}
	]
}