{
	"credit": "Made with Blockbench",
	"ambientocclusion": false,
	"texture_size": [32, 32],
	"textures": {
		"6": "item/legoupdate/green_lego_sword2"
	},
	"elements": [
		{
			"from": [6.85688, -5.00475, 8.32988],
			"to": [9.14313, -4.31887, 10.61613],
			"rotation": {"angle": 0, "axis": "y", "origin": [14.4015, 9.83088, 13.487]},
			"faces": {
				"north": {"uv": [13.5, 3, 14.625, 3.375], "texture": "#6"},
				"east": {"uv": [13.5, 3.5, 14.625, 3.875], "texture": "#6"},
				"south": {"uv": [13.5, 4, 14.625, 4.375], "texture": "#6"},
				"west": {"uv": [13.5, 4.5, 14.625, 4.875], "texture": "#6"},
				"up": {"uv": [13.125, 11.625, 12, 10.5], "texture": "#6"},
				"down": {"uv": [13.125, 12, 12, 13.125], "texture": "#6"}
			}
		},
		{
			"from": [7.0855, -3.95012, 8.5585],
			"to": [8.9145, 0.62237, 10.3875],
			"rotation": {"angle": 0, "axis": "y", "origin": [14.4015, -2.51487, 13.487]},
			"faces": {
				"north": {"uv": [7.5, 6, 8.375, 8.25], "texture": "#6"},
				"east": {"uv": [8.5, 6, 9.375, 8.25], "texture": "#6"},
				"south": {"uv": [7.5, 8.5, 8.375, 10.75], "texture": "#6"},
				"west": {"uv": [8.5, 8.5, 9.375, 10.75], "texture": "#6"},
				"up": {"uv": [13.375, 9.375, 12.5, 8.5], "texture": "#6"},
				"down": {"uv": [10.375, 12.5, 9.5, 13.375], "texture": "#6"}
			}
		},
		{
			"from": [7.31413, 0.62237, 8.78713],
			"to": [8.68588, 2.45137, 10.15888],
			"rotation": {"angle": 0, "axis": "y", "origin": [14.4015, -0.68587, 13.487]},
			"faces": {
				"north": {"uv": [12.5, 9.5, 13.125, 10.375], "texture": "#6"},
				"east": {"uv": [13, 6, 13.625, 6.875], "texture": "#6"},
				"south": {"uv": [11, 13, 11.625, 13.875], "texture": "#6"},
				"west": {"uv": [13.5, 2, 14.125, 2.875], "texture": "#6"},
				"up": {"uv": [14.125, 5.625, 13.5, 5], "texture": "#6"},
				"down": {"uv": [14.125, 7, 13.5, 7.625], "texture": "#6"}
			}
		},
		{
			"from": [7.31413, -5.23337, 8.78713],
			"to": [8.68588, -2.63737, 10.15888],
			"rotation": {"angle": 0, "axis": "y", "origin": [14.4015, -8.91637, 13.487]},
			"faces": {
				"north": {"uv": [5, 12.5, 5.625, 13.75], "texture": "#6"},
				"east": {"uv": [12.5, 7, 13.125, 8.25], "texture": "#6"},
				"south": {"uv": [7.5, 12.5, 8.125, 13.75], "texture": "#6"},
				"west": {"uv": [8.5, 12.5, 9.125, 13.75], "texture": "#6"},
				"up": {"uv": [14.125, 8.625, 13.5, 8], "texture": "#6"},
				"down": {"uv": [14.125, 9, 13.5, 9.625], "texture": "#6"}
			}
		},
		{
			"from": [6.62825, -7.291, 8.10125],
			"to": [9.37175, -5.23337, 10.84475],
			"rotation": {"angle": 0, "axis": "y", "origin": [14.4015, 7.54462, 13.487]},
			"faces": {
				"north": {"uv": [11, 9.5, 12.375, 10.5], "texture": "#6"},
				"east": {"uv": [10.5, 11, 11.875, 12], "texture": "#6"},
				"south": {"uv": [5, 11.5, 6.375, 12.5], "texture": "#6"},
				"west": {"uv": [10.5, 12, 11.875, 13], "texture": "#6"},
				"up": {"uv": [10.875, 3.375, 9.5, 2], "texture": "#6"},
				"down": {"uv": [10.875, 3.5, 9.5, 4.875], "texture": "#6"}
			}
		},
		{
			"from": [6.75, 2.2, 4.625],
			"to": [9.25, 4.2, 14.625],
			"rotation": {"angle": 0, "axis": "y", "origin": [0, -7.8, 1.625]},
			"faces": {
				"north": {"uv": [12.5, 0, 13.75, 1], "texture": "#6"},
				"east": {"uv": [7.5, 0, 12.5, 1], "texture": "#6"},
				"south": {"uv": [12.5, 1, 13.75, 2], "texture": "#6"},
				"west": {"uv": [7.5, 1, 12.5, 2], "texture": "#6"},
				"up": {"uv": [6.25, 5, 5, 0], "texture": "#6"},
				"down": {"uv": [6.25, 5, 5, 10], "texture": "#6"}
			}
		},
		{
			"from": [6.5, -3.55, 17.375],
			"to": [9.5, -1.05, 19.875],
			"rotation": {"angle": -45, "axis": "x", "origin": [8.0096, -5.29998, 9.61538]},
			"faces": {
				"north": {"uv": [9.5, 5, 11, 6.25], "texture": "#6"},
				"east": {"uv": [11, 6.5, 12.25, 7.75], "texture": "#6"},
				"south": {"uv": [9.5, 6.5, 11, 7.75], "texture": "#6"},
				"west": {"uv": [7.5, 11, 8.75, 12.25], "texture": "#6"},
				"up": {"uv": [11, 9.25, 9.5, 8], "texture": "#6"},
				"down": {"uv": [11, 9.5, 9.5, 10.75], "texture": "#6"}
			}
		},
		{
			"from": [6.5, 2.19036, 4.24504],
			"to": [9.5, 4.69036, 6.74504],
			"rotation": {"angle": -45, "axis": "x", "origin": [7.98799, 3.19886, 5.74396]},
			"faces": {
				"north": {"uv": [5, 10, 6.5, 11.25], "texture": "#6"},
				"east": {"uv": [11, 8, 12.25, 9.25], "texture": "#6"},
				"south": {"uv": [11, 2, 12.5, 3.25], "texture": "#6"},
				"west": {"uv": [9, 11, 10.25, 12.25], "texture": "#6"},
				"up": {"uv": [12.5, 4.75, 11, 3.5], "texture": "#6"},
				"down": {"uv": [12.5, 5, 11, 6.25], "texture": "#6"}
			}
		},
		{
			"from": [7.69087, 26.85906, 4.87831],
			"to": [8.45338, 30.18738, 8.08081],
			"rotation": {"angle": -45, "axis": "x", "origin": [7.30963, 32.31856, 7.62331]},
			"faces": {
				"north": {"uv": [6, 12.5, 6.375, 14.125], "texture": "#6"},
				"east": {"uv": [7.5, 2, 9.125, 3.625], "texture": "#6"},
				"south": {"uv": [13, 2, 13.375, 3.625], "texture": "#6"},
				"west": {"uv": [7.5, 4, 9.125, 5.625], "texture": "#6"},
				"up": {"uv": [13.375, 5.625, 13, 4], "texture": "#6"},
				"down": {"uv": [10.875, 13, 10.5, 14.625], "texture": "#6"}
			}
		},
		{
			"from": [7.64512, -0.77574, 7.14876],
			"to": [8.49913, 28.84538, 11.81526],
			"rotation": {"angle": 0, "axis": "y", "origin": [8.07213, 15.70951, 9.23801]},
			"faces": {
				"north": {"uv": [6.5, 0, 6.875, 14.75], "texture": "#6"},
				"east": {"uv": [0, 0, 2.375, 14.75], "texture": "#6"},
				"south": {"uv": [7, 0, 7.375, 14.75], "texture": "#6"},
				"west": {"uv": [2.5, 0, 4.875, 14.75], "texture": "#6"},
				"up": {"uv": [12.875, 4.375, 12.5, 2], "texture": "#6"},
				"down": {"uv": [12.875, 4.5, 12.5, 6.875], "texture": "#6"}
			}
		}
	],
	"gui_light": "front",
	"display": {
		"thirdperson_righthand": {
			"translation": [0, 7, 1],
			"scale": [0.91, 0.91, 0.91]
		},
		"thirdperson_lefthand": {
			"translation": [0, 7, 1],
			"scale": [0.91, 0.91, 0.91]
		},
		"firstperson_righthand": {
			"rotation": [-28, 0, 0],
			"translation": [4.25, 2.75, -6.75],
			"scale": [0.91, 0.91, 0.91]
		},
		"firstperson_lefthand": {
			"rotation": [-28, 0, 0],
			"translation": [4.25, 2.75, -6.75],
			"scale": [0.91, 0.91, 0.91]
		},
		"ground": {
			"translation": [0, 4.75, 0],
			"scale": [0.55, 0.55, 0.55]
		},
		"gui": {
			"rotation": [90, -136, 90],
			"translation": [-1, -2, 0],
			"scale": [0.5, 0.5, 0.5]
		},
		"head": {
			"rotation": [0, 0, 53],
			"translation": [5.5, -18.75, 5.25]
		},
		"fixed": {
			"rotation": [-90, 137, 90],
			"translation": [-2.25, -0.25, 0.5],
			"scale": [0.66, 0.66, 0.66]
		}
	},
	"groups": [
		{
			"name": "group",
			"origin": [18.85, 12.7875, 17.3],
			"color": 0,
			"nbt": "{}",
			"armAnimationEnabled": false,
			"children": [0, 1, 2, 3, 4]
		},
		{
			"name": "group",
			"origin": [1.45423, 30.32006, 8.45106],
			"color": 0,
			"nbt": "{}",
			"armAnimationEnabled": false,
			"children": [5, 6, 7]
		},
		{
			"name": "group",
			"origin": [15.75, 4.98307, 7.65119],
			"color": 0,
			"nbt": "{}",
			"armAnimationEnabled": false,
			"children": [8, 9]
		}
	]
}