{"custom_model_data": 00066,
"credit":"Made with Blockbench","texture_size":[32,32],"textures":{"0":"waffle_set:choco_waffle_sword","1":"waffle_set:choco_waffle_hoe","particle":"waffle_set:choco_waffle_sword"},"elements":[{"from":[7.76833,0.01082,7.72544],"to":[9.01833,8.01082,8.97544],"rotation":{"angle":-45,"axis":"y","origin":[8,14,8]},"faces":{"north":{"uv":[6,4,6.625,8],"texture":"#1"},"east":{"uv":[0,7,0.625,11],"texture":"#1"},"south":{"uv":[7,0,7.625,4],"texture":"#1"},"west":{"uv":[6,0,6.625,4],"texture":"#1"},"up":{"uv":[9.125,7.625,8.5,7],"rotation":270,"texture":"#1"},"down":{"uv":[1.625,9,1,9.625],"rotation":90,"texture":"#1"}}},{"from":[7.75,0.97814,10.36194],"to":[7.75,8.47814,12.91194],"rotation":{"angle":-22.5,"axis":"x","origin":[8,4.22814,11.38694]},"faces":{"north":{"uv":[0,0.5,0.5,1],"rotation":90,"texture":"#1"},"east":{"uv":[10.875,3.5,11.15,3.75],"texture":"#1"},"south":{"uv":[0,0,0.5,0.5],"rotation":270,"texture":"#1"},"west":{"uv":[9.875,0,11.15,3.75],"texture":"#1"},"up":{"uv":[0,0.5,0.5,1],"texture":"#1"},"down":{"uv":[1,0,1.475,0.65],"rotation":180,"texture":"#1"}}},{"from":[8.25,0.97814,10.36194],"to":[8.25,8.47814,12.91194],"rotation":{"angle":-22.5,"axis":"x","origin":[8,4.22814,11.38694]},"faces":{"north":{"uv":[0,0.5,0.5,1],"rotation":90,"texture":"#1"},"east":{"uv":[11.15,0,9.875,3.75],"texture":"#1"},"south":{"uv":[0,0,0.5,0.5],"rotation":270,"texture":"#1"},"west":{"uv":[10.875,3.5,11.15,3.75],"texture":"#1"},"up":{"uv":[0,0.5,0.5,1],"texture":"#1"},"down":{"uv":[1,0,1.475,0.65],"rotation":180,"texture":"#1"}}},{"from":[7.875,7.75,8.6],"to":[8.175,11.75,10.35],"rotation":{"angle":22.5,"axis":"x","origin":[8,10.5,10]},"faces":{"north":{"uv":[1.61875,0,1.5,2],"texture":"#1"},"east":{"uv":[2.375,0,1.5,2],"texture":"#1"},"south":{"uv":[2.49375,0,2.375,2],"texture":"#1"},"west":{"uv":[1.5,0,2.375,2],"texture":"#1"},"up":{"uv":[1.5,0.15,2.375,0],"rotation":90,"texture":"#1"},"down":{"uv":[1.5,0.15,2.375,0],"rotation":90,"texture":"#1"}}},{"from":[8.025,7.94801,-0.96176],"to":[8.025,14.99801,14.03824],"rotation":{"angle":0,"axis":"x","origin":[8.025,16.47301,1.03824]},"faces":{"north":{"uv":[0,0,0,3.025],"rotation":180,"texture":"#1"},"east":{"uv":[12.475,8.5,16,16],"rotation":90,"texture":"#1"},"south":{"uv":[0,0,0,3.025],"texture":"#1"},"west":{"uv":[12.475,16,16,8.5],"rotation":90,"texture":"#1"},"up":{"uv":[0,0,0,7.5],"texture":"#1"},"down":{"uv":[0,0,0,7.5],"rotation":180,"texture":"#1"}}},{"from":[6.875,4.7,8.6],"to":[6.875,7.2,10.1],"rotation":{"angle":22.5,"axis":"x","origin":[6.875,5.95,8.6]},"faces":{"north":{"uv":[0.5,0.75,0.75,1],"texture":"#1"},"east":{"uv":[0,3.5,0.75,4.75],"texture":"#1"},"south":{"uv":[0.5,0.75,0.75,1],"texture":"#1"},"west":{"uv":[0.75,3.5,0,4.75],"texture":"#1"},"up":{"uv":[0.75,0.75,0.5,1],"texture":"#1"},"down":{"uv":[0.75,0.75,0.5,1],"texture":"#1"}}},{"from":[6.875,4.7,7.15],"to":[6.875,7.2,8.65],"rotation":{"angle":-22.5,"axis":"x","origin":[6.875,5.95,8.65]},"faces":{"north":{"uv":[0.75,0.75,0.5,1],"texture":"#1"},"east":{"uv":[0.75,3.5,0,4.75],"texture":"#1"},"south":{"uv":[0.75,0.75,0.5,1],"texture":"#1"},"west":{"uv":[0,3.5,0.75,4.75],"texture":"#1"},"up":{"uv":[0.75,1,0.5,0.75],"texture":"#1"},"down":{"uv":[0.75,1,0.5,0.75],"texture":"#1"}}},{"from":[6.675,5.7,8.4],"to":[7.175,6.2,8.9],"rotation":{"angle":0,"axis":"y","origin":[0,5.2,0]},"faces":{"north":{"uv":[0.75,0.75,0.5,1],"texture":"#1"},"east":{"uv":[0.5,0.75,0.75,1],"texture":"#1"},"south":{"uv":[0.75,0.75,0.5,1],"texture":"#1"},"west":{"uv":[0.5,0.75,0.75,1],"texture":"#1"},"up":{"uv":[0.75,1,0.5,0.75],"texture":"#1"},"down":{"uv":[0.75,1,0.5,0.75],"texture":"#1"}}},{"from":[8.925,4.7,7.05],"to":[8.925,7.2,8.55],"rotation":{"angle":-22.5,"axis":"x","origin":[8.925,5.95,8.55]},"faces":{"north":{"uv":[0.5,0.75,0.75,1],"texture":"#1"},"east":{"uv":[0.75,3.5,0,4.75],"texture":"#1"},"south":{"uv":[0.5,0.75,0.75,1],"texture":"#1"},"west":{"uv":[0.25,6,0,6.25],"texture":"#1"},"up":{"uv":[0.5,1,0.75,0.75],"texture":"#1"},"down":{"uv":[0.5,1,0.75,0.75],"texture":"#1"}}},{"from":[8.625,5.7,8.3],"to":[9.125,6.2,8.8],"rotation":{"angle":0,"axis":"y","origin":[15.8,5.2,-0.1]},"faces":{"north":{"uv":[0.5,0.75,0.75,1],"texture":"#1"},"east":{"uv":[0.75,0.75,0.5,1],"texture":"#1"},"south":{"uv":[0.5,0.75,0.75,1],"texture":"#1"},"west":{"uv":[0.75,0.75,0.5,1],"texture":"#1"},"up":{"uv":[0.5,1,0.75,0.75],"texture":"#1"},"down":{"uv":[0.5,1,0.75,0.75],"texture":"#1"}}},{"from":[8.925,4.7,8.5],"to":[8.925,7.2,10],"rotation":{"angle":22.5,"axis":"x","origin":[8.925,5.95,8.5]},"faces":{"north":{"uv":[0.75,0.75,0.5,1],"texture":"#1"},"east":{"uv":[0,3.5,0.75,4.75],"texture":"#1"},"south":{"uv":[0.75,0.75,0.5,1],"texture":"#1"},"west":{"uv":[0.25,6,0,6.25],"texture":"#1"},"up":{"uv":[0.5,0.75,0.75,1],"texture":"#1"},"down":{"uv":[0.5,0.75,0.75,1],"texture":"#1"}}},{"from":[7.5,8.46649,13.56981],"to":[8.5,9.46649,14.56981],"rotation":{"angle":22.5,"axis":"x","origin":[7.875,20.59149,9.56981]},"faces":{"north":{"uv":[0.5,0.5,0,0],"texture":"#0"},"east":{"uv":[0,0,0.5,0.5],"texture":"#0"},"south":{"uv":[0,0.5,0.5,0],"texture":"#0"},"west":{"uv":[0,0.5,0.5,0],"texture":"#0"},"up":{"uv":[0,0.5,0.5,0],"texture":"#0"},"down":{"uv":[0,0.5,0.5,0],"texture":"#0"}}},{"from":[8.25,9.21649,13.06981],"to":[8.25,11.21649,15.06981],"rotation":{"angle":22.5,"axis":"x","origin":[8.375,20.59149,9.56981]},"faces":{"north":{"uv":[0,0,1,1],"texture":"#missing"},"east":{"uv":[0,1,1,2],"texture":"#0"},"south":{"uv":[0,2,0,1],"rotation":180,"texture":"#missing"},"west":{"uv":[1,1,0,2],"texture":"#0"},"up":{"uv":[0,2,1,1],"rotation":90,"texture":"#missing"},"down":{"uv":[0,2,1,1],"rotation":270,"texture":"#missing"}}},{"from":[8.25,9.06649,2.18019],"to":[8.25,11.06649,4.18019],"rotation":{"angle":-22.5,"axis":"x","origin":[8.375,20.59149,6.43019]},"faces":{"north":{"uv":[0,2,0,1],"rotation":180,"texture":"#missing"},"east":{"uv":[1,1,0,2],"texture":"#0"},"south":{"uv":[1,0,0,1],"texture":"#missing"},"west":{"uv":[0,1,1,2],"texture":"#0"},"up":{"uv":[1,2,0,1],"rotation":90,"texture":"#missing"},"down":{"uv":[1,2,0,1],"rotation":270,"texture":"#missing"}}},{"from":[7.75,9.21649,13.06981],"to":[7.75,11.21649,15.06981],"rotation":{"angle":22.5,"axis":"x","origin":[7.875,20.59149,9.56981]},"faces":{"north":{"uv":[0,0,1,1],"texture":"#missing"},"east":{"uv":[0,1,1,2],"texture":"#0"},"south":{"uv":[0,2,0,1],"rotation":180,"texture":"#missing"},"west":{"uv":[1,1,0,2],"texture":"#0"},"up":{"uv":[0,2,1,1],"rotation":90,"texture":"#missing"},"down":{"uv":[0,2,1,1],"rotation":270,"texture":"#missing"}}},{"from":[7.75,9.06649,2.18019],"to":[7.75,11.06649,4.18019],"rotation":{"angle":-22.5,"axis":"x","origin":[7.875,20.59149,6.43019]},"faces":{"north":{"uv":[0,2,0,1],"rotation":180,"texture":"#missing"},"east":{"uv":[1,1,0,2],"texture":"#0"},"south":{"uv":[1,0,0,1],"texture":"#missing"},"west":{"uv":[0,1,1,2],"texture":"#0"},"up":{"uv":[1,2,0,1],"rotation":90,"texture":"#missing"},"down":{"uv":[1,2,0,1],"rotation":270,"texture":"#missing"}}},{"from":[7.5,8.31649,2.68019],"to":[8.5,9.31649,3.68019],"rotation":{"angle":-22.5,"axis":"x","origin":[7.875,20.59149,6.43019]},"faces":{"north":{"uv":[0.5,0.5,0,0],"texture":"#0"},"east":{"uv":[0.5,0,0,0.5],"texture":"#0"},"south":{"uv":[0,0.5,0.5,0],"texture":"#0"},"west":{"uv":[0.5,0.5,0,0],"texture":"#0"},"up":{"uv":[0,0,0.5,0.5],"texture":"#0"},"down":{"uv":[0,0,0.5,0.5],"texture":"#0"}}},{"from":[8.35,-2.26649,8.56981],"to":[8.35,-0.26649,10.56981],"rotation":{"angle":-22.5,"axis":"x","origin":[8.375,-4.59149,9.56981]},"faces":{"north":{"uv":[0,1,1,0],"texture":"#missing"},"east":{"uv":[0,2,1,1],"texture":"#0"},"south":{"uv":[0,1,0,2],"rotation":180,"texture":"#missing"},"west":{"uv":[1,2,0,1],"texture":"#0"},"up":{"uv":[1,2,0,1],"rotation":270,"texture":"#missing"},"down":{"uv":[1,2,0,1],"rotation":90,"texture":"#missing"}}},{"from":[7.6,-0.51649,6.18019],"to":[8.6,0.48351,7.18019],"rotation":{"angle":22.5,"axis":"x","origin":[7.875,-4.59149,6.43019]},"faces":{"north":{"uv":[0.5,0,0,0.5],"texture":"#0"},"east":{"uv":[0.5,0.5,0,0],"texture":"#0"},"south":{"uv":[0,0,0.5,0.5],"texture":"#0"},"west":{"uv":[0.5,0,0,0.5],"texture":"#0"},"up":{"uv":[0,0.5,0.5,0],"texture":"#0"},"down":{"uv":[0,0.5,0.5,0],"texture":"#0"}}}],"gui_light":"front","display":{"thirdperson_righthand":{"translation":[0,4.25,0],"scale":[1.25,1.25,1.25]},"thirdperson_lefthand":{"translation":[0,4.25,0],"scale":[1.25,1.25,1.25]},"firstperson_righthand":{"rotation":[-11.13,11.75,18.69],"translation":[3,3.75,-3.5],"scale":[1.35352,1.35352,1.35352]},"firstperson_lefthand":{"rotation":[-11.13,11.75,18.69],"translation":[3,3.75,-3.5],"scale":[1.35352,1.35352,1.35352]},"ground":{"rotation":[0,0,90],"translation":[-0.5,0,0.75]},"gui":{"rotation":[90,135,-90],"translation":[-0.75,0,-2],"scale":[0.98438,0.98438,0.98438]},"head":{"rotation":[-90,23.25,-90],"translation":[0,12.25,0],"scale":[1.5,1.5,1.5]},"fixed":{"rotation":[90,-90,90],"translation":[-0.5,4,-2],"scale":[2.75,2.75,2.75]}}}