{"custom_model_data": 00081,
"credit":"Made with Blockbench","texture_size":[32,32],"textures":{"0":"waffle_set:waffle_wearhead","1":"waffle_set:waffle_shield","2":"waffle_set:choco_waffle_sword","3":"waffle_set:waffle_axe","particle":"waffle_set:waffle_wearhead"},"elements":[{"from":[3,2,3],"to":[13,9,13],"faces":{"north":{"uv":[5,0,10,3.5],"texture":"#0"},"east":{"uv":[5,3.5,10,7],"texture":"#0"},"south":{"uv":[5,7,10,10.5],"texture":"#0"},"west":{"uv":[10,3.5,5,7],"texture":"#0"},"up":{"uv":[5,5,0,0],"texture":"#0"},"down":{"uv":[5,5,0,10],"texture":"#0"}}},{"from":[10,7,4],"to":[14.5,13,4.75],"rotation":{"angle":-22.5,"axis":"z","origin":[11.75,11,4.375]},"faces":{"north":{"uv":[2.25,5.25,4.5,8.25],"texture":"#1"},"east":{"uv":[4.5,5.25,5,8.25],"texture":"#1"},"south":{"uv":[2.25,5.25,4.5,8.25],"texture":"#1"},"west":{"uv":[4.5,5.25,5,8.25],"texture":"#1"},"up":{"uv":[4.75,5.25,7.25,5.75],"texture":"#1"},"down":{"uv":[4.75,5.25,7.25,5.75],"texture":"#1"}}},{"from":[9.09724,8.48202,5],"to":[13.59724,14.48202,5.75],"rotation":{"angle":22.5,"axis":"y","origin":[12.34724,10.48202,8.375]},"faces":{"north":{"uv":[2.25,5.25,4.5,8.25],"texture":"#1"},"east":{"uv":[4.5,5.25,5,8.25],"texture":"#1"},"south":{"uv":[2.25,5.25,4.5,8.25],"texture":"#1"},"west":{"uv":[4.5,5.25,5,8.25],"texture":"#1"},"up":{"uv":[4.75,5.25,7.25,5.75],"texture":"#1"},"down":{"uv":[4.75,5.25,7.25,5.75],"texture":"#1"}}},{"from":[7.83196,9.84653,4.95],"to":[9.83196,11.84653,4.95],"rotation":{"angle":22.5,"axis":"z","origin":[8.82123,10.10866,5.075]},"faces":{"north":{"uv":[0,2,1,1],"rotation":180,"texture":"#3"},"east":{"uv":[0,0,0.5,0.5],"texture":"#3"},"south":{"uv":[0,1,1,2],"texture":"#3"},"west":{"uv":[0,1,0.5,0.5],"rotation":180,"texture":"#3"},"up":{"uv":[0,1,0.5,0.5],"rotation":180,"texture":"#3"},"down":{"uv":[0,1,0.5,0.5],"rotation":180,"texture":"#3"}}},{"from":[8.1007,9.14593,5.05],"to":[10.1007,11.14593,5.05],"rotation":{"angle":-22.5,"axis":"z","origin":[8.82123,10.10866,5.075]},"faces":{"north":{"uv":[1,2.875,0,1.875],"rotation":270,"texture":"#3"},"east":{"uv":[0.5,1,0,0.5],"rotation":90,"texture":"#3"},"south":{"uv":[1,1.875,0,2.875],"rotation":270,"texture":"#3"},"west":{"uv":[0.5,1,0,0.5],"rotation":90,"texture":"#3"},"up":{"uv":[0.5,1,0,0.5],"rotation":90,"texture":"#3"},"down":{"uv":[0.5,0,0,0.5],"rotation":270,"texture":"#3"}}},{"from":[8.33196,9.09653,4.7],"to":[9.33196,10.09653,5.7],"rotation":{"angle":22.5,"axis":"z","origin":[8.82123,10.10866,5.075]},"faces":{"north":{"uv":[0,0.5,0.5,0],"rotation":180,"texture":"#3"},"east":{"uv":[0,0,0.5,0.5],"texture":"#3"},"south":{"uv":[0,0.5,0.5,0],"texture":"#3"},"west":{"uv":[0,1,0.5,0.5],"rotation":180,"texture":"#3"},"up":{"uv":[0,1,0.5,0.5],"rotation":180,"texture":"#3"},"down":{"uv":[0,1,0.5,0.5],"rotation":180,"texture":"#3"}}},{"from":[8.67236,9.13991,4.725],"to":[9.97236,10.13991,5.675],"rotation":{"angle":-45,"axis":"z","origin":[8.82123,10.10866,5.075]},"faces":{"north":{"uv":[0.5,0.65,1,0],"rotation":270,"texture":"#3"},"east":{"uv":[0,0.5,0.5,0],"rotation":270,"texture":"#3"},"south":{"uv":[0.5,0.65,1,0],"rotation":270,"texture":"#3"},"west":{"uv":[0,1,0.5,0.5],"rotation":90,"texture":"#3"},"up":{"uv":[0,1,0.5,0.5],"rotation":90,"texture":"#3"},"down":{"uv":[1,0.65,1.475,0],"rotation":90,"texture":"#3"}}},{"from":[3.69596,9.70612,10.05],"to":[5.69596,11.70612,10.05],"rotation":{"angle":-22.5,"axis":"z","origin":[5.04567,10.10866,9.41808]},"faces":{"north":{"uv":[0,1,1,2],"texture":"#3"},"east":{"uv":[0,1,0.5,0.5],"rotation":180,"texture":"#3"},"south":{"uv":[0,2,1,1],"rotation":180,"texture":"#3"},"west":{"uv":[0,0,0.5,0.5],"texture":"#3"},"up":{"uv":[0.5,0.5,0,1],"rotation":180,"texture":"#3"},"down":{"uv":[0.5,0.5,0,1],"rotation":180,"texture":"#3"}}},{"from":[4.19596,8.95612,9.3],"to":[5.19596,9.95612,10.3],"rotation":{"angle":-22.5,"axis":"z","origin":[5.04567,10.10866,9.41808]},"faces":{"north":{"uv":[0,0.5,0.5,0],"texture":"#3"},"east":{"uv":[0,1,0.5,0.5],"rotation":180,"texture":"#3"},"south":{"uv":[0,0.5,0.5,0],"rotation":180,"texture":"#3"},"west":{"uv":[0,0,0.5,0.5],"texture":"#3"},"up":{"uv":[0.5,0.5,0,1],"rotation":180,"texture":"#3"},"down":{"uv":[0.5,0.5,0,1],"rotation":180,"texture":"#3"}}},{"from":[3.42723,9.28634,9.95],"to":[5.42723,11.28634,9.95],"rotation":{"angle":22.5,"axis":"z","origin":[5.04567,10.10866,9.41808]},"faces":{"north":{"uv":[1,1.875,0,2.875],"rotation":270,"texture":"#3"},"east":{"uv":[0.5,1,0,0.5],"rotation":90,"texture":"#3"},"south":{"uv":[1,2.875,0,1.875],"rotation":270,"texture":"#3"},"west":{"uv":[0.5,1,0,0.5],"rotation":90,"texture":"#3"},"up":{"uv":[0,0.5,0.5,1],"rotation":90,"texture":"#3"},"down":{"uv":[0,0.5,0.5,0],"rotation":270,"texture":"#3"}}},{"from":[3.6351,9.39934,9.325],"to":[4.9351,10.39934,10.275],"rotation":{"angle":45,"axis":"z","origin":[5.04567,10.10866,9.41808]},"faces":{"north":{"uv":[0.5,0.65,1,0],"rotation":270,"texture":"#3"},"east":{"uv":[0,1,0.5,0.5],"rotation":90,"texture":"#3"},"south":{"uv":[0.5,0.65,1,0],"rotation":270,"texture":"#3"},"west":{"uv":[0,0.5,0.5,0],"rotation":270,"texture":"#3"},"up":{"uv":[0.5,0.5,0,1],"rotation":90,"texture":"#3"},"down":{"uv":[1.475,0,1,0.65],"rotation":90,"texture":"#3"}}},{"from":[7.31497,9.00457,5.71384],"to":[8.31497,10.00457,6.71384],"rotation":{"angle":0,"axis":"z","origin":[7.81497,10.37957,6.08884]},"faces":{"north":{"uv":[0,0.5,0.5,0],"texture":"#2"},"east":{"uv":[0.5,0.5,0,0],"texture":"#2"},"south":{"uv":[0,0,0.5,0.5],"texture":"#2"},"west":{"uv":[0,0.5,0.5,0],"texture":"#2"},"up":{"uv":[0,0.5,0.5,0],"rotation":90,"texture":"#2"},"down":{"uv":[0,0.5,0.5,0],"rotation":270,"texture":"#2"}}},{"from":[6.81497,9.75457,5.96384],"to":[8.81497,11.75457,5.96384],"rotation":{"angle":0,"axis":"z","origin":[7.81497,10.37957,6.08884]},"faces":{"north":{"uv":[1,1,0,2],"texture":"#2"},"east":{"uv":[0,0,1,1],"texture":"#2"},"south":{"uv":[0,1,1,2],"texture":"#2"},"west":{"uv":[0,2,0,1],"rotation":180,"texture":"#2"},"up":{"uv":[0,2,1,1],"rotation":180,"texture":"#2"},"down":{"uv":[0,2,1,1],"rotation":180,"texture":"#2"}}},{"from":[1.81497,9.50457,9.28616],"to":[3.81497,11.50457,9.28616],"rotation":{"angle":45,"axis":"z","origin":[3.06497,10.12957,9.16116]},"faces":{"north":{"uv":[1,1,0,2],"texture":"#2"},"east":{"uv":[1,0,0,1],"texture":"#2"},"south":{"uv":[0,1,1,2],"texture":"#2"},"west":{"uv":[0,2,0,1],"rotation":180,"texture":"#2"},"up":{"uv":[0,1,1,2],"rotation":180,"texture":"#2"},"down":{"uv":[0,1,1,2],"rotation":180,"texture":"#2"}}},{"from":[2.31497,8.75457,8.53616],"to":[3.31497,9.75457,9.53616],"rotation":{"angle":45,"axis":"z","origin":[3.06497,10.12957,9.16116]},"faces":{"north":{"uv":[0.5,0,0,0.5],"texture":"#2"},"east":{"uv":[0,0.5,0.5,0],"texture":"#2"},"south":{"uv":[0.5,0.5,0,0],"texture":"#2"},"west":{"uv":[0.5,0.5,0,0],"texture":"#2"},"up":{"uv":[0.5,0.5,0,0],"rotation":90,"texture":"#2"},"down":{"uv":[0.5,0.5,0,0],"rotation":270,"texture":"#2"}}},{"from":[2,6.5,10],"to":[6,14,10.5],"rotation":{"angle":22.5,"axis":"z","origin":[5,11.25,10.25]},"faces":{"north":{"uv":[12.25,0,14.25,3.75],"texture":"#0"},"east":{"uv":[12.25,0,12.5,3.75],"texture":"#0"},"south":{"uv":[14.25,0,12.25,3.75],"texture":"#0"},"west":{"uv":[14,0,14.25,3.75],"texture":"#0"},"up":{"uv":[14.25,0,12.25,0.25],"texture":"#0"},"down":{"uv":[14.25,0,12.25,0.25],"texture":"#0"}}}],"gui_light":"front","display":{"thirdperson_righthand":{"rotation":[50,0,0],"translation":[0,4.25,0],"scale":[0.75,0.75,0.75]},"thirdperson_lefthand":{"rotation":[50,0,0],"translation":[0,4.25,0],"scale":[0.75,0.75,0.75]},"firstperson_righthand":{"rotation":[-10,114,21],"translation":[4.75,2.5,-6.5],"scale":[1.17969,1.17969,1.17969]},"firstperson_lefthand":{"rotation":[-10,114,21],"translation":[4.75,2.5,-6.5],"scale":[1.17969,1.17969,1.17969]},"ground":{"rotation":[0,0,-14],"translation":[0,3,0.75]},"gui":{"rotation":[16,153,0],"translation":[0.25,-0.5,-2],"scale":[0.92383,0.92383,0.92383]},"head":{"translation":[0,6.5,0],"scale":[1.65,1.65,1.65]},"fixed":{"rotation":[-79,0,0],"translation":[0.25,-0.75,-14.5],"scale":[2.75,2.75,2.75]}}}