{"custom_model_data": 00077,
"credit":"Made with Blockbench","texture_size":[64,64],"textures":{"0":"waffle_set:waffle_shield","1":"waffle_set:waffle_sword","particle":"waffle_set:waffle_shield"},"elements":[{"from":[0,1,0],"to":[9,14,1],"rotation":{"angle":22.5,"axis":"z","origin":[4.5,7.5,0.5]},"faces":{"north":{"uv":[2.25,5.25,4.5,8.5],"texture":"#0"},"east":{"uv":[4.5,5.25,4.75,8.5],"texture":"#0"},"south":{"uv":[2.25,5.25,4.5,8.5],"texture":"#0"},"west":{"uv":[4.75,5.25,5,8.5],"texture":"#0"},"up":{"uv":[7.25,5.5,5,5.25],"texture":"#0"},"down":{"uv":[7.25,5.5,5,5.75],"texture":"#0"}}},{"from":[5.4422,-9.03655,0.5],"to":[10.1422,-4.33655,1.5],"rotation":{"angle":-45,"axis":"z","origin":[14.8422,-1.48655,1]},"faces":{"north":{"uv":[3.375,4,2.25,5.125],"texture":"#0"},"east":{"uv":[4.625,4,3.5,4.25],"texture":"#0"},"south":{"uv":[2.25,4,3.375,5.125],"texture":"#0"},"west":{"uv":[4.625,4.25,3.5,4.5],"texture":"#0"},"up":{"uv":[4.625,4.25,3.5,4.5],"texture":"#0"},"down":{"uv":[4.625,4,3.5,4.25],"texture":"#0"}}},{"from":[3.15,2.25,1],"to":[12.15,15.25,2],"rotation":{"angle":-22.5,"axis":"z","origin":[4.5,7.5,15.5]},"faces":{"north":{"uv":[2.25,5.25,4.5,8.5],"texture":"#0"},"east":{"uv":[4.75,5.25,4.5,8.5],"texture":"#0"},"south":{"uv":[2.25,5.25,4.5,8.5],"texture":"#0"},"west":{"uv":[5,5.25,4.75,8.5],"texture":"#0"},"up":{"uv":[7.25,5.25,5,5.5],"texture":"#0"},"down":{"uv":[7.25,5.75,5,5.5],"texture":"#0"}}},{"from":[2.25,7.75,0.75],"to":[5.25,10.75,2.75],"rotation":{"angle":-45,"axis":"z","origin":[4.5,8.5,1.75]},"faces":{"north":{"uv":[0,0,0.75,0.75],"texture":"#1"},"east":{"uv":[0.75,0.75,1.25,0],"texture":"#1"},"south":{"uv":[0,0,0.75,0.75],"texture":"#1"},"west":{"uv":[0.75,0,1.25,0.75],"texture":"#1"},"up":{"uv":[0.75,0.25,1.5,0.75],"texture":"#1"},"down":{"uv":[0,0.25,0.75,0.75],"texture":"#1"}}},{"from":[1.37868,9.43198,2.25],"to":[4.37868,12.43198,2.25],"rotation":{"angle":-22.5,"axis":"z","origin":[2.37868,11.68198,2.25]},"faces":{"north":{"uv":[0,2,0.75,1.25],"rotation":270,"texture":"#1"},"east":{"uv":[0,0.25,0.75,0.75],"rotation":270,"texture":"#1"},"south":{"uv":[0,1.25,0.75,2],"rotation":270,"texture":"#1"},"west":{"uv":[0.75,0.25,1.5,0.75],"rotation":270,"texture":"#1"},"up":{"uv":[0.75,0.75,1.25,0],"rotation":270,"texture":"#1"},"down":{"uv":[0.75,0,1.25,0.75],"rotation":270,"texture":"#1"}}},{"from":[1.87868,8.43198,2.1],"to":[4.87868,11.43198,2.1],"rotation":{"angle":-22.5,"axis":"z","origin":[2.37868,11.68198,2.25]},"faces":{"north":{"uv":[0,2.5,0.75,1.75],"rotation":270,"texture":"#1"},"east":{"uv":[0,0.25,0.75,0.75],"rotation":270,"texture":"#1"},"south":{"uv":[0,2,0.75,2.75],"rotation":270,"texture":"#1"},"west":{"uv":[0.75,0.25,1.5,0.75],"rotation":270,"texture":"#1"},"up":{"uv":[0.75,0.75,1.25,0],"rotation":270,"texture":"#1"},"down":{"uv":[0.75,0,1.25,0.75],"rotation":270,"texture":"#1"}}},{"from":[4.37868,9.43198,-0.25],"to":[7.37868,12.43198,-0.25],"rotation":{"angle":-22.5,"axis":"z","origin":[5.37868,11.68198,-0.25]},"faces":{"north":{"uv":[0,2,0.75,1.25],"rotation":270,"texture":"#1"},"east":{"uv":[0,0.75,0.75,0.25],"rotation":270,"texture":"#1"},"south":{"uv":[0,1.25,0.75,2],"rotation":270,"texture":"#1"},"west":{"uv":[0.75,0.75,1.5,0.25],"rotation":270,"texture":"#1"},"up":{"uv":[1.25,0.75,0.75,0],"rotation":270,"texture":"#1"},"down":{"uv":[1.25,0,0.75,0.75],"rotation":270,"texture":"#1"}}},{"from":[4.87868,8.43198,-0.1],"to":[7.87868,11.43198,-0.1],"rotation":{"angle":-22.5,"axis":"z","origin":[5.37868,11.68198,-0.25]},"faces":{"north":{"uv":[0,2.75,0.75,2],"rotation":270,"texture":"#1"},"east":{"uv":[0,0.75,0.75,0.25],"rotation":270,"texture":"#1"},"south":{"uv":[0,1.75,0.75,2.5],"rotation":270,"texture":"#1"},"west":{"uv":[0.75,0.75,1.5,0.25],"rotation":270,"texture":"#1"},"up":{"uv":[1.25,0.75,0.75,0],"rotation":270,"texture":"#1"},"down":{"uv":[1.25,0,0.75,0.75],"rotation":270,"texture":"#1"}}},{"from":[5.25,7.75,-0.75],"to":[8.25,10.75,1.25],"rotation":{"angle":-45,"axis":"z","origin":[7.5,8.5,0.25]},"faces":{"north":{"uv":[0.75,0,0,0.75],"texture":"#1"},"east":{"uv":[1.25,0.75,0.75,0],"texture":"#1"},"south":{"uv":[0.75,0,0,0.75],"texture":"#1"},"west":{"uv":[1.25,0,0.75,0.75],"texture":"#1"},"up":{"uv":[0.75,0.75,1.5,0.25],"texture":"#1"},"down":{"uv":[0,0.75,0.75,0.25],"texture":"#1"}}},{"from":[2.275,-2.56394,0.76888],"to":[6.275,5.43606,1.21888],"rotation":{"angle":45,"axis":"z","origin":[-2.975,1.43606,0.99388]},"faces":{"north":{"uv":[2.5,0,1.5,2],"texture":"#1"},"east":{"uv":[2.375,0,2.4875,2],"texture":"#1"},"south":{"uv":[1.5,0,2.5,2],"texture":"#1"},"west":{"uv":[1.5,0,1.6125,2],"texture":"#1"},"up":{"uv":[1.5,0,2.5,0.1125],"texture":"#1"},"down":{"uv":[1.5,1.875,2.5,1.9875],"texture":"#1"}}},{"from":[2.40152,5.33759,1.74388],"to":[10.40152,5.78759,5.74388],"rotation":{"angle":0,"axis":"z","origin":[2.15152,6.56259,5.99388]},"faces":{"north":{"uv":[2.375,0,2.4875,2],"rotation":270,"texture":"#1"},"east":{"uv":[1.5,0,2.5,0.1125],"texture":"#1"},"south":{"uv":[1.5,0,1.6125,2],"rotation":90,"texture":"#1"},"west":{"uv":[1.5,1.875,2.5,1.9875],"rotation":180,"texture":"#1"},"up":{"uv":[2.5,0,1.5,2],"rotation":90,"texture":"#1"},"down":{"uv":[1.5,0,2.5,2],"rotation":90,"texture":"#1"}}},{"from":[8.225,-5.31394,-0.21888],"to":[12.225,2.68606,0.23112],"rotation":{"angle":-45,"axis":"z","origin":[18.975,1.43606,15.00612]},"faces":{"north":{"uv":[1.5,0,2.5,2],"texture":"#1"},"east":{"uv":[1.5,0,1.6125,2],"texture":"#1"},"south":{"uv":[2.5,0,1.5,2],"texture":"#1"},"west":{"uv":[2.375,0,2.4875,2],"texture":"#1"},"up":{"uv":[2.5,0.1125,1.5,0],"texture":"#1"},"down":{"uv":[2.5,1.9875,1.5,1.875],"texture":"#1"}}},{"from":[-2.75,-3.5,1],"to":[1.25,7.5,1],"rotation":{"angle":0,"axis":"z","origin":[5.5,3,3]},"faces":{"north":{"uv":[10.75,0,9.75,2.75],"texture":"#1"},"east":{"uv":[0,0,1.75,0],"rotation":270,"texture":"#missing"},"south":{"uv":[9.75,0,10.75,2.75],"texture":"#1"},"west":{"uv":[0,0,1.75,0],"rotation":270,"texture":"#missing"},"up":{"uv":[0,0,0,0.75],"rotation":270,"texture":"#missing"},"down":{"uv":[0,0,0,0.75],"rotation":270,"texture":"#missing"}}},{"from":[3.5,1,11.75],"to":[6.75,7,11.75],"rotation":{"angle":45,"axis":"y","origin":[5.125,4,11.25]},"faces":{"north":{"uv":[0.8125,3.5,0,5],"texture":"#1"},"east":{"uv":[0,0,1.75,0],"rotation":270,"texture":"#missing"},"south":{"uv":[0,3.5,0.8125,5],"texture":"#1"},"west":{"uv":[0,0,1.75,0],"rotation":270,"texture":"#missing"},"up":{"uv":[0,0,0,0.75],"rotation":270,"texture":"#missing"},"down":{"uv":[0,0,0,0.75],"rotation":270,"texture":"#missing"}}},{"from":[6.25,1,11.75],"to":[9.5,7,11.75],"rotation":{"angle":-45,"axis":"y","origin":[7.875,4,11.25]},"faces":{"north":{"uv":[0,3.5,0.8125,5],"texture":"#1"},"east":{"uv":[0,0,1.75,0],"rotation":270,"texture":"#missing"},"south":{"uv":[0.8125,3.5,0,5],"texture":"#1"},"west":{"uv":[0,0,1.75,0],"rotation":270,"texture":"#missing"},"up":{"uv":[0,0.75,0,0],"rotation":270,"texture":"#missing"},"down":{"uv":[0,0.75,0,0],"rotation":270,"texture":"#missing"}}},{"from":[6,4,10.675],"to":[7,5.25,11.675],"rotation":{"angle":0,"axis":"z","origin":[5.5,3,2.5]},"faces":{"north":{"uv":[9.875,1.25,10.125,1.5625],"texture":"#1"},"east":{"uv":[9.875,1.25,10.125,1.5625],"texture":"#1"},"south":{"uv":[9.875,1.25,10.125,1.5625],"texture":"#1"},"west":{"uv":[9.875,1.25,10.125,1.5625],"texture":"#1"},"up":{"uv":[9.875,1.25,10.125,1.5625],"texture":"#1"},"down":{"uv":[9.875,1.25,10.125,1.5625],"texture":"#1"}}},{"from":[4,0.75,-0.675],"to":[5,2,0.325],"rotation":{"angle":0,"axis":"z","origin":[5.5,3,13]},"faces":{"north":{"uv":[10.125,1.25,9.875,1.5625],"texture":"#1"},"east":{"uv":[10.125,1.25,9.875,1.5625],"texture":"#1"},"south":{"uv":[10.125,1.25,9.875,1.5625],"texture":"#1"},"west":{"uv":[10.125,1.25,9.875,1.5625],"texture":"#1"},"up":{"uv":[9.875,1.5625,10.125,1.25],"texture":"#1"},"down":{"uv":[9.875,1.5625,10.125,1.25],"texture":"#1"}}},{"from":[1.5,-2.25,-0.25],"to":[7.5,3.75,-0.25],"rotation":{"angle":0,"axis":"z","origin":[5.5,3,13]},"faces":{"north":{"uv":[1.5,3.5,0,5],"texture":"#1"},"east":{"uv":[0,0,1.75,0],"rotation":270,"texture":"#missing"},"south":{"uv":[0,3.5,1.5,5],"texture":"#1"},"west":{"uv":[0,0,1.75,0],"rotation":270,"texture":"#missing"},"up":{"uv":[0,0,0,0.75],"rotation":270,"texture":"#missing"},"down":{"uv":[0,0,0,0.75],"rotation":270,"texture":"#missing"}}},{"from":[9.5,-4.5,0.5],"to":[13.5,6.5,0.5],"rotation":{"angle":0,"axis":"z","origin":[10.5,3,3]},"faces":{"north":{"uv":[9.75,0,10.75,2.75],"texture":"#1"},"east":{"uv":[0,0,1.75,0],"rotation":270,"texture":"#missing"},"south":{"uv":[10.75,0,9.75,2.75],"texture":"#1"},"west":{"uv":[0,0,1.75,0],"rotation":270,"texture":"#missing"},"up":{"uv":[0,0.75,0,0],"rotation":270,"texture":"#missing"},"down":{"uv":[0,0.75,0,0],"rotation":270,"texture":"#missing"}}},{"from":[1.5,4.25,1.25],"to":[4,6.75,12.25],"rotation":{"angle":22.5,"axis":"y","origin":[1.25,5.5,4.75]},"faces":{"north":{"uv":[7,0,7.625,0.625],"rotation":180,"texture":"#1"},"east":{"uv":[7.625,1.25,7,4],"rotation":270,"texture":"#1"},"south":{"uv":[7,1.25,7.625,1.875],"texture":"#1"},"west":{"uv":[7.625,1.25,7,4],"rotation":90,"texture":"#1"},"up":{"uv":[7,1.25,7.625,4],"rotation":180,"texture":"#1"},"down":{"uv":[7,1.25,7.625,4],"texture":"#1"}}},{"from":[9.25,4.25,2.25],"to":[11.75,6.75,13.25],"rotation":{"angle":-22.5,"axis":"y","origin":[14.75,5.5,4.75]},"faces":{"north":{"uv":[7.625,0,7,0.625],"rotation":180,"texture":"#1"},"east":{"uv":[7.625,4,7,1.25],"rotation":90,"texture":"#1"},"south":{"uv":[7.625,1.25,7,1.875],"texture":"#1"},"west":{"uv":[7.625,4,7,1.25],"rotation":270,"texture":"#1"},"up":{"uv":[7.625,1.25,7,4],"rotation":180,"texture":"#1"},"down":{"uv":[7.625,1.25,7,4],"texture":"#1"}}}],"gui_light":"front","display":{"thirdperson_righthand":{"rotation":[157.5,-83,157.5],"translation":[-0.5,0,4],"scale":[0.78711,0.78711,0.78711]},"thirdperson_lefthand":{"rotation":[157.5,-83,157.5],"translation":[-0.5,0,4],"scale":[0.78711,0.78711,0.78711]},"firstperson_righthand":{"translation":[6.75,-1,0],"scale":[1.26563,1.26563,1.26563]},"firstperson_lefthand":{"translation":[6.75,-1,0],"scale":[1.26563,1.26563,1.26563]},"ground":{"rotation":[36,0,0],"translation":[0,2,3.75],"scale":[0.82422,0.82422,0.82422]},"gui":{"rotation":[0,180,0],"translation":[-1.25,1.5,0],"scale":[0.69141,0.69141,0.69141]},"head":{"rotation":[16.25,0,0],"translation":[1.5,16,4]},"fixed":{"rotation":[-57,0,0],"translation":[3.25,10.5,-10.75],"scale":[1.72852,1.72852,1.72852]}}}