{"custom_model_data": 00080,
"credit":"Made with Blockbench","texture_size":[32,32],"textures":{"0":"waffle_set:waffle_sword","particle":"waffle_set:waffle_sword"},"elements":[{"from":[7.76833,1.51082,7.72544],"to":[9.01833,8.01082,8.97544],"rotation":{"angle":-45,"axis":"y","origin":[8,14,8]},"faces":{"north":{"uv":[6,4.75,6.625,8],"texture":"#0"},"east":{"uv":[0,7.75,0.625,11],"texture":"#0"},"south":{"uv":[7,0.75,7.625,4],"texture":"#0"},"west":{"uv":[6,0.75,6.625,4],"texture":"#0"},"up":{"uv":[9.125,7.625,8.5,7],"rotation":270,"texture":"#0"},"down":{"uv":[1.625,9,1,9.625],"rotation":90,"texture":"#0"}}},{"from":[7.75,19.37482,3.82821],"to":[7.75,21.37482,5.82821],"rotation":{"angle":22.5,"axis":"x","origin":[8,12.5,8]},"faces":{"north":{"uv":[0,0.5,0.5,1],"rotation":90,"texture":"#0"},"east":{"uv":[0,2,1,1],"rotation":270,"texture":"#0"},"south":{"uv":[0,0.5,0.5,1],"rotation":90,"texture":"#0"},"west":{"uv":[0,1,1,2],"rotation":270,"texture":"#0"},"up":{"uv":[0,0.5,0.5,0],"rotation":180,"texture":"#0"},"down":{"uv":[0,0.5,0.5,1],"rotation":180,"texture":"#0"}}},{"from":[7.85,18.81906,11.11918],"to":[7.85,20.81906,13.11918],"rotation":{"angle":-22.5,"axis":"x","origin":[8,12.5,8]},"faces":{"north":{"uv":[0.5,0.5,0,1],"rotation":90,"texture":"#0"},"east":{"uv":[1,2.875,0,1.875],"rotation":270,"texture":"#0"},"south":{"uv":[0.5,0.5,0,1],"rotation":90,"texture":"#0"},"west":{"uv":[1,1.875,0,2.875],"rotation":270,"texture":"#0"},"up":{"uv":[0.5,0.5,0,1],"texture":"#0"},"down":{"uv":[0.5,0.5,0,0],"texture":"#0"}}},{"from":[7.5,19.87482,5.57821],"to":[8.5,20.87482,6.57821],"rotation":{"angle":22.5,"axis":"x","origin":[8,12.5,8]},"faces":{"north":{"uv":[0,0.5,0.5,1],"rotation":90,"texture":"#0"},"east":{"uv":[0,0,0.5,0.5],"rotation":270,"texture":"#0"},"south":{"uv":[0,0.5,0.5,1],"rotation":90,"texture":"#0"},"west":{"uv":[0,0,0.5,0.5],"rotation":270,"texture":"#0"},"up":{"uv":[0,0.5,0.5,0],"rotation":180,"texture":"#0"},"down":{"uv":[0,0.5,0.5,1],"rotation":180,"texture":"#0"}}},{"from":[7.525,19.72814,8.61194],"to":[8.475,20.72814,9.91194],"rotation":{"angle":0,"axis":"z","origin":[8,12.5,8]},"faces":{"north":{"uv":[0,0.5,0.5,1],"rotation":90,"texture":"#0"},"east":{"uv":[0.5,0,1,0.65],"rotation":270,"texture":"#0"},"south":{"uv":[0,0,0.5,0.5],"rotation":270,"texture":"#0"},"west":{"uv":[0.5,0,1,0.65],"rotation":270,"texture":"#0"},"up":{"uv":[0,0.5,0.5,1],"texture":"#0"},"down":{"uv":[1,0,1.475,0.65],"rotation":180,"texture":"#0"}}},{"from":[7.75,12.47814,8.86194],"to":[7.75,19.97814,11.41194],"rotation":{"angle":0,"axis":"z","origin":[8,12.5,8]},"faces":{"north":{"uv":[0,0.5,0.5,1],"rotation":90,"texture":"#0"},"east":{"uv":[10.875,3,11.15,3.75],"texture":"#0"},"south":{"uv":[0,0,0.5,0.5],"rotation":270,"texture":"#0"},"west":{"uv":[9.875,0,11.15,3.75],"texture":"#0"},"up":{"uv":[0,0.5,0.5,1],"texture":"#0"},"down":{"uv":[1,0,1.475,0.65],"rotation":180,"texture":"#0"}}},{"from":[8.25,12.47814,8.86194],"to":[8.25,19.97814,11.41194],"rotation":{"angle":0,"axis":"z","origin":[8,12.5,8]},"faces":{"north":{"uv":[0,0.5,0.5,1],"rotation":90,"texture":"#0"},"east":{"uv":[11.15,0,9.875,3.75],"texture":"#0"},"south":{"uv":[0,0,0.5,0.5],"rotation":270,"texture":"#0"},"west":{"uv":[10.875,3,11.15,3.75],"texture":"#0"},"up":{"uv":[0,0.5,0.5,1],"texture":"#0"},"down":{"uv":[1,0,1.475,0.65],"rotation":180,"texture":"#0"}}},{"from":[8.25,19.37482,3.82821],"to":[8.25,21.37482,5.82821],"rotation":{"angle":22.5,"axis":"x","origin":[8,12.5,8]},"faces":{"north":{"uv":[0,1,0.5,0.5],"rotation":90,"texture":"#0"},"east":{"uv":[0,2,1,1],"rotation":270,"texture":"#0"},"south":{"uv":[0,1,0.5,0.5],"rotation":90,"texture":"#0"},"west":{"uv":[0,1,1,2],"rotation":270,"texture":"#0"},"up":{"uv":[0.5,0.5,0,0],"rotation":180,"texture":"#0"},"down":{"uv":[0.5,0.5,0,1],"rotation":180,"texture":"#0"}}},{"from":[8.15,18.81906,11.11918],"to":[8.15,20.81906,13.11918],"rotation":{"angle":-22.5,"axis":"x","origin":[8,12.5,8]},"faces":{"north":{"uv":[0.5,1,0,0.5],"rotation":90,"texture":"#0"},"east":{"uv":[1,2.875,0,1.875],"rotation":270,"texture":"#0"},"south":{"uv":[0.5,1,0,0.5],"rotation":90,"texture":"#0"},"west":{"uv":[1,1.875,0,2.875],"rotation":270,"texture":"#0"},"up":{"uv":[0,0.5,0.5,1],"texture":"#0"},"down":{"uv":[0,0.5,0.5,0],"texture":"#0"}}},{"from":[7.75,9.01981,8.38164],"to":[7.75,11.01981,10.38164],"rotation":{"angle":22.5,"axis":"x","origin":[8,13,8.2]},"faces":{"north":{"uv":[0,0,0.5,0.5],"texture":"#0"},"east":{"uv":[0,1,1,2],"texture":"#0"},"south":{"uv":[0,1,0.5,0.5],"rotation":180,"texture":"#0"},"west":{"uv":[0,2,1,1],"rotation":180,"texture":"#0"},"up":{"uv":[0,1,0.5,0.5],"rotation":90,"texture":"#0"},"down":{"uv":[0,1,0.5,0.5],"rotation":270,"texture":"#0"}}},{"from":[7.85,8.56507,5.1346],"to":[7.85,10.56507,7.1346],"rotation":{"angle":-22.5,"axis":"x","origin":[8,13,8.2]},"faces":{"north":{"uv":[0.5,1,0,0.5],"rotation":90,"texture":"#0"},"east":{"uv":[1,1.875,0,2.875],"rotation":270,"texture":"#0"},"south":{"uv":[0.5,1,0,0.5],"rotation":90,"texture":"#0"},"west":{"uv":[1,2.875,0,1.875],"rotation":270,"texture":"#0"},"up":{"uv":[0.5,1,0,0.5],"texture":"#0"},"down":{"uv":[0.5,0,0,0.5],"texture":"#0"}}},{"from":[7.5,8.26981,8.88164],"to":[8.5,9.26981,9.88164],"rotation":{"angle":22.5,"axis":"x","origin":[8,13,8.2]},"faces":{"north":{"uv":[0,0,0.5,0.5],"texture":"#0"},"east":{"uv":[0,0.5,0.5,0],"texture":"#0"},"south":{"uv":[0,1,0.5,0.5],"rotation":180,"texture":"#0"},"west":{"uv":[0,0.5,0.5,0],"rotation":180,"texture":"#0"},"up":{"uv":[0,1,0.5,0.5],"rotation":90,"texture":"#0"},"down":{"uv":[0,1,0.5,0.5],"rotation":270,"texture":"#0"}}},{"from":[7.525,9.5068,4.07013],"to":[8.475,10.5068,5.37013],"rotation":{"angle":-45,"axis":"x","origin":[8,13,8.2]},"faces":{"north":{"uv":[0,0.5,0.5,0],"rotation":270,"texture":"#0"},"east":{"uv":[0.5,0.65,1,0],"rotation":270,"texture":"#0"},"south":{"uv":[0,1,0.5,0.5],"rotation":90,"texture":"#0"},"west":{"uv":[0.5,0.65,1,0],"rotation":270,"texture":"#0"},"up":{"uv":[0,1,0.5,0.5],"texture":"#0"},"down":{"uv":[1,0.65,1.475,0],"rotation":180,"texture":"#0"}}},{"from":[7.85,-0.23061,8.91664],"to":[7.85,1.76939,10.91664],"rotation":{"angle":22.5,"axis":"x","origin":[7.975,0.75866,9.17877]},"faces":{"north":{"uv":[0,1,0.5,0.5],"rotation":90,"texture":"#0"},"east":{"uv":[0,1,1,2],"rotation":270,"texture":"#0"},"south":{"uv":[0,1,0.5,0.5],"rotation":90,"texture":"#0"},"west":{"uv":[0,2,1,1],"rotation":270,"texture":"#0"},"up":{"uv":[0,0,0.5,0.5],"rotation":180,"texture":"#0"},"down":{"uv":[0,1,0.5,0.5],"rotation":180,"texture":"#0"}}},{"from":[7.95,0.03813,8.21603],"to":[7.95,2.03813,10.21603],"rotation":{"angle":-22.5,"axis":"x","origin":[7.975,0.75866,9.17877]},"faces":{"north":{"uv":[0.5,0,0,0.5],"rotation":180,"texture":"#0"},"east":{"uv":[1,1.875,0,2.875],"rotation":180,"texture":"#0"},"south":{"uv":[0.5,1,0,0.5],"texture":"#0"},"west":{"uv":[1,2.875,0,1.875],"texture":"#0"},"up":{"uv":[0.5,1,0,0.5],"rotation":270,"texture":"#0"},"down":{"uv":[0.5,1,0,0.5],"rotation":90,"texture":"#0"}}},{"from":[7.6,0.26939,8.16664],"to":[8.6,1.26939,9.16664],"rotation":{"angle":22.5,"axis":"x","origin":[7.975,0.75866,9.17877]},"faces":{"north":{"uv":[0,1,0.5,0.5],"rotation":90,"texture":"#0"},"east":{"uv":[0,0.5,0.5,0],"rotation":270,"texture":"#0"},"south":{"uv":[0,1,0.5,0.5],"rotation":90,"texture":"#0"},"west":{"uv":[0,0.5,0.5,0],"rotation":270,"texture":"#0"},"up":{"uv":[0,0,0.5,0.5],"rotation":180,"texture":"#0"},"down":{"uv":[0,1,0.5,0.5],"rotation":180,"texture":"#0"}}},{"from":[7.625,-0.21009,8.02763],"to":[8.575,0.78991,9.32763],"rotation":{"angle":45,"axis":"x","origin":[7.975,0.75866,9.17877]},"faces":{"north":{"uv":[0,0.5,0.5,0],"rotation":270,"texture":"#0"},"east":{"uv":[0.5,0.65,1,0],"rotation":270,"texture":"#0"},"south":{"uv":[0,1,0.5,0.5],"rotation":90,"texture":"#0"},"west":{"uv":[0.5,0.65,1,0],"rotation":270,"texture":"#0"},"up":{"uv":[0,1,0.5,0.5],"texture":"#0"},"down":{"uv":[1,0.65,1.475,0],"rotation":180,"texture":"#0"}}},{"from":[8.25,9.01981,8.18164],"to":[8.25,11.01981,10.18164],"rotation":{"angle":22.5,"axis":"x","origin":[8,13,8]},"faces":{"north":{"uv":[0.5,0,0,0.5],"texture":"#0"},"east":{"uv":[0,1,1,2],"texture":"#0"},"south":{"uv":[0.5,1,0,0.5],"rotation":180,"texture":"#0"},"west":{"uv":[0,2,1,1],"rotation":180,"texture":"#0"},"up":{"uv":[0,0.5,0.5,1],"rotation":90,"texture":"#0"},"down":{"uv":[0,0.5,0.5,1],"rotation":270,"texture":"#0"}}},{"from":[8.15,8.56507,4.9346],"to":[8.15,10.56507,6.9346],"rotation":{"angle":-22.5,"axis":"x","origin":[8,13,8]},"faces":{"north":{"uv":[0.5,0.5,0,1],"rotation":90,"texture":"#0"},"east":{"uv":[1,1.875,0,2.875],"rotation":270,"texture":"#0"},"south":{"uv":[0.5,0.5,0,1],"rotation":90,"texture":"#0"},"west":{"uv":[1,2.875,0,1.875],"rotation":270,"texture":"#0"},"up":{"uv":[0,1,0.5,0.5],"texture":"#0"},"down":{"uv":[0,0,0.5,0.5],"texture":"#0"}}},{"from":[8,7.01082,3.73806],"to":[8,24.01082,9.73806],"rotation":{"angle":0,"axis":"y","origin":[8,12.5,8]},"faces":{"north":{"uv":[0,0,0,7],"texture":"#0"},"east":{"uv":[15.875,7.125,12.875,15.625],"texture":"#0"},"south":{"uv":[0,0,0,7],"texture":"#0"},"west":{"uv":[12.875,7.125,15.875,15.625],"texture":"#0"},"up":{"uv":[3,0,0,0],"rotation":270,"texture":"#0"},"down":{"uv":[3,0,0,0],"rotation":90,"texture":"#0"}}},{"from":[7.95,7.01082,3.73806],"to":[7.95,24.01082,9.73806],"rotation":{"angle":0,"axis":"y","origin":[8,12.5,8]},"faces":{"north":{"uv":[0,0,0,7],"texture":"#0"},"east":{"uv":[15.875,7.125,12.875,15.625],"texture":"#0"},"south":{"uv":[0,0,0,7],"texture":"#0"},"west":{"uv":[12.875,7.125,15.875,15.625],"texture":"#0"},"up":{"uv":[3,0,0,0],"rotation":270,"texture":"#0"},"down":{"uv":[3,0,0,0],"rotation":90,"texture":"#0"}}},{"name":"hide","from":[7.9,18.73582,8.98806],"to":[8.15,23.51082,8.98806],"rotation":{"angle":0,"axis":"y","origin":[8,12.5,8]},"faces":{"north":{"uv":[0,15.25,0.875,16],"texture":"#0"},"east":{"uv":[15.875,7.125,12.875,15.625],"texture":"#0"},"south":{"uv":[15.5,7.375,15.375,9.7625],"texture":"#0"},"west":{"uv":[15.5,9.7625,15.375,7.375],"texture":"#0"},"up":{"uv":[3,0,0,0],"rotation":270,"texture":"#0"},"down":{"uv":[3,0,0,0],"rotation":90,"texture":"#0"}}},{"name":"hide","from":[7.9,6.73582,9.23806],"to":[8.15,23.73582,9.23806],"rotation":{"angle":0,"axis":"y","origin":[8,12.5,8]},"faces":{"north":{"uv":[0,15.375,0.875,16],"texture":"#0"},"east":{"uv":[15.875,7.125,12.875,15.625],"texture":"#0"},"south":{"uv":[15.625,7.375,15.5,15.625],"texture":"#0"},"west":{"uv":[15.375,15.625,15.375,7.125],"texture":"#0"},"up":{"uv":[3,0,0,0],"rotation":270,"texture":"#0"},"down":{"uv":[3,0,0,0],"rotation":90,"texture":"#0"}}},{"from":[8.125,7.01082,3.73806],"to":[8.125,24.01082,9.73806],"rotation":{"angle":0,"axis":"y","origin":[8,12.5,8]},"faces":{"north":{"uv":[0,0,0,7],"texture":"#0"},"east":{"uv":[15.875,7.125,12.875,15.625],"texture":"#0"},"south":{"uv":[0,0,0,7],"texture":"#0"},"west":{"uv":[12.875,7.125,15.875,15.625],"texture":"#0"},"up":{"uv":[3,0,0,0],"rotation":270,"texture":"#0"},"down":{"uv":[3,0,0,0],"rotation":90,"texture":"#0"}}},{"from":[8.05,7.01082,3.73806],"to":[8.05,24.01082,9.73806],"rotation":{"angle":0,"axis":"y","origin":[8,12.5,8]},"faces":{"north":{"uv":[0,0,0,7],"texture":"#0"},"east":{"uv":[15.875,7.125,12.875,15.625],"texture":"#0"},"south":{"uv":[0,0,0,7],"texture":"#0"},"west":{"uv":[12.875,7.125,15.875,15.625],"texture":"#0"},"up":{"uv":[3,0,0,0],"rotation":270,"texture":"#0"},"down":{"uv":[3,0,0,0],"rotation":90,"texture":"#0"}}},{"from":[8,7.01082,3.73806],"to":[8,24.01082,9.73806],"rotation":{"angle":0,"axis":"y","origin":[8,12.5,8]},"faces":{"north":{"uv":[0,0,0,7],"texture":"#0"},"east":{"uv":[15.875,7.125,12.875,15.625],"texture":"#0"},"south":{"uv":[0,0,0,7],"texture":"#0"},"west":{"uv":[12.875,7.125,15.875,15.625],"texture":"#0"},"up":{"uv":[3,0,0,0],"rotation":270,"texture":"#0"},"down":{"uv":[3,0,0,0],"rotation":90,"texture":"#0"}}},{"from":[8.1,7.01082,3.73806],"to":[8.1,24.01082,9.73806],"rotation":{"angle":0,"axis":"y","origin":[8,12.5,8]},"faces":{"north":{"uv":[0,0,0,7],"texture":"#0"},"east":{"uv":[15.875,7.125,12.875,15.625],"texture":"#0"},"south":{"uv":[0,0,0,7],"texture":"#0"},"west":{"uv":[12.875,7.125,15.875,15.625],"texture":"#0"},"up":{"uv":[3,0,0,0],"rotation":270,"texture":"#0"},"down":{"uv":[3,0,0,0],"rotation":90,"texture":"#0"}}},{"from":[7.9,7.01082,3.73806],"to":[7.9,24.01082,9.73806],"rotation":{"angle":0,"axis":"y","origin":[8,12.5,8]},"faces":{"north":{"uv":[0,0,0,7],"texture":"#0"},"east":{"uv":[15.875,7.125,12.875,15.625],"texture":"#0"},"south":{"uv":[0,0,0,7],"texture":"#0"},"west":{"uv":[12.875,7.125,15.875,15.625],"texture":"#0"},"up":{"uv":[3,0,0,0],"rotation":270,"texture":"#0"},"down":{"uv":[3,0,0,0],"rotation":90,"texture":"#0"}}},{"from":[7.875,7.75,8.6],"to":[8.175,11.75,10.35],"rotation":{"angle":22.5,"axis":"x","origin":[8,10.5,10]},"faces":{"north":{"uv":[2.375,0,1.5,2],"texture":"#0"},"east":{"uv":[2.375,0,1.5,2],"texture":"#0"},"south":{"uv":[2.375,0,2.49375,2],"texture":"#0"},"west":{"uv":[1.5,0,2.375,2],"texture":"#0"},"up":{"uv":[2.36875,0,2.25,0.875],"texture":"#0"},"down":{"uv":[2.36875,0,2.25,0.875],"texture":"#0"}}},{"from":[6.675,7.45,8.4],"to":[7.175,7.95,8.9],"rotation":{"angle":0,"axis":"y","origin":[0,6.95,0]},"faces":{"north":{"uv":[0.75,0.75,0.5,1],"texture":"#0"},"east":{"uv":[0.5,0.75,0.75,1],"texture":"#0"},"south":{"uv":[0.75,0.75,0.5,1],"texture":"#0"},"west":{"uv":[0.5,0.75,0.75,1],"texture":"#0"},"up":{"uv":[0.75,1,0.5,0.75],"texture":"#0"},"down":{"uv":[0.75,1,0.5,0.75],"texture":"#0"}}},{"from":[6.875,6.45,7.15],"to":[6.875,8.95,8.65],"rotation":{"angle":-22.5,"axis":"x","origin":[6.875,7.7,8.65]},"faces":{"north":{"uv":[0.75,0.75,0.5,1],"texture":"#0"},"east":{"uv":[0.75,3.5,0,4.75],"texture":"#0"},"south":{"uv":[0.75,0.75,0.5,1],"texture":"#0"},"west":{"uv":[0,3.5,0.75,4.75],"texture":"#0"},"up":{"uv":[0.75,1,0.5,0.75],"texture":"#0"},"down":{"uv":[0.75,1,0.5,0.75],"texture":"#0"}}},{"from":[6.875,6.45,8.6],"to":[6.875,8.95,10.1],"rotation":{"angle":22.5,"axis":"x","origin":[6.875,7.7,8.6]},"faces":{"north":{"uv":[0.5,0.75,0.75,1],"texture":"#0"},"east":{"uv":[0,3.5,0.75,4.75],"texture":"#0"},"south":{"uv":[0.5,0.75,0.75,1],"texture":"#0"},"west":{"uv":[0.75,3.5,0,4.75],"texture":"#0"},"up":{"uv":[0.75,0.75,0.5,1],"texture":"#0"},"down":{"uv":[0.75,0.75,0.5,1],"texture":"#0"}}},{"from":[8.925,6.45,8.5],"to":[8.925,8.95,10],"rotation":{"angle":22.5,"axis":"x","origin":[8.925,7.7,8.5]},"faces":{"north":{"uv":[0.75,0.75,0.5,1],"texture":"#0"},"east":{"uv":[0,3.5,0.75,4.75],"texture":"#0"},"south":{"uv":[0.75,0.75,0.5,1],"texture":"#0"},"west":{"uv":[0.25,5,0,5.25],"texture":"#0"},"up":{"uv":[0.5,0.75,0.75,1],"texture":"#0"},"down":{"uv":[0.5,0.75,0.75,1],"texture":"#0"}}},{"from":[8.925,6.45,7.05],"to":[8.925,8.95,8.55],"rotation":{"angle":-22.5,"axis":"x","origin":[8.925,7.7,8.55]},"faces":{"north":{"uv":[0.5,0.75,0.75,1],"texture":"#0"},"east":{"uv":[0.75,3.5,0,4.75],"texture":"#0"},"south":{"uv":[0.5,0.75,0.75,1],"texture":"#0"},"west":{"uv":[0.25,5,0,5.25],"texture":"#0"},"up":{"uv":[0.5,1,0.75,0.75],"texture":"#0"},"down":{"uv":[0.5,1,0.75,0.75],"texture":"#0"}}},{"from":[8.625,7.45,8.3],"to":[9.125,7.95,8.8],"rotation":{"angle":0,"axis":"y","origin":[15.8,6.95,-0.1]},"faces":{"north":{"uv":[0.5,0.75,0.75,1],"texture":"#0"},"east":{"uv":[0.75,0.75,0.5,1],"texture":"#0"},"south":{"uv":[0.5,0.75,0.75,1],"texture":"#0"},"west":{"uv":[0.75,0.75,0.5,1],"texture":"#0"},"up":{"uv":[0.5,1,0.75,0.75],"texture":"#0"},"down":{"uv":[0.5,1,0.75,0.75],"texture":"#0"}}}],"gui_light":"front","display":{"thirdperson_righthand":{"translation":[0,2.5,0.25],"scale":[1.25,1.25,1.25]},"thirdperson_lefthand":{"translation":[0,2.5,0.25],"scale":[1.25,1.25,1.25]},"firstperson_righthand":{"rotation":[-9.36,13.15,9.49],"translation":[3.75,0.25,-1],"scale":[1.12891,1.12891,1.12891]},"firstperson_lefthand":{"rotation":[-9.36,13.15,9.49],"translation":[3.75,0.25,-1],"scale":[1.12891,1.12891,1.12891]},"ground":{"rotation":[0,0,90],"translation":[3,0,0.75]},"gui":{"rotation":[90,135,-90],"translation":[1.5,-3,-2],"scale":[0.88477,0.88477,0.88477]},"head":{"rotation":[-90,23.25,-90],"translation":[0,12.25,0],"scale":[1.5,1.5,1.5]},"fixed":{"rotation":[90,-90,90],"translation":[-0.5,-8,-2],"scale":[2.25,2.25,2.25]}}}