{
	"credit": "Made with Blockbench",
	"texture_size": [384, 256],
	"textures": {
		"5": "item/snowset/iceshovel"
	},
	"elements": [
		{
			"from": [7, -10, 7],
			"to": [9, 13, 9],
			"rotation": {"angle": 0, "axis": "y", "origin": [0, -4, 0]},
			"faces": {
				"north": {"uv": [10.66667, 0, 11, 5.75], "texture": "#5"},
				"east": {"uv": [11, 0, 11.33333, 5.75], "texture": "#5"},
				"south": {"uv": [11.33333, 0, 11.66667, 5.75], "texture": "#5"},
				"west": {"uv": [11.66667, 0, 12, 5.75], "texture": "#5"},
				"up": {"uv": [12.33333, 0.5, 12, 0], "texture": "#5"},
				"down": {"uv": [11.5, 5.125, 11.16667, 5.625], "texture": "#5"}
			}
		},
		{
			"from": [6.5, 13, 6.5],
			"to": [9.5, 18, 9.5],
			"rotation": {"angle": 0, "axis": "y", "origin": [0, -4, 0]},
			"faces": {
				"north": {"uv": [1.16667, 2.5, 1.41667, 3.125], "texture": "#5"},
				"east": {"uv": [1.91667, 0.75, 2.16667, 1.375], "texture": "#5"},
				"south": {"uv": [1.91667, 1.375, 2.16667, 2], "texture": "#5"},
				"west": {"uv": [1.91667, 2, 2.16667, 2.625], "texture": "#5"},
				"up": {"uv": [0.91667, 3.625, 0.66667, 3.25], "texture": "#5"},
				"down": {"uv": [2.41667, 1.125, 2.16667, 1.5], "texture": "#5"}
			}
		},
		{
			"from": [6.5, 11, 6.5],
			"to": [9.5, 12, 9.5],
			"rotation": {"angle": 0, "axis": "y", "origin": [0, -4, 0]},
			"faces": {
				"north": {"uv": [1.75, 3.5, 2, 3.625], "texture": "#5"},
				"east": {"uv": [2, 3.5, 2.25, 3.625], "texture": "#5"},
				"south": {"uv": [2.33333, 3, 2.58333, 3.125], "texture": "#5"},
				"west": {"uv": [2.33333, 3.125, 2.58333, 3.25], "texture": "#5"},
				"up": {"uv": [1.16667, 3.625, 0.91667, 3.25], "texture": "#5"},
				"down": {"uv": [2.41667, 1.5, 2.16667, 1.875], "texture": "#5"}
			}
		},
		{
			"from": [6.5, -7, 6.5],
			"to": [9.5, -6, 9.5],
			"rotation": {"angle": 0, "axis": "y", "origin": [0, -4, 0]},
			"faces": {
				"north": {"uv": [1.75, 3.5, 2, 3.625], "texture": "#5"},
				"east": {"uv": [2, 3.5, 2.25, 3.625], "texture": "#5"},
				"south": {"uv": [2.33333, 3, 2.58333, 3.125], "texture": "#5"},
				"west": {"uv": [2.33333, 3.125, 2.58333, 3.25], "texture": "#5"},
				"up": {"uv": [1.16667, 3.625, 0.91667, 3.25], "texture": "#5"},
				"down": {"uv": [2.41667, 1.5, 2.16667, 1.875], "texture": "#5"}
			}
		},
		{
			"from": [3.5, 14.5, 7.5],
			"to": [12.5, 24.5, 8.5],
			"rotation": {"angle": 0, "axis": "y", "origin": [0, -4, 0]},
			"faces": {
				"north": {"uv": [5.33333, 0, 6.83333, 2.5], "texture": "#5"},
				"east": {"uv": [7.33333, 2.5, 7.5, 5], "texture": "#5"},
				"south": {"uv": [6.83333, 0, 8.33333, 2.5], "texture": "#5"},
				"west": {"uv": [7.5, 2.5, 7.66667, 5], "texture": "#5"},
				"up": {"uv": [9.16667, 2.75, 7.66667, 2.5], "texture": "#5"},
				"down": {"uv": [9.16667, 2.75, 7.66667, 3], "texture": "#5"}
			}
		},
		{
			"from": [5.1, 21.6, 7.6],
			"to": [10.9, 27.4, 8.4],
			"rotation": {"angle": 45, "axis": "z", "origin": [8, 24.5, 8]},
			"faces": {
				"north": {"uv": [5.33333, 2.5, 6.33333, 4], "texture": "#5"},
				"east": {"uv": [7.66667, 3, 7.83333, 4.5], "texture": "#5"},
				"south": {"uv": [6.33333, 2.5, 7.33333, 4], "texture": "#5"},
				"west": {"uv": [7.83333, 3, 8, 4.5], "texture": "#5"},
				"up": {"uv": [6.33333, 4.25, 5.33333, 4], "texture": "#5"},
				"down": {"uv": [7.33333, 4, 6.33333, 4.25], "texture": "#5"}
			}
		},
		{
			"from": [1.5, 14, 8],
			"to": [5.5, 26, 8],
			"faces": {
				"north": {"uv": [1.58333, 0, 1.91667, 1.5], "texture": "#5"},
				"east": {"uv": [0, 0, 0, 1.5], "texture": "#5"},
				"south": {"uv": [1.91667, 0, 1.58333, 1.5], "texture": "#5"},
				"west": {"uv": [0, 0, 0, 1.5], "texture": "#5"},
				"up": {"uv": [0.33333, 0, 0, 0], "texture": "#5"},
				"down": {"uv": [0.33333, 0, 0, 0], "texture": "#5"}
			}
		},
		{
			"from": [10.5, 14, 8],
			"to": [14.5, 26, 8],
			"rotation": {"angle": 0, "axis": "y", "origin": [16, 0, 0]},
			"faces": {
				"north": {"uv": [1.91667, 0, 1.58333, 1.5], "texture": "#5"},
				"east": {"uv": [0, 0, 0, 1.5], "texture": "#5"},
				"south": {"uv": [1.58333, 0, 1.91667, 1.5], "texture": "#5"},
				"west": {"uv": [0, 0, 0, 1.5], "texture": "#5"},
				"up": {"uv": [0, 0, 0.33333, 0], "texture": "#5"},
				"down": {"uv": [0, 0, 0.33333, 0], "texture": "#5"}
			}
		},
		{
			"from": [16.329, 9.222, 6.059],
			"to": [18.029, 10.922, 9.913],
			"rotation": {"angle": 45, "axis": "z", "origin": [9.36, 0.34, 8]},
			"faces": {
				"north": {"uv": [4, 8, 4.20833, 8.625], "texture": "#5"},
				"east": {"uv": [3.41667, 11.25, 3.70833, 11.875], "texture": "#5"},
				"south": {"uv": [4, 8.75, 4.20833, 9.375], "texture": "#5"},
				"west": {"uv": [3.75, 11.25, 4.04167, 11.875], "texture": "#5"},
				"up": {"uv": [4.04167, 10.875, 3.83333, 10], "texture": "#5"},
				"down": {"uv": [3.20833, 11.75, 3, 12.625], "texture": "#5"}
			}
		},
		{
			"from": [15.649, 8.542, 6.229],
			"to": [18.709, 11.602, 9.743],
			"rotation": {"angle": 45, "axis": "z", "origin": [9.36, 0.34, 8]},
			"faces": {
				"north": {"uv": [2.66667, 8, 3.04167, 9.125], "texture": "#5"},
				"east": {"uv": [3.41667, 8, 3.66667, 9.125], "texture": "#5"},
				"south": {"uv": [2.66667, 9.25, 3.04167, 10.375], "texture": "#5"},
				"west": {"uv": [3.41667, 9.25, 3.66667, 10.375], "texture": "#5"},
				"up": {"uv": [3.04167, 11.25, 2.66667, 10.5], "texture": "#5"},
				"down": {"uv": [3.79167, 10.5, 3.41667, 11.25], "texture": "#5"}
			}
		},
		{
			"from": [6.30665, -8.24365, 6.38048],
			"to": [10.19985, -6.73845, 9.68402],
			"rotation": {"angle": -45, "axis": "z", "origin": [8, -8.4318, 8.01818]},
			"faces": {
				"north": {"uv": [4, 9.5, 4.33333, 9.875], "texture": "#5"},
				"east": {"uv": [4.08333, 11, 4.375, 11.375], "texture": "#5"},
				"south": {"uv": [3.25, 12, 3.58333, 12.375], "texture": "#5"},
				"west": {"uv": [4.08333, 11.5, 4.375, 11.875], "texture": "#5"},
				"up": {"uv": [3.41667, 8.875, 3.08333, 8], "texture": "#5"},
				"down": {"uv": [3.41667, 9, 3.08333, 9.875], "texture": "#5"}
			}
		},
		{
			"from": [3.65, 12.075, 7.925],
			"to": [10.65, 17.075, 7.925],
			"rotation": {"angle": 45, "axis": "z", "origin": [7.5, 14.25, 19.5]},
			"faces": {
				"north": {"uv": [6.75, 10.125, 7.33333, 10.75], "texture": "#5"},
				"east": {"uv": [6.75, 10.125, 6.75, 10.75], "texture": "#5"},
				"south": {"uv": [6.16667, 10.125, 6.75, 10.75], "texture": "#5"},
				"west": {"uv": [7.33333, 10.125, 7.33333, 10.75], "texture": "#5"},
				"up": {"uv": [6.75, 10.125, 6.75, 9.25], "rotation": 90, "texture": "#5"},
				"down": {"uv": [6.75, 9.25, 6.75, 10.125], "rotation": 270, "texture": "#5"}
			}
		},
		{
			"from": [4.8, -3.525, 8.125],
			"to": [9.8, 11.475, 8.125],
			"rotation": {"angle": 0, "axis": "y", "origin": [7.5, 14.25, 18.5]},
			"faces": {
				"north": {"uv": [5.75, 8.625, 6.16667, 10.5], "texture": "#5"},
				"east": {"uv": [5.75, 8.625, 5.75, 10.5], "texture": "#5"},
				"south": {"uv": [5.33333, 8.625, 5.75, 10.5], "texture": "#5"},
				"west": {"uv": [6.16667, 8.625, 6.16667, 10.5], "texture": "#5"},
				"up": {"uv": [5.75, 8.625, 5.75, 8], "rotation": 90, "texture": "#5"},
				"down": {"uv": [5.75, 8, 5.75, 8.625], "rotation": 270, "texture": "#5"}
			}
		},
		{
			"from": [5.95015, -8.24365, 6.3893],
			"to": [9.69335, -6.73845, 9.6752],
			"rotation": {"angle": 45, "axis": "z", "origin": [8, -8.4318, 8.027]},
			"faces": {
				"north": {"uv": [3.58333, 12, 3.875, 12.375], "texture": "#5"},
				"east": {"uv": [3.91667, 12, 4.20833, 12.375], "texture": "#5"},
				"south": {"uv": [4.08333, 10, 4.375, 10.375], "texture": "#5"},
				"west": {"uv": [4.08333, 10.5, 4.375, 10.875], "texture": "#5"},
				"up": {"uv": [3.95833, 8.875, 3.66667, 8], "texture": "#5"},
				"down": {"uv": [3.95833, 9, 3.66667, 9.875], "texture": "#5"}
			}
		}
	],
	"display": {
		"thirdperson_righthand": {
			"translation": [0, -0.25, 1],
			"scale": [0.82, 0.82, 0.82]
		},
		"thirdperson_lefthand": {
			"translation": [0, 3.5, 1.5],
			"scale": [0.82, 0.82, 0.82]
		},
		"firstperson_righthand": {
			"rotation": [0, 109, 0],
			"translation": [1.5, 2.5, -0.5],
			"scale": [0.5, 0.5, 0.4]
		},
		"firstperson_lefthand": {
			"rotation": [0, -79, 0],
			"translation": [0.75, 3, 0],
			"scale": [0.5, 0.5, 0.4]
		},
		"ground": {
			"rotation": [58, -104, 0],
			"translation": [-2.25, 0.75, 2.25],
			"scale": [0.45, 0.45, 0.45]
		},
		"gui": {
			"rotation": [0, 0, 41.25],
			"scale": [0.48, 0.48, 0.48]
		},
		"head": {
			"translation": [0, 18.75, 0]
		},
		"fixed": {
			"rotation": [0, 90, 0],
			"translation": [0, -6.5, -0.5],
			"scale": [0.8, 0.8, 0.8]
		}
	}
}