{
	"credit": "MadebyPolygonMC",
	"texture_size": [24, 24],
	"textures": {
		"2": "item/littleduckset/shovel",
		"particle": "item/littleduckset/shovel"
	},
	"elements": [
		{
			"from": [7.4, -0.1, 7.4],
			"to": [8.6, 1.1, 8.6],
			"rotation": {"angle": -45, "axis": "x", "origin": [8, 0.5, 8]},
			"faces": {
				"north": {"uv": [8, 5.33333, 8.66667, 6], "texture": "#2"},
				"east": {"uv": [10, 2, 10.66667, 2.66667], "texture": "#2"},
				"south": {"uv": [2.66667, 10, 3.33333, 10.66667], "texture": "#2"},
				"west": {"uv": [3.33333, 10, 4, 10.66667], "texture": "#2"},
				"up": {"uv": [10.66667, 4, 10, 3.33333], "texture": "#2"},
				"down": {"uv": [4.66667, 10, 4, 10.66667], "texture": "#2"}
			}
		},
		{
			"from": [7.5, 0.7, 7.5],
			"to": [8.5, 1.7, 8.5],
			"rotation": {"angle": 0, "axis": "x", "origin": [8, 1.2, 8]},
			"faces": {
				"north": {"uv": [10, 4, 10.66667, 4.66667], "texture": "#2"},
				"east": {"uv": [4.66667, 10, 5.33333, 10.66667], "texture": "#2"},
				"south": {"uv": [10, 4.66667, 10.66667, 5.33333], "texture": "#2"},
				"west": {"uv": [5.33333, 10, 6, 10.66667], "texture": "#2"},
				"up": {"uv": [10.66667, 6, 10, 5.33333], "texture": "#2"},
				"down": {"uv": [6.66667, 10, 6, 10.66667], "texture": "#2"}
			}
		},
		{
			"from": [7.5, 3.7, 7.5],
			"to": [8.5, 4.7, 8.5],
			"rotation": {"angle": 0, "axis": "x", "origin": [8, 4.2, 8]},
			"faces": {
				"north": {"uv": [10, 6, 10.66667, 6.66667], "texture": "#2"},
				"east": {"uv": [6.66667, 10, 7.33333, 10.66667], "texture": "#2"},
				"south": {"uv": [10, 6.66667, 10.66667, 7.33333], "texture": "#2"},
				"west": {"uv": [7.33333, 10, 8, 10.66667], "texture": "#2"},
				"up": {"uv": [8.66667, 10.66667, 8, 10], "texture": "#2"},
				"down": {"uv": [9.33333, 10, 8.66667, 10.66667], "texture": "#2"}
			}
		},
		{
			"from": [7.5, 6.7, 7.5],
			"to": [8.5, 7.7, 8.5],
			"rotation": {"angle": 0, "axis": "x", "origin": [8, 3.2, 8]},
			"faces": {
				"north": {"uv": [10.66667, 1.33333, 11.33333, 2], "texture": "#2"},
				"east": {"uv": [10.66667, 2, 11.33333, 2.66667], "texture": "#2"},
				"south": {"uv": [2.66667, 10.66667, 3.33333, 11.33333], "texture": "#2"},
				"west": {"uv": [10.66667, 2.66667, 11.33333, 3.33333], "texture": "#2"},
				"up": {"uv": [4, 11.33333, 3.33333, 10.66667], "texture": "#2"},
				"down": {"uv": [11.33333, 3.33333, 10.66667, 4], "texture": "#2"}
			}
		},
		{
			"from": [7.6, 1.7, 7.6],
			"to": [8.4, 3.7, 8.4],
			"rotation": {"angle": 0, "axis": "x", "origin": [8, 2.2, 8]},
			"faces": {
				"north": {"uv": [7.33333, 8.66667, 8, 10], "texture": "#2"},
				"east": {"uv": [8.66667, 7.33333, 9.33333, 8.66667], "texture": "#2"},
				"south": {"uv": [8, 8.66667, 8.66667, 10], "texture": "#2"},
				"west": {"uv": [8.66667, 8.66667, 9.33333, 10], "texture": "#2"},
				"up": {"uv": [10, 10.66667, 9.33333, 10], "texture": "#2"},
				"down": {"uv": [10.66667, 10, 10, 10.66667], "texture": "#2"}
			}
		},
		{
			"from": [6.78, 5.52151, 8.47821],
			"to": [9.22, 9.18151, 10.91821],
			"rotation": {"angle": 0, "axis": "x", "origin": [8, 8.025, 10.33321]},
			"faces": {
				"north": {"uv": [1.66667, 4.66667, 0, 7], "rotation": 180, "texture": "#2"},
				"east": {"uv": [4, 0, 6.33333, 1.66667], "rotation": 270, "texture": "#2"},
				"south": {"uv": [5.66667, 6.33333, 4, 4], "texture": "#2"},
				"west": {"uv": [4, 2, 6.33333, 3.66667], "rotation": 90, "texture": "#2"},
				"up": {"uv": [2, 4.66667, 3.66667, 6.33333], "rotation": 180, "texture": "#2"},
				"down": {"uv": [6, 4, 7.66667, 5.66667], "texture": "#2"}
			}
		},
		{
			"from": [7.2192, 8.22331, 10.03741],
			"to": [8.7808, 10.25571, 11.89901],
			"rotation": {"angle": 0, "axis": "x", "origin": [8, 8.025, 10.33321]},
			"faces": {
				"north": {"uv": [1, 7.33333, 0, 8.66667], "rotation": 180, "texture": "#2"},
				"east": {"uv": [6, 6, 7.33333, 7.33333], "rotation": 270, "texture": "#2"},
				"south": {"uv": [5.66667, 8, 4.66667, 6.66667], "texture": "#2"},
				"west": {"uv": [6.66667, 0, 8, 1.33333], "rotation": 90, "texture": "#2"},
				"up": {"uv": [6.66667, 2.66667, 7.66667, 4], "rotation": 180, "texture": "#2"},
				"down": {"uv": [3.33333, 6.66667, 4.33333, 8], "texture": "#2"}
			}
		},
		{
			"from": [7.3412, 10.25571, 10.12891],
			"to": [8.6588, 11.13411, 10.71451],
			"rotation": {"angle": 0, "axis": "x", "origin": [8, 8.025, 10.33321]},
			"faces": {
				"north": {"uv": [10.33333, 7.33333, 9.33333, 8], "rotation": 180, "texture": "#2"},
				"east": {"uv": [6, 10.66667, 6.66667, 11], "rotation": 270, "texture": "#2"},
				"south": {"uv": [10.33333, 3.33333, 9.33333, 2.66667], "texture": "#2"},
				"west": {"uv": [10.66667, 6, 11.33333, 6.33333], "rotation": 90, "texture": "#2"},
				"up": {"uv": [10.66667, 5.33333, 11.66667, 5.66667], "rotation": 180, "texture": "#2"}
			}
		},
		{
			"from": [7.2192, 4.66357, 9.32776],
			"to": [8.7808, 6.09597, 10.15736],
			"rotation": {"angle": -22.5, "axis": "x", "origin": [8, 8.025, 10.33321]},
			"faces": {
				"north": {"uv": [9.66667, 4.66667, 8.66667, 5.66667], "rotation": 180, "texture": "#2"},
				"east": {"uv": [9.33333, 8, 10.33333, 8.66667], "rotation": 270, "texture": "#2"},
				"south": {"uv": [9.66667, 4.33333, 8.66667, 3.33333], "texture": "#2"},
				"west": {"uv": [9.33333, 9.33333, 10.33333, 10], "rotation": 90, "texture": "#2"},
				"down": {"uv": [9.33333, 8.66667, 10.33333, 9.33333], "texture": "#2"}
			}
		},
		{
			"from": [7.25, 4.7, 7.25],
			"to": [8.75, 6.7, 8.75],
			"rotation": {"angle": 0, "axis": "y", "origin": [6, 1.4, 6]},
			"faces": {
				"north": {"uv": [6, 7.33333, 7, 8.66667], "texture": "#2"},
				"east": {"uv": [7.33333, 6, 8.33333, 7.33333], "texture": "#2"},
				"south": {"uv": [7.33333, 7.33333, 8.33333, 8.66667], "texture": "#2"},
				"west": {"uv": [8, 0, 9, 1.33333], "texture": "#2"},
				"up": {"uv": [7, 9.66667, 6, 8.66667], "texture": "#2"},
				"down": {"uv": [9.66667, 6, 8.66667, 7], "texture": "#2"}
			}
		},
		{
			"from": [7.5, 9.2, 9.1],
			"to": [8.5, 12.2, 10.1],
			"rotation": {"angle": 0, "axis": "x", "origin": [8, 10.7, 10.1]},
			"faces": {
				"north": {"uv": [1.33333, 7.33333, 2, 9.33333], "texture": "#2"},
				"east": {"uv": [8, 1.33333, 8.66667, 3.33333], "texture": "#2"},
				"south": {"uv": [2, 8, 2.66667, 10], "texture": "#2"},
				"west": {"uv": [2.66667, 8, 3.33333, 10], "texture": "#2"},
				"up": {"uv": [0.66667, 11.33333, 0, 10.66667], "texture": "#2"},
				"down": {"uv": [11.33333, 0, 10.66667, 0.66667], "texture": "#2"}
			}
		},
		{
			"from": [7.5, 9.2, 5.9],
			"to": [8.5, 12.2, 6.9],
			"rotation": {"angle": 0, "axis": "x", "origin": [8, 10.7, 5.9]},
			"faces": {
				"north": {"uv": [2.66667, 8, 2, 10], "texture": "#2"},
				"east": {"uv": [8.66667, 1.33333, 8, 3.33333], "texture": "#2"},
				"south": {"uv": [2, 7.33333, 1.33333, 9.33333], "texture": "#2"},
				"west": {"uv": [3.33333, 8, 2.66667, 10], "texture": "#2"},
				"up": {"uv": [0.66667, 10.66667, 0, 11.33333], "texture": "#2"},
				"down": {"uv": [11.33333, 0.66667, 10.66667, 0], "texture": "#2"}
			}
		},
		{
			"from": [7.4, 7.5, 6],
			"to": [8.6, 10.5, 9],
			"rotation": {"angle": 45, "axis": "x", "origin": [8, 8.5, 8]},
			"faces": {
				"north": {"uv": [5.33333, 8, 6, 10], "texture": "#2"},
				"east": {"uv": [0, 2.66667, 2, 4.66667], "texture": "#2"},
				"south": {"uv": [0, 8.66667, 0.66667, 10.66667], "texture": "#2"},
				"west": {"uv": [2, 2.66667, 4, 4.66667], "texture": "#2"},
				"up": {"uv": [1.33333, 10.66667, 0.66667, 8.66667], "texture": "#2"},
				"down": {"uv": [9.33333, 1.33333, 8.66667, 3.33333], "texture": "#2"}
			}
		},
		{
			"from": [7.75, 10.1, 6.5],
			"to": [8.25, 14.1, 9.5],
			"rotation": {"angle": 0, "axis": "y", "origin": [8.25, 12.6, 8]},
			"faces": {
				"north": {"uv": [9.33333, 0, 9.66667, 2.66667], "texture": "#2"},
				"east": {"uv": [0, 0, 2, 2.66667], "texture": "#2"},
				"south": {"uv": [1.33333, 9.33333, 1.66667, 12], "texture": "#2"},
				"west": {"uv": [2, 0, 4, 2.66667], "texture": "#2"},
				"up": {"uv": [10.33333, 2, 10, 0], "texture": "#2"},
				"down": {"uv": [2.33333, 10, 2, 12], "texture": "#2"}
			}
		},
		{
			"from": [7.74, 13.21872, 6.5],
			"to": [8.26, 15.34372, 8.625],
			"rotation": {"angle": -45, "axis": "x", "origin": [7.99, 14.71872, 8]},
			"faces": {
				"north": {"uv": [4, 10.66667, 4.33333, 12], "texture": "#2"},
				"east": {"uv": [6.66667, 1.33333, 8, 2.66667], "texture": "#2"},
				"south": {"uv": [10.66667, 4, 11, 5.33333], "texture": "#2"},
				"west": {"uv": [2, 6.66667, 3.33333, 8], "texture": "#2"},
				"up": {"uv": [5, 12, 4.66667, 10.66667], "texture": "#2"},
				"down": {"uv": [5.66667, 10.66667, 5.33333, 12], "texture": "#2"}
			}
		},
		{
			"from": [8, 11.5, 5.85],
			"to": [8, 16.5, 10.15],
			"rotation": {"angle": 0, "axis": "y", "origin": [8, 11.5, 5.85]},
			"faces": {
				"north": {"uv": [0, 0, 0, 3.33333], "texture": "#2"},
				"east": {"uv": [14.66667, 0, 11.66667, 3.33333], "texture": "#2"},
				"south": {"uv": [0, 0, 0, 3.33333], "texture": "#2"},
				"west": {"uv": [11.66667, 0, 14.66667, 3.33333], "texture": "#2"},
				"up": {"uv": [0, 0, 0, 2.86667], "texture": "#2"},
				"down": {"uv": [0, 0, 0, 2.86667], "texture": "#2"}
			}
		}
	],
	"gui_light": "front",
	"display": {
		"thirdperson_righthand": {
			"translation": [0, 3, 1.5]
		},
		"thirdperson_lefthand": {
			"translation": [0, 3, 1.5]
		},
		"firstperson_righthand": {
			"translation": [-2.5, 5.75, 3]
		},
		"firstperson_lefthand": {
			"translation": [-2.5, 5.75, 3]
		},
		"ground": {
			"translation": [0, 7.5, 0]
		},
		"gui": {
			"rotation": [90, -135, 90],
			"translation": [-0.25, -0.5, -1],
			"scale": [1.16211, 1.16211, 1.16211]
		},
		"head": {
			"scale": [0, 0, 0]
		},
		"fixed": {
			"rotation": [90, -135, 90],
			"translation": [-0.5, -0.5, -1],
			"scale": [1.25, 1.25, 1.25]
		}
	}
}