{
    "parent": "item/generated",
    "textures": {"layer0": "item/bow"},
    "display": {
        "firstperson_righthand": {
            "rotation": [
                0,
                -90,
                25
            ],
            "translation": [
                1.13,
                3.2,
                1.13
            ],
            "scale": [
                0.68,
                0.68,
                0.68
            ]
        },
        "thirdperson_lefthand": {
            "rotation": [
                -80,
                -280,
                40
            ],
            "translation": [
                -1,
                -2,
                2.5
            ],
            "scale": [
                0.9,
                0.9,
                0.9
            ]
        },
        "firstperson_lefthand": {
            "rotation": [
                0,
                90,
                -25
            ],
            "translation": [
                1.13,
                3.2,
                1.13
            ],
            "scale": [
                0.68,
                0.68,
                0.68
            ]
        },
        "thirdperson_righthand": {
            "rotation": [
                -80,
                260,
                -40
            ],
            "translation": [
                -1,
                -2,
                2.5
            ],
            "scale": [
                0.9,
                0.9,
                0.9
            ]
        }
    },
    "overrides": [
        {
            "predicate": {"pulling": 1},
            "model": "item/bow_pulling_0"
        },
        {
            "predicate": {
                "pull": 0.65,
                "pulling": 1
            },
            "model": "item/bow_pulling_1"
        },
        {
            "predicate": {
                "pull": 0.9,
                "pulling": 1
            },
            "model": "item/bow_pulling_2"
        },
        {
            "predicate": {"custom_model_data": 11010},
            "model": "littlesharkset:bow"
        },
        {
            "predicate": {
                "custom_model_data": 11010,
                "pulling": 1
            },
            "model": "littlesharkset:bow_0"
        },
        {
            "predicate": {
                "custom_model_data": 11010,
                "pull": 0.65,
                "pulling": 1
            },
            "model": "littlesharkset:bow_1"
        },
        {
            "predicate": {
                "custom_model_data": 11010,
                "pull": 0.9,
                "pulling": 1
            },
            "model": "littlesharkset:bow_2"
        },
        {
            "predicate": {"custom_model_data": 11011},
            "model": "littleteddybearset:bow"
        },
        {
            "predicate": {
                "custom_model_data": 11011,
                "pulling": 1
            },
            "model": "littleteddybearset:bow_0"
        },
        {
            "predicate": {
                "custom_model_data": 11011,
                "pull": 0.65,
                "pulling": 1
            },
            "model": "littleteddybearset:bow_1"
        },
        {
            "predicate": {
                "custom_model_data": 11011,
                "pull": 0.9,
                "pulling": 1
            },
            "model": "littleteddybearset:bow_2"
        },
        {
            "predicate": {"custom_model_data": 11012},
            "model": "item/bow"
        },
        {
            "predicate": {"custom_model_data": 1},
            "model": "snowset:snow_bow"
        },
        {
            "predicate": {
                "custom_model_data": 1,
                "pulling": 1
            },
            "model": "snowset:snow_bow_0"
        },
        {
            "predicate": {
                "custom_model_data": 1,
                "pull": 0.65,
                "pulling": 1
            },
            "model": "snowset:snow_bow_1"
        },
        {
            "predicate": {
                "custom_model_data": 1,
                "pull": 0.9,
                "pulling": 1
            },
            "model": "snowset:snow_bow_2"
        },
        {
            "predicate": {"custom_model_data": 2},
            "model": "custom/toucanupdate/toucan_bow"
        },
        {
            "predicate": {
                "custom_model_data": 2,
                "pulling": 1
            },
            "model": "custom/toucanupdate/toucan_bow1"
        },
        {
            "predicate": {
                "custom_model_data": 2,
                "pull": 0.65,
                "pulling": 1
            },
            "model": "custom/toucanupdate/toucan_bow2"
        },
        {
            "predicate": {
                "custom_model_data": 2,
                "pull": 0.9,
                "pulling": 1
            },
            "model": "custom/toucanupdate/toucan_bow3"
        },
        {
            "predicate": {"custom_model_data": 3},
            "model": "custom/legoupdate/red_lego_bow"
        },
        {
            "predicate": {
                "custom_model_data": 3,
                "pulling": 1
            },
            "model": "custom/legoupdate/red_lego_bow1"
        },
        {
            "predicate": {
                "custom_model_data": 3,
                "pull": 0.65,
                "pulling": 1
            },
            "model": "custom/legoupdate/red_lego_bow2"
        },
        {
            "predicate": {
                "custom_model_data": 3,
                "pull": 0.9,
                "pulling": 1
            },
            "model": "custom/legoupdate/red_lego_bow3"
        },
        {
            "predicate": {"custom_model_data": 4},
            "model": "littlepandaset/bow"
        },
        {
            "predicate": {
                "custom_model_data": 4,
                "pulling": 1
            },
            "model": "littlepandaset/bow_0"
        },
        {
            "predicate": {
                "custom_model_data": 4,
                "pull": 0.33333334,
                "pulling": 1
            },
            "model": "littlepandaset/bow_1"
        },
        {
            "predicate": {
                "custom_model_data": 4,
                "pull": 0.6666667,
                "pulling": 1
            },
            "model": "littlepandaset/bow_2"
        },
        {
            "predicate": {"custom_model_data": 10000},
            "model": "haloween:bow"
        },
        {
            "predicate": {
                "custom_model_data": 10000,
                "pulling": 1
            },
            "model": "haloween:bow_0"
        },
        {
            "predicate": {
                "custom_model_data": 10000,
                "pull": 0.65,
                "pulling": 1
            },
            "model": "haloween:bow_1"
        },
        {
            "predicate": {
                "custom_model_data": 10000,
                "pull": 0.9,
                "pulling": 1
            },
            "model": "haloween:bow_2"
        },
        {
            "predicate": {"custom_model_data": 10001},
            "model": "littleduckset:bow"
        },
        {
            "predicate": {
                "custom_model_data": 10001,
                "pulling": 1
            },
            "model": "littleduckset:bow_0"
        },
        {
            "predicate": {
                "custom_model_data": 10001,
                "pull": 0.65,
                "pulling": 1
            },
            "model": "littleduckset:bow_1"
        },
        {
            "predicate": {
                "custom_model_data": 10001,
                "pull": 0.9,
                "pulling": 1
            },
            "model": "littleduckset:bow_2"
        },
        {
            "predicate": {"custom_model_data": 11111},
            "model": "minecraft:item/bow"
        },
        {
            "predicate": {"custom_model_data": 10101},
            "model": "custom/merge/bow_ruby_vol_1"
        },
        {
            "predicate": {
                "custom_model_data": 10101,
                "pulling": 1
            },
            "model": "custom/merge/bow_ruby_vol_1_0"
        },
        {
            "predicate": {
                "custom_model_data": 10101,
                "pull": 0.65,
                "pulling": 1
            },
            "model": "custom/merge/bow_ruby_vol_1_1"
        },
        {
            "predicate": {
                "custom_model_data": 10101,
                "pull": 0.9,
                "pulling": 1
            },
            "model": "custom/merge/bow_ruby_vol_1_2"
        }
    ]
}