{
    "parent": "item/generated",
    "textures": {"layer0": "item/crossbow_standby"},
    "display": {
        "firstperson_righthand": {
            "rotation": [
                -90,
                0,
                -55
            ],
            "translation": [
                1.13,
                3.2,
                1.13
            ],
            "scale": [
                0.68,
                0.68,
                0.68
            ]
        },
        "thirdperson_lefthand": {
            "rotation": [
                -90,
                0,
                30
            ],
            "translation": [
                2,
                0.1,
                -3
            ],
            "scale": [
                0.9,
                0.9,
                0.9
            ]
        },
        "firstperson_lefthand": {
            "rotation": [
                -90,
                0,
                35
            ],
            "translation": [
                1.13,
                3.2,
                1.13
            ],
            "scale": [
                0.68,
                0.68,
                0.68
            ]
        },
        "thirdperson_righthand": {
            "rotation": [
                -90,
                0,
                -60
            ],
            "translation": [
                2,
                0.1,
                -3
            ],
            "scale": [
                0.9,
                0.9,
                0.9
            ]
        }
    },
    "overrides": [
        {
            "predicate": {"pulling": 1},
            "model": "item/crossbow_pulling_0"
        },
        {
            "predicate": {
                "pull": 0.58,
                "pulling": 1
            },
            "model": "item/crossbow_pulling_1"
        },
        {
            "predicate": {
                "pull": 1,
                "pulling": 1
            },
            "model": "item/crossbow_pulling_2"
        },
        {
            "predicate": {"charged": 1},
            "model": "item/crossbow_arrow"
        },
        {
            "predicate": {
                "firework": 1,
                "charged": 1
            },
            "model": "item/crossbow_firework"
        },
        {
            "predicate": {"custom_model_data": 10000},
            "model": "littlesharkset:crossbow"
        },
        {
            "predicate": {
                "custom_model_data": 10000,
                "pulling": 1
            },
            "model": "littlesharkset:crossbow_0"
        },
        {
            "predicate": {
                "custom_model_data": 10000,
                "pull": 0.58,
                "pulling": 1
            },
            "model": "littlesharkset:crossbow_1"
        },
        {
            "predicate": {
                "custom_model_data": 10000,
                "pull": 1,
                "pulling": 1
            },
            "model": "littlesharkset:crossbow_2"
        },
        {
            "predicate": {
                "custom_model_data": 10000,
                "charged": 1
            },
            "model": "littlesharkset:crossbow_charged"
        },
        {
            "predicate": {
                "custom_model_data": 10000,
                "firework": 1,
                "charged": 1
            },
            "model": "littlesharkset:crossbow_firework"
        },
        {
            "predicate": {"custom_model_data": 10001},
            "model": "littleteddybearset:crossbow"
        },
        {
            "predicate": {
                "custom_model_data": 10001,
                "pulling": 1
            },
            "model": "littleteddybearset:crossbow_0"
        },
        {
            "predicate": {
                "custom_model_data": 10001,
                "pull": 0.58,
                "pulling": 1
            },
            "model": "littleteddybearset:crossbow_1"
        },
        {
            "predicate": {
                "custom_model_data": 10001,
                "pull": 1,
                "pulling": 1
            },
            "model": "littleteddybearset:crossbow_2"
        },
        {
            "predicate": {
                "custom_model_data": 10001,
                "charged": 1
            },
            "model": "littleteddybearset:crossbow_charged"
        },
        {
            "predicate": {
                "custom_model_data": 10001,
                "firework": 1,
                "charged": 1
            },
            "model": "littleteddybearset:crossbow_firework"
        },
        {
            "predicate": {"custom_model_data": 10002},
            "model": "item/crossbow"
        },
        {
            "predicate": {"custom_model_data": 1},
            "model": "snowset:ice_crossbow"
        },
        {
            "predicate": {"custom_model_data": 2},
            "model": "custom/toucanupdate/toucan_crossbow"
        },
        {
            "predicate": {"custom_model_data": 3},
            "model": "custom/legoupdate/red_lego_crossbow"
        },
        {
            "predicate": {"custom_model_data": 4},
            "model": "littlepandaset/crossbow"
        },
        {
            "predicate": {
                "custom_model_data": 4,
                "charged": 1
            },
            "model": "littlepandaset/crossbow_charged"
        },
        {
            "predicate": {
                "custom_model_data": 4,
                "firework": 1,
                "charged": 1
            },
            "model": "littlepandaset/crossbow_firework"
        },
        {
            "predicate": {"custom_model_data": 10100},
            "model": "haloween:crossbow"
        },
        {
            "predicate": {
                "custom_model_data": 10100,
                "pulling": 1
            },
            "model": "haloween:crossbow_0"
        },
        {
            "predicate": {
                "custom_model_data": 10100,
                "pull": 0.58,
                "pulling": 1
            },
            "model": "haloween:crossbow_1"
        },
        {
            "predicate": {
                "custom_model_data": 10100,
                "pull": 1,
                "pulling": 1
            },
            "model": "haloween:crossbow_2"
        },
        {
            "predicate": {
                "custom_model_data": 10100,
                "charged": 1
            },
            "model": "haloween:crossbow_charged"
        },
        {
            "predicate": {
                "custom_model_data": 10100,
                "firework": 1,
                "charged": 1
            },
            "model": "haloween:crossbow_firework"
        },
        {
            "predicate": {"custom_model_data": 10101},
            "model": "littleduckset:crossbow"
        },
        {
            "predicate": {
                "custom_model_data": 10101,
                "pulling": 1
            },
            "model": "littleduckset:crossbow_0"
        },
        {
            "predicate": {
                "custom_model_data": 10101,
                "pull": 0.58,
                "pulling": 1
            },
            "model": "littleduckset:crossbow_1"
        },
        {
            "predicate": {
                "custom_model_data": 10101,
                "pull": 1,
                "pulling": 1
            },
            "model": "littleduckset:crossbow_2"
        },
        {
            "predicate": {
                "custom_model_data": 10101,
                "charged": 1
            },
            "model": "littleduckset:crossbow_charged"
        },
        {
            "predicate": {
                "custom_model_data": 10101,
                "firework": 1,
                "charged": 1
            },
            "model": "littleduckset:crossbow_firework"
        },
        {
            "predicate": {"custom_model_data": 10102},
            "model": "minecraft:item/crossbow"
        }
    ]
}