{
    "parent": "minecraft:item/handheld",
    "textures": {"layer0": "minecraft:item/diamond_pickaxe"},
    "overrides": [
        {
            "predicate": {"custom_model_data": 10000},
            "model": "waffle_set:waffle_pickaxe"
        },
        {
            "predicate": {"custom_model_data": 10001},
            "model": "waffle_set:choco_waffle_pickaxe"
        },
        {
            "predicate": {"custom_model_data": 10002},
            "model": "item/diamond_pickaxe"
        }
    ]
}