{
    "parent": "item/handheld_rod",
    "textures": {"layer0": "item/fishing_rod"},
    "overrides": [
        {
            "predicate": {"cast": 1},
            "model": "item/fishing_rod_cast"
        },
        {
            "predicate": {"custom_model_data": 10000},
            "model": "littlesharkset:fishing_rod"
        },
        {
            "predicate": {
                "custom_model_data": 10000,
                "cast": 1
            },
            "model": "littlesharkset:fishing_rod_cast"
        },
        {
            "predicate": {"custom_model_data": 10001},
            "model": "littleteddybearset:fishing_rod"
        },
        {
            "predicate": {
                "custom_model_data": 10001,
                "cast": 1
            },
            "model": "littleteddybearset:fishing_rod_cast"
        },
        {
            "predicate": {"custom_model_data": 10002},
            "model": "waffle_set:waffle_fishing_rod"
        },
        {
            "predicate": {
                "custom_model_data": 10002,
                "cast": 1
            },
            "model": "waffle_set:waffle_fishing_rod_cast"
        },
        {
            "predicate": {"custom_model_data": 10003},
            "model": "waffle_set:choco_waffle_fishing_rod"
        },
        {
            "predicate": {
                "custom_model_data": 10003,
                "cast": 1
            },
            "model": "waffle_set:choco_waffle_fishing_rod_cast"
        },
        {
            "predicate": {"custom_model_data": 10004},
            "model": "item/fishing_rod"
        },
        {
            "predicate": {"custom_model_data": 1},
            "model": "littlepandaset/fishing_rod"
        },
        {
            "predicate": {
                "custom_model_data": 1,
                "cast": 1
            },
            "model": "littlepandaset/fishing_rod_cast"
        },
        {
            "predicate": {"custom_model_data": 10100},
            "model": "haloween:fishing"
        },
        {
            "predicate": {
                "custom_model_data": 10100,
                "cast": 1
            },
            "model": "haloween:fishing_cast"
        },
        {
            "predicate": {"custom_model_data": 10101},
            "model": "littleduckset:fishing_rod"
        },
        {
            "predicate": {
                "custom_model_data": 10101,
                "cast": 1
            },
            "model": "littleduckset:fishing_rod_cast"
        },
        {
            "predicate": {"custom_model_data": 10102},
            "model": "minecraft:item/fishing_rod"
        }
    ]
}