{
    "parent": "minecraft:item/handheld",
    "textures": {"layer0": "minecraft:item/iron_hoe"},
    "overrides": [
        {
            "predicate": {"custom_model_data": 10000},
            "model": "littlesharkset:hoe"
        },
        {
            "predicate": {"custom_model_data": 10001},
            "model": "littleteddybearset:hoe"
        },
        {
            "predicate": {"custom_model_data": 10002},
            "model": "item/iron_hoe"
        },
        {
            "predicate": {"custom_model_data": 10100},
            "model": "haloween:hoe"
        },
        {
            "predicate": {"custom_model_data": 10101},
            "model": "littleduckset:hoe"
        },
        {
            "predicate": {"custom_model_data": 10102},
            "model": "minecraft:item/iron_hoe"
        }
    ]
}