{
    "parent": "minecraft:item/handheld",
    "textures": {"layer0": "minecraft:item/iron_sword"},
    "overrides": [
        {
            "predicate": {"custom_model_data": 10000},
            "model": "littlesharkset:hammer"
        },
        {
            "predicate": {"custom_model_data": 10001},
            "model": "littlesharkset:spear"
        },
        {
            "predicate": {"custom_model_data": 10002},
            "model": "littlesharkset:trident"
        },
        {
            "predicate": {"custom_model_data": 10003},
            "model": "littlesharkset:staff"
        },
        {
            "predicate": {"custom_model_data": 10004},
            "model": "littlesharkset:sword"
        },
        {
            "predicate": {"custom_model_data": 10005},
            "model": "littleteddybearset:hammer"
        },
        {
            "predicate": {"custom_model_data": 10006},
            "model": "littleteddybearset:spear"
        },
        {
            "predicate": {"custom_model_data": 10007},
            "model": "littleteddybearset:staff"
        },
        {
            "predicate": {"custom_model_data": 10008},
            "model": "littleteddybearset:sword"
        },
        {
            "predicate": {"custom_model_data": 10009},
            "model": "item/iron_sword"
        },
        {
            "predicate": {"custom_model_data": 10100},
            "model": "haloween:hammer"
        },
        {
            "predicate": {"custom_model_data": 10101},
            "model": "haloween:spear"
        },
        {
            "predicate": {"custom_model_data": 10102},
            "model": "haloween:staff"
        },
        {
            "predicate": {"custom_model_data": 10103},
            "model": "haloween:sword"
        },
        {
            "predicate": {"custom_model_data": 10104},
            "model": "littleduckset:hammer"
        },
        {
            "predicate": {"custom_model_data": 10105},
            "model": "littleduckset:spear"
        },
        {
            "predicate": {"custom_model_data": 10106},
            "model": "littleduckset:staff"
        },
        {
            "predicate": {"custom_model_data": 10107},
            "model": "littleduckset:sword"
        },
        {
            "predicate": {"custom_model_data": 10108},
            "model": "minecraft:item/iron_sword"
        },
        {
            "predicate": {"custom_model_data": 10101},
            "model": "custom/merge/spear_ruby_vol_1"
        },
        {
            "predicate": {"custom_model_data": 10102},
            "model": "custom/merge/staff_ruby_vol_1"
        }
    ]
}