{
    "parent": "minecraft:item/handheld",
    "textures": {"layer0": "minecraft:item/iron_pickaxe"},
    "overrides": [
        {
            "predicate": {"custom_model_data": 10000},
            "model": "littlesharkset:pickaxe"
        },
        {
            "predicate": {"custom_model_data": 10001},
            "model": "littleteddybearset:pickaxe"
        },
        {
            "predicate": {"custom_model_data": 10002},
            "model": "item/iron_pickaxe"
        },
        {
            "predicate": {"custom_model_data": 10100},
            "model": "haloween:pickaxe"
        },
        {
            "predicate": {"custom_model_data": 10101},
            "model": "littleduckset:pickaxe"
        },
        {
            "predicate": {"custom_model_data": 10102},
            "model": "minecraft:item/iron_pickaxe"
        }
    ]
}