{
    "parent": "minecraft:item/handheld",
    "textures": {"layer0": "minecraft:item/iron_shovel"},
    "overrides": [
        {
            "predicate": {"custom_model_data": 10000},
            "model": "littlesharkset:shovel"
        },
        {
            "predicate": {"custom_model_data": 10001},
            "model": "littleteddybearset:shovel"
        },
        {
            "predicate": {"custom_model_data": 10002},
            "model": "item/iron_shovel"
        },
        {
            "predicate": {"custom_model_data": 10100},
            "model": "haloween:shovel"
        },
        {
            "predicate": {"custom_model_data": 10101},
            "model": "littleduckset:shovel"
        },
        {
            "predicate": {"custom_model_data": 10102},
            "model": "minecraft:item/iron_shovel"
        }
    ]
}