{
    "parent": "item/handheld",
    "textures": {"layer0": "item/iron_axe"},
    "overrides": [
        {
            "predicate": {"custom_model_data": 10000},
            "model": "littlesharkset:axe"
        },
        {
            "predicate": {"custom_model_data": 10001},
            "model": "littleteddybearset:axe"
        },
        {
            "predicate": {"custom_model_data": 10002},
            "model": "item/iron_axe"
        },
        {
            "predicate": {"custom_model_data": 1},
            "model": "littlepandaset/axe"
        }
    ]
}