{
    "parent": "minecraft:item/generated",
    "textures": {"layer0": "minecraft:item/leather_horse_armor"},
    "overrides": [
        {
            "predicate": {"custom_model_data": 1},
            "model": "modelengine:slotmachine/slotmachine"
        },
        {
            "predicate": {"custom_model_data": 2},
            "model": "modelengine:slotmachine/spin"
        },
        {
            "predicate": {"custom_model_data": 3},
            "model": "modelengine:slotmachine/activateslot"
        },
        {
            "predicate": {"custom_model_data": 4},
            "model": "modelengine:slotmachine/redbutton"
        },
        {
            "predicate": {"custom_model_data": 5},
            "model": "modelengine:slotmachine/screen"
        },
        {
            "predicate": {"custom_model_data": 6},
            "model": "modelengine:slotmachine_5_2/slotmachine"
        },
        {
            "predicate": {"custom_model_data": 7},
            "model": "modelengine:slotmachine_5_2/spin"
        },
        {
            "predicate": {"custom_model_data": 8},
            "model": "modelengine:slotmachine_5_2/activateslot"
        },
        {
            "predicate": {"custom_model_data": 9},
            "model": "modelengine:slotmachine_5_2/redbutton"
        },
        {
            "predicate": {"custom_model_data": 10},
            "model": "modelengine:slotmachine_5_2/screen"
        },
        {
            "predicate": {"custom_model_data": 11},
            "model": "modelengine:slots/all"
        },
        {
            "predicate": {"custom_model_data": 12},
            "model": "modelengine:slots/redbutton"
        },
        {
            "predicate": {"custom_model_data": 13},
            "model": "modelengine:slots/screen"
        },
        {
            "predicate": {"custom_model_data": 14},
            "model": "modelengine:slots/activateslot"
        }
    ]
}