{
    "parent": "minecraft:item/handheld",
    "textures": {"layer0": "minecraft:item/netherite_sword"},
    "overrides": [
        {
            "predicate": {"custom_model_data": 1},
            "model": "custom/blue"
        },
        {
            "predicate": {"custom_model_data": 2},
            "model": "custom/green"
        },
        {
            "predicate": {"custom_model_data": 3},
            "model": "custom/orange"
        },
        {
            "predicate": {"custom_model_data": 4},
            "model": "custom/pink"
        },
        {
            "predicate": {"custom_model_data": 5},
            "model": "custom/purple"
        },
        {
            "predicate": {"custom_model_data": 6},
            "model": "custom/red"
        },
        {
            "predicate": {"custom_model_data": 7},
            "model": "custom/yellow"
        },
        {
            "predicate": {"custom_model_data": 8},
            "model": "littleduckset:hammer"
        },
        {
            "predicate": {"custom_model_data": 9},
            "model": "littleduckset:spear"
        },
        {
            "predicate": {"custom_model_data": 10},
            "model": "littleduckset:staff"
        },
        {
            "predicate": {"custom_model_data": 11},
            "model": "littleduckset:sword"
        },
        {
            "predicate": {"custom_model_data": 12},
            "model": "snowset:ice_sword"
        },
        {
            "predicate": {"custom_model_data": 13},
            "model": "snowset:snow_sword"
        },
        {
            "predicate": {"custom_model_data": 14},
            "model": "snowset:candy_cane"
        },
        {
            "predicate": {"custom_model_data": 15},
            "model": "custom/toucanupdate/coconut_sword"
        },
        {
            "predicate": {"custom_model_data": 16},
            "model": "custom/toucanupdate/poison_frog_spear"
        },
        {
            "predicate": {"custom_model_data": 17},
            "model": "custom/toucanupdate/toucan_staff"
        },
        {
            "predicate": {"custom_model_data": 18},
            "model": "custom/toucanupdate/toucan_sword"
        },
        {
            "predicate": {"custom_model_data": 19},
            "model": "custom/toucanupdate/toucan_trident"
        },
        {
            "predicate": {"custom_model_data": 20},
            "model": "custom/legoupdate/green_lego_sword"
        },
        {
            "predicate": {"custom_model_data": 21},
            "model": "custom/legoupdate/green_lego_sword2"
        },
        {
            "predicate": {"custom_model_data": 22},
            "model": "custom/legoupdate/yellow_lego_sword"
        },
        {
            "predicate": {"custom_model_data": 23},
            "model": "custom/merge/asura_sword"
        },
        {
            "predicate": {"custom_model_data": 24},
            "model": "custom/merge/vanquisher_sword"
        },
        {
            "predicate": {"custom_model_data": 25},
            "model": "custom/merge/illithid_sword"
        },
        {
            "predicate": {"custom_model_data": 26},
            "model": "custom/merge/peacekeeper_sword"
        },
        {
            "predicate": {"custom_model_data": 27},
            "model": "custom/merge/sword_ruby_vol_1"
        },
        {
            "predicate": {"custom_model_data": 28},
            "model": "littlepandaset/greatsword"
        },
        {
            "predicate": {"custom_model_data": 29},
            "model": "littlepandaset/hammer"
        },
        {
            "predicate": {"custom_model_data": 30},
            "model": "littlepandaset/scythe"
        },
        {
            "predicate": {"custom_model_data": 31},
            "model": "littlepandaset/spear"
        },
        {
            "predicate": {"custom_model_data": 32},
            "model": "littlepandaset/staff"
        },
        {
            "predicate": {"custom_model_data": 33},
            "model": "littlepandaset/sword"
        },
        {
            "predicate": {"custom_model_data": 34},
            "model": "littlepandaset/trident"
        },
        {
            "predicate": {"custom_model_data": 10000},
            "model": "littleduckset:hammer"
        },
        {
            "predicate": {"custom_model_data": 10001},
            "model": "littleduckset:spear"
        },
        {
            "predicate": {"custom_model_data": 10002},
            "model": "littleduckset:staff"
        },
        {
            "predicate": {"custom_model_data": 10103},
            "model": "littleduckset:sword"
        },
        {
            "predicate": {"custom_model_data": 10104},
            "model": "minecraft:item/netherite_sword"
        },
        {
            "predicate": {"custom_model_data": 10100},
            "model": "waffle_set:waffle_sword"
        },
        {
            "predicate": {"custom_model_data": 10101},
            "model": "waffle_set:choco_waffle_sword"
        }
    ]
}