{
    "parent": "minecraft:item/handheld",
    "textures": {"layer0": "minecraft:item/netherite_pickaxe"},
    "overrides": [
        {
            "predicate": {"custom_model_data": 1},
            "model": "snowset:ice_pickaxe"
        },
        {
            "predicate": {"custom_model_data": 2},
            "model": "custom/toucanupdate/toucan_pickaxe"
        },
        {
            "predicate": {"custom_model_data": 3},
            "model": "custom/legoupdate/white_lego_pickaxe"
        },
        {
            "predicate": {"custom_model_data": 4},
            "model": "littlepandaset/pickaxe"
        },
        {
            "predicate": {"custom_model_data": 10000},
            "model": "littleduckset:pickaxe"
        },
        {
            "predicate": {"custom_model_data": 10001},
            "model": "minecraft:item/netherite_pickaxe"
        },
        {
            "predicate": {"custom_model_data": 10100},
            "model": "waffle_set:waffle_pickaxe"
        },
        {
            "predicate": {"custom_model_data": 10101},
            "model": "waffle_set:choco_waffle_pickaxe"
        },
        {
            "predicate": {"custom_model_data": 10102},
            "model": "item/netherite_pickaxe"
        }
    ]
}