{
    "parent": "minecraft:item/handheld",
    "textures": {"layer0": "minecraft:item/netherite_axe"},
    "overrides": [
        {
            "predicate": {"custom_model_data": 1},
            "model": "snowset:ice_axe"
        },
        {
            "predicate": {"custom_model_data": 2},
            "model": "custom/toucanupdate/walnut_axe"
        },
        {
            "predicate": {"custom_model_data": 3},
            "model": "custom/legoupdate/orange_lego_axe"
        },
        {
            "predicate": {"custom_model_data": 10000},
            "model": "littleduckset:axe"
        },
        {
            "predicate": {"custom_model_data": 10001},
            "model": "minecraft:item/netherite_axe"
        },
        {
            "predicate": {"custom_model_data": 10100},
            "model": "waffle_set:waffle_axe"
        },
        {
            "predicate": {"custom_model_data": 10101},
            "model": "waffle_set:choco_waffle_axe"
        },
        {
            "predicate": {"custom_model_data": 10102},
            "model": "item/diamond_axe"
        }
    ]
}