{
    "parent": "minecraft:item/generated",
    "textures": {"layer0": "minecraft:item/paper"},
    "overrides": [
        {
            "predicate": {"custom_model_data": 10000},
            "model": "_iainternal:ia_auto_gen/icon_left_blue"
        },
        {
            "predicate": {"custom_model_data": 10001},
            "model": "_iainternal:ia_auto_gen/icon_right_blue"
        },
        {
            "predicate": {"custom_model_data": 10002},
            "model": "_iainternal:ia_auto_gen/icon_search"
        },
        {
            "predicate": {"custom_model_data": 10003},
            "model": "_iainternal:ia_auto_gen/icon_cancel"
        },
        {
            "predicate": {"custom_model_data": 10004},
            "model": "_iainternal:ia_auto_gen/icon_arrow_chest"
        },
        {
            "predicate": {"custom_model_data": 10005},
            "model": "_iainternal:ia_auto_gen/icon_back_orange"
        },
        {
            "predicate": {"custom_model_data": 10006},
            "model": "_iainternal:ia_auto_gen/icon_next_orange"
        },
        {
            "predicate": {"custom_model_data": 10007},
            "model": "littlesharkset:flag"
        },
        {
            "predicate": {"custom_model_data": 10008},
            "model": "littlesharkset:key"
        },
        {
            "predicate": {"custom_model_data": 10009},
            "model": "littleteddybearset:backpack"
        },
        {
            "predicate": {"custom_model_data": 10010},
            "model": "littleteddybearset:flag"
        },
        {
            "predicate": {"custom_model_data": 10011},
            "model": "littleteddybearset:hood"
        },
        {
            "predicate": {"custom_model_data": 10012},
            "model": "littleteddybearset:key"
        },
        {
            "predicate": {"custom_model_data": 10013},
            "model": "littleteddybearset:swim_tube"
        },
        {
            "predicate": {"custom_model_data": 10014},
            "model": "littleteddybearset:teddybear"
        },
        {
            "predicate": {"custom_model_data": 10015},
            "model": "waffle_set:waffle_wearhead"
        },
        {
            "predicate": {"custom_model_data": 2192001},
            "model": "littlesharkset:backpack"
        },
        {
            "predicate": {"custom_model_data": 2192002},
            "model": "littlesharkset:backpack_2"
        },
        {
            "predicate": {"custom_model_data": 2192003},
            "model": "littlesharkset:tail"
        },
        {
            "predicate": {"custom_model_data": 2192004},
            "model": "littlesharkset:hat"
        },
        {
            "predicate": {"custom_model_data": 2192101},
            "model": "littlesharkset:backpack_self"
        },
        {
            "predicate": {"custom_model_data": 2192102},
            "model": "littlesharkset:backpack_2_self"
        },
        {
            "predicate": {"custom_model_data": 2192203},
            "model": "littlesharkset:tail_self"
        },
        {
            "predicate": {"custom_model_data": 2192204},
            "model": "item/paper"
        },
        {
            "predicate": {"custom_model_data": 1},
            "model": "littlepandaset/backpack"
        },
        {
            "predicate": {"custom_model_data": 2},
            "model": "littlepandaset/bamboo_backpack"
        },
        {
            "predicate": {"custom_model_data": 3},
            "model": "littlepandaset/chest"
        },
        {
            "predicate": {"custom_model_data": 4},
            "model": "littlepandaset/chest_opening"
        },
        {
            "predicate": {"custom_model_data": 5},
            "model": "littlepandaset/panda_head"
        },
        {
            "predicate": {"custom_model_data": 6},
            "model": "littlepandaset/panda_hood"
        },
        {
            "predicate": {"custom_model_data": 7},
            "model": "littlepandaset/key"
        },
        {
            "predicate": {"custom_model_data": 10000},
            "model": "z_iainternal:auto_generated/icon_left_blue"
        },
        {
            "predicate": {"custom_model_data": 10001},
            "model": "z_iainternal:auto_generated/icon_right_blue"
        },
        {
            "predicate": {"custom_model_data": 10002},
            "model": "z_iainternal:auto_generated/icon_search"
        },
        {
            "predicate": {"custom_model_data": 10003},
            "model": "z_iainternal:auto_generated/icon_cancel"
        },
        {
            "predicate": {"custom_model_data": 10004},
            "model": "z_iainternal:auto_generated/icon_arrow_chest"
        },
        {
            "predicate": {"custom_model_data": 10005},
            "model": "z_iainternal:auto_generated/icon_back_orange"
        },
        {
            "predicate": {"custom_model_data": 10006},
            "model": "z_iainternal:auto_generated/icon_next_orange"
        },
        {
            "predicate": {"custom_model_data": 10007},
            "model": "haloween:backpack"
        },
        {
            "predicate": {"custom_model_data": 10008},
            "model": "haloween:chest"
        },
        {
            "predicate": {"custom_model_data": 10009},
            "model": "haloween:chestopen"
        },
        {
            "predicate": {"custom_model_data": 10010},
            "model": "haloween:key"
        },
        {
            "predicate": {"custom_model_data": 10011},
            "model": "littleduckset:backpack"
        },
        {
            "predicate": {"custom_model_data": 10012},
            "model": "littleduckset:frag"
        },
        {
            "predicate": {"custom_model_data": 10013},
            "model": "littleduckset:hood"
        },
        {
            "predicate": {"custom_model_data": 10014},
            "model": "littleduckset:key"
        },
        {
            "predicate": {"custom_model_data": 10015},
            "model": "littleduckset:littleduck"
        },
        {
            "predicate": {"custom_model_data": 10016},
            "model": "custom/slotmachine"
        },
        {
            "predicate": {"custom_model_data": 10017},
            "model": "custom/merge/asura_card_coin"
        },
        {
            "predicate": {"custom_model_data": 10018},
            "model": "custom/merge/asura_circle_coin"
        },
        {
            "predicate": {"custom_model_data": 10019},
            "model": "custom/merge/asura_emerald_coin"
        },
        {
            "predicate": {"custom_model_data": 10020},
            "model": "custom/merge/asura_square_coin"
        },
        {
            "predicate": {"custom_model_data": 10021},
            "model": "custom/merge/asura_triangle_coin"
        },
        {
            "predicate": {"custom_model_data": 10022},
            "model": "custom/merge/asura_wings"
        },
        {
            "predicate": {"custom_model_data": 10100},
            "model": "minecraft:item/paper"
        }
    ]
}