{
    "parent": "minecraft:block/sea_lantern",
    "overrides": [
        {
            "predicate": {"custom_model_data": 10000},
            "model": "littlesharkset:chest"
        },
        {
            "predicate": {"custom_model_data": 10001},
            "model": "littlesharkset:chest_opening"
        },
        {
            "predicate": {"custom_model_data": 10002},
            "model": "littleteddybearset:chest"
        },
        {
            "predicate": {"custom_model_data": 10003},
            "model": "littleteddybearset:chest_opening"
        },
        {
            "predicate": {"custom_model_data": 10004},
            "model": "item/sea_lantern"
        },
        {
            "predicate": {"custom_model_data": 10000},
            "model": "littleduckset:chest"
        },
        {
            "predicate": {"custom_model_data": 10001},
            "model": "littleduckset:chest_opening"
        },
        {
            "predicate": {"custom_model_data": 10002},
            "model": "minecraft:item/sea_lantern"
        }
    ]
}