{
    "parent": "builtin/entity",
    "gui_light": "front",
    "textures": {"particle": "block/dark_oak_planks"},
    "display": {
        "firstperson_righthand": {
            "rotation": [
                0,
                180,
                5
            ],
            "translation": [
                -10,
                2,
                -10
            ],
            "scale": [
                1.25,
                1.25,
                1.25
            ]
        },
        "thirdperson_lefthand": {
            "rotation": [
                0,
                90,
                0
            ],
            "translation": [
                10,
                6,
                12
            ],
            "scale": [
                1,
                1,
                1
            ]
        },
        "firstperson_lefthand": {
            "rotation": [
                0,
                180,
                5
            ],
            "translation": [
                10,
                0,
                -10
            ],
            "scale": [
                1.25,
                1.25,
                1.25
            ]
        },
        "thirdperson_righthand": {
            "rotation": [
                0,
                90,
                0
            ],
            "translation": [
                10,
                6,
                -4
            ],
            "scale": [
                1,
                1,
                1
            ]
        },
        "gui": {
            "rotation": [
                15,
                -25,
                -5
            ],
            "translation": [
                2,
                3,
                0
            ],
            "scale": [
                0.65,
                0.65,
                0.65
            ]
        },
        "fixed": {
            "rotation": [
                0,
                180,
                0
            ],
            "translation": [
                -2,
                4,
                -5
            ],
            "scale": [
                0.5,
                0.5,
                0.5
            ]
        },
        "ground": {
            "rotation": [
                0,
                0,
                0
            ],
            "translation": [
                4,
                4,
                2
            ],
            "scale": [
                0.25,
                0.25,
                0.25
            ]
        }
    },
    "overrides": [
        {
            "predicate": {"blocking": 1},
            "model": "item/shield_blocking"
        },
        {
            "predicate": {"custom_model_data": 10000},
            "model": "littlesharkset:shield"
        },
        {
            "predicate": {
                "custom_model_data": 10000,
                "blocking": 1
            },
            "model": "littlesharkset:shield_blocking"
        },
        {
            "predicate": {"custom_model_data": 10001},
            "model": "littleteddybearset:shield"
        },
        {
            "predicate": {
                "custom_model_data": 10001,
                "blocking": 1
            },
            "model": "littleteddybearset:shield_blocking"
        },
        {
            "predicate": {"custom_model_data": 10002},
            "model": "waffle_set:waffle_shield"
        },
        {
            "predicate": {
                "custom_model_data": 10002,
                "blocking": 1
            },
            "model": "waffle_set:waffle_shield_blocking"
        },
        {
            "predicate": {"custom_model_data": 10003},
            "model": "waffle_set:choco_waffle_shield"
        },
        {
            "predicate": {
                "custom_model_data": 10003,
                "blocking": 1
            },
            "model": "waffle_set:choco_waffle_shield_blocking"
        },
        {
            "predicate": {"custom_model_data": 10004},
            "model": "item/shield"
        },
        {
            "predicate": {"custom_model_data": 1},
            "model": "snowset:ice_shield"
        },
        {
            "predicate": {
                "custom_model_data": 1,
                "blocking": 1
            },
            "model": "snowset:ice_shield"
        },
        {
            "predicate": {"custom_model_data": 2},
            "model": "custom/toucanupdate/banana_shield"
        },
        {
            "predicate": {
                "custom_model_data": 2,
                "blocking": 1
            },
            "model": "custom/toucanupdate/banana_shield"
        },
        {
            "predicate": {"custom_model_data": 3},
            "model": "custom/legoupdate/blue_lego_shield"
        },
        {
            "predicate": {
                "custom_model_data": 3,
                "blocking": 1
            },
            "model": "custom/legoupdate/blue_lego_shield"
        },
        {
            "predicate": {"custom_model_data": 4},
            "model": "littlepandaset/shield"
        },
        {
            "predicate": {
                "custom_model_data": 4,
                "blocking": 1
            },
            "model": "littlepandaset/shield_blocking"
        },
        {
            "predicate": {"custom_model_data": 10100},
            "model": "haloween:shield"
        },
        {
            "predicate": {
                "custom_model_data": 10100,
                "blocking": 1
            },
            "model": "haloween:shield_blocking"
        },
        {
            "predicate": {"custom_model_data": 10101},
            "model": "littleduckset:shield"
        },
        {
            "predicate": {
                "custom_model_data": 10101,
                "blocking": 1
            },
            "model": "littleduckset:shield_blocking"
        },
        {
            "predicate": {"custom_model_data": 10102},
            "model": "minecraft:item/shield"
        }
    ]
}