{"textures":{"0":"modelengine:entity/texture"},"elements":[{"from":[7.12,7.318,4.6677113],"to":[11.96,8.6380005,5.1077113],"rotation":{"angle":0.0,"axis":"y","origin":[8.0,7.978,7.9857554]},"faces":{"east":{"uv":[6.5,9.75,6.625,10.125],"rotation":0,"texture":"#0","tintindex":0},"south":{"uv":[5.125,9.75,6.5,10.125],"rotation":0,"texture":"#0","tintindex":0},"north":{"uv":[9.0,7.625,10.375,8.0],"rotation":0,"texture":"#0","tintindex":0},"west":{"uv":[10.5,7.0,10.625,7.375],"rotation":0,"texture":"#0","tintindex":0},"up":{"uv":[15.25,12.375,13.875,12.25],"rotation":0,"texture":"#0","tintindex":0},"down":{"uv":[15.25,12.375,13.875,12.5],"rotation":0,"texture":"#0","tintindex":0}}},{"from":[7.12,7.318,4.6677113],"to":[11.96,8.6380005,5.1077113],"rotation":{"angle":22.5,"axis":"x","origin":[8.0,7.978,7.9857554]},"faces":{"east":{"uv":[8.375,12.25,8.5,12.625],"rotation":0,"texture":"#0","tintindex":0},"south":{"uv":[12.625,7.375,14.0,7.75],"rotation":0,"texture":"#0","tintindex":0},"north":{"uv":[12.625,7.0,14.0,7.375],"rotation":0,"texture":"#0","tintindex":0},"west":{"uv":[8.5,12.25,8.625,12.625],"rotation":0,"texture":"#0","tintindex":0},"up":{"uv":[15.25,12.625,13.875,12.5],"rotation":0,"texture":"#0","tintindex":0},"down":{"uv":[15.25,13.5,13.875,13.625],"rotation":0,"texture":"#0","tintindex":0}}},{"from":[7.12,7.318,4.6677113],"to":[11.96,8.6380005,5.1077113],"rotation":{"angle":45.0,"axis":"x","origin":[8.0,7.978,7.9857554]},"faces":{"east":{"uv":[7.75,14.0,7.875,14.375],"rotation":0,"texture":"#0","tintindex":0},"south":{"uv":[12.625,8.125,14.0,8.5],"rotation":0,"texture":"#0","tintindex":0},"north":{"uv":[12.625,7.75,14.0,8.125],"rotation":0,"texture":"#0","tintindex":0},"west":{"uv":[9.5,14.125,9.625,14.5],"rotation":0,"texture":"#0","tintindex":0},"up":{"uv":[15.25,13.75,13.875,13.625],"rotation":0,"texture":"#0","tintindex":0},"down":{"uv":[7.75,14.0,6.375,14.125],"rotation":0,"texture":"#0","tintindex":0}}},{"from":[7.12,10.856044,7.3257556],"to":[11.96,11.296044,8.645756],"rotation":{"angle":-22.5,"axis":"x","origin":[8.0,7.978,7.9857554]},"faces":{"east":{"uv":[6.25,13.0,6.625,13.125],"rotation":0,"texture":"#0","tintindex":0},"south":{"uv":[14.0,7.875,15.375,8.0],"rotation":0,"texture":"#0","tintindex":0},"north":{"uv":[14.0,7.75,15.375,7.875],"rotation":0,"texture":"#0","tintindex":0},"west":{"uv":[13.0,10.75,13.375,10.875],"rotation":0,"texture":"#0","tintindex":0},"up":{"uv":[9.75,13.25,8.375,12.875],"rotation":0,"texture":"#0","tintindex":0},"down":{"uv":[14.375,8.5,13.0,8.875],"rotation":0,"texture":"#0","tintindex":0}}},{"from":[7.12,10.856044,7.3257556],"to":[11.96,11.296044,8.645756],"rotation":{"angle":0.0,"axis":"y","origin":[8.0,7.978,7.9857554]},"faces":{"east":{"uv":[4.25,11.875,4.625,12.0],"rotation":0,"texture":"#0","tintindex":0},"south":{"uv":[14.0,7.125,15.375,7.25],"rotation":0,"texture":"#0","tintindex":0},"north":{"uv":[14.0,7.0,15.375,7.125],"rotation":0,"texture":"#0","tintindex":0},"west":{"uv":[4.625,11.875,5.0,12.0],"rotation":0,"texture":"#0","tintindex":0},"up":{"uv":[13.125,13.0,11.75,12.625],"rotation":0,"texture":"#0","tintindex":0},"down":{"uv":[14.25,4.0,12.875,4.375],"rotation":0,"texture":"#0","tintindex":0}}},{"from":[7.12,10.856044,7.3257556],"to":[11.96,11.296044,8.645756],"rotation":{"angle":22.5,"axis":"x","origin":[8.0,7.978,7.9857554]},"faces":{"east":{"uv":[1.5,12.25,1.875,12.375],"rotation":0,"texture":"#0","tintindex":0},"south":{"uv":[14.0,7.375,15.375,7.5],"rotation":0,"texture":"#0","tintindex":0},"north":{"uv":[14.0,7.25,15.375,7.375],"rotation":0,"texture":"#0","tintindex":0},"west":{"uv":[1.5,12.375,1.875,12.5],"rotation":0,"texture":"#0","tintindex":0},"up":{"uv":[14.25,4.75,12.875,4.375],"rotation":0,"texture":"#0","tintindex":0},"down":{"uv":[14.25,4.75,12.875,5.125],"rotation":0,"texture":"#0","tintindex":0}}},{"from":[7.12,10.856044,7.3257556],"to":[11.96,11.296044,8.645756],"rotation":{"angle":45.0,"axis":"x","origin":[8.0,7.978,7.9857554]},"faces":{"east":{"uv":[12.625,8.5,13.0,8.625],"rotation":0,"texture":"#0","tintindex":0},"south":{"uv":[14.0,7.625,15.375,7.75],"rotation":0,"texture":"#0","tintindex":0},"north":{"uv":[14.0,7.5,15.375,7.625],"rotation":0,"texture":"#0","tintindex":0},"west":{"uv":[9.75,12.875,10.125,13.0],"rotation":0,"texture":"#0","tintindex":0},"up":{"uv":[14.25,5.5,12.875,5.125],"rotation":0,"texture":"#0","tintindex":0},"down":{"uv":[14.25,5.5,12.875,5.875],"rotation":0,"texture":"#0","tintindex":0}}},{"from":[7.12,7.318,10.8638],"to":[11.96,8.6380005,11.3038],"rotation":{"angle":-22.5,"axis":"x","origin":[8.0,7.978,7.9857554]},"faces":{"east":{"uv":[9.625,14.125,9.75,14.5],"rotation":0,"texture":"#0","tintindex":0},"south":{"uv":[13.0,9.25,14.375,9.625],"rotation":0,"texture":"#0","tintindex":0},"north":{"uv":[13.0,8.875,14.375,9.25],"rotation":0,"texture":"#0","tintindex":0},"west":{"uv":[9.75,14.125,9.875,14.5],"rotation":0,"texture":"#0","tintindex":0},"up":{"uv":[15.375,8.125,14.0,8.0],"rotation":0,"texture":"#0","tintindex":0},"down":{"uv":[15.375,8.125,14.0,8.25],"rotation":0,"texture":"#0","tintindex":0}}},{"from":[7.12,7.318,10.8638],"to":[11.96,8.6380005,11.3038],"rotation":{"angle":0.0,"axis":"y","origin":[8.0,7.978,7.9857554]},"faces":{"east":{"uv":[9.875,14.125,10.0,14.5],"rotation":0,"texture":"#0","tintindex":0},"south":{"uv":[9.75,13.0,11.125,13.375],"rotation":0,"texture":"#0","tintindex":0},"north":{"uv":[13.0,9.625,14.375,10.0],"rotation":0,"texture":"#0","tintindex":0},"west":{"uv":[10.0,14.125,10.125,14.5],"rotation":0,"texture":"#0","tintindex":0},"up":{"uv":[15.375,8.375,14.0,8.25],"rotation":0,"texture":"#0","tintindex":0},"down":{"uv":[9.75,14.0,8.375,14.125],"rotation":0,"texture":"#0","tintindex":0}}},{"from":[7.12,7.318,4.6677113],"to":[11.96,8.6380005,5.1077113],"rotation":{"angle":-22.5,"axis":"x","origin":[8.0,7.978,7.9857554]},"faces":{"east":{"uv":[10.125,14.125,10.25,14.5],"rotation":0,"texture":"#0","tintindex":0},"south":{"uv":[13.0,10.375,14.375,10.75],"rotation":0,"texture":"#0","tintindex":0},"north":{"uv":[13.0,10.0,14.375,10.375],"rotation":0,"texture":"#0","tintindex":0},"west":{"uv":[10.25,14.125,10.375,14.5],"rotation":0,"texture":"#0","tintindex":0},"up":{"uv":[15.375,8.5,14.0,8.375],"rotation":0,"texture":"#0","tintindex":0},"down":{"uv":[1.375,14.125,0.0,14.25],"rotation":0,"texture":"#0","tintindex":0}}},{"from":[7.12,7.318,4.6677113],"to":[11.96,8.6380005,5.1077113],"rotation":{"angle":-45.0,"axis":"x","origin":[8.0,7.978,7.9857554]},"faces":{"east":{"uv":[10.375,14.125,10.5,14.5],"rotation":0,"texture":"#0","tintindex":0},"south":{"uv":[12.5,13.0,13.875,13.375],"rotation":0,"texture":"#0","tintindex":0},"north":{"uv":[11.125,13.0,12.5,13.375],"rotation":0,"texture":"#0","tintindex":0},"west":{"uv":[10.5,14.125,10.625,14.5],"rotation":0,"texture":"#0","tintindex":0},"up":{"uv":[2.75,14.25,1.375,14.125],"rotation":0,"texture":"#0","tintindex":0},"down":{"uv":[15.5,2.0,14.125,2.125],"rotation":0,"texture":"#0","tintindex":0}}},{"from":[7.12,4.659956,7.3257556],"to":[11.96,5.0999556,8.645756],"rotation":{"angle":22.5,"axis":"x","origin":[8.0,7.978,7.9857554]},"faces":{"east":{"uv":[6.25,13.125,6.625,13.25],"rotation":0,"texture":"#0","tintindex":0},"south":{"uv":[14.125,2.25,15.5,2.375],"rotation":0,"texture":"#0","tintindex":0},"north":{"uv":[14.125,2.125,15.5,2.25],"rotation":0,"texture":"#0","tintindex":0},"west":{"uv":[13.375,10.75,13.75,10.875],"rotation":0,"texture":"#0","tintindex":0},"up":{"uv":[14.5,6.25,13.125,5.875],"rotation":0,"texture":"#0","tintindex":0},"down":{"uv":[14.5,6.25,13.125,6.625],"rotation":0,"texture":"#0","tintindex":0}}},{"from":[7.12,4.659956,7.3257556],"to":[11.96,5.0999556,8.645756],"rotation":{"angle":0.0,"axis":"y","origin":[8.0,7.978,7.9857554]},"faces":{"east":{"uv":[1.5,14.0,1.875,14.125],"rotation":0,"texture":"#0","tintindex":0},"south":{"uv":[14.125,2.5,15.5,2.625],"rotation":0,"texture":"#0","tintindex":0},"north":{"uv":[14.125,2.375,15.5,2.5],"rotation":0,"texture":"#0","tintindex":0},"west":{"uv":[1.875,14.0,2.25,14.125],"rotation":0,"texture":"#0","tintindex":0},"up":{"uv":[14.5,7.0,13.125,6.625],"rotation":0,"texture":"#0","tintindex":0},"down":{"uv":[14.5,12.625,13.125,13.0],"rotation":0,"texture":"#0","tintindex":0}}},{"from":[7.12,4.659956,7.3257556],"to":[11.96,5.0999556,8.645756],"rotation":{"angle":-22.5,"axis":"x","origin":[8.0,7.978,7.9857554]},"faces":{"east":{"uv":[2.25,14.0,2.625,14.125],"rotation":0,"texture":"#0","tintindex":0},"south":{"uv":[14.125,2.75,15.5,2.875],"rotation":0,"texture":"#0","tintindex":0},"north":{"uv":[14.125,2.625,15.5,2.75],"rotation":0,"texture":"#0","tintindex":0},"west":{"uv":[10.625,14.125,11.0,14.25],"rotation":0,"texture":"#0","tintindex":0},"up":{"uv":[9.75,13.625,8.375,13.25],"rotation":0,"texture":"#0","tintindex":0},"down":{"uv":[11.125,13.375,9.75,13.75],"rotation":0,"texture":"#0","tintindex":0}}},{"from":[7.12,4.659956,7.3257556],"to":[11.96,5.0999556,8.645756],"rotation":{"angle":-45.0,"axis":"x","origin":[8.0,7.978,7.9857554]},"faces":{"east":{"uv":[0.0,14.25,0.375,14.375],"rotation":0,"texture":"#0","tintindex":0},"south":{"uv":[14.125,3.0,15.5,3.125],"rotation":0,"texture":"#0","tintindex":0},"north":{"uv":[14.125,2.875,15.5,3.0],"rotation":0,"texture":"#0","tintindex":0},"west":{"uv":[0.375,14.25,0.75,14.375],"rotation":0,"texture":"#0","tintindex":0},"up":{"uv":[12.5,13.75,11.125,13.375],"rotation":0,"texture":"#0","tintindex":0},"down":{"uv":[13.875,13.375,12.5,13.75],"rotation":0,"texture":"#0","tintindex":0}}},{"from":[7.12,7.318,10.8638],"to":[11.96,8.6380005,11.3038],"rotation":{"angle":22.5,"axis":"x","origin":[8.0,7.978,7.9857554]},"faces":{"east":{"uv":[11.0,14.125,11.125,14.5],"rotation":0,"texture":"#0","tintindex":0},"south":{"uv":[9.75,13.75,11.125,14.125],"rotation":0,"texture":"#0","tintindex":0},"north":{"uv":[8.375,13.625,9.75,14.0],"rotation":0,"texture":"#0","tintindex":0},"west":{"uv":[0.75,14.25,0.875,14.625],"rotation":0,"texture":"#0","tintindex":0},"up":{"uv":[15.5,3.25,14.125,3.125],"rotation":0,"texture":"#0","tintindex":0},"down":{"uv":[7.75,14.125,6.375,14.25],"rotation":0,"texture":"#0","tintindex":0}}}],"display":{"head":{"translation":[0.0,-6.4,0.0],"scale":[4.0,4.0,4.0]}}}