{
	"credit": "Made with Blockbench",
	"texture_size": [512, 256],
	"textures": {
		"2": "item/snowset/snowsword"
	},
	"elements": [
		{
			"from": [7, 4.5, 7.5],
			"to": [9, 12.5, 9.5],
			"rotation": {"angle": 0, "axis": "y", "origin": [-1, 0.25, 1]},
			"faces": {
				"north": {"uv": [3.25, 0.5, 3.5, 2.5], "texture": "#2"},
				"east": {"uv": [3, 0.5, 3.25, 2.5], "texture": "#2"},
				"south": {"uv": [3.75, 0.5, 4, 2.5], "texture": "#2"},
				"west": {"uv": [3.5, 0.5, 3.75, 2.5], "texture": "#2"},
				"up": {"uv": [3.5, 0.5, 3.25, 0], "texture": "#2"},
				"down": {"uv": [3.75, 0, 3.5, 0.5], "texture": "#2"}
			}
		},
		{
			"from": [7.5, 12, 6.5],
			"to": [8.5, 16, 10.5],
			"rotation": {"angle": 0, "axis": "y", "origin": [8, 14.25, 8.5]},
			"faces": {
				"north": {"uv": [1.75, 6.5, 1.875, 7.5], "texture": "#2"},
				"east": {"uv": [1.25, 6.5, 1.75, 7.5], "texture": "#2"},
				"south": {"uv": [2.375, 6.5, 2.5, 7.5], "texture": "#2"},
				"west": {"uv": [1.875, 6.5, 2.375, 7.5], "texture": "#2"},
				"up": {"uv": [1.875, 6.5, 1.75, 5.5], "texture": "#2"},
				"down": {"uv": [2, 5.5, 1.875, 6.5], "texture": "#2"}
			}
		},
		{
			"from": [8, 12, 5.5],
			"to": [8, 27, 10.5],
			"rotation": {"angle": 0, "axis": "y", "origin": [7.5, 14.25, 8.5]},
			"faces": {
				"north": {"uv": [0.625, 1.25, 0.625, 5], "texture": "#2"},
				"east": {"uv": [0, 1.25, 0.625, 5], "texture": "#2"},
				"south": {"uv": [1.25, 1.25, 1.25, 5], "texture": "#2"},
				"west": {"uv": [0.625, 1.25, 1.25, 5], "texture": "#2"},
				"up": {"uv": [0.625, 1.25, 0.625, 0], "texture": "#2"},
				"down": {"uv": [0.625, 0, 0.625, 1.25], "texture": "#2"}
			}
		},
		{
			"from": [7.5, 20, 6.5],
			"to": [8.5, 26, 10.5],
			"rotation": {"angle": 0, "axis": "y", "origin": [8, 14.25, 8.5]},
			"faces": {
				"north": {"uv": [0.5, 6, 0.625, 7.5], "texture": "#2"},
				"east": {"uv": [0, 6, 0.5, 7.5], "texture": "#2"},
				"south": {"uv": [1.125, 6, 1.25, 7.5], "texture": "#2"},
				"west": {"uv": [0.625, 6, 1.125, 7.5], "texture": "#2"},
				"up": {"uv": [0.625, 6, 0.5, 5], "texture": "#2"},
				"down": {"uv": [0.75, 5, 0.625, 6], "texture": "#2"}
			}
		},
		{
			"from": [7.6, 21.1, -1.15],
			"to": [8.4, 24.9, 2.65],
			"rotation": {"angle": 45, "axis": "x", "origin": [8, 14.25, 8.5]},
			"faces": {
				"north": {"uv": [3, 5.5, 3.125, 6.5], "texture": "#2"},
				"east": {"uv": [2.5, 5.5, 3, 6.5], "texture": "#2"},
				"south": {"uv": [3.625, 5.5, 3.75, 6.5], "texture": "#2"},
				"west": {"uv": [3.125, 5.5, 3.625, 6.5], "texture": "#2"},
				"up": {"uv": [3.125, 5.5, 3, 4.5], "texture": "#2"},
				"down": {"uv": [3.25, 4.5, 3.125, 5.5], "texture": "#2"}
			}
		},
		{
			"from": [8, 22, -2.25],
			"to": [8, 27, 4.75],
			"rotation": {"angle": 45, "axis": "x", "origin": [8.5, 14.25, 8.5]},
			"faces": {
				"north": {"uv": [2.125, 4.25, 2.125, 5.5], "texture": "#2"},
				"east": {"uv": [1.25, 4.25, 2.125, 5.5], "texture": "#2"},
				"south": {"uv": [3, 4.25, 3, 5.5], "texture": "#2"},
				"west": {"uv": [2.125, 4.25, 3, 5.5], "texture": "#2"},
				"up": {"uv": [2.125, 4.25, 2.125, 2.5], "texture": "#2"},
				"down": {"uv": [2.125, 2.5, 2.125, 4.25], "texture": "#2"}
			}
		},
		{
			"from": [7.5, 16, 7.5],
			"to": [8.5, 20, 10.5],
			"rotation": {"angle": 0, "axis": "y", "origin": [8, 14.25, 8.5]},
			"faces": {
				"north": {"uv": [3.375, 3.25, 3.5, 4.25], "texture": "#2"},
				"east": {"uv": [3, 3.25, 3.375, 4.25], "texture": "#2"},
				"south": {"uv": [3.875, 3.25, 4, 4.25], "texture": "#2"},
				"west": {"uv": [3.5, 3.25, 3.875, 4.25], "texture": "#2"},
				"up": {"uv": [3.5, 3.25, 3.375, 2.5], "texture": "#2"},
				"down": {"uv": [3.625, 2.5, 3.5, 3.25], "texture": "#2"}
			}
		},
		{
			"from": [7.46824, 1.696, 7.91224],
			"to": [8.54824, 6.556, 8.99224],
			"rotation": {"angle": 0, "axis": "y", "origin": [8.54824, 3.586, 8.45224]},
			"faces": {
				"north": {"uv": [9.375, 9.25, 9.4375, 9.75], "texture": "#2"},
				"east": {"uv": [9.3125, 9.25, 9.375, 9.75], "texture": "#2"},
				"south": {"uv": [9.25, 9.25, 9.3125, 9.75], "texture": "#2"},
				"west": {"uv": [9.4375, 9.25, 9.5, 9.75], "texture": "#2"},
				"up": {"uv": [9.375, 9.25, 9.3125, 9.125], "rotation": 90, "texture": "#2"},
				"down": {"uv": [9.4375, 9.125, 9.375, 9.25], "rotation": 270, "texture": "#2"}
			}
		},
		{
			"from": [6.82297, 0.5036, 13.03637],
			"to": [9.15577, 2.4476, 14.98037],
			"rotation": {"angle": -45, "axis": "x", "origin": [7.98937, 0.3888, -2.11943]},
			"faces": {
				"north": {"uv": [8.3125, 7.5, 8.5, 7.75], "texture": "#2"},
				"east": {"uv": [8.1875, 7.5, 8.3125, 7.75], "texture": "#2"},
				"south": {"uv": [8, 7.5, 8.1875, 7.75], "texture": "#2"},
				"west": {"uv": [8.5, 7.5, 8.625, 7.75], "texture": "#2"},
				"up": {"uv": [8.3125, 7.5, 8.1875, 7.125], "rotation": 90, "texture": "#2"},
				"down": {"uv": [8.4375, 7.125, 8.3125, 7.5], "rotation": 270, "texture": "#2"}
			}
		},
		{
			"from": [6.96737, -0.349, 12.18377],
			"to": [9.03637, 3.2252, 15.75797],
			"rotation": {"angle": -45, "axis": "x", "origin": [7.98937, 0.3888, -2.11943]},
			"faces": {
				"north": {"uv": [8.375, 5.625, 8.5, 6.125], "texture": "#2"},
				"east": {"uv": [8.125, 5.625, 8.375, 6.125], "texture": "#2"},
				"south": {"uv": [8, 5.625, 8.125, 6.125], "texture": "#2"},
				"west": {"uv": [8.5, 5.625, 8.75, 6.125], "texture": "#2"},
				"up": {"uv": [8.375, 5.625, 8.125, 5.375], "rotation": 90, "texture": "#2"},
				"down": {"uv": [8.625, 5.375, 8.375, 5.625], "rotation": 270, "texture": "#2"}
			}
		},
		{
			"from": [6.92191, 4.531, 7.23724],
			"to": [9.09457, 5.611, 11.01724],
			"rotation": {"angle": 45, "axis": "x", "origin": [8.01457, 4.396, 8.45224]},
			"faces": {
				"north": {"uv": [8.5625, 8.5, 8.6875, 8.625], "texture": "#2"},
				"east": {"uv": [8.375, 8.5, 8.5625, 8.625], "texture": "#2"},
				"south": {"uv": [8.25, 8.5, 8.375, 8.625], "texture": "#2"},
				"west": {"uv": [8.6875, 8.5, 8.875, 8.625], "texture": "#2"},
				"up": {"uv": [8.5625, 8.5, 8.375, 8.25], "rotation": 90, "texture": "#2"},
				"down": {"uv": [8.75, 8.25, 8.5625, 8.5], "rotation": 270, "texture": "#2"}
			}
		},
		{
			"from": [6.92824, 4.531, 5.88724],
			"to": [9.08824, 5.611, 9.66724],
			"rotation": {"angle": -45, "axis": "x", "origin": [8.00824, 4.396, 8.45224]},
			"faces": {
				"north": {"uv": [8.5625, 8.125, 8.6875, 8.25], "texture": "#2"},
				"east": {"uv": [8.375, 8.125, 8.5625, 8.25], "texture": "#2"},
				"south": {"uv": [8.25, 8.125, 8.375, 8.25], "texture": "#2"},
				"west": {"uv": [8.6875, 8.125, 8.875, 8.25], "texture": "#2"},
				"up": {"uv": [8.5625, 8.125, 8.375, 7.875], "rotation": 90, "texture": "#2"},
				"down": {"uv": [8.75, 7.875, 8.5625, 8.125], "rotation": 270, "texture": "#2"}
			}
		}
	],
	"gui_light": "front",
	"display": {
		"thirdperson_righthand": {
			"rotation": [-6, 2, 8],
			"translation": [0.5, -2, 2],
			"scale": [0.87, 0.87, 0.87]
		},
		"thirdperson_lefthand": {
			"rotation": [0, 16, 0],
			"translation": [0, -2, 1],
			"scale": [0.85, 0.85, 0.85]
		},
		"firstperson_righthand": {
			"rotation": [-8, 2, -2],
			"translation": [-2.75, 2.75, 3.75],
			"scale": [0.45, 0.45, 0.45]
		},
		"firstperson_lefthand": {
			"rotation": [-28, 4, 0],
			"scale": [0.8, 0.8, 0.8]
		},
		"ground": {
			"translation": [0, 2.5, 0],
			"scale": [0.75, 0.75, 0.75]
		},
		"gui": {
			"rotation": [-83.69, 50.61, 85.13],
			"translation": [1.75, -3.5, 0],
			"scale": [0.6, 0.6, 0.6]
		},
		"head": {
			"translation": [0, 18.75, 0]
		},
		"fixed": {
			"rotation": [0, 0, 45],
			"translation": [0, 0, -0.25],
			"scale": [0.5, 0.5, 0.5]
		}
	},
	"groups": [
		{
			"name": "group",
			"origin": [8, 2.25, 8],
			"color": 0,
			"nbt": "{}",
			"armAnimationEnabled": false,
			"children": [0, 1, 2, 3, 4, 5, 6]
		},
		{
			"name": "group",
			"origin": [7.98633, -10.775, 24.73633],
			"color": 0,
			"nbt": "{}",
			"armAnimationEnabled": false,
			"children": [7, 8, 9, 10, 11]
		}
	]
}