{"display":{"thirdperson_righthand":{"translation":[0,0,-1.5],"scale":[0.43359,0.43359,0.43359]},"thirdperson_lefthand":{"translation":[0,0,-1.5],"scale":[0.43359,0.43359,0.43359]},"firstperson_righthand":{"scale":[0.59375,0.59375,0.59375]},"firstperson_lefthand":{"scale":[0.59375,0.59375,1.4]},"ground":{"translation":[0,4,0]},"gui":{"rotation":[180,-34.5,180],"translation":[0,0.5,0],"scale":[0.84766,0.84766,0.84766]},"head":{"translation":[0,14,0]}},"texture_size":[64,64],"textures":{"0":"stealfun/hats/leprechaun_nobeard_hat","particle":"stealfun/hats/leprechaun_nobeard_hat"},"elements":[{"from":[2,0.25,0],"to":[14,1.25,3],"faces":{"north":{"uv":[8.5,7,11.5,7.25],"texture":"#0"},"east":{"uv":[5,7.25,5.75,7.5],"texture":"#0"},"south":{"uv":[8.5,7.25,11.5,7.5],"texture":"#0"},"west":{"uv":[5,7.5,5.75,7.75],"texture":"#0"},"up":{"uv":[11,5.75,8,5],"texture":"#0"},"down":{"uv":[11,5.75,8,6.5],"texture":"#0"}}},{"from":[14,0.25,2],"to":[16,1.25,14],"faces":{"north":{"uv":[5,7.75,5.5,8],"texture":"#0"},"east":{"uv":[8.5,7.5,11.5,7.75],"texture":"#0"},"south":{"uv":[5.5,7.75,6,8],"texture":"#0"},"west":{"uv":[8.5,7.75,11.5,8],"texture":"#0"},"up":{"uv":[8.5,9.5,8,6.5],"texture":"#0"},"down":{"uv":[8,8,7.5,11],"texture":"#0"}}},{"from":[0,0.25,2],"to":[2,1.25,14],"faces":{"north":{"uv":[9.5,10.25,10,10.5],"texture":"#0"},"east":{"uv":[8.5,8,11.5,8.25],"texture":"#0"},"south":{"uv":[10,10.25,10.5,10.5],"texture":"#0"},"west":{"uv":[8.5,8.25,11.5,8.5],"texture":"#0"},"up":{"uv":[0.5,11.25,0,8.25],"texture":"#0"},"down":{"uv":[1,8.25,0.5,11.25],"texture":"#0"}}},{"from":[2,0.25,3],"to":[14,1.25,16],"faces":{"north":{"uv":[8.5,8.5,11.5,8.75],"texture":"#0"},"east":{"uv":[8.5,6.5,11.75,6.75],"texture":"#0"},"south":{"uv":[8.5,8.75,11.5,9],"texture":"#0"},"west":{"uv":[8.5,6.75,11.75,7],"texture":"#0"},"up":{"uv":[3,3.25,0,0],"texture":"#0"},"down":{"uv":[6,0,3,3.25],"texture":"#0"}}},{"from":[3,1.25,2],"to":[13,5.25,3],"faces":{"north":{"uv":[0,7.25,2.5,8.25],"texture":"#0"},"east":{"uv":[8.5,10.25,8.75,11.25],"texture":"#0"},"south":{"uv":[2.5,7.25,5,8.25],"texture":"#0"},"west":{"uv":[8.75,10.25,9,11.25],"texture":"#0"},"up":{"uv":[5.5,9.25,3,9],"texture":"#0"},"down":{"uv":[11,9,8.5,9.25],"texture":"#0"}}},{"from":[3,1.25,13],"to":[13,5.25,14],"faces":{"north":{"uv":[8,0,10.5,1],"texture":"#0"},"east":{"uv":[9,10.25,9.25,11.25],"texture":"#0"},"south":{"uv":[8,1,10.5,2],"texture":"#0"},"west":{"uv":[9.25,10.25,9.5,11.25],"texture":"#0"},"up":{"uv":[5.5,9.5,3,9.25],"texture":"#0"},"down":{"uv":[11,9.25,8.5,9.5],"texture":"#0"}}},{"from":[12,1.25,3],"to":[14,5.25,13],"faces":{"north":{"uv":[5.5,9,6,10],"texture":"#0"},"east":{"uv":[8,2,10.5,3],"texture":"#0"},"south":{"uv":[6,9,6.5,10],"texture":"#0"},"west":{"uv":[8,3,10.5,4],"texture":"#0"},"up":{"uv":[1.5,10.75,1,8.25],"texture":"#0"},"down":{"uv":[2,8.25,1.5,10.75],"texture":"#0"}}},{"from":[2,1.25,3],"to":[4,5.25,13],"faces":{"north":{"uv":[6.5,9,7,10],"texture":"#0"},"east":{"uv":[8,4,10.5,5],"texture":"#0"},"south":{"uv":[7,9,7.5,10],"texture":"#0"},"west":{"uv":[5,8,7.5,9],"texture":"#0"},"up":{"uv":[2.5,10.75,2,8.25],"texture":"#0"},"down":{"uv":[3,8.25,2.5,10.75],"texture":"#0"}}},{"from":[4,5.25,3],"to":[12,13.25,4],"faces":{"north":{"uv":[0,3.25,2,5.25],"texture":"#0"},"east":{"uv":[3,9.5,3.25,11.5],"texture":"#0"},"south":{"uv":[2,3.25,4,5.25],"texture":"#0"},"west":{"uv":[3.25,9.5,3.5,11.5],"texture":"#0"},"up":{"uv":[5,8.5,3,8.25],"texture":"#0"},"down":{"uv":[5,8.5,3,8.75],"texture":"#0"}}},{"from":[4,5.25,12],"to":[12,13.25,13],"faces":{"north":{"uv":[4,3.25,6,5.25],"texture":"#0"},"east":{"uv":[3.5,9.5,3.75,11.5],"texture":"#0"},"south":{"uv":[0,5.25,2,7.25],"texture":"#0"},"west":{"uv":[3.75,9.5,4,11.5],"texture":"#0"},"up":{"uv":[5,9,3,8.75],"texture":"#0"},"down":{"uv":[10,9.5,8,9.75],"texture":"#0"}}},{"from":[12,5.25,4],"to":[13,13.25,12],"faces":{"north":{"uv":[4,9.5,4.25,11.5],"texture":"#0"},"east":{"uv":[2,5.25,4,7.25],"texture":"#0"},"south":{"uv":[4.25,9.5,4.5,11.5],"texture":"#0"},"west":{"uv":[4,5.25,6,7.25],"texture":"#0"},"up":{"uv":[4.75,11.5,4.5,9.5],"texture":"#0"},"down":{"uv":[5,9.5,4.75,11.5],"texture":"#0"}}},{"from":[3,5.25,4],"to":[4,13.25,12],"faces":{"north":{"uv":[5,9.5,5.25,11.5],"texture":"#0"},"east":{"uv":[6,0,8,2],"texture":"#0"},"south":{"uv":[5.25,9.5,5.5,11.5],"texture":"#0"},"west":{"uv":[6,2,8,4],"texture":"#0"},"up":{"uv":[8.25,11.75,8,9.75],"texture":"#0"},"down":{"uv":[8.5,9.75,8.25,11.75],"texture":"#0"}}},{"from":[7,5.25,1],"to":[9,6.25,2],"faces":{"north":{"uv":[10.5,0,11,0.25],"texture":"#0"},"east":{"uv":[5.75,7.25,6,7.5],"texture":"#0"},"south":{"uv":[10.5,0.25,11,0.5],"texture":"#0"},"west":{"uv":[5.75,7.5,6,7.75],"texture":"#0"},"up":{"uv":[11,0.75,10.5,0.5],"texture":"#0"},"down":{"uv":[11,0.75,10.5,1],"texture":"#0"}}},{"from":[7,1.25,1],"to":[9,2.25,2],"faces":{"north":{"uv":[10.5,1,11,1.25],"texture":"#0"},"east":{"uv":[10.5,2,10.75,2.25],"texture":"#0"},"south":{"uv":[10.5,1.25,11,1.5],"texture":"#0"},"west":{"uv":[10.5,2.25,10.75,2.5],"texture":"#0"},"up":{"uv":[11,1.75,10.5,1.5],"texture":"#0"},"down":{"uv":[11,1.75,10.5,2],"texture":"#0"}}},{"from":[6,1.25,1],"to":[7,6.25,2],"faces":{"north":{"uv":[5.5,10.25,5.75,11.5],"texture":"#0"},"east":{"uv":[5.75,10.25,6,11.5],"texture":"#0"},"south":{"uv":[6,10.25,6.25,11.5],"texture":"#0"},"west":{"uv":[6.25,10.25,6.5,11.5],"texture":"#0"},"up":{"uv":[10.75,2.75,10.5,2.5],"texture":"#0"},"down":{"uv":[10.75,2.75,10.5,3],"texture":"#0"}}},{"from":[9,1.25,1],"to":[10,6.25,2],"faces":{"north":{"uv":[6.5,10.25,6.75,11.5],"texture":"#0"},"east":{"uv":[6.75,10.25,7,11.5],"texture":"#0"},"south":{"uv":[7,10.25,7.25,11.5],"texture":"#0"},"west":{"uv":[7.25,10.25,7.5,11.5],"texture":"#0"},"up":{"uv":[10.75,3.25,10.5,3],"texture":"#0"},"down":{"uv":[10.75,3.25,10.5,3.5],"texture":"#0"}}},{"from":[4,13,4],"to":[12,14,12],"faces":{"north":{"uv":[8.5,9.75,10.5,10],"texture":"#0"},"east":{"uv":[5.5,10,7.5,10.25],"texture":"#0"},"south":{"uv":[8.5,10,10.5,10.25],"texture":"#0"},"west":{"uv":[10,9.5,12,9.75],"texture":"#0"},"up":{"uv":[8,6,6,4],"texture":"#0"},"down":{"uv":[8,6,6,8],"texture":"#0"}}}]}