{"display":{"thirdperson_righthand":{"translation":[0,-3,0.5],"scale":[0.29688,0.29688,0.29688]},"thirdperson_lefthand":{"translation":[0,-3,0.5],"scale":[0.29688,0.29688,0.29688]},"firstperson_righthand":{"translation":[0,-5.75,0],"scale":[0.52344,0.52344,0.52344]},"firstperson_lefthand":{"translation":[0,-5.75,0],"scale":[0.52344,0.52344,0.52344]},"gui":{"rotation":[178.23,-28.91,179.68],"translation":[0.5,-3.25,0],"scale":[0.47164,0.47164,0.47164]},"head":{"translation":[0,-3.25,-2.5]},"fixed":{"translation":[0,-8.5,0]}},"texture_size":[64,64],"textures":{"0":"stealfun/hats/leprechaun_beard_hat","particle":"stealfun/hats/leprechaun_beard_hat"},"elements":[{"from":[3,2,2],"to":[13,4,4],"faces":{"north":{"uv":[1,8.25,3.5,8.75],"texture":"#0"},"east":{"uv":[7,9,7.5,9.5],"texture":"#0"},"south":{"uv":[8.5,6.5,11,7],"texture":"#0"},"west":{"uv":[11,9.5,11.5,10],"texture":"#0"},"up":{"uv":[11,7.5,8.5,7],"texture":"#0"},"down":{"uv":[11,7.5,8.5,8],"texture":"#0"}}},{"from":[3,3,3],"to":[13,4,5],"faces":{"north":{"uv":[5,9.5,7.5,9.75],"texture":"#0"},"east":{"uv":[5,11.5,5.5,11.75],"texture":"#0"},"south":{"uv":[5,9.75,7.5,10],"texture":"#0"},"west":{"uv":[5.5,11.5,6,11.75],"texture":"#0"},"up":{"uv":[11,8.5,8.5,8],"texture":"#0"},"down":{"uv":[11,8.5,8.5,9],"texture":"#0"}}},{"from":[6,4,2],"to":[10,5,5],"faces":{"north":{"uv":[2.5,9.75,3.5,10],"texture":"#0"},"east":{"uv":[11.25,11.25,12,11.5],"texture":"#0"},"south":{"uv":[11,8.75,12,9],"texture":"#0"},"west":{"uv":[11.5,1.5,12.25,1.75],"texture":"#0"},"up":{"uv":[6,8,5,7.25],"texture":"#0"},"down":{"uv":[2.5,9.25,1.5,10],"texture":"#0"}}},{"from":[4,1,1],"to":[12,2,3],"faces":{"north":{"uv":[1.5,10,3.5,10.25],"texture":"#0"},"east":{"uv":[6,11.5,6.5,11.75],"texture":"#0"},"south":{"uv":[1.5,10.25,3.5,10.5],"texture":"#0"},"west":{"uv":[7.5,11.5,8,11.75],"texture":"#0"},"up":{"uv":[3.5,9.25,1.5,8.75],"texture":"#0"},"down":{"uv":[7,9,5,9.5],"texture":"#0"}}},{"from":[5,0,2],"to":[11,1,3],"faces":{"north":{"uv":[2,11,3.5,11.25],"texture":"#0"},"east":{"uv":[11.75,9,12,9.25],"texture":"#0"},"south":{"uv":[11,5,12.5,5.25],"texture":"#0"},"west":{"uv":[11.75,9.25,12,9.5],"texture":"#0"},"up":{"uv":[12.5,5.5,11,5.25],"texture":"#0"},"down":{"uv":[12.5,5.5,11,5.75],"texture":"#0"}}},{"from":[6,-1,1],"to":[10,1,2],"faces":{"north":{"uv":[2.5,9.25,3.5,9.75],"texture":"#0"},"east":{"uv":[3.25,11.25,3.5,11.75],"texture":"#0"},"south":{"uv":[1.5,10.5,2.5,11],"texture":"#0"},"west":{"uv":[2.75,11.5,3,12],"texture":"#0"},"up":{"uv":[12,10.25,11,10],"texture":"#0"},"down":{"uv":[12,10.25,11,10.5],"texture":"#0"}}},{"from":[7,-2,1],"to":[9,-1,2],"faces":{"north":{"uv":[8,11.5,8.5,11.75],"texture":"#0"},"east":{"uv":[11.75,11.5,12,11.75],"texture":"#0"},"south":{"uv":[8.5,11.5,9,11.75],"texture":"#0"},"west":{"uv":[11.75,11.75,12,12],"texture":"#0"},"up":{"uv":[12,9.75,11.5,9.5],"texture":"#0"},"down":{"uv":[12,9.75,11.5,10],"texture":"#0"}}},{"from":[2,5,3],"to":[3,7,7],"faces":{"north":{"uv":[11.25,11.5,11.5,12],"texture":"#0"},"east":{"uv":[10.5,1.5,11.5,2],"texture":"#0"},"south":{"uv":[11.5,11.5,11.75,12],"texture":"#0"},"west":{"uv":[10.5,2,11.5,2.5],"texture":"#0"},"up":{"uv":[11.25,12,11,11],"texture":"#0"},"down":{"uv":[0.25,11.25,0,12.25],"texture":"#0"}}},{"from":[13,5,3],"to":[14,7,7],"faces":{"north":{"uv":[2,11.75,2.25,12.25],"texture":"#0"},"east":{"uv":[2.5,10.5,3.5,11],"texture":"#0"},"south":{"uv":[2.25,11.75,2.5,12.25],"texture":"#0"},"west":{"uv":[10.5,2.5,11.5,3],"texture":"#0"},"up":{"uv":[0.5,12.25,0.25,11.25],"texture":"#0"},"down":{"uv":[0.75,11.25,0.5,12.25],"texture":"#0"}}},{"from":[11,4,3],"to":[14,6,4],"faces":{"north":{"uv":[11,5.75,11.75,6.25],"texture":"#0"},"east":{"uv":[2.5,11.75,2.75,12.25],"texture":"#0"},"south":{"uv":[11,6.25,11.75,6.75],"texture":"#0"},"west":{"uv":[3.25,11.75,3.5,12.25],"texture":"#0"},"up":{"uv":[12.25,2,11.5,1.75],"texture":"#0"},"down":{"uv":[2.75,11.5,2,11.75],"texture":"#0"}}},{"from":[2,4,3],"to":[5,6,4],"faces":{"north":{"uv":[11,6.75,11.75,7.25],"texture":"#0"},"east":{"uv":[5,11.75,5.25,12.25],"texture":"#0"},"south":{"uv":[11,7.25,11.75,7.75],"texture":"#0"},"west":{"uv":[5.25,11.75,5.5,12.25],"texture":"#0"},"up":{"uv":[12.25,2.25,11.5,2],"texture":"#0"},"down":{"uv":[12.25,2.25,11.5,2.5],"texture":"#0"}}},{"from":[6,2,1],"to":[10,4,2],"faces":{"north":{"uv":[10.5,3,11.5,3.5],"texture":"#0"},"east":{"uv":[5.5,11.75,5.75,12.25],"texture":"#0"},"south":{"uv":[10.5,3.5,11.5,4],"texture":"#0"},"west":{"uv":[5.75,11.75,6,12.25],"texture":"#0"},"up":{"uv":[3,11.5,2,11.25],"texture":"#0"},"down":{"uv":[12.25,11,11.25,11.25],"texture":"#0"}}},{"from":[5,2,1],"to":[6,3,2],"faces":{"north":{"uv":[2.75,12,3,12.25],"texture":"#0"},"east":{"uv":[6,12,6.25,12.25],"texture":"#0"},"south":{"uv":[6.25,12,6.5,12.25],"texture":"#0"},"west":{"uv":[7.5,12,7.75,12.25],"texture":"#0"},"up":{"uv":[8,12.25,7.75,12],"texture":"#0"},"down":{"uv":[8.25,12,8,12.25],"texture":"#0"}}},{"from":[5,4,2],"to":[6,5,3],"faces":{"north":{"uv":[8.25,12,8.5,12.25],"texture":"#0"},"east":{"uv":[8.5,12,8.75,12.25],"texture":"#0"},"south":{"uv":[8.75,12,9,12.25],"texture":"#0"},"west":{"uv":[12,8.75,12.25,9],"texture":"#0"},"up":{"uv":[12.25,9.25,12,9],"texture":"#0"},"down":{"uv":[12.25,9.25,12,9.5],"texture":"#0"}}},{"from":[10,4,2],"to":[11,5,3],"faces":{"north":{"uv":[12,9.5,12.25,9.75],"texture":"#0"},"east":{"uv":[12,9.75,12.25,10],"texture":"#0"},"south":{"uv":[12,10,12.25,10.25],"texture":"#0"},"west":{"uv":[12,10.25,12.25,10.5],"texture":"#0"},"up":{"uv":[12.25,10.75,12,10.5],"texture":"#0"},"down":{"uv":[12.25,10.75,12,11],"texture":"#0"}}},{"from":[2,3,3],"to":[3,4,4],"faces":{"north":{"uv":[11,12,11.25,12.25],"texture":"#0"},"east":{"uv":[11.25,12,11.5,12.25],"texture":"#0"},"south":{"uv":[12,11.25,12.25,11.5],"texture":"#0"},"west":{"uv":[11.5,12,11.75,12.25],"texture":"#0"},"up":{"uv":[12.25,11.75,12,11.5],"texture":"#0"},"down":{"uv":[12,12,11.75,12.25],"texture":"#0"}}},{"from":[13,3,3],"to":[14,4,4],"faces":{"north":{"uv":[12,11.75,12.25,12],"texture":"#0"},"east":{"uv":[12,12,12.25,12.25],"texture":"#0"},"south":{"uv":[0,12.25,0.25,12.5],"texture":"#0"},"west":{"uv":[0.25,12.25,0.5,12.5],"texture":"#0"},"up":{"uv":[0.75,12.5,0.5,12.25],"texture":"#0"},"down":{"uv":[1,12.25,0.75,12.5],"texture":"#0"}}},{"from":[10,2,1],"to":[11,3,2],"faces":{"north":{"uv":[1,12.25,1.25,12.5],"texture":"#0"},"east":{"uv":[1.25,12.25,1.5,12.5],"texture":"#0"},"south":{"uv":[12.25,1.5,12.5,1.75],"texture":"#0"},"west":{"uv":[12.25,1.75,12.5,2],"texture":"#0"},"up":{"uv":[2.25,12.5,2,12.25],"texture":"#0"},"down":{"uv":[12.5,2,12.25,2.25],"texture":"#0"}}},{"from":[3,4,3],"to":[6,5,5],"faces":{"north":{"uv":[11.5,2.5,12.25,2.75],"texture":"#0"},"east":{"uv":[11.75,5.75,12.25,6],"texture":"#0"},"south":{"uv":[11.5,2.75,12.25,3],"texture":"#0"},"west":{"uv":[6,11.75,6.5,12],"texture":"#0"},"up":{"uv":[8.25,11.5,7.5,11],"texture":"#0"},"down":{"uv":[11.75,7.75,11,8.25],"texture":"#0"}}},{"from":[10,4,3],"to":[13,5,5],"faces":{"north":{"uv":[11.5,3,12.25,3.25],"texture":"#0"},"east":{"uv":[11.75,6,12.25,6.25],"texture":"#0"},"south":{"uv":[11.5,3.25,12.25,3.5],"texture":"#0"},"west":{"uv":[11.75,6.25,12.25,6.5],"texture":"#0"},"up":{"uv":[9,11.5,8.25,11],"texture":"#0"},"down":{"uv":[11.75,8.25,11,8.75],"texture":"#0"}}},{"from":[2,17.75,2.5],"to":[14,18.75,5.5],"faces":{"north":{"uv":[8,9.5,11,9.75],"texture":"#0"},"east":{"uv":[11.5,3.5,12.25,3.75],"texture":"#0"},"south":{"uv":[8,9.75,11,10],"texture":"#0"},"west":{"uv":[11.5,3.75,12.25,4],"texture":"#0"},"up":{"uv":[11,5.75,8,5],"texture":"#0"},"down":{"uv":[11,5.75,8,6.5],"texture":"#0"}}},{"from":[14,17.75,4.5],"to":[16,18.75,16.5],"faces":{"north":{"uv":[11.75,6.5,12.25,6.75],"texture":"#0"},"east":{"uv":[8,10,11,10.25],"texture":"#0"},"south":{"uv":[11.75,6.75,12.25,7],"texture":"#0"},"west":{"uv":[8,10.25,11,10.5],"texture":"#0"},"up":{"uv":[8.5,9.5,8,6.5],"texture":"#0"},"down":{"uv":[8,8,7.5,11],"texture":"#0"}}},{"from":[0,17.75,4.5],"to":[2,18.75,16.5],"faces":{"north":{"uv":[11.75,7,12.25,7.25],"texture":"#0"},"east":{"uv":[10.5,0,13.5,0.25],"texture":"#0"},"south":{"uv":[11.75,7.25,12.25,7.5],"texture":"#0"},"west":{"uv":[10.5,0.25,13.5,0.5],"texture":"#0"},"up":{"uv":[0.5,11.25,0,8.25],"texture":"#0"},"down":{"uv":[1,8.25,0.5,11.25],"texture":"#0"}}},{"from":[2,17.75,5.5],"to":[14,18.75,18.5],"faces":{"north":{"uv":[10.5,0.5,13.5,0.75],"texture":"#0"},"east":{"uv":[8.5,9,11.75,9.25],"texture":"#0"},"south":{"uv":[10.5,0.75,13.5,1],"texture":"#0"},"west":{"uv":[8.5,9.25,11.75,9.5],"texture":"#0"},"up":{"uv":[3,3.25,0,0],"texture":"#0"},"down":{"uv":[6,0,3,3.25],"texture":"#0"}}},{"from":[3,18.75,4.5],"to":[13,22.75,5.5],"faces":{"north":{"uv":[0,7.25,2.5,8.25],"texture":"#0"},"east":{"uv":[0.75,11.25,1,12.25],"texture":"#0"},"south":{"uv":[2.5,7.25,5,8.25],"texture":"#0"},"west":{"uv":[1,11.25,1.25,12.25],"texture":"#0"},"up":{"uv":[7.5,10.25,5,10],"texture":"#0"},"down":{"uv":[7.5,10.25,5,10.5],"texture":"#0"}}},{"from":[3,18.75,15.5],"to":[13,22.75,16.5],"faces":{"north":{"uv":[8,0,10.5,1],"texture":"#0"},"east":{"uv":[1.25,11.25,1.5,12.25],"texture":"#0"},"south":{"uv":[8,1,10.5,2],"texture":"#0"},"west":{"uv":[3,11.25,3.25,12.25],"texture":"#0"},"up":{"uv":[13,1.25,10.5,1],"texture":"#0"},"down":{"uv":[13,1.25,10.5,1.5],"texture":"#0"}}},{"from":[12,18.75,5.5],"to":[14,22.75,15.5],"faces":{"north":{"uv":[10.5,4,11,5],"texture":"#0"},"east":{"uv":[8,2,10.5,3],"texture":"#0"},"south":{"uv":[5,10.5,5.5,11.5],"texture":"#0"},"west":{"uv":[8,3,10.5,4],"texture":"#0"},"up":{"uv":[4,10.75,3.5,8.25],"texture":"#0"},"down":{"uv":[4.5,8.25,4,10.75],"texture":"#0"}}},{"from":[2,18.75,5.5],"to":[4,22.75,15.5],"faces":{"north":{"uv":[5.5,10.5,6,11.5],"texture":"#0"},"east":{"uv":[8,4,10.5,5],"texture":"#0"},"south":{"uv":[6,10.5,6.5,11.5],"texture":"#0"},"west":{"uv":[5,8,7.5,9],"texture":"#0"},"up":{"uv":[5,10.75,4.5,8.25],"texture":"#0"},"down":{"uv":[1.5,8.75,1,11.25],"texture":"#0"}}},{"from":[4,22.75,5.5],"to":[12,30.75,6.5],"faces":{"north":{"uv":[0,3.25,2,5.25],"texture":"#0"},"east":{"uv":[6.5,10.5,6.75,12.5],"texture":"#0"},"south":{"uv":[2,3.25,4,5.25],"texture":"#0"},"west":{"uv":[6.75,10.5,7,12.5],"texture":"#0"},"up":{"uv":[10,10.75,8,10.5],"texture":"#0"},"down":{"uv":[12,10.5,10,10.75],"texture":"#0"}}},{"from":[4,22.75,14.5],"to":[12,30.75,15.5],"faces":{"north":{"uv":[4,3.25,6,5.25],"texture":"#0"},"east":{"uv":[7,10.5,7.25,12.5],"texture":"#0"},"south":{"uv":[0,5.25,2,7.25],"texture":"#0"},"west":{"uv":[7.25,10.5,7.5,12.5],"texture":"#0"},"up":{"uv":[10,11,8,10.75],"texture":"#0"},"down":{"uv":[12,10.75,10,11],"texture":"#0"}}},{"from":[12,22.75,6.5],"to":[13,30.75,14.5],"faces":{"north":{"uv":[3.5,10.75,3.75,12.75],"texture":"#0"},"east":{"uv":[2,5.25,4,7.25],"texture":"#0"},"south":{"uv":[3.75,10.75,4,12.75],"texture":"#0"},"west":{"uv":[4,5.25,6,7.25],"texture":"#0"},"up":{"uv":[4.25,12.75,4,10.75],"texture":"#0"},"down":{"uv":[4.5,10.75,4.25,12.75],"texture":"#0"}}},{"from":[3,22.75,6.5],"to":[4,30.75,14.5],"faces":{"north":{"uv":[4.5,10.75,4.75,12.75],"texture":"#0"},"east":{"uv":[6,0,8,2],"texture":"#0"},"south":{"uv":[4.75,10.75,5,12.75],"texture":"#0"},"west":{"uv":[6,2,8,4],"texture":"#0"},"up":{"uv":[1.75,13,1.5,11],"texture":"#0"},"down":{"uv":[2,11,1.75,13],"texture":"#0"}}},{"from":[7,22.75,3.5],"to":[9,23.75,4.5],"faces":{"north":{"uv":[7.5,11.75,8,12],"texture":"#0"},"east":{"uv":[2.25,12.25,2.5,12.5],"texture":"#0"},"south":{"uv":[11.75,7.5,12.25,7.75],"texture":"#0"},"west":{"uv":[12.25,2.25,12.5,2.5],"texture":"#0"},"up":{"uv":[12.25,8,11.75,7.75],"texture":"#0"},"down":{"uv":[8.5,11.75,8,12],"texture":"#0"}}},{"from":[7,18.75,3.5],"to":[9,19.75,4.5],"faces":{"north":{"uv":[11.75,8,12.25,8.25],"texture":"#0"},"east":{"uv":[2.5,12.25,2.75,12.5],"texture":"#0"},"south":{"uv":[11.75,8.25,12.25,8.5],"texture":"#0"},"west":{"uv":[12.25,2.5,12.5,2.75],"texture":"#0"},"up":{"uv":[9,12,8.5,11.75],"texture":"#0"},"down":{"uv":[12.25,8.5,11.75,8.75],"texture":"#0"}}},{"from":[6,18.75,3.5],"to":[7,23.75,4.5],"faces":{"north":{"uv":[9,11,9.25,12.25],"texture":"#0"},"east":{"uv":[9.25,11,9.5,12.25],"texture":"#0"},"south":{"uv":[9.5,11,9.75,12.25],"texture":"#0"},"west":{"uv":[9.75,11,10,12.25],"texture":"#0"},"up":{"uv":[3,12.5,2.75,12.25],"texture":"#0"},"down":{"uv":[12.5,2.75,12.25,3],"texture":"#0"}}},{"from":[9,18.75,3.5],"to":[10,23.75,4.5],"faces":{"north":{"uv":[10,11,10.25,12.25],"texture":"#0"},"east":{"uv":[10.25,11,10.5,12.25],"texture":"#0"},"south":{"uv":[10.5,11,10.75,12.25],"texture":"#0"},"west":{"uv":[10.75,11,11,12.25],"texture":"#0"},"up":{"uv":[3.25,12.5,3,12.25],"texture":"#0"},"down":{"uv":[12.5,3,12.25,3.25],"texture":"#0"}}},{"from":[4,30.5,6.5],"to":[12,31.5,14.5],"faces":{"north":{"uv":[11,4,13,4.25],"texture":"#0"},"east":{"uv":[11,4.25,13,4.5],"texture":"#0"},"south":{"uv":[11,4.5,13,4.75],"texture":"#0"},"west":{"uv":[11,4.75,13,5],"texture":"#0"},"up":{"uv":[8,6,6,4],"texture":"#0"},"down":{"uv":[8,6,6,8],"texture":"#0"}}}]}