{"display":{"thirdperson_righthand":{"translation":[0,0,-1.75],"scale":[0.50977,0.50977,0.50977]},"thirdperson_lefthand":{"translation":[0,0,-2.25],"scale":[0.50977,0.50977,0.50977]},"firstperson_righthand":{"translation":[0,-1,2.5],"scale":[0.53906,0.53906,0.53906]},"firstperson_lefthand":{"translation":[0,-1,2.5],"scale":[0.53906,0.53906,0.53906]},"ground":{"translation":[0,3,0]},"gui":{"rotation":[20,-133,0],"translation":[0,-1.5,0],"scale":[0.60742,0.60742,0.60742]},"head":{"translation":[0,13.5,0],"scale":[0.91015,0.91015,0.91015]},"fixed":{"translation":[0,-2.5,0],"scale":[0.71484,0.71484,0.71484]}},"texture_size":[64,64],"textures":{"0":"stealfun/hats/pot_of_gold_hat","particle":"stealfun/hats/pot_of_gold_hat"},"elements":[{"from":[10,10,4],"to":[11,11,5],"faces":{"north":{"uv":[4,7.25,4.25,7.5],"texture":"#0"},"east":{"uv":[4.25,7.25,4.5,7.5],"texture":"#0"},"south":{"uv":[3,8.75,3.25,9],"texture":"#0"},"west":{"uv":[3.25,8.75,3.5,9],"texture":"#0"},"up":{"uv":[3.75,9,3.5,8.75],"texture":"#0"},"down":{"uv":[4,8.75,3.75,9],"texture":"#0"}}},{"from":[7,10,8],"to":[8,11,9],"faces":{"north":{"uv":[10.75,3.25,11,3.5],"texture":"#0"},"east":{"uv":[11,3.25,11.25,3.5],"texture":"#0"},"south":{"uv":[11.25,3.25,11.5,3.5],"texture":"#0"},"west":{"uv":[11.5,3.25,11.75,3.5],"texture":"#0"},"up":{"uv":[11.75,9,11.5,8.75],"texture":"#0"},"down":{"uv":[12,3.25,11.75,3.5],"texture":"#0"}}},{"from":[5,10,10],"to":[6,11,11],"faces":{"north":{"uv":[12.25,12,12.5,12.25],"texture":"#0"},"east":{"uv":[12.25,12.25,12.5,12.5],"texture":"#0"},"south":{"uv":[12.5,0,12.75,0.25],"texture":"#0"},"west":{"uv":[12.5,0.25,12.75,0.5],"texture":"#0"},"up":{"uv":[12.75,0.75,12.5,0.5],"texture":"#0"},"down":{"uv":[12.75,0.75,12.5,1],"texture":"#0"}}},{"from":[11,10,9],"to":[12,11,10],"faces":{"north":{"uv":[12.5,1,12.75,1.25],"texture":"#0"},"east":{"uv":[12.5,1.25,12.75,1.5],"texture":"#0"},"south":{"uv":[12.5,1.5,12.75,1.75],"texture":"#0"},"west":{"uv":[12.5,1.75,12.75,2],"texture":"#0"},"up":{"uv":[12.75,2.25,12.5,2],"texture":"#0"},"down":{"uv":[12.75,2.25,12.5,2.5],"texture":"#0"}}},{"from":[5,10,5],"to":[6,11,6],"faces":{"north":{"uv":[12.5,2.5,12.75,2.75],"texture":"#0"},"east":{"uv":[12.5,2.75,12.75,3],"texture":"#0"},"south":{"uv":[12.5,3,12.75,3.25],"texture":"#0"},"west":{"uv":[12.5,3.25,12.75,3.5],"texture":"#0"},"up":{"uv":[12.75,3.75,12.5,3.5],"texture":"#0"},"down":{"uv":[12.75,3.75,12.5,4],"texture":"#0"}}},{"from":[7,10,5],"to":[8,11,6],"faces":{"north":{"uv":[12.5,4,12.75,4.25],"texture":"#0"},"east":{"uv":[12.5,4.25,12.75,4.5],"texture":"#0"},"south":{"uv":[12.5,4.5,12.75,4.75],"texture":"#0"},"west":{"uv":[12.5,4.75,12.75,5],"texture":"#0"},"up":{"uv":[12.75,5.25,12.5,5],"texture":"#0"},"down":{"uv":[12.75,5.25,12.5,5.5],"texture":"#0"}}},{"from":[8,10,6],"to":[9,11,7],"faces":{"north":{"uv":[12.5,5.5,12.75,5.75],"texture":"#0"},"east":{"uv":[12.5,5.75,12.75,6],"texture":"#0"},"south":{"uv":[12.5,6,12.75,6.25],"texture":"#0"},"west":{"uv":[12.5,6.25,12.75,6.5],"texture":"#0"},"up":{"uv":[12.75,6.75,12.5,6.5],"texture":"#0"},"down":{"uv":[12.75,6.75,12.5,7],"texture":"#0"}}},{"from":[8,10,4],"to":[9,11,5],"faces":{"north":{"uv":[7,12.5,7.25,12.75],"texture":"#0"},"east":{"uv":[12.5,7,12.75,7.25],"texture":"#0"},"south":{"uv":[7.25,12.5,7.5,12.75],"texture":"#0"},"west":{"uv":[12.5,7.25,12.75,7.5],"texture":"#0"},"up":{"uv":[7.75,12.75,7.5,12.5],"texture":"#0"},"down":{"uv":[12.75,7.5,12.5,7.75],"texture":"#0"}}},{"from":[6,10,6],"to":[7,11,7],"faces":{"north":{"uv":[7.75,12.5,8,12.75],"texture":"#0"},"east":{"uv":[12.5,7.75,12.75,8],"texture":"#0"},"south":{"uv":[12.5,8,12.75,8.25],"texture":"#0"},"west":{"uv":[12.5,8.25,12.75,8.5],"texture":"#0"},"up":{"uv":[12.75,8.75,12.5,8.5],"texture":"#0"},"down":{"uv":[12.75,8.75,12.5,9],"texture":"#0"}}},{"from":[4,10,4],"to":[5,11,5],"faces":{"north":{"uv":[12.5,9,12.75,9.25],"texture":"#0"},"east":{"uv":[12.5,9.25,12.75,9.5],"texture":"#0"},"south":{"uv":[12.5,9.5,12.75,9.75],"texture":"#0"},"west":{"uv":[12.5,9.75,12.75,10],"texture":"#0"},"up":{"uv":[12.75,10.25,12.5,10],"texture":"#0"},"down":{"uv":[10.5,12.5,10.25,12.75],"texture":"#0"}}},{"from":[4,10,6],"to":[5,12,7],"faces":{"north":{"uv":[11.75,8.5,12,9],"texture":"#0"},"east":{"uv":[12,1.5,12.25,2],"texture":"#0"},"south":{"uv":[7,12,7.25,12.5],"texture":"#0"},"west":{"uv":[12,7,12.25,7.5],"texture":"#0"},"up":{"uv":[12.75,10.5,12.5,10.25],"texture":"#0"},"down":{"uv":[10.75,12.5,10.5,12.75],"texture":"#0"}}},{"from":[4,10,7],"to":[5,11,8],"faces":{"north":{"uv":[12.5,10.5,12.75,10.75],"texture":"#0"},"east":{"uv":[10.75,12.5,11,12.75],"texture":"#0"},"south":{"uv":[12.5,10.75,12.75,11],"texture":"#0"},"west":{"uv":[12.5,11,12.75,11.25],"texture":"#0"},"up":{"uv":[12.75,11.5,12.5,11.25],"texture":"#0"},"down":{"uv":[12.75,11.5,12.5,11.75],"texture":"#0"}}},{"from":[4,10,9],"to":[5,11,10],"faces":{"north":{"uv":[11.75,12.5,12,12.75],"texture":"#0"},"east":{"uv":[12.5,11.75,12.75,12],"texture":"#0"},"south":{"uv":[12,12.5,12.25,12.75],"texture":"#0"},"west":{"uv":[12.5,12,12.75,12.25],"texture":"#0"},"up":{"uv":[12.5,12.75,12.25,12.5],"texture":"#0"},"down":{"uv":[12.75,12.25,12.5,12.5],"texture":"#0"}}},{"from":[6,10,9],"to":[7,11,10],"faces":{"north":{"uv":[12.5,12.5,12.75,12.75],"texture":"#0"},"east":{"uv":[0,12.75,0.25,13],"texture":"#0"},"south":{"uv":[12.75,0,13,0.25],"texture":"#0"},"west":{"uv":[0.25,12.75,0.5,13],"texture":"#0"},"up":{"uv":[13,0.5,12.75,0.25],"texture":"#0"},"down":{"uv":[0.75,12.75,0.5,13],"texture":"#0"}}},{"from":[7,10,10],"to":[8,11,11],"faces":{"north":{"uv":[12.75,0.5,13,0.75],"texture":"#0"},"east":{"uv":[0.75,12.75,1,13],"texture":"#0"},"south":{"uv":[12.75,0.75,13,1],"texture":"#0"},"west":{"uv":[12.75,1,13,1.25],"texture":"#0"},"up":{"uv":[13,1.5,12.75,1.25],"texture":"#0"},"down":{"uv":[1.75,12.75,1.5,13],"texture":"#0"}}},{"from":[10,10,9],"to":[11,11,10],"faces":{"north":{"uv":[12.75,1.5,13,1.75],"texture":"#0"},"east":{"uv":[1.75,12.75,2,13],"texture":"#0"},"south":{"uv":[12.75,1.75,13,2],"texture":"#0"},"west":{"uv":[2,12.75,2.25,13],"texture":"#0"},"up":{"uv":[13,2.25,12.75,2],"texture":"#0"},"down":{"uv":[2.5,12.75,2.25,13],"texture":"#0"}}},{"from":[8,10,9],"to":[9,11,10],"faces":{"north":{"uv":[12.75,2.25,13,2.5],"texture":"#0"},"east":{"uv":[2.5,12.75,2.75,13],"texture":"#0"},"south":{"uv":[12.75,2.5,13,2.75],"texture":"#0"},"west":{"uv":[2.75,12.75,3,13],"texture":"#0"},"up":{"uv":[13,3,12.75,2.75],"texture":"#0"},"down":{"uv":[3.25,12.75,3,13],"texture":"#0"}}},{"from":[7,10,6],"to":[8,12,7],"faces":{"north":{"uv":[7.25,12,7.5,12.5],"texture":"#0"},"east":{"uv":[7.5,12,7.75,12.5],"texture":"#0"},"south":{"uv":[12,7.5,12.25,8],"texture":"#0"},"west":{"uv":[7.75,12,8,12.5],"texture":"#0"},"up":{"uv":[13,3.25,12.75,3],"texture":"#0"},"down":{"uv":[3.5,12.75,3.25,13],"texture":"#0"}}},{"from":[7,10,9],"to":[8,12,10],"faces":{"north":{"uv":[12,8,12.25,8.5],"texture":"#0"},"east":{"uv":[12,8.5,12.25,9],"texture":"#0"},"south":{"uv":[12,9,12.25,9.5],"texture":"#0"},"west":{"uv":[12,9.5,12.25,10],"texture":"#0"},"up":{"uv":[13,3.5,12.75,3.25],"texture":"#0"},"down":{"uv":[3.75,12.75,3.5,13],"texture":"#0"}}},{"from":[9,10,10],"to":[10,12,11],"faces":{"north":{"uv":[12,10,12.25,10.5],"texture":"#0"},"east":{"uv":[10.25,12,10.5,12.5],"texture":"#0"},"south":{"uv":[10.5,12,10.75,12.5],"texture":"#0"},"west":{"uv":[12,10.5,12.25,11],"texture":"#0"},"up":{"uv":[13,3.75,12.75,3.5],"texture":"#0"},"down":{"uv":[4,12.75,3.75,13],"texture":"#0"}}},{"from":[5,10,7],"to":[6,13,8],"faces":{"north":{"uv":[4.5,5.25,4.75,6],"texture":"#0"},"east":{"uv":[4.75,5.25,5,6],"texture":"#0"},"south":{"uv":[11.75,11.25,12,12],"texture":"#0"},"west":{"uv":[0,12,0.25,12.75],"texture":"#0"},"up":{"uv":[13,4,12.75,3.75],"texture":"#0"},"down":{"uv":[4.25,12.75,4,13],"texture":"#0"}}},{"from":[11,10,10],"to":[12,13,11],"faces":{"north":{"uv":[12,0,12.25,0.75],"texture":"#0"},"east":{"uv":[0.25,12,0.5,12.75],"texture":"#0"},"south":{"uv":[0.5,12,0.75,12.75],"texture":"#0"},"west":{"uv":[0.75,12,1,12.75],"texture":"#0"},"up":{"uv":[13,4.25,12.75,4],"texture":"#0"},"down":{"uv":[4.5,12.75,4.25,13],"texture":"#0"}}},{"from":[9,10,5],"to":[10,13,6],"faces":{"north":{"uv":[12,0.75,12.25,1.5],"texture":"#0"},"east":{"uv":[3,12,3.25,12.75],"texture":"#0"},"south":{"uv":[3.25,12,3.5,12.75],"texture":"#0"},"west":{"uv":[12,3.25,12.25,4],"texture":"#0"},"up":{"uv":[13,4.5,12.75,4.25],"texture":"#0"},"down":{"uv":[4.75,12.75,4.5,13],"texture":"#0"}}},{"from":[6,10,5],"to":[7,13,6],"faces":{"north":{"uv":[3.5,12,3.75,12.75],"texture":"#0"},"east":{"uv":[12,4,12.25,4.75],"texture":"#0"},"south":{"uv":[12,4.75,12.25,5.5],"texture":"#0"},"west":{"uv":[5.25,12,5.5,12.75],"texture":"#0"},"up":{"uv":[13,4.75,12.75,4.5],"texture":"#0"},"down":{"uv":[5,12.75,4.75,13],"texture":"#0"}}},{"from":[8,10,7],"to":[9,13,8],"faces":{"north":{"uv":[5.5,12,5.75,12.75],"texture":"#0"},"east":{"uv":[12,5.5,12.25,6.25],"texture":"#0"},"south":{"uv":[5.75,12,6,12.75],"texture":"#0"},"west":{"uv":[12,6.25,12.25,7],"texture":"#0"},"up":{"uv":[13,5,12.75,4.75],"texture":"#0"},"down":{"uv":[5.25,12.75,5,13],"texture":"#0"}}},{"from":[5,10,11],"to":[6,12,12],"faces":{"north":{"uv":[10.75,12,11,12.5],"texture":"#0"},"east":{"uv":[12,11,12.25,11.5],"texture":"#0"},"south":{"uv":[12,11.5,12.25,12],"texture":"#0"},"west":{"uv":[11.75,12,12,12.5],"texture":"#0"},"up":{"uv":[13,5.25,12.75,5],"texture":"#0"},"down":{"uv":[5.5,12.75,5.25,13],"texture":"#0"}}},{"from":[5,10,8],"to":[6,12,9],"faces":{"north":{"uv":[12,12,12.25,12.5],"texture":"#0"},"east":{"uv":[12.25,0,12.5,0.5],"texture":"#0"},"south":{"uv":[12.25,0.5,12.5,1],"texture":"#0"},"west":{"uv":[12.25,1,12.5,1.5],"texture":"#0"},"up":{"uv":[13,5.5,12.75,5.25],"texture":"#0"},"down":{"uv":[5.75,12.75,5.5,13],"texture":"#0"}}},{"from":[8,10,8],"to":[9,12,9],"faces":{"north":{"uv":[12.25,1.5,12.5,2],"texture":"#0"},"east":{"uv":[12.25,2,12.5,2.5],"texture":"#0"},"south":{"uv":[12.25,2.5,12.5,3],"texture":"#0"},"west":{"uv":[12.25,3,12.5,3.5],"texture":"#0"},"up":{"uv":[13,5.75,12.75,5.5],"texture":"#0"},"down":{"uv":[6,12.75,5.75,13],"texture":"#0"}}},{"from":[9,10,6],"to":[10,12,7],"faces":{"north":{"uv":[12.25,3.5,12.5,4],"texture":"#0"},"east":{"uv":[3.75,12.25,4,12.75],"texture":"#0"},"south":{"uv":[4,12.25,4.25,12.75],"texture":"#0"},"west":{"uv":[12.25,4,12.5,4.5],"texture":"#0"},"up":{"uv":[13,6,12.75,5.75],"texture":"#0"},"down":{"uv":[6.25,12.75,6,13],"texture":"#0"}}},{"from":[11,10,8],"to":[12,12,9],"faces":{"north":{"uv":[4.25,12.25,4.5,12.75],"texture":"#0"},"east":{"uv":[4.5,12.25,4.75,12.75],"texture":"#0"},"south":{"uv":[12.25,4.5,12.5,5],"texture":"#0"},"west":{"uv":[4.75,12.25,5,12.75],"texture":"#0"},"up":{"uv":[13,6.25,12.75,6],"texture":"#0"},"down":{"uv":[6.5,12.75,6.25,13],"texture":"#0"}}},{"from":[6,10,7],"to":[7,12,8],"faces":{"north":{"uv":[5,12.25,5.25,12.75],"texture":"#0"},"east":{"uv":[12.25,5,12.5,5.5],"texture":"#0"},"south":{"uv":[12.25,5.5,12.5,6],"texture":"#0"},"west":{"uv":[12.25,6,12.5,6.5],"texture":"#0"},"up":{"uv":[13,6.5,12.75,6.25],"texture":"#0"},"down":{"uv":[6.75,12.75,6.5,13],"texture":"#0"}}},{"from":[8,10,11],"to":[9,12,12],"faces":{"north":{"uv":[12.25,6.5,12.5,7],"texture":"#0"},"east":{"uv":[12.25,7,12.5,7.5],"texture":"#0"},"south":{"uv":[12.25,7.5,12.5,8],"texture":"#0"},"west":{"uv":[8,12.25,8.25,12.75],"texture":"#0"},"up":{"uv":[13,6.75,12.75,6.5],"texture":"#0"},"down":{"uv":[7,12.75,6.75,13],"texture":"#0"}}},{"from":[11,10,6],"to":[12,12,7],"faces":{"north":{"uv":[12.25,8,12.5,8.5],"texture":"#0"},"east":{"uv":[8.25,12.25,8.5,12.75],"texture":"#0"},"south":{"uv":[8.5,12.25,8.75,12.75],"texture":"#0"},"west":{"uv":[12.25,8.5,12.5,9],"texture":"#0"},"up":{"uv":[13,7,12.75,6.75],"texture":"#0"},"down":{"uv":[7.25,12.75,7,13],"texture":"#0"}}},{"from":[6,10,4],"to":[7,12,5],"faces":{"north":{"uv":[8.75,12.25,9,12.75],"texture":"#0"},"east":{"uv":[9,12.25,9.25,12.75],"texture":"#0"},"south":{"uv":[12.25,9,12.5,9.5],"texture":"#0"},"west":{"uv":[9.25,12.25,9.5,12.75],"texture":"#0"},"up":{"uv":[13,7.25,12.75,7],"texture":"#0"},"down":{"uv":[7.5,12.75,7.25,13],"texture":"#0"}}},{"from":[10,10,5],"to":[11,12,6],"faces":{"north":{"uv":[9.5,12.25,9.75,12.75],"texture":"#0"},"east":{"uv":[12.25,9.5,12.5,10],"texture":"#0"},"south":{"uv":[9.75,12.25,10,12.75],"texture":"#0"},"west":{"uv":[10,12.25,10.25,12.75],"texture":"#0"},"up":{"uv":[13,7.5,12.75,7.25],"texture":"#0"},"down":{"uv":[7.75,12.75,7.5,13],"texture":"#0"}}},{"from":[4,9,4],"to":[12,10,12],"faces":{"north":{"uv":[8.5,9.5,10.5,9.75],"texture":"#0"},"east":{"uv":[9.5,8.5,11.5,8.75],"texture":"#0"},"south":{"uv":[9.5,8.75,11.5,9],"texture":"#0"},"west":{"uv":[0,9.75,2,10],"texture":"#0"},"up":{"uv":[7,6,5,4],"texture":"#0"},"down":{"uv":[4.5,5.25,2.5,7.25],"texture":"#0"}}},{"from":[4,0,5],"to":[5,1,11],"faces":{"north":{"uv":[12.75,9.25,13,9.5],"texture":"#0"},"east":{"uv":[10.75,2.75,12.25,3],"texture":"#0"},"south":{"uv":[9.5,12.75,9.75,13],"texture":"#0"},"west":{"uv":[10.75,3,12.25,3.25],"texture":"#0"},"up":{"uv":[4.75,12.25,4.5,10.75],"texture":"#0"},"down":{"uv":[5,10.75,4.75,12.25],"texture":"#0"}}},{"from":[4,10,12],"to":[12,12,13],"faces":{"north":{"uv":[6.5,9,8.5,9.5],"texture":"#0"},"east":{"uv":[12.25,10,12.5,10.5],"texture":"#0"},"south":{"uv":[8.5,9,10.5,9.5],"texture":"#0"},"west":{"uv":[12.25,10.5,12.5,11],"texture":"#0"},"up":{"uv":[10.5,10,8.5,9.75],"texture":"#0"},"down":{"uv":[2,10,0,10.25],"texture":"#0"}}},{"from":[4,10,3],"to":[12,12,4],"faces":{"north":{"uv":[4.5,9.5,6.5,10],"texture":"#0"},"east":{"uv":[12.25,11,12.5,11.5],"texture":"#0"},"south":{"uv":[6.5,9.5,8.5,10],"texture":"#0"},"west":{"uv":[12.25,11.5,12.5,12],"texture":"#0"},"up":{"uv":[5,10.25,3,10],"texture":"#0"},"down":{"uv":[7,10,5,10.25],"texture":"#0"}}},{"from":[5,0,4],"to":[11,1,5],"faces":{"north":{"uv":[10.5,0,12,0.25],"texture":"#0"},"east":{"uv":[12.75,7.5,13,7.75],"texture":"#0"},"south":{"uv":[10.5,0.25,12,0.5],"texture":"#0"},"west":{"uv":[7.75,12.75,8,13],"texture":"#0"},"up":{"uv":[12,0.75,10.5,0.5],"texture":"#0"},"down":{"uv":[12,0.75,10.5,1],"texture":"#0"}}},{"from":[4,2,2],"to":[12,8,3],"faces":{"north":{"uv":[4.5,6,6.5,7.5],"texture":"#0"},"east":{"uv":[1,10.25,1.25,11.75],"texture":"#0"},"south":{"uv":[6.5,6,8.5,7.5],"texture":"#0"},"west":{"uv":[1.25,10.25,1.5,11.75],"texture":"#0"},"up":{"uv":[12,6.25,10,6],"texture":"#0"},"down":{"uv":[12,6.25,10,6.5],"texture":"#0"}}},{"from":[4,2,13],"to":[12,8,14],"faces":{"north":{"uv":[0,6.75,2,8.25],"texture":"#0"},"east":{"uv":[1.5,10.25,1.75,11.75],"texture":"#0"},"south":{"uv":[7,0,9,1.5],"texture":"#0"},"west":{"uv":[1.75,10.25,2,11.75],"texture":"#0"},"up":{"uv":[12,6.75,10,6.5],"texture":"#0"},"down":{"uv":[12,6.75,10,7],"texture":"#0"}}},{"from":[5,3,14],"to":[11,7,15],"faces":{"north":{"uv":[8.5,6,10,7],"texture":"#0"},"east":{"uv":[11,5,11.25,6],"texture":"#0"},"south":{"uv":[1.5,8.75,3,9.75],"texture":"#0"},"west":{"uv":[11.25,5,11.5,6],"texture":"#0"},"up":{"uv":[12,1.25,10.5,1],"texture":"#0"},"down":{"uv":[12,1.25,10.5,1.5],"texture":"#0"}}},{"from":[5,3,1],"to":[11,7,2],"faces":{"north":{"uv":[9,0,10.5,1],"texture":"#0"},"east":{"uv":[11.5,5,11.75,6],"texture":"#0"},"south":{"uv":[9,1,10.5,2],"texture":"#0"},"west":{"uv":[1.5,11.75,1.75,12.75],"texture":"#0"},"up":{"uv":[12,1.75,10.5,1.5],"texture":"#0"},"down":{"uv":[12,1.75,10.5,2],"texture":"#0"}}},{"from":[13,2,4],"to":[14,8,12],"faces":{"north":{"uv":[6,10.25,6.25,11.75],"texture":"#0"},"east":{"uv":[7,1.5,9,3],"texture":"#0"},"south":{"uv":[6.25,10.25,6.5,11.75],"texture":"#0"},"west":{"uv":[7,3,9,4.5],"texture":"#0"},"up":{"uv":[7.25,12,7,10],"texture":"#0"},"down":{"uv":[7.5,10,7.25,12],"texture":"#0"}}},{"from":[2,2,4],"to":[3,8,12],"faces":{"north":{"uv":[6.5,10.25,6.75,11.75],"texture":"#0"},"east":{"uv":[7,4.5,9,6],"texture":"#0"},"south":{"uv":[6.75,10.25,7,11.75],"texture":"#0"},"west":{"uv":[2,7.25,4,8.75],"texture":"#0"},"up":{"uv":[7.75,12,7.5,10],"texture":"#0"},"down":{"uv":[8,10,7.75,12],"texture":"#0"}}},{"from":[1,3,5],"to":[2,7,11],"faces":{"north":{"uv":[1.75,11.75,2,12.75],"texture":"#0"},"east":{"uv":[9,2,10.5,3],"texture":"#0"},"south":{"uv":[2,11.75,2.25,12.75],"texture":"#0"},"west":{"uv":[3,9,4.5,10],"texture":"#0"},"up":{"uv":[10.75,3.5,10.5,2],"texture":"#0"},"down":{"uv":[3.25,10.5,3,12],"texture":"#0"}}},{"from":[14,3,5],"to":[15,7,11],"faces":{"north":{"uv":[2.25,11.75,2.5,12.75],"texture":"#0"},"east":{"uv":[9,3,10.5,4],"texture":"#0"},"south":{"uv":[2.5,11.75,2.75,12.75],"texture":"#0"},"west":{"uv":[9,4,10.5,5],"texture":"#0"},"up":{"uv":[3.5,12,3.25,10.5],"texture":"#0"},"down":{"uv":[3.75,10.5,3.5,12],"texture":"#0"}}},{"from":[5,1,3],"to":[11,2,4],"faces":{"north":{"uv":[10.5,3.5,12,3.75],"texture":"#0"},"east":{"uv":[12.75,7.75,13,8],"texture":"#0"},"south":{"uv":[3.75,10.5,5.25,10.75],"texture":"#0"},"west":{"uv":[8,12.75,8.25,13],"texture":"#0"},"up":{"uv":[12,4,10.5,3.75],"texture":"#0"},"down":{"uv":[12,4,10.5,4.25],"texture":"#0"}}},{"from":[5,1,12],"to":[11,2,13],"faces":{"north":{"uv":[10.5,4.25,12,4.5],"texture":"#0"},"east":{"uv":[12.75,8,13,8.25],"texture":"#0"},"south":{"uv":[10.5,4.5,12,4.75],"texture":"#0"},"west":{"uv":[8.25,12.75,8.5,13],"texture":"#0"},"up":{"uv":[12,5,10.5,4.75],"texture":"#0"},"down":{"uv":[12,7,10.5,7.25],"texture":"#0"}}},{"from":[5,0,11],"to":[11,1,12],"faces":{"north":{"uv":[10.5,7.25,12,7.5],"texture":"#0"},"east":{"uv":[12.75,8.25,13,8.5],"texture":"#0"},"south":{"uv":[8,10.5,9.5,10.75],"texture":"#0"},"west":{"uv":[8.5,12.75,8.75,13],"texture":"#0"},"up":{"uv":[12,9.25,10.5,9],"texture":"#0"},"down":{"uv":[12,9.25,10.5,9.5],"texture":"#0"}}},{"from":[11,0,5],"to":[12,1,11],"faces":{"north":{"uv":[12.75,8.5,13,8.75],"texture":"#0"},"east":{"uv":[9.5,10.5,11,10.75],"texture":"#0"},"south":{"uv":[8.75,12.75,9,13],"texture":"#0"},"west":{"uv":[10.5,9.5,12,9.75],"texture":"#0"},"up":{"uv":[5.5,12,5.25,10.5],"texture":"#0"},"down":{"uv":[5.75,10.5,5.5,12],"texture":"#0"}}},{"from":[12,1,5],"to":[13,2,11],"faces":{"north":{"uv":[12.75,8.75,13,9],"texture":"#0"},"east":{"uv":[10.5,9.75,12,10],"texture":"#0"},"south":{"uv":[9,12.75,9.25,13],"texture":"#0"},"west":{"uv":[10.75,2,12.25,2.25],"texture":"#0"},"up":{"uv":[6,12,5.75,10.5],"texture":"#0"},"down":{"uv":[4,10.75,3.75,12.25],"texture":"#0"}}},{"from":[3,1,5],"to":[4,2,11],"faces":{"north":{"uv":[12.75,9,13,9.25],"texture":"#0"},"east":{"uv":[10.75,2.25,12.25,2.5],"texture":"#0"},"south":{"uv":[9.25,12.75,9.5,13],"texture":"#0"},"west":{"uv":[10.75,2.5,12.25,2.75],"texture":"#0"},"up":{"uv":[4.25,12.25,4,10.75],"texture":"#0"},"down":{"uv":[4.5,10.75,4.25,12.25],"texture":"#0"}}},{"from":[12,10,4],"to":[13,12,12],"faces":{"north":{"uv":[1.5,8.25,1.75,8.75],"texture":"#0"},"east":{"uv":[9,5,11,5.5],"texture":"#0"},"south":{"uv":[1.75,8.25,2,8.75],"texture":"#0"},"west":{"uv":[9,5.5,11,6],"texture":"#0"},"up":{"uv":[2.75,11.75,2.5,9.75],"texture":"#0"},"down":{"uv":[3,9.75,2.75,11.75],"texture":"#0"}}},{"from":[5,0,5],"to":[11,1,11],"faces":{"north":{"uv":[3,10.25,4.5,10.5],"texture":"#0"},"east":{"uv":[4.5,10.25,6,10.5],"texture":"#0"},"south":{"uv":[8,10.25,9.5,10.5],"texture":"#0"},"west":{"uv":[9.5,10.25,11,10.5],"texture":"#0"},"up":{"uv":[9.5,9,8,7.5],"texture":"#0"},"down":{"uv":[1.5,8.25,0,9.75],"texture":"#0"}}},{"from":[4,1,4],"to":[12,2,12],"faces":{"north":{"uv":[9.5,7.5,11.5,7.75],"texture":"#0"},"east":{"uv":[9.5,7.75,11.5,8],"texture":"#0"},"south":{"uv":[9.5,8,11.5,8.25],"texture":"#0"},"west":{"uv":[9.5,8.25,11.5,8.5],"texture":"#0"},"up":{"uv":[7,2,5,0],"texture":"#0"},"down":{"uv":[7,2,5,4],"texture":"#0"}}},{"from":[3,2,3],"to":[13,9,13],"faces":{"north":{"uv":[2.5,0,5,1.75],"texture":"#0"},"east":{"uv":[2.5,1.75,5,3.5],"texture":"#0"},"south":{"uv":[2.5,3.5,5,5.25],"texture":"#0"},"west":{"uv":[0,5,2.5,6.75],"texture":"#0"},"up":{"uv":[2.5,2.5,0,0],"texture":"#0"},"down":{"uv":[2.5,2.5,0,5],"texture":"#0"}}},{"from":[3,10,4],"to":[4,12,12],"faces":{"north":{"uv":[2,6.75,2.25,7.25],"texture":"#0"},"east":{"uv":[8.5,7,10.5,7.5],"texture":"#0"},"south":{"uv":[2.25,6.75,2.5,7.25],"texture":"#0"},"west":{"uv":[4.5,9,6.5,9.5],"texture":"#0"},"up":{"uv":[2.25,11.75,2,9.75],"texture":"#0"},"down":{"uv":[2.5,9.75,2.25,11.75],"texture":"#0"}}},{"from":[10,10,7],"to":[11,16,8],"faces":{"north":{"uv":[5,10.75,5.25,12.25],"texture":"#0"},"east":{"uv":[8,10.75,8.25,12.25],"texture":"#0"},"south":{"uv":[8.25,10.75,8.5,12.25],"texture":"#0"},"west":{"uv":[8.5,10.75,8.75,12.25],"texture":"#0"},"up":{"uv":[13,9.75,12.75,9.5],"texture":"#0"},"down":{"uv":[10,12.75,9.75,13],"texture":"#0"}}},{"from":[9,10,7],"to":[10,17,8],"faces":{"north":{"uv":[0,10.25,0.25,12],"texture":"#0"},"east":{"uv":[0.25,10.25,0.5,12],"texture":"#0"},"south":{"uv":[0.5,10.25,0.75,12],"texture":"#0"},"west":{"uv":[0.75,10.25,1,12],"texture":"#0"},"up":{"uv":[13,10,12.75,9.75],"texture":"#0"},"down":{"uv":[10.25,12.75,10,13],"texture":"#0"}}},{"from":[8,13,7],"to":[9,17,8],"faces":{"north":{"uv":[2.75,11.75,3,12.75],"texture":"#0"},"east":{"uv":[11.75,5,12,6],"texture":"#0"},"south":{"uv":[6,11.75,6.25,12.75],"texture":"#0"},"west":{"uv":[6.25,11.75,6.5,12.75],"texture":"#0"},"up":{"uv":[13,10.25,12.75,10],"texture":"#0"},"down":{"uv":[10.5,12.75,10.25,13],"texture":"#0"}}},{"from":[7,11,7],"to":[8,17,8],"faces":{"north":{"uv":[8.75,10.75,9,12.25],"texture":"#0"},"east":{"uv":[9,10.75,9.25,12.25],"texture":"#0"},"south":{"uv":[9.25,10.75,9.5,12.25],"texture":"#0"},"west":{"uv":[9.5,10.75,9.75,12.25],"texture":"#0"},"up":{"uv":[13,10.5,12.75,10.25],"texture":"#0"},"down":{"uv":[10.75,12.75,10.5,13],"texture":"#0"}}},{"from":[6,12,7],"to":[7,17,8],"faces":{"north":{"uv":[10.25,10.75,10.5,12],"texture":"#0"},"east":{"uv":[10.5,10.75,10.75,12],"texture":"#0"},"south":{"uv":[10.75,10.75,11,12],"texture":"#0"},"west":{"uv":[11,10.25,11.25,11.5],"texture":"#0"},"up":{"uv":[13,10.75,12.75,10.5],"texture":"#0"},"down":{"uv":[11,12.75,10.75,13],"texture":"#0"}}},{"from":[5,13,7],"to":[6,17,8],"faces":{"north":{"uv":[6.5,11.75,6.75,12.75],"texture":"#0"},"east":{"uv":[6.75,11.75,7,12.75],"texture":"#0"},"south":{"uv":[11.75,7.5,12,8.5],"texture":"#0"},"west":{"uv":[11.75,10.25,12,11.25],"texture":"#0"},"up":{"uv":[13,11,12.75,10.75],"texture":"#0"},"down":{"uv":[11.25,12.75,11,13],"texture":"#0"}}},{"from":[9,17,7],"to":[10,22,8],"faces":{"north":{"uv":[11.25,10.25,11.5,11.5],"texture":"#0"},"east":{"uv":[11.5,7.5,11.75,8.75],"texture":"#0"},"south":{"uv":[11.5,10.25,11.75,11.5],"texture":"#0"},"west":{"uv":[11,11.5,11.25,12.75],"texture":"#0"},"up":{"uv":[13,11.25,12.75,11],"texture":"#0"},"down":{"uv":[11.5,12.75,11.25,13],"texture":"#0"}}},{"from":[4,16,7],"to":[5,17,8],"faces":{"north":{"uv":[12.75,11.25,13,11.5],"texture":"#0"},"east":{"uv":[11.5,12.75,11.75,13],"texture":"#0"},"south":{"uv":[12.75,11.5,13,11.75],"texture":"#0"},"west":{"uv":[11.75,12.75,12,13],"texture":"#0"},"up":{"uv":[13,12,12.75,11.75],"texture":"#0"},"down":{"uv":[12.25,12.75,12,13],"texture":"#0"}}},{"from":[10,16,7],"to":[11,21,8],"faces":{"north":{"uv":[11.25,11.5,11.5,12.75],"texture":"#0"},"east":{"uv":[11.5,11.5,11.75,12.75],"texture":"#0"},"south":{"uv":[1,11.75,1.25,13],"texture":"#0"},"west":{"uv":[1.25,11.75,1.5,13],"texture":"#0"},"up":{"uv":[13,12.25,12.75,12],"texture":"#0"},"down":{"uv":[12.5,12.75,12.25,13],"texture":"#0"}}},{"from":[1,17,7],"to":[9,23,8],"faces":{"north":{"uv":[4,7.5,6,9],"texture":"#0"},"east":{"uv":[9.75,10.75,10,12.25],"texture":"#0"},"south":{"uv":[6,7.5,8,9],"texture":"#0"},"west":{"uv":[10,10.75,10.25,12.25],"texture":"#0"},"up":{"uv":[10,10.25,8,10],"texture":"#0"},"down":{"uv":[12,10,10,10.25],"texture":"#0"}}}]}