{
  "parent": "item/generated",
  "overrides": [
    {
      "predicate": {
        "custom_model_data": 1
      },
      "model": "snowset:ice_crossbow"
    },
    {
      "predicate": {
        "custom_model_data": 2
      },
      "model": "custom/toucanupdate/toucan_crossbow"
    },
    {
      "predicate": {
        "custom_model_data": 3
      },
      "model": "custom/legoupdate/red_lego_crossbow"
    },
    {
      "predicate": {
        "custom_model_data": 4
      },
      "model": "littlepandaset/crossbow"
    },
    {
      "predicate": {
        "charged": 1,
        "custom_model_data": 4
      },
      "model": "littlepandaset/crossbow_charged"
    },
    {
      "predicate": {
        "charged": 1,
        "firework": 1,
        "custom_model_data": 4
      },
      "model": "littlepandaset/crossbow_firework"
    },
    {
      "predicate": {
        "custom_model_data": 10000
      },
      "model": "haloween:crossbow"
    },
    {
      "predicate": {
        "pulling": 1,
        "custom_model_data": 10000
      },
      "model": "haloween:crossbow_0"
    },
    {
      "predicate": {
        "pulling": 1,
        "pull": 0.58,
        "custom_model_data": 10000
      },
      "model": "haloween:crossbow_1"
    },
    {
      "predicate": {
        "pulling": 1,
        "pull": 1.0,
        "custom_model_data": 10000
      },
      "model": "haloween:crossbow_2"
    },
    {
      "predicate": {
        "charged": 1,
        "custom_model_data": 10000
      },
      "model": "haloween:crossbow_charged"
    },
    {
      "predicate": {
        "charged": 1,
        "firework": 1,
        "custom_model_data": 10000
      },
      "model": "haloween:crossbow_firework"
    },
    {
      "predicate": {
        "custom_model_data": 10001
      },
      "model": "littleduckset:crossbow"
    },
    {
      "predicate": {
        "pulling": 1,
        "custom_model_data": 10001
      },
      "model": "littleduckset:crossbow_0"
    },
    {
      "predicate": {
        "pulling": 1,
        "pull": 0.58,
        "custom_model_data": 10001
      },
      "model": "littleduckset:crossbow_1"
    },
    {
      "predicate": {
        "pulling": 1,
        "pull": 1.0,
        "custom_model_data": 10001
      },
      "model": "littleduckset:crossbow_2"
    },
    {
      "predicate": {
        "charged": 1,
        "custom_model_data": 10001
      },
      "model": "littleduckset:crossbow_charged"
    },
    {
      "predicate": {
        "charged": 1,
        "firework": 1,
        "custom_model_data": 10001
      },
      "model": "littleduckset:crossbow_firework"
    },    {
      "predicate": { "custom_model_data": 10100 },
      "model": "littlesharkset:crossbow"
    },
    {
      "predicate": { "pulling": 1, "custom_model_data": 10100 },
      "model": "littlesharkset:crossbow_0"
    },
    {
      "predicate": { "pulling": 1, "pull": 0.58, "custom_model_data": 10100 },
      "model": "littlesharkset:crossbow_1"
    },
    {
      "predicate": { "pulling": 1, "pull": 1.0, "custom_model_data": 10100 },
      "model": "littlesharkset:crossbow_2"
    },
    {
      "predicate": { "charged": 1, "custom_model_data": 10100 },
      "model": "littlesharkset:crossbow_charged"
    },
    {
      "predicate": { "charged": 1, "firework": 1, "custom_model_data": 10100 },
      "model": "littlesharkset:crossbow_firework"
    },
    {
      "predicate": { "custom_model_data": 10101 },
      "model": "littleteddybearset:crossbow"
    },
    {
      "predicate": { "pulling": 1, "custom_model_data": 10101 },
      "model": "littleteddybearset:crossbow_0"
    },
    {
      "predicate": { "pulling": 1, "pull": 0.58, "custom_model_data": 10101 },
      "model": "littleteddybearset:crossbow_1"
    },
    {
      "predicate": { "pulling": 1, "pull": 1.0, "custom_model_data": 10101 },
      "model": "littleteddybearset:crossbow_2"
    },
    {
      "predicate": { "charged": 1, "custom_model_data": 10101 },
      "model": "littleteddybearset:crossbow_charged"
    },
    {
      "predicate": { "charged": 1, "firework": 1, "custom_model_data": 10101 },
      "model": "littleteddybearset:crossbow_firework"
    },
    {
      "predicate": {
        "custom_model_data": 19999
      },
      "model": "minecraft:item/crossbow"
    }
  ],
  "textures": {
    "layer0": "item/crossbow_standby"
  },
  "display": {
    "thirdperson_righthand": {
      "translation": [2, 0.1, -3],
      "scale": [0.9, 0.9, 0.9],
      "rotation": [-90, 0, -60]
    },
    "thirdperson_lefthand": {
      "translation": [2, 0.1, -3],
      "scale": [0.9, 0.9, 0.9],
      "rotation": [-90, 0, 30]
    },
    "firstperson_righthand": {
      "translation": [1.13, 3.2, 1.13],
      "scale": [0.68, 0.68, 0.68],
      "rotation": [-90, 0, -55]
    },
    "firstperson_lefthand": {
      "translation": [1.13, 3.2, 1.13],
      "scale": [0.68, 0.68, 0.68],
      "rotation": [-90, 0, 35]
    }
  }
}
