{"display":{"thirdperson_righthand":{"translation":[0,3.25,0.75]},"thirdperson_lefthand":{"translation":[0,3.25,0.75]},"firstperson_righthand":{"rotation":[-10,180,0],"translation":[-2.5,2.25,2.75]},"firstperson_lefthand":{"rotation":[-10,180,0],"translation":[-2.5,2.25,2.75]},"ground":{"translation":[0,7.5,0]},"gui":{"rotation":[90,-135,90],"translation":[-3.25,-3.25,-1],"scale":[1.03516,1.03516,1.03516]},"head":{"scale":[0,0,0]},"fixed":{"rotation":[90,-135,90],"translation":[-3.25,-3.25,-1]}},"texture_size":[24,24],"textures":{"1":"stealfun:item/duck/duck_hammer"},"elements":[{"from":[7.4,-0.1,7.4],"to":[8.6,1.1,8.6],"rotation":{"angle":-45,"axis":"x","origin":[8,0.5,8]},"faces":{"north":{"uv":[1.33333,7.33333,2,8],"texture":"#1"},"east":{"uv":[9.33333,4.66667,10,5.33333],"texture":"#1"},"south":{"uv":[8,9.33333,8.66667,10],"texture":"#1"},"west":{"uv":[9.33333,8,10,8.66667],"texture":"#1"},"up":{"uv":[9.33333,10,8.66667,9.33333],"texture":"#1"},"down":{"uv":[10,8.66667,9.33333,9.33333],"texture":"#1"}}},{"from":[7.5,0.7,7.5],"to":[8.5,1.7,8.5],"rotation":{"angle":0,"axis":"x","origin":[8,1.2,8]},"faces":{"north":{"uv":[9.33333,9.33333,10,10],"texture":"#1"},"east":{"uv":[0.66667,10,1.33333,10.66667],"texture":"#1"},"south":{"uv":[10,0.66667,10.66667,1.33333],"texture":"#1"},"west":{"uv":[1.33333,10,2,10.66667],"texture":"#1"},"up":{"uv":[10.66667,2,10,1.33333],"texture":"#1"},"down":{"uv":[3.33333,10,2.66667,10.66667],"texture":"#1"}}},{"from":[7.5,3.7,7.5],"to":[8.5,4.7,8.5],"rotation":{"angle":0,"axis":"x","origin":[8,4.2,8]},"faces":{"north":{"uv":[3.33333,10,4,10.66667],"texture":"#1"},"east":{"uv":[4,10,4.66667,10.66667],"texture":"#1"},"south":{"uv":[10,4.66667,10.66667,5.33333],"texture":"#1"},"west":{"uv":[5.33333,10,6,10.66667],"texture":"#1"},"up":{"uv":[10.66667,6,10,5.33333],"texture":"#1"},"down":{"uv":[6.66667,10,6,10.66667],"texture":"#1"}}},{"from":[7.5,6.7,7.5],"to":[8.5,7.7,8.5],"rotation":{"angle":0,"axis":"x","origin":[8,3.2,8]},"faces":{"north":{"uv":[10,6,10.66667,6.66667],"texture":"#1"},"east":{"uv":[6.66667,10,7.33333,10.66667],"texture":"#1"},"south":{"uv":[10,6.66667,10.66667,7.33333],"texture":"#1"},"west":{"uv":[7.33333,10,8,10.66667],"texture":"#1"},"up":{"uv":[10.66667,8,10,7.33333],"texture":"#1"},"down":{"uv":[8.66667,10,8,10.66667],"texture":"#1"}}},{"from":[7.5,11.7,7.5],"to":[8.5,12.7,8.5],"rotation":{"angle":0,"axis":"x","origin":[8,8.2,8]},"faces":{"north":{"uv":[10,8,10.66667,8.66667],"texture":"#1"},"east":{"uv":[8.66667,10,9.33333,10.66667],"texture":"#1"},"south":{"uv":[10,8.66667,10.66667,9.33333],"texture":"#1"},"west":{"uv":[9.33333,10,10,10.66667],"texture":"#1"},"up":{"uv":[10.66667,10,10,9.33333],"texture":"#1"},"down":{"uv":[10.66667,10,10,10.66667],"texture":"#1"}}},{"from":[7.6,1.7,7.6],"to":[8.4,3.7,8.4],"rotation":{"angle":0,"axis":"x","origin":[8,2.2,8]},"faces":{"north":{"uv":[2,4,2.66667,5.33333],"texture":"#1"},"east":{"uv":[3.33333,6.66667,4,8],"texture":"#1"},"south":{"uv":[8.66667,8,9.33333,9.33333],"texture":"#1"},"west":{"uv":[0,9.33333,0.66667,10.66667],"texture":"#1"},"up":{"uv":[0.66667,11.33333,0,10.66667],"texture":"#1"},"down":{"uv":[11.33333,0,10.66667,0.66667],"texture":"#1"}}},{"from":[7.6,15.1,5.4],"to":[8.4,15.9,7.4],"rotation":{"angle":0,"axis":"x","origin":[8,15.5,6.4]},"faces":{"north":{"uv":[0.66667,10.66667,1.33333,11.33333],"texture":"#1"},"east":{"uv":[9.33333,0,10.66667,0.66667],"texture":"#1"},"south":{"uv":[10.66667,0.66667,11.33333,1.33333],"texture":"#1"},"west":{"uv":[0.66667,9.33333,2,10],"texture":"#1"},"up":{"uv":[10,2,9.33333,0.66667],"texture":"#1"},"down":{"uv":[2.66667,9.33333,2,10.66667],"texture":"#1"}}},{"from":[7.6,15.1,8.6],"to":[8.4,15.9,10.6],"rotation":{"angle":0,"axis":"x","origin":[8,15.5,9.6]},"faces":{"north":{"uv":[11.33333,0.66667,10.66667,1.33333],"texture":"#1"},"east":{"uv":[10.66667,0,9.33333,0.66667],"texture":"#1"},"south":{"uv":[1.33333,10.66667,0.66667,11.33333],"texture":"#1"},"west":{"uv":[2,9.33333,0.66667,10],"texture":"#1"},"up":{"uv":[10,0.66667,9.33333,2],"texture":"#1"},"down":{"uv":[2.66667,10.66667,2,9.33333],"texture":"#1"}}},{"from":[7.6,7.7,7.6],"to":[8.4,11.7,8.4],"rotation":{"angle":0,"axis":"x","origin":[8,8.2,8]},"faces":{"north":{"uv":[4,5.33333,4.66667,8],"texture":"#1"},"east":{"uv":[4.66667,6,5.33333,8.66667],"texture":"#1"},"south":{"uv":[5.33333,6,6,8.66667],"texture":"#1"},"west":{"uv":[6,6,6.66667,8.66667],"texture":"#1"}}},{"from":[6.6336,14.1474,1.83792],"to":[9.3664,16.8802,5.93712],"rotation":{"angle":0,"axis":"x","origin":[8,16.225,3.13321]},"faces":{"north":{"uv":[4.66667,2,6.33333,3.66667],"texture":"#1"},"east":{"uv":[0,0,2.66667,1.66667],"texture":"#1"},"south":{"uv":[4.66667,4,6.33333,5.66667],"texture":"#1"},"west":{"uv":[0,2,2.66667,3.66667],"texture":"#1"},"up":{"uv":[4.33333,2.66667,2.66667,0],"texture":"#1"},"down":{"uv":[4.33333,2.66667,2.66667,5.33333],"texture":"#1"}}},{"from":[7.1255,15.8937,0.63482],"to":[8.8745,17.9787,2.9111],"rotation":{"angle":0,"axis":"x","origin":[8,16.225,3.13321]},"faces":{"north":{"uv":[8,0,9,1.33333],"texture":"#1"},"east":{"uv":[2,5.33333,3.66667,6.66667],"texture":"#1"},"south":{"uv":[1.33333,8,2.33333,9.33333],"texture":"#1"},"west":{"uv":[0,6,1.66667,7.33333],"texture":"#1"},"up":{"uv":[7.66667,8.33333,6.66667,6.66667],"texture":"#1"},"down":{"uv":[1,7.33333,0,9],"texture":"#1"}}},{"from":[7.26214,15.99618,-0.34899],"to":[8.73786,16.65206,0.63482],"rotation":{"angle":0,"axis":"x","origin":[8,16.225,3.13321]},"faces":{"north":{"uv":[1.33333,10.66667,2.33333,11],"texture":"#1"},"east":{"uv":[10.66667,1.33333,11.33333,1.66667],"texture":"#1"},"west":{"uv":[10.66667,2,11.33333,2.33333],"texture":"#1"},"up":{"uv":[10.33333,2.66667,9.33333,2],"texture":"#1"},"down":{"uv":[3.66667,9.33333,2.66667,10],"texture":"#1"}}},{"from":[7.1255,15.0989,5.29372],"to":[8.8745,16.02805,6.89801],"rotation":{"angle":-22.5,"axis":"x","origin":[8,16.225,3.13321]},"faces":{"east":{"uv":[9.33333,2.66667,10.33333,3.33333],"texture":"#1"},"south":{"uv":[9.33333,3.33333,10.33333,4],"texture":"#1"},"west":{"uv":[9.33333,4,10.33333,4.66667],"texture":"#1"},"up":{"uv":[6.33333,9.66667,5.33333,8.66667],"texture":"#1"},"down":{"uv":[9.66667,5.33333,8.66667,6.33333],"texture":"#1"}}},{"from":[6.6336,14.1474,10.06288],"to":[9.3664,16.8802,14.16208],"rotation":{"angle":0,"axis":"x","origin":[8,16.225,12.86679]},"faces":{"north":{"uv":[6.33333,4,4.66667,5.66667],"texture":"#1"},"east":{"uv":[2.66667,0,0,1.66667],"texture":"#1"},"south":{"uv":[6.33333,2,4.66667,3.66667],"texture":"#1"},"west":{"uv":[2.66667,2,0,3.66667],"texture":"#1"},"up":{"uv":[4.33333,0,2.66667,2.66667],"texture":"#1"},"down":{"uv":[4.33333,5.33333,2.66667,2.66667],"texture":"#1"}}},{"from":[7.1255,15.8937,13.0889],"to":[8.8745,17.9787,15.36518],"rotation":{"angle":0,"axis":"x","origin":[8,16.225,12.86679]},"faces":{"north":{"uv":[2.33333,8,1.33333,9.33333],"texture":"#1"},"east":{"uv":[3.66667,5.33333,2,6.66667],"texture":"#1"},"south":{"uv":[9,0,8,1.33333],"texture":"#1"},"west":{"uv":[1.66667,6,0,7.33333],"texture":"#1"},"up":{"uv":[7.66667,6.66667,6.66667,8.33333],"texture":"#1"},"down":{"uv":[1,9,0,7.33333],"texture":"#1"}}},{"from":[7.26214,15.99618,15.36518],"to":[8.73786,16.65206,16.34899],"rotation":{"angle":0,"axis":"x","origin":[8,16.225,12.86679]},"faces":{"east":{"uv":[11.33333,1.33333,10.66667,1.66667],"texture":"#1"},"south":{"uv":[2.33333,10.66667,1.33333,11],"texture":"#1"},"west":{"uv":[11.33333,2,10.66667,2.33333],"texture":"#1"},"up":{"uv":[10.33333,2,9.33333,2.66667],"texture":"#1"},"down":{"uv":[3.66667,10,2.66667,9.33333],"texture":"#1"}}},{"from":[7.1255,15.0989,9.10199],"to":[8.8745,16.02805,10.70628],"rotation":{"angle":22.5,"axis":"x","origin":[8,16.225,12.86679]},"faces":{"north":{"uv":[10.33333,3.33333,9.33333,4],"texture":"#1"},"east":{"uv":[10.33333,2.66667,9.33333,3.33333],"texture":"#1"},"west":{"uv":[10.33333,4,9.33333,4.66667],"texture":"#1"},"up":{"uv":[6.33333,8.66667,5.33333,9.66667],"texture":"#1"},"down":{"uv":[9.66667,6.33333,8.66667,5.33333],"texture":"#1"}}},{"from":[7.25,4.7,7.25],"to":[8.75,6.7,8.75],"rotation":{"angle":0,"axis":"y","origin":[6,1.4,6]},"faces":{"north":{"uv":[8,1.33333,9,2.66667],"texture":"#1"},"east":{"uv":[2.66667,8,3.66667,9.33333],"texture":"#1"},"south":{"uv":[8,2.66667,9,4],"texture":"#1"},"west":{"uv":[8,4,9,5.33333],"texture":"#1"},"up":{"uv":[7.66667,9.66667,6.66667,8.66667],"texture":"#1"},"down":{"uv":[9.66667,6.66667,8.66667,7.66667],"texture":"#1"}}},{"from":[7.4,12.5,6],"to":[8.6,15.5,9],"rotation":{"angle":45,"axis":"x","origin":[8,13.5,8]},"faces":{"north":{"uv":[4,8,4.66667,10],"texture":"#1"},"east":{"uv":[0,4,2,6],"texture":"#1"},"south":{"uv":[8,5.33333,8.66667,7.33333],"texture":"#1"},"west":{"uv":[4.66667,0,6.66667,2],"texture":"#1"},"up":{"uv":[8.66667,9.33333,8,7.33333],"texture":"#1"},"down":{"uv":[5.33333,8.66667,4.66667,10.66667],"texture":"#1"}}},{"from":[7,14.3,7],"to":[9,16.3,9],"rotation":{"angle":-45,"axis":"x","origin":[8,15.3,8]},"faces":{"north":{"uv":[6.66667,0,8,1.33333],"texture":"#1"},"east":{"uv":[6.66667,1.33333,8,2.66667],"texture":"#1"},"south":{"uv":[2,6.66667,3.33333,8],"texture":"#1"},"west":{"uv":[6.66667,2.66667,8,4],"texture":"#1"},"up":{"uv":[8,5.33333,6.66667,4],"texture":"#1"},"down":{"uv":[8,5.33333,6.66667,6.66667],"texture":"#1"}}}],"gui_light":"front"}