{"display":{"thirdperson_righthand":{"translation":[0,1.25,1.25]},"thirdperson_lefthand":{"translation":[0,1.25,1.25]},"firstperson_righthand":{"translation":[0,4.5,2]},"firstperson_lefthand":{"translation":[0,4.5,2]},"ground":{"rotation":[40,0,0],"translation":[0,4.25,0]},"gui":{"rotation":[90,-135,90],"translation":[-4.5,-1,0],"scale":[0.82813,0.82813,0.82813]},"head":{"rotation":[0,91,0],"translation":[0,4.5,6.5],"scale":[2.31445,2.31445,2.31445]},"fixed":{"rotation":[-90,0,0],"translation":[0,0,-31],"scale":[4,4,4]}},"texture_size":[24,24],"textures":{"1":"stealfun:item/duck/duck_flag"},"elements":[{"from":[7.5,0,7.5],"to":[8.5,2,8.5],"rotation":{"angle":0,"axis":"y","origin":[7.5,0,7.5]},"faces":{"north":{"uv":[5.33333,5.33333,6,6.66667],"texture":"#1"},"east":{"uv":[6,5.33333,6.66667,6.66667],"texture":"#1"},"south":{"uv":[5.33333,6.66667,6,8],"texture":"#1"},"west":{"uv":[6.66667,5.33333,7.33333,6.66667],"texture":"#1"},"up":{"uv":[6.66667,7.33333,6,6.66667],"texture":"#1"},"down":{"uv":[7.33333,6.66667,6.66667,7.33333],"texture":"#1"}}},{"from":[7.5,12,7.5],"to":[8.5,20,8.5],"rotation":{"angle":0,"axis":"y","origin":[7.5,0,7.5]},"faces":{"north":{"uv":[2.66667,5.33333,3.33333,10.66667],"texture":"#1"},"east":{"uv":[3.33333,5.33333,4,10.66667],"texture":"#1"},"south":{"uv":[4,5.33333,4.66667,10.66667],"texture":"#1"},"west":{"uv":[4.66667,5.33333,5.33333,10.66667],"texture":"#1"},"up":{"uv":[8,2,7.33333,1.33333],"texture":"#1"},"down":{"uv":[8,2,7.33333,2.66667],"texture":"#1"}}},{"from":[7.6,2,7.6],"to":[8.4,12,8.4],"rotation":{"angle":0,"axis":"y","origin":[7.5,0,7.5]},"faces":{"north":{"uv":[0,5.33333,0.66667,12],"texture":"#1"},"east":{"uv":[0.66667,5.33333,1.33333,12],"texture":"#1"},"south":{"uv":[1.33333,5.33333,2,12],"texture":"#1"},"west":{"uv":[2,5.33333,2.66667,12],"texture":"#1"},"up":{"uv":[8,0.66667,7.33333,0],"texture":"#1"},"down":{"uv":[8,0.66667,7.33333,1.33333],"texture":"#1"}}},{"from":[8,12,-3.5],"to":[8,20,7.5],"rotation":{"angle":0,"axis":"y","origin":[8,0,-0.1]},"faces":{"north":{"uv":[0,0,0,5.33333],"texture":"#1"},"east":{"uv":[7.33333,0,0,5.33333],"texture":"#1"},"south":{"uv":[0,0,0,5.33333],"texture":"#1"},"west":{"uv":[0,0,7.33333,5.33333],"texture":"#1"},"up":{"uv":[0,7.33333,0,0],"texture":"#1"},"down":{"uv":[0,0,0,7.33333],"texture":"#1"}}}],"gui_light":"front"}