{
  "parent": "minecraft:item/handheld",
  "textures": {"layer0": "minecraft:item/netherite_hoe"},
  "overrides": [
    {
      "predicate": {"custom_model_data": 1},
      "model": "custom/toucanupdate/toucan_hoe"
    },
    {
      "predicate": {"custom_model_data": 2},
      "model": "custom/toucanupdate/toucan_staff"
    },
    {
      "predicate": {"custom_model_data": 3},
      "model": "custom/legoupdate/blue_lego_trident"
    },
    {
      "predicate": {"custom_model_data": 4},
      "model": "custom/legoupdate/gray_lego_staff"
    },
    {
      "predicate": {"custom_model_data": 5},
      "model": "custom/legoupdate/green_lego_hoe"
    },
    {
      "predicate": {"custom_model_data": 6},
      "model": "littlepandaset/hoe"
    },
      {
         "predicate":{
            "custom_model_data": 10000
         },
         "model":"littleduckset:hoe"
      },
    {
      "predicate": {"custom_model_data": 10008},
      "model": "waffle_set:waffle_hoe"
    },
    {
      "predicate": {"custom_model_data": 10009},
      "model": "waffle_set:choco_waffle_hoe"
    },
    {
      "predicate": {"custom_model_data": 10011},
      "model": "haloween:hoe"
    },
    {
      "predicate": {"custom_model_data": 10010},
      "model": "littleduckset:hoe"
    },
    {
      "predicate": {"custom_model_data": 10011},
      "model": "minecraft:item/iron_hoe"
    },
    {
      "predicate": {"custom_model_data": 10012},
      "model": "littlesharkset:hoe"
    },
    {
      "predicate": {"custom_model_data": 10013},
      "model": "littleteddybearset:hoe"
    },
    {
      "predicate": {"custom_model_data": 10014},
      "model": "waffle_set:waffle_hoe"
    },
    {
      "predicate": {"custom_model_data": 10015},
      "model": "waffle_set:choco_waffle_hoe"
    },
    {
      "predicate": {"custom_model_data": 10016},
      "model": "minecraft:item/netherite_hoe"
    }
  ]
}