{
  "parent": "minecraft:item/handheld",
  "textures": {"layer0": "minecraft:item/netherite_axe"},
  "overrides": [
    {
      "predicate": {"custom_model_data": 1},
      "model": "snowset:ice_axe"
    },
    {
      "predicate": {"custom_model_data": 2},
      "model": "custom/toucanupdate/walnut_axe"
    },
    {
      "predicate": {"custom_model_data": 3},
      "model": "custom/legoupdate/orange_lego_axe"
    },
    {
      "predicate": {
        "custom_model_data": 10000
      },
      "model": "littleduckset:axe"
    },
    {
      "predicate": {"custom_model_data": 10005},
      "model": "waffle_set:waffle_axe"
    },
    {
      "predicate": {"custom_model_data": 10006},
      "model": "waffle_set:choco_waffle_axe"
    },

    {
      "predicate": {"custom_model_data": 10008},
      "model": "littlepandaset/axe"
    },
    {
      "predicate": {"custom_model_data": 10009},
      "model": "littlesharkset:axe"
    },
    {
      "predicate": {"custom_model_data": 10010},
      "model": "waffle_set:waffle_axe"
    },
    {
      "predicate": {"custom_model_data": 10011},
      "model": "waffle_set:choco_waffle_axe"
    },
    {
      "predicate": {"custom_model_data": 10012},
      "model": "littleteddybearset:axe"
    },{
      "predicate": {"custom_model_data": 10013},
      "model": "minecraft:item/netherite_axe"
    }
  ]
}