{
  "parent": "minecraft:item/handheld",
  "textures": {"layer0": "minecraft:item/netherite_shovel"},
  "overrides": [
    {
      "predicate": {"custom_model_data": 1},
      "model": "snowset:ice_shovel"
    },
    {
      "predicate": {"custom_model_data": 2},
      "model": "custom/toucanupdate/toucan_shovel"
    },
    {
      "predicate": {"custom_model_data": 3},
      "model": "custom/legoupdate/black_lego_shovel"
    },
    {
      "predicate": {"custom_model_data": 4},
      "model": "littlepandaset/shovel"
    },
      {
         "predicate":{
            "custom_model_data": 10000
         },
         "model":"littleduckset:shovel"
      },
    {
      "predicate": {"custom_model_data": 10006},
      "model": "waffle_set:waffle_shovel"
    },
    {
      "predicate": {"custom_model_data": 10007},
      "model": "waffle_set:choco_waffle_shovel"
    },
    {
      "predicate": {"custom_model_data": 10008},
      "model": "haloween:shovel"
    },
    {
      "predicate": {"custom_model_data": 10009},
      "model": "littleduckset:shovel"
    },
    {
      "predicate": {"custom_model_data": 10010},
      "model": "littlesharkset:shovel"
    },
    {
      "predicate": {"custom_model_data": 10011},
      "model": "littleteddybearset:shovel"
    },
    {
      "predicate": {"custom_model_data": 10012},
      "model": "waffle_set:waffle_shovel"
    },
    {
      "predicate": {"custom_model_data": 10013},
      "model": "waffle_set:choco_waffle_shovel"
    },
    {
      "predicate": {"custom_model_data": 100014},
      "model": "minecraft:item/netherite_shovel"
    }
  ]
}