{
	"credit": "Made with Blockbench",
	"texture_size": [128, 128],
	"textures": {
		"0": "item/slotmachine"
	},
	"elements": [
		{
			"from": [4.68, 14.04, -0.54],
			"to": [13.32, 16.74, 3.24],
			"rotation": {"angle": 0, "axis": "y", "origin": [9, 4.05, 0]},
			"faces": {
				"north": {"uv": [11.125, 9.375, 13.125, 10], "texture": "#0"},
				"east": {"uv": [10.25, 9.375, 11.125, 10], "texture": "#0"},
				"south": {"uv": [14, 9.375, 16, 10], "texture": "#0"},
				"west": {"uv": [13.125, 9.375, 14, 10], "texture": "#0"},
				"up": {"uv": [13.125, 9.375, 11.125, 8.5], "texture": "#0"},
				"down": {"uv": [15.125, 8.5, 13.125, 9.375], "texture": "#0"}
			}
		},
		{
			"from": [4.14, 0, -2.7],
			"to": [13.86, 8.1, 1.62],
			"rotation": {"angle": 0, "axis": "y", "origin": [9, 0, 0]},
			"faces": {
				"north": {"uv": [6.75, 6.625, 9, 8.5], "texture": "#0"},
				"east": {"uv": [5.75, 6.625, 6.75, 8.5], "texture": "#0"},
				"south": {"uv": [10, 6.625, 12.25, 8.5], "texture": "#0"},
				"west": {"uv": [9, 6.625, 10, 8.5], "texture": "#0"},
				"up": {"uv": [9, 6.625, 6.75, 5.625], "texture": "#0"},
				"down": {"uv": [11.25, 5.625, 9, 6.625], "texture": "#0"}
			}
		},
		{
			"from": [3.6, 0, -5.4],
			"to": [14.4, 1.62, 4.86],
			"rotation": {"angle": 0, "axis": "y", "origin": [9, 0, 0]},
			"faces": {
				"north": {"uv": [2.375, 2.375, 4.875, 2.75], "texture": "#0"},
				"east": {"uv": [0, 2.375, 2.375, 2.75], "texture": "#0"},
				"south": {"uv": [7.25, 2.375, 9.75, 2.75], "texture": "#0"},
				"west": {"uv": [4.875, 2.375, 7.25, 2.75], "texture": "#0"},
				"up": {"uv": [4.875, 2.375, 2.375, 0], "texture": "#0"},
				"down": {"uv": [7.375, 0, 4.875, 2.375], "texture": "#0"}
			}
		},
		{
			"from": [5.22, -1.08, -4.86],
			"to": [12.78, 7.02, -0.54],
			"rotation": {"angle": 22.5, "axis": "x", "origin": [9, 0, 0]},
			"faces": {
				"north": {"uv": [5.75, 9.5, 7.5, 11.375], "texture": "#0"},
				"east": {"uv": [4.75, 9.5, 5.75, 11.375], "texture": "#0"},
				"south": {"uv": [8.5, 9.5, 10.25, 11.375], "texture": "#0"},
				"west": {"uv": [7.5, 9.5, 8.5, 11.375], "texture": "#0"},
				"up": {"uv": [7.5, 9.5, 5.75, 8.5], "texture": "#0"},
				"down": {"uv": [9.25, 8.5, 7.5, 9.5], "texture": "#0"}
			}
		},
		{
			"from": [1.44, 8.1, 1.62],
			"to": [4.14, 10.8, 4.32],
			"rotation": {"angle": 0, "axis": "y", "origin": [9, 0, 0]},
			"faces": {
				"north": {"uv": [10.875, 10.625, 11.5, 11.25], "texture": "#0"},
				"east": {"uv": [10.25, 10.625, 10.875, 11.25], "texture": "#0"},
				"south": {"uv": [10.875, 10.625, 11.5, 11.25], "texture": "#0"},
				"west": {"uv": [11.5, 10.625, 10.875, 11.25], "texture": "#0"},
				"up": {"uv": [10.875, 10.625, 11.5, 11.25], "texture": "#0"},
				"down": {"uv": [10.875, 10.625, 11.5, 11.25], "texture": "#0"}
			}
		},
		{
			"from": [4.14, 16.74, -2.16],
			"to": [13.86, 23.22, 1.62],
			"rotation": {"angle": 0, "axis": "y", "origin": [9, 0, 0]},
			"faces": {
				"north": {"uv": [8.25, 0.875, 10.5, 2.375], "texture": "#0"},
				"east": {"uv": [7.375, 0.875, 8.25, 2.375], "texture": "#0"},
				"south": {"uv": [11.375, 0.875, 13.625, 2.375], "texture": "#0"},
				"west": {"uv": [10.5, 0.875, 11.375, 2.375], "texture": "#0"},
				"up": {"uv": [10.5, 0.875, 8.25, 0], "texture": "#0"},
				"down": {"uv": [12.75, 0, 10.5, 0.875], "texture": "#0"}
			}
		},
		{
			"from": [4.14, 0, 1.62],
			"to": [13.86, 23.22, 4.32],
			"rotation": {"angle": 0, "axis": "y", "origin": [9, 0, 0]},
			"faces": {
				"north": {"uv": [0.625, 3.375, 2.875, 8.75], "texture": "#0"},
				"east": {"uv": [0, 3.375, 0.625, 8.75], "texture": "#0"},
				"south": {"uv": [3.5, 3.375, 5.75, 8.75], "texture": "#0"},
				"west": {"uv": [2.875, 3.375, 3.5, 8.75], "texture": "#0"},
				"up": {"uv": [2.875, 3.375, 0.625, 2.75], "texture": "#0"},
				"down": {"uv": [5.125, 2.75, 2.875, 3.375], "texture": "#0"}
			}
		},
		{
			"from": [4.68, 3.24, -2.16],
			"to": [13.32, 9.18, 4.32],
			"rotation": {"angle": -22.5, "axis": "x", "origin": [9, 4.05, 0]},
			"faces": {
				"north": {"uv": [7.25, 4.25, 9.25, 5.625], "texture": "#0"},
				"east": {"uv": [5.75, 4.25, 7.25, 5.625], "texture": "#0"},
				"south": {"uv": [10.75, 4.25, 12.75, 5.625], "texture": "#0"},
				"west": {"uv": [9.25, 4.25, 10.75, 5.625], "texture": "#0"},
				"up": {"uv": [9.25, 4.25, 7.25, 2.75], "texture": "#0"},
				"down": {"uv": [11.25, 2.75, 9.25, 4.25], "texture": "#0"}
			}
		},
		{
			"from": [5.76, 1.62, -1.08],
			"to": [7.92, 9.72, 1.08],
			"rotation": {"angle": -22.5, "axis": "x", "origin": [9, 4.05, 0]},
			"faces": {
				"north": {"uv": [0.5, 0.5, 1, 2.375], "texture": "#0"},
				"east": {"uv": [0, 0.5, 0.5, 2.375], "texture": "#0"},
				"south": {"uv": [1.5, 0.5, 2, 2.375], "texture": "#0"},
				"west": {"uv": [1, 0.5, 1.5, 2.375], "texture": "#0"},
				"up": {"uv": [1, 0.5, 0.5, 0], "texture": "#0"},
				"down": {"uv": [1.5, 0, 1, 0.5], "texture": "#0"}
			}
		},
		{
			"from": [10.62, 1.62, -1.08],
			"to": [12.24, 9.72, 0.54],
			"rotation": {"angle": -22.5, "axis": "x", "origin": [9, 4.05, 0]},
			"faces": {
				"north": {"uv": [0.375, 11.625, 0.75, 13.5], "texture": "#0"},
				"east": {"uv": [0, 11.625, 0.375, 13.5], "texture": "#0"},
				"south": {"uv": [1.125, 11.625, 1.5, 13.5], "texture": "#0"},
				"west": {"uv": [0.75, 11.625, 1.125, 13.5], "texture": "#0"},
				"up": {"uv": [0.75, 11.625, 0.375, 11.25], "texture": "#0"},
				"down": {"uv": [1.125, 11.25, 0.75, 11.625], "texture": "#0"}
			}
		},
		{
			"from": [8.46, 1.62, -1.08],
			"to": [10.08, 9.72, 0.54],
			"rotation": {"angle": -22.5, "axis": "x", "origin": [9, 4.05, 0]},
			"faces": {
				"north": {"uv": [0.375, 11.625, 0.75, 13.5], "texture": "#0"},
				"east": {"uv": [0, 11.625, 0.375, 13.5], "texture": "#0"},
				"south": {"uv": [1.125, 11.625, 1.5, 13.5], "texture": "#0"},
				"west": {"uv": [0.75, 11.625, 1.125, 13.5], "texture": "#0"},
				"up": {"uv": [0.75, 11.625, 0.375, 11.25], "texture": "#0"},
				"down": {"uv": [1.125, 11.25, 0.75, 11.625], "texture": "#0"}
			}
		},
		{
			"from": [4.95, 4.86, 0.54],
			"to": [13.05, 15.12, 3.24],
			"rotation": {"angle": 0, "axis": "y", "origin": [9, 4.05, 0]},
			"faces": {
				"north": {"uv": [0.625, 9.375, 2.5, 11.25], "texture": "#0"},
				"east": {"uv": [0, 9.375, 0.625, 11.25], "texture": "#0"},
				"south": {"uv": [3.125, 9.375, 5, 11.25], "texture": "#0"},
				"west": {"uv": [2.5, 9.375, 3.125, 11.25], "texture": "#0"},
				"up": {"uv": [2.5, 9.375, 0.625, 8.75], "texture": "#0"},
				"down": {"uv": [4.375, 8.75, 2.5, 9.375], "texture": "#0"}
			}
		},
		{
			"from": [1.98, 10.15554, 1.86041],
			"to": [3.06, 15.55554, 2.94041],
			"rotation": {"angle": 0, "axis": "y", "origin": [3.06, 5.83554, -0.83959]},
			"faces": {
				"north": {"uv": [6, 3, 6.25, 4.25], "texture": "#0"},
				"east": {"uv": [6.25, 3, 6, 4.25], "texture": "#0"},
				"south": {"uv": [6, 3, 6.25, 4.25], "texture": "#0"},
				"west": {"uv": [6.25, 3, 6, 4.25], "texture": "#0"},
				"up": {"uv": [6.25, 3, 6, 2.75], "texture": "#0"},
				"down": {"uv": [6.5, 2.75, 6.25, 3], "texture": "#0"}
			}
		},
		{
			"from": [1.44, 14.47554, 1.32041],
			"to": [3.6, 16.63554, 3.48041],
			"rotation": {"angle": 0, "axis": "y", "origin": [3.06, 5.83554, -0.83959]},
			"faces": {
				"north": {"uv": [10.25, 11.75, 10.75, 12.25], "texture": "#0"},
				"east": {"uv": [10.75, 11.75, 10.25, 12.25], "texture": "#0"},
				"south": {"uv": [10.25, 11.75, 10.75, 12.25], "texture": "#0"},
				"west": {"uv": [10.75, 11.75, 10.25, 12.25], "texture": "#0"},
				"up": {"uv": [10.75, 11.75, 10.25, 11.25], "texture": "#0"},
				"down": {"uv": [11.25, 11.25, 10.75, 11.75], "texture": "#0"}
			}
		}
	],
	"display": {
		"head": {
			"translation": [-1.5, -23.75, 18.75],
			"scale": [2.67, 2.67, 2.67]
		}
	},
	"groups": [
		{
			"name": "all",
			"origin": [0, 4.05, 0],
			"color": 0,
			"nbt": "{}",
			"armAnimationEnabled": false,
			"children": [
				0,
				1,
				2,
				3,
				4,
				5,
				6,
				7,
				8,
				9,
				{
					"name": "redbutton",
					"origin": [0, 4.05, 0],
					"color": 0,
					"nbt": "{}",
					"armAnimationEnabled": false,
					"children": [10]
				},
				{
					"name": "screen",
					"origin": [0, 9.99, 1.89],
					"color": 0,
					"nbt": "{}",
					"armAnimationEnabled": false,
					"children": [11]
				},
				{
					"name": "activateslot",
					"origin": [-6.48, 9.99, 2.7],
					"color": 0,
					"nbt": "{}",
					"armAnimationEnabled": false,
					"children": [12, 13]
				}
			]
		}
	]
}