{"textures":{"0":"modelengine:entity/slot machine"},"elements":[{"from":[7.428571,8.175171,7.111546],"to":[8.571428,13.889457,8.254403],"rotation":{"angle":0.0,"axis":"y","origin":[8.571428,3.6037416,4.254403]},"faces":{"east":{"uv":[6.25,3.0,6.0,4.25],"rotation":0,"texture":"#0","tintindex":0},"south":{"uv":[6.0,3.0,6.25,4.25],"rotation":0,"texture":"#0","tintindex":0},"north":{"uv":[6.0,3.0,6.25,4.25],"rotation":0,"texture":"#0","tintindex":0},"west":{"uv":[6.25,3.0,6.0,4.25],"rotation":0,"texture":"#0","tintindex":0},"up":{"uv":[6.25,3.0,6.0,2.75],"rotation":0,"texture":"#0","tintindex":0},"down":{"uv":[6.5,2.75,6.25,3.0],"rotation":0,"texture":"#0","tintindex":0}}},{"from":[6.857143,12.746599,6.5401173],"to":[9.142858,15.032314,8.825831],"rotation":{"angle":0.0,"axis":"y","origin":[8.571428,3.6037416,4.254403]},"faces":{"east":{"uv":[10.75,11.75,10.25,12.25],"rotation":0,"texture":"#0","tintindex":0},"south":{"uv":[10.25,11.75,10.75,12.25],"rotation":0,"texture":"#0","tintindex":0},"north":{"uv":[10.25,11.75,10.75,12.25],"rotation":0,"texture":"#0","tintindex":0},"west":{"uv":[10.75,11.75,10.25,12.25],"rotation":0,"texture":"#0","tintindex":0},"up":{"uv":[10.75,11.75,10.25,11.25],"rotation":0,"texture":"#0","tintindex":0},"down":{"uv":[11.25,11.25,10.75,11.75],"rotation":0,"texture":"#0","tintindex":0}}}],"display":{"head":{"translation":[0.0,-6.4,0.0],"scale":[4.0,4.0,4.0]}}}