{"textures":{"0":"modelengine:entity/slotmachine"},"elements":[{"from":[4.0,8.8312,5.527753],"to":[5.142857,14.5454855,6.6706095],"rotation":{"angle":0.0,"axis":"y","origin":[8.571428,3.6037416,4.254403]},"faces":{"east":{"uv":[6.25,1.5,6.0,2.125],"rotation":0,"texture":"#0","tintindex":0},"south":{"uv":[6.0,1.5,6.25,2.125],"rotation":0,"texture":"#0","tintindex":0},"north":{"uv":[6.0,1.5,6.25,2.125],"rotation":0,"texture":"#0","tintindex":0},"west":{"uv":[6.25,1.5,6.0,2.125],"rotation":0,"texture":"#0","tintindex":0},"up":{"uv":[6.25,1.5,6.0,1.375],"rotation":0,"texture":"#0","tintindex":0},"down":{"uv":[6.5,1.375,6.25,1.5],"rotation":0,"texture":"#0","tintindex":0}}},{"from":[3.4285712,13.402628,4.956324],"to":[5.714286,15.688343,7.2420382],"rotation":{"angle":0.0,"axis":"y","origin":[8.571428,3.6037416,4.254403]},"faces":{"east":{"uv":[10.75,5.875,10.25,6.125],"rotation":0,"texture":"#0","tintindex":0},"south":{"uv":[10.25,5.875,10.75,6.125],"rotation":0,"texture":"#0","tintindex":0},"north":{"uv":[10.25,5.875,10.75,6.125],"rotation":0,"texture":"#0","tintindex":0},"west":{"uv":[10.75,5.875,10.25,6.125],"rotation":0,"texture":"#0","tintindex":0},"up":{"uv":[10.75,5.875,10.25,5.625],"rotation":0,"texture":"#0","tintindex":0},"down":{"uv":[11.25,5.625,10.75,5.875],"rotation":0,"texture":"#0","tintindex":0}}},{"from":[3.4285712,6.0,5.142857],"to":[6.285714,8.857143,8.0],"rotation":{"angle":0.0,"axis":"y","origin":[10.857143,-2.5714293,3.4285712]},"faces":{"east":{"uv":[10.25,5.3125,10.875,5.625],"rotation":0,"texture":"#0","tintindex":0},"south":{"uv":[10.875,5.3125,11.5,5.625],"rotation":0,"texture":"#0","tintindex":0},"north":{"uv":[10.875,5.3125,11.5,5.625],"rotation":0,"texture":"#0","tintindex":0},"west":{"uv":[11.5,5.3125,10.875,5.625],"rotation":0,"texture":"#0","tintindex":0},"up":{"uv":[10.875,5.3125,11.5,5.625],"rotation":0,"texture":"#0","tintindex":0},"down":{"uv":[10.875,5.3125,11.5,5.625],"rotation":0,"texture":"#0","tintindex":0}}}],"display":{"head":{"translation":[0.0,-6.4,0.0],"scale":[4.0,4.0,4.0]}}}