{"textures":{"0":"modelengine:entity/slotmachine"},"elements":[{"from":[8.0,7.714286,6.857143],"to":[9.714286,16.285715,8.571428],"rotation":{"angle":-22.5,"axis":"x","origin":[8.0,10.285714,8.0]},"faces":{"east":{"uv":[0.0,5.8125,0.375,6.75],"rotation":0,"texture":"#0","tintindex":0},"south":{"uv":[1.125,5.8125,1.5,6.75],"rotation":0,"texture":"#0","tintindex":0},"north":{"uv":[0.375,5.8125,0.75,6.75],"rotation":0,"texture":"#0","tintindex":0},"west":{"uv":[0.75,5.8125,1.125,6.75],"rotation":0,"texture":"#0","tintindex":0},"up":{"uv":[0.75,5.8125,0.375,5.625],"rotation":0,"texture":"#0","tintindex":0},"down":{"uv":[1.125,5.625,0.75,5.8125],"rotation":0,"texture":"#0","tintindex":0}}}],"display":{"head":{"translation":[0.0,-6.4,0.0],"scale":[4.0,4.0,4.0]}}}