{"textures":{"0":"modelengine:entity/slotmachine"},"elements":[{"from":[2.8571424,7.1142855,3.6723523],"to":[12.571428,8.828571,4.8152094],"rotation":{"angle":0.0,"axis":"y","origin":[8.0,7.9714284,7.9815006]},"faces":{"east":{"uv":[1.5,7.8125,1.75,8.0],"rotation":0,"texture":"#0","tintindex":0},"south":{"uv":[10.375,4.5625,12.375,4.75],"rotation":0,"texture":"#0","tintindex":0},"north":{"uv":[0.0,7.25,2.0,7.4375],"rotation":0,"texture":"#0","tintindex":0},"west":{"uv":[1.75,5.1875,2.0,5.375],"rotation":0,"texture":"#0","tintindex":0},"up":{"uv":[2.0,8.0,0.0,7.875],"rotation":0,"texture":"#0","tintindex":0},"down":{"uv":[2.0,7.875,0.0,8.0],"rotation":0,"texture":"#0","tintindex":0}}},{"from":[2.8571424,7.1142855,3.6723523],"to":[12.571428,8.828571,4.8152094],"rotation":{"angle":22.5,"axis":"x","origin":[8.0,7.9714284,7.9815006]},"faces":{"east":{"uv":[5.375,7.75,5.625,7.9375],"rotation":0,"texture":"#0","tintindex":0},"south":{"uv":[8.375,5.25,10.375,5.4375],"rotation":0,"texture":"#0","tintindex":0},"north":{"uv":[4.0,7.8125,6.0,8.0],"rotation":0,"texture":"#0","tintindex":0},"west":{"uv":[5.375,7.75,5.625,7.9375],"rotation":0,"texture":"#0","tintindex":0},"up":{"uv":[5.625,7.9375,3.875,7.875],"rotation":0,"texture":"#0","tintindex":0},"down":{"uv":[5.0,6.0,3.0,6.125],"rotation":0,"texture":"#0","tintindex":0}}},{"from":[2.8571424,7.1142855,3.6723523],"to":[12.571428,8.828571,4.8152094],"rotation":{"angle":45.0,"axis":"x","origin":[8.0,7.9714284,7.9815006]},"faces":{"east":{"uv":[5.375,7.75,5.625,7.9375],"rotation":0,"texture":"#0","tintindex":0},"south":{"uv":[4.25,8.0,5.75,8.0],"rotation":0,"texture":"#0","tintindex":0},"north":{"uv":[4.0,7.625,6.0,7.8125],"rotation":0,"texture":"#0","tintindex":0},"west":{"uv":[5.625,7.75,5.875,7.9375],"rotation":0,"texture":"#0","tintindex":0},"up":{"uv":[5.75,7.9375,4.125,7.9375],"rotation":0,"texture":"#0","tintindex":0},"down":{"uv":[5.875,7.9375,4.25,7.9375],"rotation":0,"texture":"#0","tintindex":0}}},{"from":[2.8571424,11.13772,7.1243577],"to":[12.571428,12.280577,8.838644],"rotation":{"angle":0.0,"axis":"y","origin":[8.0,7.9714284,7.9815006]},"faces":{"east":{"uv":[5.125,7.25,5.5,7.375],"rotation":0,"texture":"#0","tintindex":0},"south":{"uv":[4.0,7.875,6.0,8.0],"rotation":0,"texture":"#0","tintindex":0},"north":{"uv":[4.0,7.25,6.0,7.4375],"rotation":0,"texture":"#0","tintindex":0},"west":{"uv":[5.5,7.25,5.875,7.375],"rotation":0,"texture":"#0","tintindex":0},"up":{"uv":[6.0,7.4375,4.0,7.25],"rotation":0,"texture":"#0","tintindex":0},"down":{"uv":[6.0,7.9375,4.0,8.0],"rotation":0,"texture":"#0","tintindex":0}}},{"from":[2.8571424,11.13772,7.1243577],"to":[12.571428,12.280577,8.838644],"rotation":{"angle":22.5,"axis":"x","origin":[8.0,7.9714284,7.9815006]},"faces":{"east":{"uv":[12.5,5.125,12.875,5.25],"rotation":0,"texture":"#0","tintindex":0},"south":{"uv":[0.5,6.625,2.5,6.75],"rotation":0,"texture":"#0","tintindex":0},"north":{"uv":[0.0,6.125,2.0,6.25],"rotation":0,"texture":"#0","tintindex":0},"west":{"uv":[7.5,7.5,7.875,7.625],"rotation":0,"texture":"#0","tintindex":0},"up":{"uv":[8.0,8.0,6.0,7.8125],"rotation":0,"texture":"#0","tintindex":0},"down":{"uv":[2.0,6.25,0.0,6.4375],"rotation":0,"texture":"#0","tintindex":0}}},{"from":[2.8571424,11.13772,7.1243577],"to":[12.571428,12.280577,8.838644],"rotation":{"angle":45.0,"axis":"x","origin":[8.0,7.9714284,7.9815006]},"faces":{"east":{"uv":[7.375,7.25,7.75,7.375],"rotation":0,"texture":"#0","tintindex":0},"south":{"uv":[0.0,6.3125,2.0,6.375],"rotation":0,"texture":"#0","tintindex":0},"north":{"uv":[0.0,6.5,2.0,6.625],"rotation":0,"texture":"#0","tintindex":0},"west":{"uv":[7.625,7.25,8.0,7.375],"rotation":0,"texture":"#0","tintindex":0},"up":{"uv":[8.0,7.8125,6.0,7.6875],"rotation":0,"texture":"#0","tintindex":0},"down":{"uv":[2.0,6.0,0.0,6.1875],"rotation":0,"texture":"#0","tintindex":0}}},{"from":[2.8571424,11.13772,7.1243577],"to":[12.571428,12.280577,8.838644],"rotation":{"angle":-22.5,"axis":"x","origin":[8.0,7.9714284,7.9815006]},"faces":{"east":{"uv":[9.5,6.375,9.875,6.5],"rotation":0,"texture":"#0","tintindex":0},"south":{"uv":[12.375,6.1875,14.375,6.3125],"rotation":0,"texture":"#0","tintindex":0},"north":{"uv":[4.0,7.875,6.0,8.0],"rotation":0,"texture":"#0","tintindex":0},"west":{"uv":[9.875,6.375,10.25,6.5],"rotation":0,"texture":"#0","tintindex":0},"up":{"uv":[6.0,7.625,4.0,7.4375],"rotation":0,"texture":"#0","tintindex":0},"down":{"uv":[6.0,7.875,4.0,8.0],"rotation":0,"texture":"#0","tintindex":0}}},{"from":[2.8571424,7.1142855,11.147792],"to":[12.571428,8.828571,12.290649],"rotation":{"angle":-22.5,"axis":"x","origin":[8.0,7.9714284,7.9815006]},"faces":{"east":{"uv":[7.625,7.625,7.875,7.8125],"rotation":0,"texture":"#0","tintindex":0},"south":{"uv":[8.0,7.625,6.0,7.4375],"rotation":0,"texture":"#0","tintindex":0},"north":{"uv":[0.0,6.1875,2.0,6.375],"rotation":0,"texture":"#0","tintindex":0},"west":{"uv":[7.5,7.25,7.75,7.4375],"rotation":0,"texture":"#0","tintindex":0},"up":{"uv":[2.0,6.5625,0.0,6.4375],"rotation":0,"texture":"#0","tintindex":0},"down":{"uv":[2.0,6.5625,0.0,6.6875],"rotation":0,"texture":"#0","tintindex":0}}},{"from":[2.8571424,7.1142855,11.147792],"to":[12.571428,8.828571,12.290649],"rotation":{"angle":0.0,"axis":"y","origin":[8.0,7.9714284,7.9815006]},"faces":{"east":{"uv":[7.625,7.5625,7.875,7.75],"rotation":0,"texture":"#0","tintindex":0},"south":{"uv":[8.0,7.375,6.0,7.25],"rotation":0,"texture":"#0","tintindex":0},"north":{"uv":[10.75,1.8125,12.75,2.0],"rotation":0,"texture":"#0","tintindex":0},"west":{"uv":[7.625,7.3125,7.875,7.5],"rotation":0,"texture":"#0","tintindex":0},"up":{"uv":[7.75,8.0,6.0,8.0],"rotation":0,"texture":"#0","tintindex":0},"down":{"uv":[8.0,7.875,6.0,8.0],"rotation":0,"texture":"#0","tintindex":0}}},{"from":[2.8571424,7.1142855,3.6723523],"to":[12.571428,8.828571,4.8152094],"rotation":{"angle":-22.5,"axis":"x","origin":[8.0,7.9714284,7.9815006]},"faces":{"east":{"uv":[0.8125,7.8125,1.0625,8.0],"rotation":0,"texture":"#0","tintindex":0},"south":{"uv":[0.125,7.25,1.375,7.25],"rotation":0,"texture":"#0","tintindex":0},"north":{"uv":[0.0,7.4375,2.0,7.625],"rotation":0,"texture":"#0","tintindex":0},"west":{"uv":[0.0,7.71875,0.25,7.90625],"rotation":0,"texture":"#0","tintindex":0},"up":{"uv":[2.0,7.75,0.0,7.625],"rotation":0,"texture":"#0","tintindex":0},"down":{"uv":[2.0,7.28125,0.0,7.40625],"rotation":0,"texture":"#0","tintindex":0}}},{"from":[2.8571424,7.1142855,3.6723523],"to":[12.571428,8.828571,4.8152094],"rotation":{"angle":-45.0,"axis":"x","origin":[8.0,7.9714284,7.9815006]},"faces":{"east":{"uv":[0.0,7.8125,0.25,8.0],"rotation":0,"texture":"#0","tintindex":0},"south":{"uv":[0.0,7.25,2.0,7.4375],"rotation":0,"texture":"#0","tintindex":0},"north":{"uv":[0.0,7.625,2.0,7.8125],"rotation":0,"texture":"#0","tintindex":0},"west":{"uv":[0.25,7.8125,0.5,8.0],"rotation":0,"texture":"#0","tintindex":0},"up":{"uv":[2.0,7.875,0.0,7.75],"rotation":0,"texture":"#0","tintindex":0},"down":{"uv":[2.0,7.875,0.0,8.0],"rotation":0,"texture":"#0","tintindex":0}}},{"from":[2.8571424,3.66228,7.1243577],"to":[12.571428,4.8051376,8.838644],"rotation":{"angle":22.5,"axis":"x","origin":[8.0,7.9714284,7.9815006]},"faces":{"east":{"uv":[0.0,7.875,0.375,8.0],"rotation":0,"texture":"#0","tintindex":0},"south":{"uv":[0.0,7.375,2.0,7.5],"rotation":0,"texture":"#0","tintindex":0},"north":{"uv":[0.0,7.25,2.0,7.375],"rotation":0,"texture":"#0","tintindex":0},"west":{"uv":[0.75,7.875,1.125,8.0],"rotation":0,"texture":"#0","tintindex":0},"up":{"uv":[3.0,5.75,1.0,5.5625],"rotation":0,"texture":"#0","tintindex":0},"down":{"uv":[2.0,8.0,0.0,7.8125],"rotation":0,"texture":"#0","tintindex":0}}},{"from":[2.8571424,3.66228,7.1243577],"to":[12.571428,4.8051376,8.838644],"rotation":{"angle":0.0,"axis":"y","origin":[8.0,7.9714284,7.9815006]},"faces":{"east":{"uv":[2.75,7.25,3.125,7.375],"rotation":0,"texture":"#0","tintindex":0},"south":{"uv":[12.375,5.625,14.375,5.75],"rotation":0,"texture":"#0","tintindex":0},"north":{"uv":[12.375,5.5,14.375,5.625],"rotation":0,"texture":"#0","tintindex":0},"west":{"uv":[2.75,7.375,3.125,7.5],"rotation":0,"texture":"#0","tintindex":0},"up":{"uv":[12.375,5.8125,10.375,5.625],"rotation":0,"texture":"#0","tintindex":0},"down":{"uv":[4.0,7.4375,2.0,7.25],"rotation":0,"texture":"#0","tintindex":0}}},{"from":[2.8571424,3.66228,7.1243577],"to":[12.571428,4.8051376,8.838644],"rotation":{"angle":-22.5,"axis":"x","origin":[8.0,7.9714284,7.9815006]},"faces":{"east":{"uv":[3.5,7.4375,3.875,7.5625],"rotation":0,"texture":"#0","tintindex":0},"south":{"uv":[12.375,5.875,14.375,6.0],"rotation":0,"texture":"#0","tintindex":0},"north":{"uv":[12.375,5.75,14.375,5.875],"rotation":0,"texture":"#0","tintindex":0},"west":{"uv":[3.5,7.625,3.875,7.75],"rotation":0,"texture":"#0","tintindex":0},"up":{"uv":[13.25,3.0,11.25,2.8125],"rotation":0,"texture":"#0","tintindex":0},"down":{"uv":[4.0,7.625,2.0,7.4375],"rotation":0,"texture":"#0","tintindex":0}}},{"from":[2.8571424,3.66228,7.1243577],"to":[12.571428,4.8051376,8.838644],"rotation":{"angle":-45.0,"axis":"x","origin":[8.0,7.9714284,7.9815006]},"faces":{"east":{"uv":[3.5,7.5,3.875,7.625],"rotation":0,"texture":"#0","tintindex":0},"south":{"uv":[2.0,7.25,4.0,7.375],"rotation":0,"texture":"#0","tintindex":0},"north":{"uv":[12.375,6.0,14.375,6.125],"rotation":0,"texture":"#0","tintindex":0},"west":{"uv":[3.5,7.625,3.875,7.75],"rotation":0,"texture":"#0","tintindex":0},"up":{"uv":[13.375,3.1875,11.375,3.0],"rotation":0,"texture":"#0","tintindex":0},"down":{"uv":[4.0,7.8125,2.0,7.625],"rotation":0,"texture":"#0","tintindex":0}}},{"from":[2.8571424,7.1142855,11.147792],"to":[12.571428,8.828571,12.290649],"rotation":{"angle":22.5,"axis":"x","origin":[8.0,7.9714284,7.9815006]},"faces":{"east":{"uv":[3.625,7.3125,3.875,7.5],"rotation":0,"texture":"#0","tintindex":0},"south":{"uv":[4.0,8.0,2.0,7.875],"rotation":0,"texture":"#0","tintindex":0},"north":{"uv":[11.375,3.375,13.375,3.5625],"rotation":0,"texture":"#0","tintindex":0},"west":{"uv":[3.625,7.5,3.875,7.6875],"rotation":0,"texture":"#0","tintindex":0},"up":{"uv":[3.875,8.0,2.125,7.875],"rotation":0,"texture":"#0","tintindex":0},"down":{"uv":[12.375,6.25,10.375,6.375],"rotation":0,"texture":"#0","tintindex":0}}}],"display":{"head":{"translation":[0.0,-6.4,0.0],"scale":[4.0,4.0,4.0]}}}