{
	"credit": "Made with Blockbench",
	"texture_size": [64, 64],
	"textures": {
		"11": "item/toucanupdate/toucan_shovel"
	},
	"elements": [
		{
			"from": [6.5, 18, 6.5],
			"to": [9.5, 21, 9.5],
			"rotation": {"angle": 0, "axis": "y", "origin": [7, -4, 0]},
			"faces": {
				"north": {"uv": [1.5, 5.5, 2.25, 6.25], "texture": "#11"},
				"east": {"uv": [2.25, 5.5, 3, 6.25], "texture": "#11"},
				"south": {"uv": [3, 5.5, 3.75, 6.25], "texture": "#11"},
				"west": {"uv": [3.75, 5.5, 4.5, 6.25], "texture": "#11"},
				"up": {"uv": [5.25, 6.25, 4.5, 5.5], "texture": "#11"},
				"down": {"uv": [6, 5.5, 5.25, 6.25], "texture": "#11"}
			}
		},
		{
			"from": [7, 15, 7],
			"to": [9, 18, 9],
			"rotation": {"angle": 0, "axis": "y", "origin": [7, -7, 0]},
			"faces": {
				"north": {"uv": [2, 6.25, 2.5, 7], "texture": "#11"},
				"east": {"uv": [2.5, 6.25, 3, 7], "texture": "#11"},
				"south": {"uv": [3, 6.25, 3.5, 7], "texture": "#11"},
				"west": {"uv": [3.5, 6.25, 4, 7], "texture": "#11"},
				"up": {"uv": [7, 3.5, 6.5, 3], "texture": "#11"},
				"down": {"uv": [7, 3.5, 6.5, 4], "texture": "#11"}
			}
		},
		{
			"from": [7, 4, 7],
			"to": [9, 7, 9],
			"rotation": {"angle": 0, "axis": "y", "origin": [7, -23, 0]},
			"faces": {
				"north": {"uv": [4, 6.25, 4.5, 7], "texture": "#11"},
				"east": {"uv": [4.5, 6.25, 5, 7], "texture": "#11"},
				"south": {"uv": [5, 6.25, 5.5, 7], "texture": "#11"},
				"west": {"uv": [5.5, 6.25, 6, 7], "texture": "#11"},
				"up": {"uv": [7, 4.5, 6.5, 4], "texture": "#11"},
				"down": {"uv": [7, 4.5, 6.5, 5], "texture": "#11"}
			}
		},
		{
			"from": [7.25, -6, 7.25],
			"to": [8.75, 15, 8.75],
			"rotation": {"angle": 0, "axis": "y", "origin": [7, -7, 0]},
			"faces": {
				"north": {"uv": [0, 5.5, 0.375, 10.75], "texture": "#11"},
				"east": {"uv": [5.5, 0, 5.875, 5.25], "texture": "#11"},
				"south": {"uv": [0.5, 5.5, 0.875, 10.75], "texture": "#11"},
				"west": {"uv": [1, 5.5, 1.375, 10.75], "texture": "#11"},
				"up": {"uv": [3.625, 7.375, 3.25, 7], "texture": "#11"},
				"down": {"uv": [4.125, 7, 3.75, 7.375], "texture": "#11"}
			}
		},
		{
			"from": [7.435, -12.5698, 8.7198],
			"to": [8.575, -11.8098, 9.4798],
			"rotation": {"angle": 45, "axis": "x", "origin": [8.005, -11.115, 8.025]},
			"faces": {
				"north": {"uv": [4.75, 7.5, 5.0625, 7.6875], "texture": "#11"},
				"east": {"uv": [5.75, 7, 5.9375, 7.1875], "texture": "#11"},
				"south": {"uv": [7.5, 4.75, 7.8125, 4.9375], "texture": "#11"},
				"west": {"uv": [5.75, 7.25, 5.9375, 7.4375], "texture": "#11"},
				"up": {"uv": [7.8125, 5.1875, 7.5, 5], "texture": "#11"},
				"down": {"uv": [5.5625, 7.5, 5.25, 7.6875], "texture": "#11"}
			}
		},
		{
			"from": [7.435, -10.925, 7.455],
			"to": [8.575, -5.985, 8.595],
			"rotation": {"angle": 0, "axis": "y", "origin": [8.005, -9.215, 8.025]},
			"faces": {
				"north": {"uv": [6, 2.5, 6.3125, 3.75], "texture": "#11"},
				"east": {"uv": [6, 3.75, 6.3125, 5], "texture": "#11"},
				"south": {"uv": [6, 5, 6.3125, 6.25], "texture": "#11"},
				"west": {"uv": [1.5, 6.25, 1.8125, 7.5], "texture": "#11"},
				"up": {"uv": [7.5625, 2.8125, 7.25, 2.5], "texture": "#11"},
				"down": {"uv": [7.5625, 3, 7.25, 3.3125], "texture": "#11"}
			}
		},
		{
			"from": [7.815, -10.583, 7.189],
			"to": [8.195, -9.633, 7.569],
			"rotation": {"angle": -45, "axis": "x", "origin": [8.005, -10.393, 8.709]},
			"faces": {
				"north": {"uv": [3.75, 7.75, 3.875, 8], "texture": "#11"},
				"east": {"uv": [7.75, 3.75, 7.875, 4], "texture": "#11"},
				"south": {"uv": [4, 7.75, 4.125, 8], "texture": "#11"},
				"west": {"uv": [7.75, 4, 7.875, 4.25], "texture": "#11"},
				"up": {"uv": [7.375, 7.875, 7.25, 7.75], "texture": "#11"},
				"down": {"uv": [7.875, 7.25, 7.75, 7.375], "texture": "#11"}
			}
		},
		{
			"from": [7.815, -11.10387, 8.15507],
			"to": [8.195, -10.15387, 8.53507],
			"rotation": {"angle": -45, "axis": "x", "origin": [8.005, -10.317, 8.063]},
			"faces": {
				"north": {"uv": [3.25, 7.75, 3.375, 8], "texture": "#11"},
				"east": {"uv": [7.75, 3.25, 7.875, 3.5], "texture": "#11"},
				"south": {"uv": [3.5, 7.75, 3.625, 8], "texture": "#11"},
				"west": {"uv": [7.75, 3.5, 7.875, 3.75], "texture": "#11"},
				"up": {"uv": [7.125, 7.875, 7, 7.75], "texture": "#11"},
				"down": {"uv": [7.875, 7, 7.75, 7.125], "texture": "#11"}
			}
		},
		{
			"from": [7.815, -8.67187, 8.15507],
			"to": [8.195, -7.72187, 8.53507],
			"rotation": {"angle": -45, "axis": "x", "origin": [8.005, -7.885, 8.063]},
			"faces": {
				"north": {"uv": [7.75, 2.5, 7.875, 2.75], "texture": "#11"},
				"east": {"uv": [2.75, 7.75, 2.875, 8], "texture": "#11"},
				"south": {"uv": [7.75, 2.75, 7.875, 3], "texture": "#11"},
				"west": {"uv": [7.75, 3, 7.875, 3.25], "texture": "#11"},
				"up": {"uv": [6.875, 7.875, 6.75, 7.75], "texture": "#11"},
				"down": {"uv": [7.875, 6.75, 7.75, 6.875], "texture": "#11"}
			}
		},
		{
			"from": [7.815, -8.075, 7.189],
			"to": [8.195, -7.125, 7.569],
			"rotation": {"angle": -45, "axis": "x", "origin": [8.005, -7.885, 8.709]},
			"faces": {
				"north": {"uv": [7.75, 2, 7.875, 2.25], "texture": "#11"},
				"east": {"uv": [2.25, 7.75, 2.375, 8], "texture": "#11"},
				"south": {"uv": [7.75, 2.25, 7.875, 2.5], "texture": "#11"},
				"west": {"uv": [2.5, 7.75, 2.625, 8], "texture": "#11"},
				"up": {"uv": [6.625, 7.875, 6.5, 7.75], "texture": "#11"},
				"down": {"uv": [7.875, 6.5, 7.75, 6.625], "texture": "#11"}
			}
		},
		{
			"from": [7.815, -5.795, 7.189],
			"to": [8.195, -4.845, 7.569],
			"rotation": {"angle": -45, "axis": "x", "origin": [8.005, -5.605, 8.709]},
			"faces": {
				"north": {"uv": [7.75, 1.5, 7.875, 1.75], "texture": "#11"},
				"east": {"uv": [1.75, 7.75, 1.875, 8], "texture": "#11"},
				"south": {"uv": [7.75, 1.75, 7.875, 2], "texture": "#11"},
				"west": {"uv": [2, 7.75, 2.125, 8], "texture": "#11"},
				"up": {"uv": [6.375, 7.875, 6.25, 7.75], "texture": "#11"},
				"down": {"uv": [7.875, 6.25, 7.75, 6.375], "texture": "#11"}
			}
		},
		{
			"from": [7.815, -10.583, 8.481],
			"to": [8.195, -9.633, 8.861],
			"rotation": {"angle": 45, "axis": "x", "origin": [8.005, -10.393, 7.341]},
			"faces": {
				"north": {"uv": [7.75, 0.75, 7.875, 1], "texture": "#11"},
				"east": {"uv": [7.75, 1, 7.875, 1.25], "texture": "#11"},
				"south": {"uv": [7.75, 1.25, 7.875, 1.5], "texture": "#11"},
				"west": {"uv": [1.5, 7.75, 1.625, 8], "texture": "#11"},
				"up": {"uv": [6.125, 7.875, 6, 7.75], "texture": "#11"},
				"down": {"uv": [7.875, 6, 7.75, 6.125], "texture": "#11"}
			}
		},
		{
			"from": [7.815, -10.17119, 7.22239],
			"to": [8.195, -9.79119, 8.17239],
			"rotation": {"angle": -45, "axis": "x", "origin": [8.005, -10.317, 8.063]},
			"faces": {
				"north": {"uv": [5.75, 7.75, 5.875, 7.875], "texture": "#11"},
				"east": {"uv": [7.5, 7.5, 7.75, 7.625], "texture": "#11"},
				"south": {"uv": [7.75, 5.75, 7.875, 5.875], "texture": "#11"},
				"west": {"uv": [7.75, 0, 8, 0.125], "texture": "#11"},
				"up": {"uv": [7.875, 0.5, 7.75, 0.25], "texture": "#11"},
				"down": {"uv": [7.875, 0.5, 7.75, 0.75], "texture": "#11"}
			}
		},
		{
			"from": [7.815, -7.73919, 7.22239],
			"to": [8.195, -7.35919, 8.17239],
			"rotation": {"angle": -45, "axis": "x", "origin": [8.005, -7.885, 8.063]},
			"faces": {
				"north": {"uv": [5.25, 7.75, 5.375, 7.875], "texture": "#11"},
				"east": {"uv": [7, 7.5, 7.25, 7.625], "texture": "#11"},
				"south": {"uv": [5.5, 7.75, 5.625, 7.875], "texture": "#11"},
				"west": {"uv": [7.5, 7, 7.75, 7.125], "texture": "#11"},
				"up": {"uv": [7.375, 7.75, 7.25, 7.5], "texture": "#11"},
				"down": {"uv": [7.625, 7.25, 7.5, 7.5], "texture": "#11"}
			}
		},
		{
			"from": [7.815, -8.075, 8.481],
			"to": [8.195, -7.125, 8.861],
			"rotation": {"angle": 45, "axis": "x", "origin": [8.005, -7.885, 7.341]},
			"faces": {
				"north": {"uv": [6.5, 7.5, 6.625, 7.75], "texture": "#11"},
				"east": {"uv": [7.5, 6.5, 7.625, 6.75], "texture": "#11"},
				"south": {"uv": [6.75, 7.5, 6.875, 7.75], "texture": "#11"},
				"west": {"uv": [7.5, 6.75, 7.625, 7], "texture": "#11"},
				"up": {"uv": [4.875, 7.875, 4.75, 7.75], "texture": "#11"},
				"down": {"uv": [5.125, 7.75, 5, 7.875], "texture": "#11"}
			}
		},
		{
			"from": [7.815, -5.795, 8.481],
			"to": [8.195, -4.845, 8.861],
			"rotation": {"angle": 45, "axis": "x", "origin": [8.005, -5.605, 7.341]},
			"faces": {
				"north": {"uv": [5.75, 7.5, 5.875, 7.75], "texture": "#11"},
				"east": {"uv": [7.5, 5.75, 7.625, 6], "texture": "#11"},
				"south": {"uv": [7.5, 6, 7.625, 6.25], "texture": "#11"},
				"west": {"uv": [7.5, 6.25, 7.625, 6.5], "texture": "#11"},
				"up": {"uv": [4.375, 7.875, 4.25, 7.75], "texture": "#11"},
				"down": {"uv": [4.625, 7.75, 4.5, 7.875], "texture": "#11"}
			}
		},
		{
			"from": [7.975, 18.6, 10.55],
			"to": [7.975, 30.6, 14.55],
			"rotation": {"angle": 0, "axis": "y", "origin": [15.975, 4.6, 16.05]},
			"faces": {
				"north": {"uv": [0, 0, 0, 3], "texture": "#11"},
				"east": {"uv": [2, 2.5, 3, 5.5], "texture": "#11"},
				"south": {"uv": [0, 0, 0, 3], "texture": "#11"},
				"west": {"uv": [3, 2.5, 4, 5.5], "texture": "#11"},
				"up": {"uv": [0, 1, 0, 0], "texture": "#11"},
				"down": {"uv": [0, 0, 0, 1], "texture": "#11"}
			}
		},
		{
			"from": [7.975, 18.6, 1.55],
			"to": [7.975, 30.6, 5.55],
			"rotation": {"angle": 0, "axis": "y", "origin": [15.975, 4.6, 0.05]},
			"faces": {
				"north": {"uv": [0, 0, 0, 3], "texture": "#11"},
				"east": {"uv": [0, 2.5, 1, 5.5], "texture": "#11"},
				"south": {"uv": [0, 0, 0, 3], "texture": "#11"},
				"west": {"uv": [1, 2.5, 2, 5.5], "texture": "#11"},
				"up": {"uv": [0, 1, 0, 0], "texture": "#11"},
				"down": {"uv": [0, 0, 0, 1], "texture": "#11"}
			}
		},
		{
			"from": [7.575, 26.2, 5.15],
			"to": [8.375, 32, 10.95],
			"rotation": {"angle": -45, "axis": "x", "origin": [7.975, 29.1, 8.05]},
			"faces": {
				"north": {"uv": [6, 6.25, 6.1875, 7.6875], "texture": "#11"},
				"east": {"uv": [4, 2.5, 5.4375, 3.9375], "texture": "#11"},
				"south": {"uv": [6.25, 6.25, 6.4375, 7.6875], "texture": "#11"},
				"west": {"uv": [4, 4, 5.4375, 5.4375], "texture": "#11"},
				"up": {"uv": [6.6875, 1.4375, 6.5, 0], "texture": "#11"},
				"down": {"uv": [6.6875, 1.5, 6.5, 2.9375], "texture": "#11"}
			}
		},
		{
			"from": [7.475, 19.1, 3.55],
			"to": [8.475, 29.1, 12.55],
			"rotation": {"angle": 0, "axis": "y", "origin": [15.975, 0.6, 0.05]},
			"faces": {
				"north": {"uv": [4.5, 0, 4.75, 2.5], "texture": "#11"},
				"east": {"uv": [0, 0, 2.25, 2.5], "texture": "#11"},
				"south": {"uv": [4.75, 0, 5, 2.5], "texture": "#11"},
				"west": {"uv": [2.25, 0, 4.5, 2.5], "texture": "#11"},
				"up": {"uv": [5.25, 2.25, 5, 0], "texture": "#11"},
				"down": {"uv": [5.5, 0, 5.25, 2.25], "texture": "#11"}
			}
		},
		{
			"from": [7.245, -10.925, 7.835],
			"to": [8.765, -6.175, 8.215],
			"rotation": {"angle": 0, "axis": "y", "origin": [8.005, -6.555, 8.025]},
			"faces": {
				"north": {"uv": [6, 0, 6.375, 1.1875], "texture": "#11"},
				"east": {"uv": [3, 7, 3.125, 8.1875], "texture": "#11"},
				"south": {"uv": [6, 1.25, 6.375, 2.4375], "texture": "#11"},
				"west": {"uv": [7, 3, 7.125, 4.1875], "texture": "#11"},
				"up": {"uv": [7.875, 5.375, 7.5, 5.25], "texture": "#11"},
				"down": {"uv": [7.875, 5.5, 7.5, 5.625], "texture": "#11"}
			}
		},
		{
			"from": [7.055, -8.455, 7.075],
			"to": [8.955, -8.075, 8.975],
			"rotation": {"angle": 0, "axis": "y", "origin": [8.005, -6.935, 8.025]},
			"faces": {
				"north": {"uv": [3.75, 7.5, 4.25, 7.625], "texture": "#11"},
				"east": {"uv": [4.25, 7.5, 4.75, 7.625], "texture": "#11"},
				"south": {"uv": [7.5, 4.25, 8, 4.375], "texture": "#11"},
				"west": {"uv": [7.5, 4.5, 8, 4.625], "texture": "#11"},
				"up": {"uv": [7.25, 0.5, 6.75, 0], "texture": "#11"},
				"down": {"uv": [7.25, 0.5, 6.75, 1], "texture": "#11"}
			}
		},
		{
			"from": [7.055, -6.175, 7.075],
			"to": [8.955, -5.795, 8.975],
			"rotation": {"angle": 0, "axis": "y", "origin": [8.005, -4.655, 8.025]},
			"faces": {
				"north": {"uv": [1.5, 7.5, 2, 7.625], "texture": "#11"},
				"east": {"uv": [2, 7.5, 2.5, 7.625], "texture": "#11"},
				"south": {"uv": [2.5, 7.5, 3, 7.625], "texture": "#11"},
				"west": {"uv": [3.25, 7.5, 3.75, 7.625], "texture": "#11"},
				"up": {"uv": [7, 6.5, 6.5, 6], "texture": "#11"},
				"down": {"uv": [7, 6.5, 6.5, 7], "texture": "#11"}
			}
		},
		{
			"from": [7.055, -10.925, 7.075],
			"to": [8.955, -10.545, 8.975],
			"rotation": {"angle": 0, "axis": "y", "origin": [8.005, -9.405, 8.025]},
			"faces": {
				"north": {"uv": [7.25, 3.5, 7.75, 3.625], "texture": "#11"},
				"east": {"uv": [7.25, 3.75, 7.75, 3.875], "texture": "#11"},
				"south": {"uv": [7.25, 4, 7.75, 4.125], "texture": "#11"},
				"west": {"uv": [7, 7.25, 7.5, 7.375], "texture": "#11"},
				"up": {"uv": [7, 5.5, 6.5, 5], "texture": "#11"},
				"down": {"uv": [7, 5.5, 6.5, 6], "texture": "#11"}
			}
		},
		{
			"from": [7.245, -12.635, 7.265],
			"to": [8.765, -10.735, 8.785],
			"rotation": {"angle": 0, "axis": "y", "origin": [8.005, -11.115, 8.025]},
			"faces": {
				"north": {"uv": [6.75, 2, 7.125, 2.5], "texture": "#11"},
				"east": {"uv": [6.75, 2.5, 7.125, 3], "texture": "#11"},
				"south": {"uv": [2, 7, 2.375, 7.5], "texture": "#11"},
				"west": {"uv": [2.5, 7, 2.875, 7.5], "texture": "#11"},
				"up": {"uv": [4.625, 7.375, 4.25, 7], "texture": "#11"},
				"down": {"uv": [7.375, 4.25, 7, 4.625], "texture": "#11"}
			}
		},
		{
			"from": [7.321, -12.44658, 7.27295],
			"to": [8.689, -11.11658, 8.79295],
			"rotation": {"angle": -22.5, "axis": "x", "origin": [8.005, -11.115, 8.025]},
			"faces": {
				"north": {"uv": [7.25, 1.5, 7.5625, 1.8125], "texture": "#11"},
				"east": {"uv": [7, 5.75, 7.375, 6.0625], "texture": "#11"},
				"south": {"uv": [7.25, 2, 7.5625, 2.3125], "texture": "#11"},
				"west": {"uv": [7, 6.25, 7.375, 6.5625], "texture": "#11"},
				"up": {"uv": [6.8125, 7.375, 6.5, 7], "texture": "#11"},
				"down": {"uv": [7.3125, 6.75, 7, 7.125], "texture": "#11"}
			}
		},
		{
			"from": [7.321, -12.44658, 7.25705],
			"to": [8.689, -11.11658, 8.77705],
			"rotation": {"angle": 22.5, "axis": "x", "origin": [8.005, -11.115, 8.025]},
			"faces": {
				"north": {"uv": [7.25, 0.5, 7.5625, 0.8125], "texture": "#11"},
				"east": {"uv": [4.75, 7, 5.125, 7.3125], "texture": "#11"},
				"south": {"uv": [7.25, 1, 7.5625, 1.3125], "texture": "#11"},
				"west": {"uv": [7, 4.75, 7.375, 5.0625], "texture": "#11"},
				"up": {"uv": [5.5625, 7.375, 5.25, 7], "texture": "#11"},
				"down": {"uv": [7.3125, 5.25, 7, 5.625], "texture": "#11"}
			}
		},
		{
			"from": [7.075, -5.125, 7.025],
			"to": [8.925, -4.125, 8.975],
			"rotation": {"angle": 0, "axis": "y", "origin": [8.125, -3.125, 8]},
			"faces": {
				"north": {"uv": [7.25, 0, 7.6875, 0.25], "texture": "#11"},
				"east": {"uv": [5, 2.25, 5.5, 2.5], "texture": "#11"},
				"south": {"uv": [7.25, 0.25, 7.6875, 0.5], "texture": "#11"},
				"west": {"uv": [5.5, 5.25, 6, 5.5], "texture": "#11"},
				"up": {"uv": [7.1875, 1.5, 6.75, 1], "texture": "#11"},
				"down": {"uv": [7.1875, 1.5, 6.75, 2], "texture": "#11"}
			}
		}
	],
	"gui_light": "front",
	"display": {
		"thirdperson_righthand": {
			"rotation": [0, -78, 0],
			"translation": [0, -2, 1.5],
			"scale": [0.69, 0.69, 0.69]
		},
		"thirdperson_lefthand": {
			"translation": [0, -0.75, 1.5],
			"scale": [0.75, 0.75, 0.75]
		},
		"firstperson_righthand": {
			"rotation": [0, 8, 0],
			"translation": [2.5, 0, 0],
			"scale": [0.5, 0.5, 0.4]
		},
		"firstperson_lefthand": {
			"rotation": [0, 8, 0],
			"translation": [2.5, 0, 0],
			"scale": [0.5, 0.5, 0.4]
		},
		"ground": {
			"rotation": [58, -104, 0],
			"translation": [0, 3, -2.5],
			"scale": [0.48, 0.48, 0.48]
		},
		"gui": {
			"rotation": [90, 137, -90],
			"translation": [0.5, -0.5, 0],
			"scale": [0.42, 0.42, 0.42]
		},
		"head": {
			"translation": [0, 18.75, 0]
		},
		"fixed": {
			"rotation": [0, 90, 0],
			"translation": [0, -6.5, -0.5],
			"scale": [0.8, 0.8, 0.8]
		}
	},
	"groups": [
		{
			"name": "group",
			"origin": [0.5, 17, 9.75],
			"color": 0,
			"nbt": "{}",
			"armAnimationEnabled": false,
			"children": [0, 1, 2, 3, 4, 5, 6, 7, 8, 9, 10, 11, 12, 13, 14, 15, 16, 17, 18, 19, 20, 21, 22, 23, 24, 25, 26, 27]
		}
	]
}