{
	"credit": "Made with Blockbench",
	"texture_size": [32, 32],
	"textures": {
		"12": "item/toucanupdate/toucan_trident"
	},
	"elements": [
		{
			"from": [6.41433, -6.74563, 4.225],
			"to": [7.67433, 13.41437, 5.485],
			"rotation": {"angle": 0, "axis": "y", "origin": [2.00433, 2.70437, -0.185]},
			"faces": {
				"north": {"uv": [0, 0, 0.625, 10.125], "texture": "#12"},
				"east": {"uv": [1, 0, 1.625, 10.125], "texture": "#12"},
				"south": {"uv": [2, 0, 2.625, 10.125], "texture": "#12"},
				"west": {"uv": [3, 0, 3.625, 10.125], "texture": "#12"},
				"up": {"uv": [12.125, 4.625, 11.5, 4], "texture": "#12"},
				"down": {"uv": [5.125, 11.5, 4.5, 12.125], "texture": "#12"}
			}
		},
		{
			"from": [6.09933, -6.08563, 3.91],
			"to": [7.98933, -5.45563, 5.8],
			"rotation": {"angle": 0, "axis": "y", "origin": [2.00433, 2.70437, -0.185]},
			"faces": {
				"north": {"uv": [9.5, 12, 10.5, 12.375], "texture": "#12"},
				"east": {"uv": [12, 10, 13, 10.375], "texture": "#12"},
				"south": {"uv": [10.5, 12, 11.5, 12.375], "texture": "#12"},
				"west": {"uv": [12, 10.5, 13, 10.875], "texture": "#12"},
				"up": {"uv": [10.5, 7, 9.5, 6], "texture": "#12"},
				"down": {"uv": [10.5, 7, 9.5, 8], "texture": "#12"}
			}
		},
		{
			"from": [6.72933, 12.78437, 4.54],
			"to": [7.35933, 22.86437, 5.17],
			"rotation": {"angle": 0, "axis": "y", "origin": [2.00433, 2.70437, -0.185]},
			"faces": {
				"north": {"uv": [4, 0, 4.375, 5], "texture": "#12"},
				"east": {"uv": [4.5, 0, 4.875, 5], "texture": "#12"},
				"south": {"uv": [5, 0, 5.375, 5], "texture": "#12"},
				"west": {"uv": [4, 5, 4.375, 10], "texture": "#12"},
				"up": {"uv": [13.375, 11.375, 13, 11], "texture": "#12"},
				"down": {"uv": [11.875, 13, 11.5, 13.375], "texture": "#12"}
			}
		},
		{
			"from": [-2.61926, 13.54101, 4.35],
			"to": [-1.28926, 16.69101, 5.31],
			"rotation": {"angle": -45, "axis": "z", "origin": [1.86074, 2.20101, -0.5]},
			"faces": {
				"north": {"uv": [6.5, 8, 7.125, 9.625], "texture": "#12"},
				"east": {"uv": [4, 10, 4.5, 11.625], "texture": "#12"},
				"south": {"uv": [8.5, 0, 9.125, 1.625], "texture": "#12"},
				"west": {"uv": [10.5, 0, 11, 1.625], "texture": "#12"},
				"up": {"uv": [12.625, 11.5, 12, 11], "texture": "#12"},
				"down": {"uv": [12.125, 12, 11.5, 12.5], "texture": "#12"}
			}
		},
		{
			"from": [5.82298, 21.22866, 4.205],
			"to": [6.42298, 23.32866, 5.445],
			"rotation": {"angle": 22.5, "axis": "z", "origin": [4.125, 17.545, 4.45]},
			"faces": {
				"north": {"uv": [12.5, 7.5, 12.75, 8.5], "texture": "#12"},
				"east": {"uv": [10.5, 8, 11.125, 9], "texture": "#12"},
				"south": {"uv": [12.5, 8.5, 12.75, 9.5], "texture": "#12"},
				"west": {"uv": [10.5, 9, 11.125, 10], "texture": "#12"},
				"up": {"uv": [10.75, 13.625, 10.5, 13], "texture": "#12"},
				"down": {"uv": [11.25, 13, 11, 13.625], "texture": "#12"}
			}
		},
		{
			"from": [-0.91804, 20.79055, 4.33],
			"to": [-0.31804, 21.89055, 5.37],
			"rotation": {"angle": -45, "axis": "z", "origin": [4.125, 17.545, 4.45]},
			"faces": {
				"north": {"uv": [13.5, 12.5, 13.75, 13], "texture": "#12"},
				"east": {"uv": [9.5, 12.5, 10, 13], "texture": "#12"},
				"south": {"uv": [13, 13.5, 13.25, 14], "texture": "#12"},
				"west": {"uv": [12.5, 9.5, 13, 10], "texture": "#12"},
				"up": {"uv": [13.75, 13.5, 13.5, 13], "texture": "#12"},
				"down": {"uv": [13.75, 13.5, 13.5, 14], "texture": "#12"}
			}
		},
		{
			"from": [3.1318, 17.47501, 4.475],
			"to": [4.1318, 23.42501, 5.225],
			"rotation": {"angle": 0, "axis": "y", "origin": [4.125, 17.545, 4.45]},
			"faces": {
				"north": {"uv": [7.5, 0, 8, 3], "texture": "#12"},
				"east": {"uv": [7.5, 6, 7.875, 9], "texture": "#12"},
				"south": {"uv": [7.5, 3, 8, 6], "texture": "#12"},
				"west": {"uv": [8, 0, 8.375, 3], "texture": "#12"},
				"up": {"uv": [8, 13.375, 7.5, 13], "texture": "#12"},
				"down": {"uv": [13.5, 7.5, 13, 7.875], "texture": "#12"}
			}
		},
		{
			"from": [4.225, 15.025, 4.45],
			"to": [5.425, 18.225, 5.25],
			"rotation": {"angle": 22.5, "axis": "z", "origin": [5.325, 15.045, 4.45]},
			"faces": {
				"north": {"uv": [7.5, 9, 8.125, 10.625], "texture": "#12"},
				"east": {"uv": [7.5, 11, 7.875, 12.625], "texture": "#12"},
				"south": {"uv": [9.5, 0, 10.125, 1.625], "texture": "#12"},
				"west": {"uv": [8, 11, 8.375, 12.625], "texture": "#12"},
				"up": {"uv": [4.625, 13.375, 4, 13], "texture": "#12"},
				"down": {"uv": [13.625, 4, 13, 4.375], "texture": "#12"}
			}
		},
		{
			"from": [7.70202, 21.22866, 4.205],
			"to": [8.30202, 23.32866, 5.445],
			"rotation": {"angle": -22.5, "axis": "z", "origin": [10, 17.545, 4.45]},
			"faces": {
				"north": {"uv": [6, 12.5, 6.25, 13.5], "texture": "#12"},
				"east": {"uv": [10.5, 6, 11.125, 7], "texture": "#12"},
				"south": {"uv": [12.5, 6.5, 12.75, 7.5], "texture": "#12"},
				"west": {"uv": [10.5, 7, 11.125, 8], "texture": "#12"},
				"up": {"uv": [10.25, 13.625, 10, 13], "texture": "#12"},
				"down": {"uv": [13.25, 10, 13, 10.625], "texture": "#12"}
			}
		},
		{
			"from": [6.30546, 20.61454, 4.18],
			"to": [6.90546, 22.71454, 5.42],
			"rotation": {"angle": -22.5, "axis": "z", "origin": [7.05, 21.97, 4.425]},
			"faces": {
				"north": {"uv": [5.5, 12.5, 5.75, 13.5], "texture": "#12"},
				"east": {"uv": [10.5, 5, 11.125, 6], "texture": "#12"},
				"south": {"uv": [12.5, 5.5, 12.75, 6.5], "texture": "#12"},
				"west": {"uv": [5.5, 10.5, 6.125, 11.5], "texture": "#12"},
				"up": {"uv": [13.25, 9.625, 13, 9], "texture": "#12"},
				"down": {"uv": [9.75, 13, 9.5, 13.625], "texture": "#12"}
			}
		},
		{
			"from": [14.44304, 20.79055, 4.33],
			"to": [15.04304, 21.89055, 5.37],
			"rotation": {"angle": 45, "axis": "z", "origin": [10, 17.545, 4.45]},
			"faces": {
				"north": {"uv": [13.5, 11.5, 13.75, 12], "texture": "#12"},
				"east": {"uv": [4, 12, 4.5, 12.5], "texture": "#12"},
				"south": {"uv": [12, 13.5, 12.25, 14], "texture": "#12"},
				"west": {"uv": [12.5, 5, 13, 5.5], "texture": "#12"},
				"up": {"uv": [13.75, 12.5, 13.5, 12], "texture": "#12"},
				"down": {"uv": [12.75, 13.5, 12.5, 14], "texture": "#12"}
			}
		},
		{
			"from": [6.32795, -13.02158, 4.166],
			"to": [7.84795, -11.69158, 5.534],
			"rotation": {"angle": 22.5, "axis": "z", "origin": [7.08, -11.69, 4.85]},
			"faces": {
				"north": {"uv": [11, 11, 11.75, 11.625], "texture": "#12"},
				"east": {"uv": [11.5, 5, 12.125, 5.625], "texture": "#12"},
				"south": {"uv": [0, 11.5, 0.75, 12.125], "texture": "#12"},
				"west": {"uv": [5.5, 11.5, 6.125, 12.125], "texture": "#12"},
				"up": {"uv": [12.25, 0.625, 11.5, 0], "texture": "#12"},
				"down": {"uv": [12.25, 1, 11.5, 1.625], "texture": "#12"}
			}
		},
		{
			"from": [6.31205, -13.02158, 4.166],
			"to": [7.83205, -11.69158, 5.534],
			"rotation": {"angle": -22.5, "axis": "z", "origin": [7.08, -11.69, 4.85]},
			"faces": {
				"north": {"uv": [2, 11.5, 2.75, 12.125], "texture": "#12"},
				"east": {"uv": [11.5, 6, 12.125, 6.625], "texture": "#12"},
				"south": {"uv": [11.5, 2, 12.25, 2.625], "texture": "#12"},
				"west": {"uv": [11.5, 7, 12.125, 7.625], "texture": "#12"},
				"up": {"uv": [3.75, 12.125, 3, 11.5], "texture": "#12"},
				"down": {"uv": [12.25, 3, 11.5, 3.625], "texture": "#12"}
			}
		},
		{
			"from": [6.32, -13.21, 4.09],
			"to": [7.84, -11.31, 5.61],
			"rotation": {"angle": 0, "axis": "y", "origin": [7.08, -11.69, 4.85]},
			"faces": {
				"north": {"uv": [2, 10.5, 2.75, 11.5], "texture": "#12"},
				"east": {"uv": [10.5, 2, 11.25, 3], "texture": "#12"},
				"south": {"uv": [3, 10.5, 3.75, 11.5], "texture": "#12"},
				"west": {"uv": [10.5, 3, 11.25, 4], "texture": "#12"},
				"up": {"uv": [10.25, 11.75, 9.5, 11], "texture": "#12"},
				"down": {"uv": [11.75, 10, 11, 10.75], "texture": "#12"}
			}
		},
		{
			"from": [6.13, -11.5, 3.9],
			"to": [8.03, -11.12, 5.8],
			"rotation": {"angle": 0, "axis": "y", "origin": [7.08, -9.98, 4.85]},
			"faces": {
				"north": {"uv": [12.5, 0, 13.5, 0.25], "texture": "#12"},
				"east": {"uv": [12.5, 0.5, 13.5, 0.75], "texture": "#12"},
				"south": {"uv": [1, 12.5, 2, 12.75], "texture": "#12"},
				"west": {"uv": [12.5, 1, 13.5, 1.25], "texture": "#12"},
				"up": {"uv": [10.5, 9, 9.5, 8], "texture": "#12"},
				"down": {"uv": [10.5, 9, 9.5, 10], "texture": "#12"}
			}
		},
		{
			"from": [6.13, -6.75, 3.9],
			"to": [8.03, -6.37, 5.8],
			"rotation": {"angle": 0, "axis": "y", "origin": [7.08, -5.23, 4.85]},
			"faces": {
				"north": {"uv": [12.5, 1.5, 13.5, 1.75], "texture": "#12"},
				"east": {"uv": [2, 12.5, 3, 12.75], "texture": "#12"},
				"south": {"uv": [12.5, 2, 13.5, 2.25], "texture": "#12"},
				"west": {"uv": [12.5, 2.5, 13.5, 2.75], "texture": "#12"},
				"up": {"uv": [7.5, 11, 6.5, 10], "texture": "#12"},
				"down": {"uv": [9.5, 10, 8.5, 11], "texture": "#12"}
			}
		},
		{
			"from": [6.13, -9.03, 3.9],
			"to": [8.03, -8.65, 5.8],
			"rotation": {"angle": 0, "axis": "y", "origin": [7.08, -7.51, 4.85]},
			"faces": {
				"north": {"uv": [3, 12.5, 4, 12.75], "texture": "#12"},
				"east": {"uv": [12.5, 3, 13.5, 3.25], "texture": "#12"},
				"south": {"uv": [12.5, 3.5, 13.5, 3.75], "texture": "#12"},
				"west": {"uv": [4, 12.5, 5, 12.75], "texture": "#12"},
				"up": {"uv": [10.5, 11, 9.5, 10], "texture": "#12"},
				"down": {"uv": [1, 10.5, 0, 11.5], "texture": "#12"}
			}
		},
		{
			"from": [6.89, -11.5, 4.09],
			"to": [7.27, -6.75, 5.61],
			"rotation": {"angle": 0, "axis": "y", "origin": [7.08, -7.13, 4.85]},
			"faces": {
				"north": {"uv": [8.5, 11, 8.75, 13.375], "texture": "#12"},
				"east": {"uv": [4.5, 5, 5.25, 7.375], "texture": "#12"},
				"south": {"uv": [9, 11, 9.25, 13.375], "texture": "#12"},
				"west": {"uv": [5.5, 0, 6.25, 2.375], "texture": "#12"},
				"up": {"uv": [13.25, 5.25, 13, 4.5], "texture": "#12"},
				"down": {"uv": [13.25, 5.5, 13, 6.25], "texture": "#12"}
			}
		},
		{
			"from": [6.244, -6.37, 4.66],
			"to": [6.624, -5.42, 5.04],
			"rotation": {"angle": 45, "axis": "z", "origin": [7.764, -6.18, 4.85]},
			"faces": {
				"north": {"uv": [12.5, 13, 12.75, 13.5], "texture": "#12"},
				"east": {"uv": [13, 12.5, 13.25, 13], "texture": "#12"},
				"south": {"uv": [13, 13, 13.25, 13.5], "texture": "#12"},
				"west": {"uv": [0, 13.5, 0.25, 14], "texture": "#12"},
				"up": {"uv": [0.25, 14.25, 0, 14], "texture": "#12"},
				"down": {"uv": [14.25, 0, 14, 0.25], "texture": "#12"}
			}
		},
		{
			"from": [6.244, -8.65, 4.66],
			"to": [6.624, -7.7, 5.04],
			"rotation": {"angle": 45, "axis": "z", "origin": [7.764, -8.46, 4.85]},
			"faces": {
				"north": {"uv": [13.5, 0, 13.75, 0.5], "texture": "#12"},
				"east": {"uv": [0.5, 13.5, 0.75, 14], "texture": "#12"},
				"south": {"uv": [13.5, 0.5, 13.75, 1], "texture": "#12"},
				"west": {"uv": [1, 13.5, 1.25, 14], "texture": "#12"},
				"up": {"uv": [0.75, 14.25, 0.5, 14], "texture": "#12"},
				"down": {"uv": [14.25, 0.5, 14, 0.75], "texture": "#12"}
			}
		},
		{
			"from": [6.93261, -8.31419, 4.66],
			"to": [7.88261, -7.93419, 5.04],
			"rotation": {"angle": -45, "axis": "z", "origin": [7.042, -8.46, 4.85]},
			"faces": {
				"north": {"uv": [13.5, 1, 14, 1.25], "texture": "#12"},
				"east": {"uv": [1, 14, 1.25, 14.25], "texture": "#12"},
				"south": {"uv": [1.5, 13.5, 2, 13.75], "texture": "#12"},
				"west": {"uv": [14, 1, 14.25, 1.25], "texture": "#12"},
				"up": {"uv": [14, 1.75, 13.5, 1.5], "texture": "#12"},
				"down": {"uv": [2.5, 13.5, 2, 13.75], "texture": "#12"}
			}
		},
		{
			"from": [6.93261, -10.74619, 4.66],
			"to": [7.88261, -10.36619, 5.04],
			"rotation": {"angle": -45, "axis": "z", "origin": [7.042, -10.892, 4.85]},
			"faces": {
				"north": {"uv": [13.5, 2, 14, 2.25], "texture": "#12"},
				"east": {"uv": [1.5, 14, 1.75, 14.25], "texture": "#12"},
				"south": {"uv": [2.5, 13.5, 3, 13.75], "texture": "#12"},
				"west": {"uv": [14, 1.5, 14.25, 1.75], "texture": "#12"},
				"up": {"uv": [14, 2.75, 13.5, 2.5], "texture": "#12"},
				"down": {"uv": [3.5, 13.5, 3, 13.75], "texture": "#12"}
			}
		},
		{
			"from": [6.244, -11.158, 4.66],
			"to": [6.624, -10.208, 5.04],
			"rotation": {"angle": 45, "axis": "z", "origin": [7.764, -10.968, 4.85]},
			"faces": {
				"north": {"uv": [13.5, 3, 13.75, 3.5], "texture": "#12"},
				"east": {"uv": [3.5, 13.5, 3.75, 14], "texture": "#12"},
				"south": {"uv": [13.5, 3.5, 13.75, 4], "texture": "#12"},
				"west": {"uv": [4, 13.5, 4.25, 14], "texture": "#12"},
				"up": {"uv": [2.25, 14.25, 2, 14], "texture": "#12"},
				"down": {"uv": [14.25, 2, 14, 2.25], "texture": "#12"}
			}
		},
		{
			"from": [7.536, -6.37, 4.66],
			"to": [7.916, -5.42, 5.04],
			"rotation": {"angle": -45, "axis": "z", "origin": [6.396, -6.18, 4.85]},
			"faces": {
				"north": {"uv": [4.5, 13.5, 4.75, 14], "texture": "#12"},
				"east": {"uv": [13.5, 4.5, 13.75, 5], "texture": "#12"},
				"south": {"uv": [5, 13.5, 5.25, 14], "texture": "#12"},
				"west": {"uv": [13.5, 5, 13.75, 5.5], "texture": "#12"},
				"up": {"uv": [2.75, 14.25, 2.5, 14], "texture": "#12"},
				"down": {"uv": [14.25, 2.5, 14, 2.75], "texture": "#12"}
			}
		},
		{
			"from": [7.536, -8.65, 4.66],
			"to": [7.916, -7.7, 5.04],
			"rotation": {"angle": -45, "axis": "z", "origin": [6.396, -8.46, 4.85]},
			"faces": {
				"north": {"uv": [5.5, 13.5, 5.75, 14], "texture": "#12"},
				"east": {"uv": [13.5, 5.5, 13.75, 6], "texture": "#12"},
				"south": {"uv": [6, 13.5, 6.25, 14], "texture": "#12"},
				"west": {"uv": [13.5, 6, 13.75, 6.5], "texture": "#12"},
				"up": {"uv": [3.25, 14.25, 3, 14], "texture": "#12"},
				"down": {"uv": [14.25, 3, 14, 3.25], "texture": "#12"}
			}
		},
		{
			"from": [6.56993, -9.24687, 4.66],
			"to": [6.94993, -8.29687, 5.04],
			"rotation": {"angle": -45, "axis": "z", "origin": [7.042, -8.46, 4.85]},
			"faces": {
				"north": {"uv": [6.5, 13.5, 6.75, 14], "texture": "#12"},
				"east": {"uv": [13.5, 6.5, 13.75, 7], "texture": "#12"},
				"south": {"uv": [7, 13.5, 7.25, 14], "texture": "#12"},
				"west": {"uv": [13.5, 7, 13.75, 7.5], "texture": "#12"},
				"up": {"uv": [3.75, 14.25, 3.5, 14], "texture": "#12"},
				"down": {"uv": [14.25, 3.5, 14, 3.75], "texture": "#12"}
			}
		},
		{
			"from": [6.56993, -11.67887, 4.66],
			"to": [6.94993, -10.72887, 5.04],
			"rotation": {"angle": -45, "axis": "z", "origin": [7.042, -10.892, 4.85]},
			"faces": {
				"north": {"uv": [7.5, 13.5, 7.75, 14], "texture": "#12"},
				"east": {"uv": [13.5, 7.5, 13.75, 8], "texture": "#12"},
				"south": {"uv": [13.5, 8, 13.75, 8.5], "texture": "#12"},
				"west": {"uv": [8.5, 13.5, 8.75, 14], "texture": "#12"},
				"up": {"uv": [4.25, 14.25, 4, 14], "texture": "#12"},
				"down": {"uv": [14.25, 4, 14, 4.25], "texture": "#12"}
			}
		},
		{
			"from": [7.536, -11.158, 4.66],
			"to": [7.916, -10.208, 5.04],
			"rotation": {"angle": -45, "axis": "z", "origin": [6.396, -10.968, 4.85]},
			"faces": {
				"north": {"uv": [13.5, 8.5, 13.75, 9], "texture": "#12"},
				"east": {"uv": [9, 13.5, 9.25, 14], "texture": "#12"},
				"south": {"uv": [13.5, 9, 13.75, 9.5], "texture": "#12"},
				"west": {"uv": [13.5, 9.5, 13.75, 10], "texture": "#12"},
				"up": {"uv": [4.75, 14.25, 4.5, 14], "texture": "#12"},
				"down": {"uv": [14.25, 4.5, 14, 4.75], "texture": "#12"}
			}
		},
		{
			"from": [6.51, -11.5, 4.28],
			"to": [7.65, -6.56, 5.42],
			"rotation": {"angle": 0, "axis": "y", "origin": [7.08, -9.79, 4.85]},
			"faces": {
				"north": {"uv": [5.5, 2.5, 6.125, 5], "texture": "#12"},
				"east": {"uv": [5.5, 5, 6.125, 7.5], "texture": "#12"},
				"south": {"uv": [6.5, 0, 7.125, 2.5], "texture": "#12"},
				"west": {"uv": [6.5, 2.5, 7.125, 5], "texture": "#12"},
				"up": {"uv": [12.125, 8.625, 11.5, 8], "texture": "#12"},
				"down": {"uv": [12.125, 9, 11.5, 9.625], "texture": "#12"}
			}
		},
		{
			"from": [5.6252, -13.1448, 4.28],
			"to": [6.3852, -12.3848, 5.42],
			"rotation": {"angle": 45, "axis": "z", "origin": [7.08, -11.69, 4.85]},
			"faces": {
				"north": {"uv": [13, 11.5, 13.375, 11.875], "texture": "#12"},
				"east": {"uv": [10, 12.5, 10.625, 12.875], "texture": "#12"},
				"south": {"uv": [13, 12, 13.375, 12.375], "texture": "#12"},
				"west": {"uv": [11, 12.5, 11.625, 12.875], "texture": "#12"},
				"up": {"uv": [12.375, 13.125, 12, 12.5], "texture": "#12"},
				"down": {"uv": [12.875, 12, 12.5, 12.625], "texture": "#12"}
			}
		},
		{
			"from": [6.19454, 22.86454, 4.305],
			"to": [6.79454, 23.46454, 5.345],
			"rotation": {"angle": 45, "axis": "z", "origin": [7.05, 23.72, 4.425]},
			"faces": {
				"north": {"uv": [5, 14, 5.25, 14.25], "texture": "#12"},
				"east": {"uv": [13.5, 10, 14, 10.25], "texture": "#12"},
				"south": {"uv": [14, 5, 14.25, 5.25], "texture": "#12"},
				"west": {"uv": [13.5, 10.5, 14, 10.75], "texture": "#12"},
				"up": {"uv": [13.75, 11.5, 13.5, 11], "texture": "#12"},
				"down": {"uv": [11.75, 13.5, 11.5, 14], "texture": "#12"}
			}
		},
		{
			"from": [7.19454, 20.61454, 4.205],
			"to": [7.79454, 22.71454, 5.445],
			"rotation": {"angle": 22.5, "axis": "z", "origin": [7.05, 21.97, 4.425]},
			"faces": {
				"north": {"uv": [12.5, 4, 12.75, 5], "texture": "#12"},
				"east": {"uv": [10.5, 4, 11.125, 5], "texture": "#12"},
				"south": {"uv": [5, 12.5, 5.25, 13.5], "texture": "#12"},
				"west": {"uv": [4.5, 10.5, 5.125, 11.5], "texture": "#12"},
				"up": {"uv": [8.25, 13.625, 8, 13], "texture": "#12"},
				"down": {"uv": [13.25, 8, 13, 8.625], "texture": "#12"}
			}
		},
		{
			"from": [9.9932, 17.47501, 4.475],
			"to": [10.9932, 23.42501, 5.225],
			"rotation": {"angle": 0, "axis": "y", "origin": [10, 17.545, 4.45]},
			"faces": {
				"north": {"uv": [6.5, 5, 7, 8], "texture": "#12"},
				"east": {"uv": [5.5, 7.5, 5.875, 10.5], "texture": "#12"},
				"south": {"uv": [7, 5, 7.5, 8], "texture": "#12"},
				"west": {"uv": [6, 7.5, 6.375, 10.5], "texture": "#12"},
				"up": {"uv": [7.5, 13.375, 7, 13], "texture": "#12"},
				"down": {"uv": [13.5, 7, 13, 7.375], "texture": "#12"}
			}
		},
		{
			"from": [6.55, 16.65, 4.425],
			"to": [7.55, 22.35, 5.225],
			"rotation": {"angle": 0, "axis": "y", "origin": [12.65, 7.05, 10.425]},
			"faces": {
				"north": {"uv": [4.5, 7.5, 5, 10.375], "texture": "#12"},
				"east": {"uv": [8, 3, 8.375, 5.875], "texture": "#12"},
				"south": {"uv": [5, 7.5, 5.5, 10.375], "texture": "#12"},
				"west": {"uv": [8, 6, 8.375, 8.875], "texture": "#12"},
				"up": {"uv": [7, 13.375, 6.5, 13], "texture": "#12"},
				"down": {"uv": [13.5, 6.5, 13, 6.875], "texture": "#12"}
			}
		},
		{
			"from": [8.7, 15.025, 4.45],
			"to": [9.9, 18.225, 5.25],
			"rotation": {"angle": -22.5, "axis": "z", "origin": [8.8, 15.045, 4.45]},
			"faces": {
				"north": {"uv": [8.5, 6, 9.125, 7.625], "texture": "#12"},
				"east": {"uv": [6.5, 11, 6.875, 12.625], "texture": "#12"},
				"south": {"uv": [8.5, 8, 9.125, 9.625], "texture": "#12"},
				"west": {"uv": [7, 11, 7.375, 12.625], "texture": "#12"},
				"up": {"uv": [2.625, 13.375, 2, 13], "texture": "#12"},
				"down": {"uv": [3.625, 13, 3, 13.375], "texture": "#12"}
			}
		},
		{
			"from": [6.45, 13.45, 4.425],
			"to": [7.65, 16.65, 5.225],
			"rotation": {"angle": 0, "axis": "y", "origin": [12.65, 3.85, 10.425]},
			"faces": {
				"north": {"uv": [8.5, 2, 9.125, 3.625], "texture": "#12"},
				"east": {"uv": [10.5, 10, 10.875, 11.625], "texture": "#12"},
				"south": {"uv": [8.5, 4, 9.125, 5.625], "texture": "#12"},
				"west": {"uv": [11, 0, 11.375, 1.625], "texture": "#12"},
				"up": {"uv": [0.625, 13.375, 0, 13], "texture": "#12"},
				"down": {"uv": [1.625, 13, 1, 13.375], "texture": "#12"}
			}
		},
		{
			"from": [15.41426, 13.54101, 4.375],
			"to": [16.74426, 16.69101, 5.285],
			"rotation": {"angle": 45, "axis": "z", "origin": [12.26426, 2.20101, -0.5]},
			"faces": {
				"north": {"uv": [9.5, 2, 10.125, 3.625], "texture": "#12"},
				"east": {"uv": [1, 10.5, 1.5, 12.125], "texture": "#12"},
				"south": {"uv": [9.5, 4, 10.125, 5.625], "texture": "#12"},
				"west": {"uv": [1.5, 10.5, 2, 12.125], "texture": "#12"},
				"up": {"uv": [12.625, 12, 12, 11.5], "texture": "#12"},
				"down": {"uv": [0.625, 12.5, 0, 13], "texture": "#12"}
			}
		}
	],
	"gui_light": "front",
	"display": {
		"thirdperson_righthand": {
			"rotation": [0, 4, 0],
			"translation": [1.5, 0.75, 4],
			"scale": [0.8, 0.8, 0.8]
		},
		"thirdperson_lefthand": {
			"rotation": [0, -90, 0],
			"translation": [-2.75, 3.75, 1],
			"scale": [0.8, 0.8, 0.8]
		},
		"firstperson_righthand": {
			"rotation": [-16, -75.25, 0],
			"translation": [1, 3.25, 0],
			"scale": [0.8, 0.8, 0.8]
		},
		"firstperson_lefthand": {
			"rotation": [-16, -75.25, 0],
			"translation": [0, 0, -4],
			"scale": [0.8, 0.8, 0.8]
		},
		"ground": {
			"rotation": [-51, 0, 0],
			"translation": [0, 6.5, 0],
			"scale": [0.7, 0.7, 0.7]
		},
		"gui": {
			"rotation": [-13, 180, -45],
			"translation": [-0.75, 0.5, 0],
			"scale": [0.48, 0.48, 0.48]
		},
		"head": {
			"scale": [1, 1, -1]
		},
		"fixed": {
			"rotation": [0, 0, 45],
			"translation": [-0.75, 0.75, -1.25]
		}
	},
	"groups": [
		{
			"name": "group",
			"origin": [16.22792, -0.79899, -0.5],
			"color": 0,
			"nbt": "{}",
			"armAnimationEnabled": false,
			"children": [0, 1, 2, 3, 4, 5, 6, 7, 8, 9, 10, 11, 12, 13, 14, 15, 16, 17, 18, 19, 20, 21, 22, 23, 24, 25, 26, 27, 28, 29, 30, 31, 32, 33, 34, 35, 36]
		}
	]
}