{
   "parent":"item/handheld_rod",
   "textures":{
      "layer0":"item/fishing_rod"
   },
   "overrides":[
      {
         "predicate":{
            "custom_model_data":1
         },
         "model":"littlepandaset/fishing_rod"
      },
      {
         "predicate":{
            "cast":1,
            "custom_model_data":1
         },
         "model":"littlepandaset/fishing_rod_cast"
      },
      {
         "predicate":{
            "cast":1
         },
         "model":"item/fishing_rod_cast"
      },
      {
         "predicate":{
            "custom_model_data":10000
         },
         "model":"haloween:fishing"
      },
      {
         "predicate":{
            "cast":1,
            "custom_model_data":10000
         },
         "model":"haloween:fishing_cast"
      },
      {
         "predicate":{
            "custom_model_data":10001
         },
         "model":"littleduckset:fishing_rod"
      },
      {
         "predicate":{
            "cast":1,
            "custom_model_data":10001
         },
         "model":"littleduckset:fishing_rod_cast"
      },
      {
         "predicate":{
            "custom_model_data":10002
         },
         "model":"minecraft:item/fishing_rod"
      }
   ]
}