{
  "parent": "minecraft:item/handheld",
  "textures": {"layer0": "minecraft:item/netherite_axe"},
  "overrides": [
    {
      "predicate": {"custom_model_data": 1},
      "model": "snowset:ice_axe"
    },
    {
      "predicate": {"custom_model_data": 2},
      "model": "custom/toucanupdate/walnut_axe"
    },
    {
      "predicate": {"custom_model_data": 3},
      "model": "custom/legoupdate/orange_lego_axe"
    },
    {
      "predicate": {
        "custom_model_data": 10000
      },
      "model": "littleduckset:axe"
    },
    {
      "predicate": {"custom_model_data": 5},
      "model": "waffle_set:waffle_axe"
    },
    {
      "predicate": {"custom_model_data": 6},
      "model": "waffle_set:choco_waffle_axe"
    },

    {
      "predicate": {"custom_model_data": 8},
      "model": "littlepandaset/axe"
    },
    {
      "predicate": {"custom_model_data": 9},
      "model": "littlesharkset:axe"
    },
    {
      "predicate": {"custom_model_data": 10},
      "model": "waffle_set:waffle_axe"
    },
    {
      "predicate": {"custom_model_data": 11},
      "model": "waffle_set:choco_waffle_axe"
    },
    {
      "predicate": {"custom_model_data": 12},
      "model": "littleteddybearset:axe"
    },{
      "predicate": {"custom_model_data": 13},
      "model": "minecraft:item/netherite_axe"
    }
  ]
}