{"parent":"item/generated","textures":{"layer0":"item/potion_overlay","layer1":"item/potion"},"overrides":[{"predicate":{"custom_model_data":19001},"model":"littlepandaset/backpack_cosmeticscore"},{"predicate":{"custom_model_data":19002},"model":"littlepandaset/backpack_cosmeticscore_self"},{"predicate":{"custom_model_data":19003},"model":"littlepandaset/bamboo_backpack_cosmeticscore"},{"predicate":{"custom_model_data":19004},"model":"littlepandaset/bamboo_backpack_cosmeticscore_self"},{"predicate":{"custom_model_data":19005},"model":"littlepandaset/panda_head"},{"predicate":{"custom_model_data":19006},"model":"littlepandaset/panda_hood"}]}