{
	"credit": "MadewithBlockbench",
	"texture_size": [24, 24],
	"textures": {
		"2": "item/haloween/axe"
	},
	"elements": [
		{
			"from": [7, 4.025, 7],
			"to": [9, 5.525, 9],
			"rotation": {"angle": 0, "axis": "y", "origin": [8, 4.125, 8]},
			"faces": {
				"north": {"uv": [13.33333, 11.33333, 14.66667, 12.33333], "texture": "#2"},
				"east": {"uv": [12, 13.33333, 13.33333, 14.33333], "texture": "#2"},
				"south": {"uv": [13.33333, 12.66667, 14.66667, 13.66667], "texture": "#2"},
				"west": {"uv": [14, 0, 15.33333, 1], "texture": "#2"},
				"up": {"uv": [13.33333, 7.33333, 12, 6], "texture": "#2"},
				"down": {"uv": [7.33333, 12.66667, 6, 14], "texture": "#2"}
			}
		},
		{
			"from": [7.025, 2.875, 6.75],
			"to": [8.975, 5.125, 9],
			"rotation": {"angle": -45, "axis": "x", "origin": [8, 4.125, 8]},
			"faces": {
				"north": {"uv": [12, 0, 13.33333, 1.66667], "texture": "#2"},
				"east": {"uv": [4.66667, 10, 6.33333, 11.66667], "texture": "#2"},
				"south": {"uv": [12, 2, 13.33333, 3.66667], "texture": "#2"},
				"west": {"uv": [10, 5.33333, 11.66667, 7], "texture": "#2"},
				"up": {"uv": [13.33333, 5.66667, 12, 4], "texture": "#2"},
				"down": {"uv": [6, 12, 4.66667, 13.66667], "texture": "#2"}
			}
		},
		{
			"from": [7.25, 5.5, 7.25],
			"to": [8.75, 9, 8.75],
			"rotation": {"angle": 0, "axis": "y", "origin": [8, 2.5, 8]},
			"faces": {
				"north": {"uv": [10.66667, 0, 11.66667, 2.33333], "texture": "#2"},
				"east": {"uv": [1.33333, 10.66667, 2.33333, 13], "texture": "#2"},
				"south": {"uv": [2.66667, 10.66667, 3.66667, 13], "texture": "#2"},
				"west": {"uv": [10.66667, 2.66667, 11.66667, 5], "texture": "#2"},
				"up": {"uv": [7.66667, 15, 6.66667, 14], "texture": "#2"},
				"down": {"uv": [15, 7.33333, 14, 8.33333], "texture": "#2"}
			}
		},
		{
			"from": [7, 8.9, 7],
			"to": [9, 10.4, 9],
			"rotation": {"angle": 0, "axis": "y", "origin": [8, 10.4, 8]},
			"faces": {
				"north": {"uv": [14, 1.33333, 15.33333, 2.33333], "texture": "#2"},
				"east": {"uv": [14, 2.66667, 15.33333, 3.66667], "texture": "#2"},
				"south": {"uv": [14, 4, 15.33333, 5], "texture": "#2"},
				"west": {"uv": [4.66667, 14, 6, 15], "texture": "#2"},
				"up": {"uv": [8.66667, 14, 7.33333, 12.66667], "texture": "#2"},
				"down": {"uv": [14, 7.33333, 12.66667, 8.66667], "texture": "#2"}
			}
		},
		{
			"from": [7, 6.8, 7],
			"to": [9, 7.8, 9],
			"rotation": {"angle": 0, "axis": "y", "origin": [8, 11.4, 8]},
			"faces": {
				"north": {"uv": [5.33333, 4.66667, 6.66667, 5.33333], "texture": "#2"},
				"east": {"uv": [13.33333, 14, 14.66667, 14.66667], "texture": "#2"},
				"south": {"uv": [14.66667, 5.33333, 16, 6], "texture": "#2"},
				"west": {"uv": [14.66667, 6, 16, 6.66667], "texture": "#2"},
				"up": {"uv": [10, 14, 8.66667, 12.66667], "texture": "#2"},
				"down": {"uv": [14, 8.66667, 12.66667, 10], "texture": "#2"}
			}
		},
		{
			"from": [6.13, 17.155, 5.88],
			"to": [9.87, 18.345, 10.12],
			"rotation": {"angle": 0, "axis": "y", "origin": [8, 8, 8]},
			"faces": {
				"north": {"uv": [13.33333, 6.66667, 15.66667, 7.33333], "texture": "#2"},
				"east": {"uv": [10, 12.66667, 12.66667, 13.33333], "texture": "#2"},
				"south": {"uv": [13.33333, 10.66667, 15.66667, 11.33333], "texture": "#2"},
				"west": {"uv": [12.66667, 10, 15.33333, 10.66667], "texture": "#2"},
				"up": {"uv": [5, 2.66667, 2.66667, 0], "texture": "#2"},
				"down": {"uv": [5, 2.66667, 2.66667, 5.33333], "texture": "#2"}
			}
		},
		{
			"from": [7.43, 10.25681, 7.35319],
			"to": [8.57, 18.49681, 8.59319],
			"rotation": {"angle": 0, "axis": "y", "origin": [8, 12.37681, 7.87319]},
			"faces": {
				"north": {"uv": [9.33333, 0, 10, 5.33333], "texture": "#2"},
				"east": {"uv": [9.33333, 5.33333, 10, 10.66667], "texture": "#2"},
				"south": {"uv": [0, 10, 0.66667, 15.33333], "texture": "#2"},
				"west": {"uv": [10, 0, 10.66667, 5.33333], "texture": "#2"},
				"up": {"uv": [6.66667, 12.66667, 6, 12], "texture": "#2"},
				"down": {"uv": [15.33333, 12.66667, 14.66667, 13.33333], "texture": "#2"}
			}
		},
		{
			"from": [6.344, 18.219, 6.319],
			"to": [9.656, 21.531, 9.631],
			"rotation": {"angle": 0, "axis": "y", "origin": [8, 8, 8]},
			"faces": {
				"north": {"uv": [1.33333, 5.33333, 3.66667, 7.66667], "texture": "#2"},
				"east": {"uv": [4, 5.33333, 6.33333, 7.66667], "texture": "#2"},
				"south": {"uv": [6.66667, 0, 9, 2.33333], "texture": "#2"},
				"west": {"uv": [6.66667, 2.66667, 9, 5], "texture": "#2"},
				"up": {"uv": [9, 7.66667, 6.66667, 5.33333], "texture": "#2"},
				"down": {"uv": [3.66667, 8, 1.33333, 10.33333], "texture": "#2"}
			}
		},
		{
			"from": [7.18, 14.25681, 7.10319],
			"to": [8.82, 18.49681, 8.84319],
			"rotation": {"angle": 0, "axis": "y", "origin": [8, 12.37681, 7.87319]},
			"faces": {
				"north": {"uv": [6.66667, 10, 7.66667, 12.66667], "texture": "#2"},
				"east": {"uv": [10, 7.33333, 11, 10], "texture": "#2"},
				"south": {"uv": [8, 10, 9, 12.66667], "texture": "#2"},
				"west": {"uv": [10, 10, 11, 12.66667], "texture": "#2"},
				"up": {"uv": [9, 15, 8, 14], "texture": "#2"},
				"down": {"uv": [15, 8.66667, 14, 9.66667], "texture": "#2"}
			}
		},
		{
			"from": [7.594, 12.6941, 12.32388],
			"to": [8.406, 19.5061, 14.13588],
			"rotation": {"angle": 0, "axis": "y", "origin": [8, 18.2251, 13.35488]},
			"faces": {
				"north": {"uv": [0.66667, 10, 1.33333, 14.66667], "texture": "#2"},
				"east": {"uv": [0, 5.33333, 1.33333, 10], "texture": "#2"},
				"south": {"uv": [4, 10, 4.66667, 14.66667], "texture": "#2"},
				"west": {"uv": [5.33333, 0, 6.66667, 4.66667], "texture": "#2"},
				"up": {"uv": [10, 15.33333, 9.33333, 14], "texture": "#2"},
				"down": {"uv": [1.33333, 14.66667, 0.66667, 16], "texture": "#2"}
			}
		},
		{
			"from": [7.444, 18.23988, 8.80271],
			"to": [8.556, 20.80188, 12.61471],
			"rotation": {"angle": -22.5, "axis": "x", "origin": [8, 19.02088, 10.93371]},
			"faces": {
				"north": {"uv": [9.33333, 10.66667, 10, 12.33333], "texture": "#2"},
				"east": {"uv": [4, 8, 6.66667, 9.66667], "texture": "#2"},
				"south": {"uv": [6, 14, 6.66667, 15.66667], "texture": "#2"},
				"west": {"uv": [6.66667, 8, 9.33333, 9.66667], "texture": "#2"},
				"up": {"uv": [13.33333, 13.33333, 12.66667, 10.66667], "texture": "#2"},
				"down": {"uv": [14, 0, 13.33333, 2.66667], "texture": "#2"}
			}
		},
		{
			"from": [7.469, 15.6941, 8.51188],
			"to": [8.531, 19.5061, 12.32388],
			"rotation": {"angle": 0, "axis": "y", "origin": [8, 18.2251, 14.54288]},
			"faces": {
				"north": {"uv": [1.33333, 13.33333, 2, 16], "texture": "#2"},
				"east": {"uv": [0, 0, 2.66667, 2.66667], "texture": "#2"},
				"south": {"uv": [2, 13.33333, 2.66667, 16], "texture": "#2"},
				"west": {"uv": [0, 2.66667, 2.66667, 5.33333], "texture": "#2"},
				"up": {"uv": [3.33333, 16, 2.66667, 13.33333], "texture": "#2"},
				"down": {"uv": [14, 2.66667, 13.33333, 5.33333], "texture": "#2"}
			}
		},
		{
			"from": [7.544, 18.16793, 12.62903],
			"to": [8.431, 21.47993, 14.09103],
			"rotation": {"angle": -22.5, "axis": "x", "origin": [8, 18.94893, 10.76003]},
			"faces": {
				"north": {"uv": [3.33333, 13.33333, 4, 15.66667], "texture": "#2"},
				"east": {"uv": [11.33333, 7.33333, 12.33333, 9.66667], "texture": "#2"},
				"south": {"uv": [11.33333, 13.33333, 12, 15.66667], "texture": "#2"},
				"west": {"uv": [11.33333, 10, 12.33333, 12.33333], "texture": "#2"},
				"up": {"uv": [12.66667, 15.66667, 12, 14.66667], "texture": "#2"},
				"down": {"uv": [13.33333, 14.66667, 12.66667, 15.66667], "texture": "#2"}
			}
		},
		{
			"from": [7.619, 11.27849, 11.89311],
			"to": [8.381, 13.09049, 13.70511],
			"rotation": {"angle": 22.5, "axis": "x", "origin": [8, 11.80949, 12.92411]},
			"faces": {
				"north": {"uv": [4, 14.66667, 4.66667, 16], "texture": "#2"},
				"east": {"uv": [13.33333, 5.33333, 14.66667, 6.66667], "texture": "#2"},
				"south": {"uv": [10, 14.66667, 10.66667, 16], "texture": "#2"},
				"west": {"uv": [10, 13.33333, 11.33333, 14.66667], "texture": "#2"},
				"up": {"uv": [11.33333, 16, 10.66667, 14.66667], "texture": "#2"},
				"down": {"uv": [15.33333, 11.33333, 14.66667, 12.66667], "texture": "#2"}
			}
		}
	],
	"gui_light": "front",
	"display": {
		"thirdperson_righthand": {
			"rotation": [0, 180, 0],
			"translation": [0, -1.75, 2]
		},
		"thirdperson_lefthand": {
			"rotation": [0, 180, 0],
			"translation": [0, -1.75, 2]
		},
		"firstperson_righthand": {
			"rotation": [0, -180, 0],
			"translation": [3, 2, 0]
		},
		"firstperson_lefthand": {
			"rotation": [0, -180, 0],
			"translation": [3, 2, 0]
		},
		"ground": {
			"rotation": [0, 0, 49],
			"translation": [1, 1.5, 0],
			"scale": [0.42, 0.42, 0.42]
		},
		"gui": {
			"rotation": [-101, -133, -90],
			"translation": [4, -2.75, -1.25],
			"scale": [0.86, 0.86, 0.86]
		},
		"fixed": {
			"rotation": [90, 49, -90],
			"translation": [-4.5, -2.75, -1.25]
		}
	},
	"groups": [
		{
			"name": "group",
			"origin": [8, 11.80949, 12.92411],
			"color": 0,
			"nbt": "{}",
			"armAnimationEnabled": false,
			"children": [0, 1, 2, 3, 4, 5, 6, 7, 8, 9, 10, 11, 12, 13]
		}
	]
}