{
	"credit": "MadewithBlockbench",
	"texture_size": [64, 64],
	"textures": {
		"1": "item/haloween/balloon"
	},
	"elements": [
		{
			"from": [2.88, 2.88, 2.88],
			"to": [13.12, 24.12, 13.12],
			"rotation": {"angle": 0, "axis": "y", "origin": [8, 8, 8]},
			"faces": {
				"north": {"uv": [0, 0, 2.5, 5.25], "texture": "#1", "tintindex": 0},
				"east": {"uv": [2.5, 0, 5, 5.25], "texture": "#1", "tintindex": 0},
				"south": {"uv": [5, 0, 7.5, 5.25], "texture": "#1", "tintindex": 0},
				"west": {"uv": [0, 5.25, 2.5, 10.5], "texture": "#1", "tintindex": 0},
				"up": {"uv": [5, 7.75, 2.5, 5.25], "texture": "#1", "tintindex": 0},
				"down": {"uv": [7.5, 5.25, 5, 7.75], "texture": "#1"}
			}
		}
	],
	"gui_light": "front",
	"display": {
		"thirdperson_righthand": {
			"rotation": [32, 0, 0],
			"translation": [0, -1.25, 0],
			"scale": [0.46, 0.46, 0.46]
		},
		"thirdperson_lefthand": {
			"rotation": [32, 0, 0],
			"translation": [0, -1.25, 0],
			"scale": [0.46, 0.46, 0.46]
		},
		"firstperson_righthand": {
			"translation": [1, -2, 0],
			"scale": [0.52, 0.52, 0.52]
		},
		"firstperson_lefthand": {
			"translation": [1, -2, 0],
			"scale": [0.52, 0.52, 0.52]
		},
		"ground": {
			"scale": [0.39, 0.39, 0.39]
		},
		"gui": {
			"rotation": [21, 146, 0],
			"translation": [0, -5, 0],
			"scale": [0.74, 0.74, 0.74]
		},
		"head": {
			"rotation": [-7.25, 0, 0],
			"scale": [1.65, 1.65, 1.65]
		},
		"fixed": {
			"translation": [0, -6.5, -8.25]
		}
	},
	"groups": [
		0,
		{
			"name": "group",
			"origin": [8, 8, 8],
			"color": 0,
			"nbt": "{}",
			"armAnimationEnabled": false,
			"children": []
		}
	]
}