{"textures":{"0":"modelengine:entity/slots"},"elements":[{"from":[3.7142854,2.5714283,6.5714283],"to":[12.285715,13.428572,9.428572],"rotation":{"angle":0.0,"axis":"y","origin":[8.0,1.7142854,6.0]},"faces":{"east":{"uv":[0.0,9.375,0.625,11.25],"rotation":0,"texture":"#0","tintindex":0},"south":{"uv":[3.125,9.375,5.0,11.25],"rotation":0,"texture":"#0","tintindex":0},"north":{"uv":[0.625,9.375,2.5,11.25],"rotation":0,"texture":"#0","tintindex":0},"west":{"uv":[2.5,9.375,3.125,11.25],"rotation":0,"texture":"#0","tintindex":0},"up":{"uv":[2.5,9.375,0.625,8.75],"rotation":0,"texture":"#0","tintindex":0},"down":{"uv":[4.375,8.75,2.5,9.375],"rotation":0,"texture":"#0","tintindex":0}}}],"display":{"head":{"translation":[0.0,-6.4,0.0],"scale":[4.0,4.0,4.0]}}}