{
	"credit": "MadebyPolygonMC",
	"texture_size": [24, 24],
	"textures": {
		"1": "item/littleduckset/spear"
	},
	"elements": [
		{
			"from": [7.4, -0.1, 7.4],
			"to": [8.6, 1.1, 8.6],
			"rotation": {"angle": -45, "axis": "x", "origin": [8, 0.5, 8]},
			"faces": {
				"north": {"uv": [4, 5.33333, 4.66667, 6], "texture": "#1"},
				"east": {"uv": [6.66667, 1.33333, 7.33333, 2], "texture": "#1"},
				"south": {"uv": [7.33333, 5.33333, 8, 6], "texture": "#1"},
				"west": {"uv": [8.66667, 4.66667, 9.33333, 5.33333], "texture": "#1"},
				"up": {"uv": [10.66667, 8.66667, 10, 8], "texture": "#1"},
				"down": {"uv": [5.33333, 11.33333, 4.66667, 12], "texture": "#1"}
			}
		},
		{
			"from": [7.5, 0.7, 7.5],
			"to": [8.5, 1.7, 8.5],
			"rotation": {"angle": 0, "axis": "x", "origin": [8, 1.2, 8]},
			"faces": {
				"north": {"uv": [5.33333, 11.33333, 6, 12], "texture": "#1"},
				"east": {"uv": [6, 11.33333, 6.66667, 12], "texture": "#1"},
				"south": {"uv": [11.33333, 6, 12, 6.66667], "texture": "#1"},
				"west": {"uv": [6.66667, 11.33333, 7.33333, 12], "texture": "#1"},
				"up": {"uv": [12, 7.33333, 11.33333, 6.66667], "texture": "#1"},
				"down": {"uv": [8, 11.33333, 7.33333, 12], "texture": "#1"}
			}
		},
		{
			"from": [7.5, 3.7, 7.5],
			"to": [8.5, 4.7, 8.5],
			"rotation": {"angle": 0, "axis": "x", "origin": [8, 4.2, 8]},
			"faces": {
				"north": {"uv": [11.33333, 7.33333, 12, 8], "texture": "#1"},
				"east": {"uv": [8, 11.33333, 8.66667, 12], "texture": "#1"},
				"south": {"uv": [11.33333, 8, 12, 8.66667], "texture": "#1"},
				"west": {"uv": [8.66667, 11.33333, 9.33333, 12], "texture": "#1"},
				"up": {"uv": [12, 9.33333, 11.33333, 8.66667], "texture": "#1"},
				"down": {"uv": [10, 11.33333, 9.33333, 12], "texture": "#1"}
			}
		},
		{
			"from": [7.5, 6.7, 7.5],
			"to": [8.5, 7.7, 8.5],
			"rotation": {"angle": 0, "axis": "x", "origin": [8, 3.2, 8]},
			"faces": {
				"north": {"uv": [10, 11.33333, 10.66667, 12], "texture": "#1"},
				"east": {"uv": [11.33333, 10, 12, 10.66667], "texture": "#1"},
				"south": {"uv": [10.66667, 11.33333, 11.33333, 12], "texture": "#1"},
				"west": {"uv": [11.33333, 10.66667, 12, 11.33333], "texture": "#1"},
				"up": {"uv": [12, 12, 11.33333, 11.33333], "texture": "#1"},
				"down": {"uv": [12.66667, 0, 12, 0.66667], "texture": "#1"}
			}
		},
		{
			"from": [7.5, 11.7, 7.5],
			"to": [8.5, 12.7, 8.5],
			"rotation": {"angle": 0, "axis": "x", "origin": [8, 8.2, 8]},
			"faces": {
				"north": {"uv": [6.66667, 12, 7.33333, 12.66667], "texture": "#1"},
				"east": {"uv": [7.33333, 12, 8, 12.66667], "texture": "#1"},
				"south": {"uv": [12, 7.33333, 12.66667, 8], "texture": "#1"},
				"west": {"uv": [8, 12, 8.66667, 12.66667], "texture": "#1"},
				"up": {"uv": [12.66667, 8.66667, 12, 8], "texture": "#1"},
				"down": {"uv": [9.33333, 12, 8.66667, 12.66667], "texture": "#1"}
			}
		},
		{
			"from": [7.6, 1.7, 7.6],
			"to": [8.4, 3.7, 8.4],
			"rotation": {"angle": 0, "axis": "x", "origin": [8, 2.2, 8]},
			"faces": {
				"north": {"uv": [2, 4, 2.66667, 5.33333], "texture": "#1"},
				"east": {"uv": [10.66667, 0, 11.33333, 1.33333], "texture": "#1"},
				"south": {"uv": [1.33333, 10.66667, 2, 12], "texture": "#1"},
				"west": {"uv": [2, 10.66667, 2.66667, 12], "texture": "#1"},
				"up": {"uv": [12.66667, 1.33333, 12, 0.66667], "texture": "#1"},
				"down": {"uv": [2, 12, 1.33333, 12.66667], "texture": "#1"}
			}
		},
		{
			"from": [7.5, 17.7, 7.5],
			"to": [8.5, 18.7, 8.5],
			"rotation": {"angle": 0, "axis": "x", "origin": [8, 18.2, 8]},
			"faces": {
				"north": {"uv": [12, 11.33333, 12.66667, 12], "texture": "#1"},
				"east": {"uv": [12, 12, 12.66667, 12.66667], "texture": "#1"},
				"south": {"uv": [0, 12.66667, 0.66667, 13.33333], "texture": "#1"},
				"west": {"uv": [12.66667, 0, 13.33333, 0.66667], "texture": "#1"},
				"up": {"uv": [13.33333, 1.33333, 12.66667, 0.66667], "texture": "#1"},
				"down": {"uv": [2, 12.66667, 1.33333, 13.33333], "texture": "#1"}
			}
		},
		{
			"from": [7.6, 15.7, 7.6],
			"to": [8.4, 17.7, 8.4],
			"rotation": {"angle": 0, "axis": "x", "origin": [8, 16.2, 8]},
			"faces": {
				"north": {"uv": [4, 10.66667, 4.66667, 12], "texture": "#1"},
				"east": {"uv": [10.66667, 8, 11.33333, 9.33333], "texture": "#1"},
				"south": {"uv": [0, 11.33333, 0.66667, 12.66667], "texture": "#1"},
				"west": {"uv": [11.33333, 0, 12, 1.33333], "texture": "#1"},
				"up": {"uv": [12.66667, 11.33333, 12, 10.66667], "texture": "#1"},
				"down": {"uv": [12, 12, 11.33333, 12.66667], "texture": "#1"}
			}
		},
		{
			"from": [7.5, 14.7, 7.5],
			"to": [8.5, 15.7, 8.5],
			"rotation": {"angle": 0, "axis": "x", "origin": [8, 15.2, 8]},
			"faces": {
				"north": {"uv": [12, 8.66667, 12.66667, 9.33333], "texture": "#1"},
				"east": {"uv": [9.33333, 12, 10, 12.66667], "texture": "#1"},
				"south": {"uv": [12, 9.33333, 12.66667, 10], "texture": "#1"},
				"west": {"uv": [10, 12, 10.66667, 12.66667], "texture": "#1"},
				"up": {"uv": [12.66667, 10.66667, 12, 10], "texture": "#1"},
				"down": {"uv": [11.33333, 12, 10.66667, 12.66667], "texture": "#1"}
			}
		},
		{
			"from": [7.6, 7.7, 7.6],
			"to": [8.4, 11.7, 8.4],
			"rotation": {"angle": 0, "axis": "x", "origin": [8, 8.2, 8]},
			"faces": {
				"north": {"uv": [4.66667, 8, 4, 10.66667], "texture": "#1"},
				"east": {"uv": [4, 8, 4.66667, 10.66667], "texture": "#1"},
				"south": {"uv": [4.66667, 8, 4, 10.66667], "texture": "#1"},
				"west": {"uv": [4, 8, 4.66667, 10.66667], "texture": "#1"}
			}
		},
		{
			"from": [6.78, 16.52151, 8.47821],
			"to": [9.22, 20.18151, 10.91821],
			"rotation": {"angle": 0, "axis": "x", "origin": [8, 19.025, 10.33321]},
			"faces": {
				"north": {"uv": [1.66667, 6, 0, 8.33333], "rotation": 180, "texture": "#1"},
				"east": {"uv": [4.66667, 2, 7, 3.66667], "rotation": 270, "texture": "#1"},
				"south": {"uv": [3.66667, 7.66667, 2, 5.33333], "texture": "#1"},
				"west": {"uv": [4.66667, 4, 7, 5.66667], "rotation": 90, "texture": "#1"},
				"up": {"uv": [4, 6, 5.66667, 7.66667], "rotation": 180, "texture": "#1"},
				"down": {"uv": [6, 6, 7.66667, 7.66667], "texture": "#1"}
			}
		},
		{
			"from": [7.2192, 19.22331, 10.03741],
			"to": [8.7808, 21.25571, 11.89901],
			"rotation": {"angle": 0, "axis": "x", "origin": [8, 19.025, 10.33321]},
			"faces": {
				"north": {"uv": [7, 8, 6, 9.33333], "rotation": 180, "texture": "#1"},
				"east": {"uv": [6.66667, 0, 8, 1.33333], "rotation": 270, "texture": "#1"},
				"south": {"uv": [9, 6.66667, 8, 5.33333], "texture": "#1"},
				"west": {"uv": [7.33333, 1.33333, 8.66667, 2.66667], "rotation": 90, "texture": "#1"},
				"up": {"uv": [8, 0, 9, 1.33333], "rotation": 180, "texture": "#1"},
				"down": {"uv": [4.66667, 8, 5.66667, 9.33333], "texture": "#1"}
			}
		},
		{
			"from": [7.3412, 21.25571, 10.12891],
			"to": [8.6588, 22.13411, 10.71451],
			"rotation": {"angle": 0, "axis": "x", "origin": [8, 19.025, 10.33321]},
			"faces": {
				"north": {"uv": [12.33333, 1.33333, 11.33333, 2], "rotation": 180, "texture": "#1"},
				"east": {"uv": [2, 12.66667, 2.66667, 13], "rotation": 270, "texture": "#1"},
				"south": {"uv": [11.66667, 10, 10.66667, 9.33333], "texture": "#1"},
				"west": {"uv": [12.66667, 2, 13.33333, 2.33333], "rotation": 90, "texture": "#1"},
				"up": {"uv": [12.66667, 1.33333, 13.66667, 1.66667], "rotation": 180, "texture": "#1"}
			}
		},
		{
			"from": [7.2192, 15.66357, 9.32776],
			"to": [8.7808, 17.09597, 10.15736],
			"rotation": {"angle": -22.5, "axis": "x", "origin": [8, 19.025, 10.33321]},
			"faces": {
				"north": {"uv": [11, 4, 10, 5], "rotation": 180, "texture": "#1"},
				"east": {"uv": [11.33333, 2, 12.33333, 2.66667], "rotation": 270, "texture": "#1"},
				"south": {"uv": [11, 3.66667, 10, 2.66667], "texture": "#1"},
				"west": {"uv": [11.33333, 3.33333, 12.33333, 4], "rotation": 90, "texture": "#1"},
				"down": {"uv": [11.33333, 2.66667, 12.33333, 3.33333], "texture": "#1"}
			}
		},
		{
			"from": [7.25, 4.7, 7.25],
			"to": [8.75, 6.7, 8.75],
			"rotation": {"angle": 0, "axis": "y", "origin": [6, 1.4, 6]},
			"faces": {
				"north": {"uv": [8, 6.66667, 9, 8], "texture": "#1"},
				"east": {"uv": [7.33333, 8, 8.33333, 9.33333], "texture": "#1"},
				"south": {"uv": [0, 8.66667, 1, 10], "texture": "#1"},
				"west": {"uv": [8.66667, 1.33333, 9.66667, 2.66667], "texture": "#1"},
				"up": {"uv": [11, 6.33333, 10, 5.33333], "texture": "#1"},
				"down": {"uv": [11, 6.66667, 10, 7.66667], "texture": "#1"}
			}
		},
		{
			"from": [7.25, 12.7, 7.25],
			"to": [8.75, 14.7, 8.75],
			"rotation": {"angle": 0, "axis": "y", "origin": [6, 9.4, 6]},
			"faces": {
				"north": {"uv": [9.33333, 0, 10.33333, 1.33333], "texture": "#1"},
				"east": {"uv": [9.33333, 8.66667, 10.33333, 10], "texture": "#1"},
				"south": {"uv": [0, 10, 1, 11.33333], "texture": "#1"},
				"west": {"uv": [10, 1.33333, 11, 2.66667], "texture": "#1"},
				"up": {"uv": [9.66667, 11, 8.66667, 10], "texture": "#1"},
				"down": {"uv": [11, 10, 10, 11], "texture": "#1"}
			}
		},
		{
			"from": [7.5, 20.2, 9.1],
			"to": [8.5, 23.2, 10.1],
			"rotation": {"angle": 0, "axis": "x", "origin": [8, 21.7, 10.1]},
			"faces": {
				"north": {"uv": [1.33333, 8.66667, 2, 10.66667], "texture": "#1"},
				"east": {"uv": [8.66667, 2.66667, 9.33333, 4.66667], "texture": "#1"},
				"south": {"uv": [8.66667, 8, 9.33333, 10], "texture": "#1"},
				"west": {"uv": [9.33333, 2.66667, 10, 4.66667], "texture": "#1"},
				"up": {"uv": [2.66667, 12.66667, 2, 12], "texture": "#1"},
				"down": {"uv": [4.66667, 12, 4, 12.66667], "texture": "#1"}
			}
		},
		{
			"from": [7.5, 20.2, 5.9],
			"to": [8.5, 23.2, 6.9],
			"rotation": {"angle": 0, "axis": "x", "origin": [8, 21.7, 5.9]},
			"faces": {
				"north": {"uv": [4.66667, 9.33333, 5.33333, 11.33333], "texture": "#1"},
				"east": {"uv": [9.33333, 4.66667, 10, 6.66667], "texture": "#1"},
				"south": {"uv": [5.33333, 9.33333, 6, 11.33333], "texture": "#1"},
				"west": {"uv": [6, 9.33333, 6.66667, 11.33333], "texture": "#1"},
				"up": {"uv": [12.66667, 4.66667, 12, 4], "texture": "#1"},
				"down": {"uv": [5.33333, 12, 4.66667, 12.66667], "texture": "#1"}
			}
		},
		{
			"from": [7.4, 18.5, 6],
			"to": [8.6, 21.5, 9],
			"rotation": {"angle": 45, "axis": "x", "origin": [8, 19.5, 8]},
			"faces": {
				"north": {"uv": [6.66667, 9.33333, 7.33333, 11.33333], "texture": "#1"},
				"east": {"uv": [0, 4, 2, 6], "texture": "#1"},
				"south": {"uv": [9.33333, 6.66667, 10, 8.66667], "texture": "#1"},
				"west": {"uv": [4.66667, 0, 6.66667, 2], "texture": "#1"},
				"up": {"uv": [8, 11.33333, 7.33333, 9.33333], "texture": "#1"},
				"down": {"uv": [8.66667, 9.33333, 8, 11.33333], "texture": "#1"}
			}
		},
		{
			"from": [7.75, 21.1, 6.5],
			"to": [8.25, 25.1, 9.5],
			"rotation": {"angle": 0, "axis": "y", "origin": [8.25, 23.6, 8]},
			"faces": {
				"north": {"uv": [2.66667, 10.66667, 3, 13.33333], "texture": "#1"},
				"east": {"uv": [2.66667, 0, 4.66667, 2.66667], "texture": "#1"},
				"south": {"uv": [3.33333, 10.66667, 3.66667, 13.33333], "texture": "#1"},
				"west": {"uv": [2.66667, 2.66667, 4.66667, 5.33333], "texture": "#1"},
				"up": {"uv": [1, 13.33333, 0.66667, 11.33333], "texture": "#1"},
				"down": {"uv": [11.66667, 4, 11.33333, 6], "texture": "#1"}
			}
		},
		{
			"from": [7.74, 24.21872, 6.5],
			"to": [8.26, 26.34372, 8.625],
			"rotation": {"angle": -45, "axis": "x", "origin": [7.99, 25.71872, 8]},
			"faces": {
				"north": {"uv": [12, 4.66667, 12.33333, 6], "texture": "#1"},
				"east": {"uv": [7.33333, 2.66667, 8.66667, 4], "texture": "#1"},
				"south": {"uv": [5.33333, 12, 5.66667, 13.33333], "texture": "#1"},
				"west": {"uv": [7.33333, 4, 8.66667, 5.33333], "texture": "#1"},
				"up": {"uv": [6.33333, 13.33333, 6, 12], "texture": "#1"},
				"down": {"uv": [12.33333, 6, 12, 7.33333], "texture": "#1"}
			}
		},
		{
			"from": [8, 23, 6.25],
			"to": [8, 29, 9.75],
			"rotation": {"angle": 0, "axis": "y", "origin": [8, 23, 6.25]},
			"faces": {
				"north": {"uv": [0, 0, 0, 4], "texture": "#1"},
				"east": {"uv": [2.33333, 0, 0, 4], "texture": "#1"},
				"south": {"uv": [0, 0, 0, 4], "texture": "#1"},
				"west": {"uv": [0, 0, 2.33333, 4], "texture": "#1"},
				"up": {"uv": [0, 2.33333, 0, 0], "texture": "#1"},
				"down": {"uv": [0, 0, 0, 2.33333], "texture": "#1"}
			}
		}
	],
	"gui_light": "front",
	"display": {
		"thirdperson_righthand": {
			"translation": [0, -3.75, 0.75]
		},
		"thirdperson_lefthand": {
			"translation": [0, -3.75, 0.75]
		},
		"firstperson_righthand": {
			"rotation": [-10, 0, 0],
			"translation": [-2.5, -3.25, 3]
		},
		"firstperson_lefthand": {
			"rotation": [-10, 0, 0],
			"translation": [-2.5, -3.25, 3]
		},
		"ground": {
			"translation": [0, 7.5, 0]
		},
		"gui": {
			"rotation": [90, -135, 90],
			"translation": [-3.75, -3.75, -1],
			"scale": [0.83399, 0.83399, 0.83399]
		},
		"head": {
			"scale": [0, 0, 0]
		},
		"fixed": {
			"rotation": [90, -135, 90],
			"translation": [-4, -4, -1],
			"scale": [0.88672, 0.88672, 0.88672]
		}
	}
}