{
	"credit": "Made with Blockbench",
	"textures": {
		"0": "item/snowset/icesword",
		"particle": "item/snowset/icesword"
	},
	"elements": [
		{
			"from": [7.78083, 9.14838, 5.83357],
			"to": [8.38083, 10.74838, 8.43357],
			"rotation": {"angle": 22.5, "axis": "x", "origin": [8.08461, 9.0229, 6.62385]},
			"faces": {
				"north": {"uv": [6, 8, 8, 11], "rotation": 270, "texture": "#0"},
				"east": {"uv": [6, 8, 8, 11], "rotation": 90, "texture": "#0"},
				"south": {"uv": [6, 8, 7.6, 8.6], "rotation": 270, "texture": "#0"},
				"west": {"uv": [6, 8, 8, 11], "rotation": 270, "texture": "#0"},
				"up": {"uv": [6, 8, 8, 11], "texture": "#0"},
				"down": {"uv": [6, 8, 8, 11], "rotation": 180, "texture": "#0"}
			}
		},
		{
			"from": [7.81338, 8.79537, 7.74098],
			"to": [8.40338, 15.43537, 10.38098],
			"rotation": {"angle": -22.5, "axis": "x", "origin": [8.08461, 9.0229, 6.62385]},
			"faces": {
				"north": {"uv": [2.5, 8.5, 9.5, 9], "rotation": 270, "texture": "#0"},
				"east": {"uv": [9, 9, 16, 12], "rotation": 90, "texture": "#0"},
				"south": {"uv": [5, 11.5, 12, 12], "rotation": 270, "texture": "#0"},
				"west": {"uv": [9, 9, 16, 12], "rotation": 270, "texture": "#0"},
				"up": {"uv": [9, 9, 16, 12], "texture": "#0"},
				"down": {"uv": [9, 9, 9.64, 11.64], "rotation": 180, "texture": "#0"}
			}
		},
		{
			"from": [7.81032, 15.72484, 5.13363],
			"to": [8.40032, 20.36484, 7.77363],
			"rotation": {"angle": 0, "axis": "y", "origin": [8.08461, 9.0229, 6.62385]},
			"faces": {
				"north": {"uv": [1, 9, 5.5, 9.5], "rotation": 270, "texture": "#0"},
				"east": {"uv": [1, 9, 6, 12], "rotation": 90, "texture": "#0"},
				"south": {"uv": [5, 11.5, 12, 12], "rotation": 270, "texture": "#0"},
				"west": {"uv": [1, 9, 6, 12], "rotation": 270, "texture": "#0"},
				"up": {"uv": [1, 9, 1.64, 11.64], "texture": "#0"},
				"down": {"uv": [5, 8.5, 5.64, 11.14], "rotation": 180, "texture": "#0"}
			}
		},
		{
			"from": [7.77095, 19.66422, 2.75305],
			"to": [8.41095, 24.30422, 3.39305],
			"rotation": {"angle": 22.5, "axis": "x", "origin": [8.08461, 9.0229, 6.62385]},
			"faces": {
				"north": {"uv": [1, 11, 6, 11.5], "rotation": 270, "texture": "#0"},
				"east": {"uv": [1, 11, 6, 12], "rotation": 90, "texture": "#0"},
				"south": {"uv": [5, 11.5, 12, 12], "rotation": 270, "texture": "#0"},
				"west": {"uv": [1, 11, 6, 12], "rotation": 270, "texture": "#0"},
				"up": {"uv": [0.5, 10, 1.5, 11], "texture": "#0"},
				"down": {"uv": [1, 11, 6, 12], "rotation": 180, "texture": "#0"}
			}
		},
		{
			"from": [7.79095, 21.18422, 2.22305],
			"to": [8.39095, 22.78422, 2.82305],
			"rotation": {"angle": 22.5, "axis": "x", "origin": [8.08461, 9.0229, 6.62385]},
			"faces": {
				"north": {"uv": [0, 10, 2, 11], "rotation": 270, "texture": "#0"},
				"east": {"uv": [0, 10, 2, 11], "rotation": 90, "texture": "#0"},
				"south": {"uv": [0, 10, 2, 11], "rotation": 270, "texture": "#0"},
				"west": {"uv": [0, 10, 2, 11], "rotation": 270, "texture": "#0"},
				"up": {"uv": [0, 10, 2, 11], "texture": "#0"},
				"down": {"uv": [0, 10, 2, 11], "rotation": 180, "texture": "#0"}
			}
		},
		{
			"from": [7.79443, 16.04886, -2.77674],
			"to": [8.39443, 21.64886, -2.17674],
			"rotation": {"angle": 45, "axis": "x", "origin": [8.08461, 9.0229, 6.62385]},
			"faces": {
				"north": {"uv": [2, 8, 8, 9], "rotation": 270, "texture": "#0"},
				"east": {"uv": [2, 8, 8, 9], "rotation": 270, "texture": "#0"},
				"south": {"uv": [2, 8, 8, 9], "rotation": 270, "texture": "#0"},
				"west": {"uv": [2, 8, 8, 9], "rotation": 270, "texture": "#0"},
				"up": {"uv": [2, 8, 8, 9], "texture": "#0"},
				"down": {"uv": [5, 8, 8, 9], "rotation": 180, "texture": "#0"}
			}
		},
		{
			"from": [7.80484, 16.51234, 0.62019],
			"to": [8.40484, 19.11234, 2.22019],
			"rotation": {"angle": 22.5, "axis": "x", "origin": [8.08461, 9.0229, 6.62385]},
			"faces": {
				"north": {"uv": [5, 8, 8, 9], "rotation": 270, "texture": "#0"},
				"east": {"uv": [2.5, 8, 5.5, 10], "rotation": 90, "texture": "#0"},
				"south": {"uv": [2.5, 8, 5.5, 10], "rotation": 270, "texture": "#0"},
				"west": {"uv": [2.5, 8, 5.5, 10], "rotation": 270, "texture": "#0"},
				"up": {"uv": [2.5, 8, 5.5, 10], "texture": "#0"},
				"down": {"uv": [2.5, 8, 5.5, 10], "rotation": 180, "texture": "#0"}
			}
		},
		{
			"from": [7.81484, 16.10333, -2.56186],
			"to": [8.39484, 18.78333, -0.98186],
			"rotation": {"angle": 45, "axis": "x", "origin": [8.08461, 9.0229, 6.62385]},
			"faces": {
				"north": {"uv": [8.5, 9, 11.5, 11], "rotation": 270, "texture": "#0"},
				"east": {"uv": [8.5, 9, 11.5, 11], "rotation": 90, "texture": "#0"},
				"south": {"uv": [8.5, 9, 11.5, 11], "rotation": 270, "texture": "#0"},
				"west": {"uv": [8.5, 9, 11.5, 11], "rotation": 270, "texture": "#0"},
				"up": {"uv": [8.5, 9, 11.5, 11], "texture": "#0"},
				"down": {"uv": [8.5, 9, 11.5, 11], "rotation": 180, "texture": "#0"}
			}
		},
		{
			"from": [7.42095, 9.33316, 7.80677],
			"to": [8.76095, 13.97316, 8.44677],
			"rotation": {"angle": -22.5, "axis": "x", "origin": [7.74529, 11.06076, 7.4692]},
			"faces": {
				"north": {"uv": [1, 9.5, 6, 10], "rotation": 270, "texture": "#0"},
				"east": {"uv": [6, 9.5, 1, 10.5], "rotation": 90, "texture": "#0"},
				"south": {"uv": [1, 10, 6, 10.5], "rotation": 270, "texture": "#0"},
				"west": {"uv": [1, 9.5, 6, 10.5], "rotation": 270, "texture": "#0"},
				"up": {"uv": [5, 9.5, 5.5, 10.5], "texture": "#0"},
				"down": {"uv": [2, 8.5, 2.64, 9.84], "rotation": 270, "texture": "#0"}
			}
		},
		{
			"from": [7.44443, 8.26981, 6.69002],
			"to": [8.74443, 13.86981, 7.29002],
			"rotation": {"angle": 0, "axis": "y", "origin": [7.74529, 11.06076, 7.4692]},
			"faces": {
				"north": {"uv": [2, 8, 8, 9], "rotation": 270, "texture": "#0"},
				"east": {"uv": [2, 8, 8, 9], "rotation": 270, "texture": "#0"},
				"south": {"uv": [2, 8, 8, 9], "rotation": 270, "texture": "#0"},
				"west": {"uv": [2, 8, 8, 9], "rotation": 270, "texture": "#0"},
				"up": {"uv": [2, 8, 8, 9], "texture": "#0"},
				"down": {"uv": [5, 8, 8, 9], "rotation": 180, "texture": "#0"}
			}
		},
		{
			"from": [7.46484, 8.57428, 6.9049],
			"to": [8.74484, 11.00428, 8.4849],
			"rotation": {"angle": 0, "axis": "y", "origin": [7.74529, 11.06076, 7.4692]},
			"faces": {
				"north": {"uv": [8.5, 9, 11.5, 11], "rotation": 270, "texture": "#0"},
				"east": {"uv": [8.5, 9, 11.5, 11], "rotation": 90, "texture": "#0"},
				"south": {"uv": [8.5, 9, 11.5, 11], "rotation": 270, "texture": "#0"},
				"west": {"uv": [8.5, 9, 11.5, 11], "rotation": 270, "texture": "#0"},
				"up": {"uv": [8.5, 9, 11.5, 11], "texture": "#0"},
				"down": {"uv": [8.5, 9, 11.5, 11], "rotation": 180, "texture": "#0"}
			}
		},
		{
			"from": [7.44095, 10.85316, 7.27677],
			"to": [8.74095, 12.45316, 7.87677],
			"rotation": {"angle": -22.5, "axis": "x", "origin": [7.74529, 11.06076, 7.4692]},
			"faces": {
				"north": {"uv": [0, 10, 2, 11], "rotation": 270, "texture": "#0"},
				"east": {"uv": [0, 10, 2, 11], "rotation": 90, "texture": "#0"},
				"south": {"uv": [0, 10, 2, 11], "rotation": 270, "texture": "#0"},
				"west": {"uv": [0, 10, 2, 11], "rotation": 270, "texture": "#0"},
				"up": {"uv": [0, 10, 2, 11], "texture": "#0"},
				"down": {"uv": [0, 10, 2, 11], "rotation": 180, "texture": "#0"}
			}
		},
		{
			"from": [7.80176, 15.9628, 7.67737],
			"to": [8.40176, 18.5628, 9.27737],
			"rotation": {"angle": -22.5, "axis": "x", "origin": [8.08461, 9.0229, 6.62385]},
			"faces": {
				"north": {"uv": [5, 8, 8, 9], "rotation": 270, "texture": "#0"},
				"east": {"uv": [0.5, 8, 3.5, 10], "rotation": 90, "texture": "#0"},
				"south": {"uv": [0.5, 8, 3.5, 10], "rotation": 270, "texture": "#0"},
				"west": {"uv": [0.5, 8, 3.5, 10], "rotation": 270, "texture": "#0"},
				"up": {"uv": [0.5, 8, 3.5, 10], "texture": "#0"},
				"down": {"uv": [0.5, 8, 3.5, 10], "rotation": 180, "texture": "#0"}
			}
		},
		{
			"from": [7.81245, 10.79983, 4.71959],
			"to": [8.39245, 16.37983, 7.29959],
			"rotation": {"angle": 0, "axis": "y", "origin": [8.08461, 9.0229, 6.62385]},
			"faces": {
				"north": {"uv": [5, 8, 8, 9], "rotation": 270, "texture": "#0"},
				"east": {"uv": [7.5, 8, 13.5, 11], "rotation": 90, "texture": "#0"},
				"south": {"uv": [7.5, 8.5, 13.5, 11.5], "rotation": 270, "texture": "#0"},
				"west": {"uv": [1, 8, 7, 11], "rotation": 270, "texture": "#0"},
				"up": {"uv": [7.5, 8.5, 13.5, 11.5], "texture": "#0"},
				"down": {"uv": [7.5, 8.5, 13.5, 11.5], "rotation": 180, "texture": "#0"}
			}
		},
		{
			"from": [7.80669, 8.93147, 4.03412],
			"to": [8.38669, 11.51147, 6.61412],
			"rotation": {"angle": 45, "axis": "x", "origin": [8.08461, 9.0229, 6.62385]},
			"faces": {
				"north": {"uv": [6, 8.5, 9, 11.5], "rotation": 180, "texture": "#0"},
				"east": {"uv": [6, 8, 9, 11], "rotation": 180, "texture": "#0"},
				"south": {"uv": [6, 8.5, 9, 11.5], "rotation": 180, "texture": "#0"},
				"west": {"uv": [10, 8, 13, 11], "rotation": 180, "texture": "#0"},
				"up": {"uv": [6, 8.5, 9, 11.5], "rotation": 270, "texture": "#0"},
				"down": {"uv": [5, 8, 8, 9], "rotation": 90, "texture": "#0"}
			}
		},
		{
			"from": [7.38542, 1.80519, 8.90863],
			"to": [8.78542, 3.20519, 10.90863],
			"rotation": {"angle": 22.5, "axis": "x", "origin": [8.08461, 9.0229, 6.62385]},
			"faces": {
				"north": {"uv": [0, 0, 2, 2], "rotation": 270, "texture": "#0"},
				"east": {"uv": [4, 3, 8, 5], "rotation": 180, "texture": "#0"},
				"south": {"uv": [0, 0, 2, 2], "rotation": 270, "texture": "#0"},
				"west": {"uv": [3, 2, 7, 4], "texture": "#0"},
				"up": {"uv": [5, 5, 9, 7], "rotation": 90, "texture": "#0"},
				"down": {"uv": [8, 13, 12, 15], "rotation": 270, "texture": "#0"}
			}
		},
		{
			"from": [7.39542, 2.82729, 9.09722],
			"to": [8.77542, 5.20729, 10.47722],
			"rotation": {"angle": 22.5, "axis": "x", "origin": [8.08461, 9.0229, 6.62385]},
			"faces": {
				"north": {"uv": [8, 4.5, 6, 7.5], "rotation": 180, "texture": "#0"},
				"east": {"uv": [8, 4.5, 6, 7.5], "rotation": 180, "texture": "#0"},
				"south": {"uv": [8, 4.5, 6, 7.5], "rotation": 180, "texture": "#0"},
				"west": {"uv": [8, 4.5, 6, 7.5], "rotation": 180, "texture": "#0"},
				"up": {"uv": [8, 4.5, 6, 7.5], "rotation": 270, "texture": "#0"},
				"down": {"uv": [8, 4.5, 6, 7.5], "rotation": 90, "texture": "#0"}
			}
		},
		{
			"from": [7.38114, 4.0278, 7.34036],
			"to": [8.78114, 6.4278, 8.74036],
			"rotation": {"angle": 0, "axis": "y", "origin": [8.08461, 9.0229, 6.62385]},
			"faces": {
				"north": {"uv": [9.5, 4.5, 7.5, 7.5], "rotation": 180, "texture": "#0"},
				"east": {"uv": [9.5, 4.5, 7.5, 7.5], "rotation": 180, "texture": "#0"},
				"south": {"uv": [9.5, 4.5, 7.5, 7.5], "rotation": 180, "texture": "#0"},
				"west": {"uv": [9.5, 4.5, 7.5, 7.5], "rotation": 180, "texture": "#0"},
				"up": {"uv": [9.5, 4.5, 7.5, 7.5], "rotation": 270, "texture": "#0"},
				"down": {"uv": [9.5, 4.5, 7.5, 7.5], "rotation": 90, "texture": "#0"}
			}
		},
		{
			"from": [7.37826, 5.81467, 6.18971],
			"to": [8.77826, 9.21467, 7.58971],
			"rotation": {"angle": -22.5, "axis": "x", "origin": [8.08461, 9.0229, 6.62385]},
			"faces": {
				"north": {"uv": [6, 2.5, 4, 6.5], "texture": "#0"},
				"east": {"uv": [6, 2.5, 4, 6.5], "texture": "#0"},
				"south": {"uv": [6, 2.5, 4, 6.5], "texture": "#0"},
				"west": {"uv": [6, 2.5, 4, 6.5], "texture": "#0"},
				"up": {"uv": [6, 2.5, 4, 6.5], "rotation": 90, "texture": "#0"},
				"down": {"uv": [6, 2.5, 4, 6.5], "rotation": 270, "texture": "#0"}
			}
		},
		{
			"from": [7.36825, 8.5853, 5.29993],
			"to": [8.78825, 10.0053, 8.71993],
			"rotation": {"angle": 22.5, "axis": "x", "origin": [8.07825, 9.2953, 7.00993]},
			"faces": {
				"north": {"uv": [0, 0, 2, 2], "rotation": 90, "texture": "#0"},
				"east": {"uv": [1.5, 2.5, 5.5, 4.5], "rotation": 180, "texture": "#0"},
				"south": {"uv": [4.5, 2.5, 6.5, 4.5], "rotation": 180, "texture": "#0"},
				"west": {"uv": [1.5, 2.5, 5.5, 4.5], "texture": "#0"},
				"up": {"uv": [1.5, 3, 5.5, 5], "rotation": 90, "texture": "#0"},
				"down": {"uv": [0, 0, 2, 4], "texture": "#0"}
			}
		},
		{
			"from": [7.58508, -1.45222, 6.17594],
			"to": [8.58508, 1.54778, 7.17594],
			"rotation": {"angle": 0, "axis": "y", "origin": [8.08461, 9.0229, 6.62385]},
			"faces": {
				"north": {"uv": [4, 8, 6, 12], "rotation": 180, "texture": "#0"},
				"east": {"uv": [4, 8, 6, 12], "rotation": 180, "texture": "#0"},
				"south": {"uv": [4, 8, 6, 12], "rotation": 180, "texture": "#0"},
				"west": {"uv": [4, 8, 6, 12], "rotation": 180, "texture": "#0"},
				"up": {"uv": [4, 8, 6, 12], "rotation": 270, "texture": "#0"},
				"down": {"uv": [4, 8, 6, 10], "rotation": 90, "texture": "#0"}
			}
		},
		{
			"from": [7.78508, -3.25222, 6.37594],
			"to": [8.38508, -0.65222, 6.97594],
			"rotation": {"angle": 0, "axis": "y", "origin": [8.08461, 9.0229, 6.62385]},
			"faces": {
				"north": {"uv": [4, 8, 5, 11.5], "rotation": 180, "texture": "#0"},
				"east": {"uv": [4, 8, 5, 11.5], "rotation": 180, "texture": "#0"},
				"south": {"uv": [4, 8, 5, 11.5], "rotation": 180, "texture": "#0"},
				"west": {"uv": [4, 8, 5, 11.5], "rotation": 180, "texture": "#0"},
				"up": {"uv": [4, 8, 5, 11.5], "rotation": 270, "texture": "#0"},
				"down": {"uv": [4, 8, 6, 10], "rotation": 90, "texture": "#0"}
			}
		},
		{
			"from": [7.48508, -1.11318, 3.50212],
			"to": [8.68508, 2.08682, 4.70212],
			"rotation": {"angle": -22.5, "axis": "x", "origin": [8.08461, 9.0229, 6.62385]},
			"faces": {
				"north": {"uv": [7.5, 8, 9.5, 12], "rotation": 180, "texture": "#0"},
				"east": {"uv": [9.5, 8, 11.5, 12], "rotation": 180, "texture": "#0"},
				"south": {"uv": [7.5, 8, 9.5, 12], "rotation": 180, "texture": "#0"},
				"west": {"uv": [7.5, 8, 9.5, 12], "rotation": 180, "texture": "#0"},
				"up": {"uv": [7.5, 8, 9.5, 12], "rotation": 270, "texture": "#0"},
				"down": {"uv": [7.5, 8, 9.5, 12], "rotation": 90, "texture": "#0"}
			}
		},
		{
			"from": [7.68508, -2.91318, 3.70212],
			"to": [8.48508, -0.11318, 4.50212],
			"rotation": {"angle": -22.5, "axis": "x", "origin": [8.08461, 9.0229, 6.62385]},
			"faces": {
				"north": {"uv": [2, 8, 3.5, 11], "rotation": 180, "texture": "#0"},
				"east": {"uv": [2, 8, 3.5, 11], "rotation": 180, "texture": "#0"},
				"south": {"uv": [2, 8, 3.5, 11], "rotation": 180, "texture": "#0"},
				"west": {"uv": [2, 8, 3.5, 11], "rotation": 180, "texture": "#0"},
				"up": {"uv": [2, 8, 3.5, 11], "rotation": 270, "texture": "#0"},
				"down": {"uv": [2, 8, 3.5, 11], "rotation": 90, "texture": "#0"}
			}
		},
		{
			"from": [7.88508, -4.71318, 3.90212],
			"to": [8.28508, -2.31318, 4.30212],
			"rotation": {"angle": -22.5, "axis": "x", "origin": [8.08461, 9.0229, 6.62385]},
			"faces": {
				"north": {"uv": [1.5, 8, 2, 11.5], "rotation": 180, "texture": "#0"},
				"east": {"uv": [1.5, 8, 2, 11.5], "rotation": 180, "texture": "#0"},
				"south": {"uv": [1.5, 8, 2, 11.5], "rotation": 180, "texture": "#0"},
				"west": {"uv": [1.5, 8, 2, 11.5], "rotation": 180, "texture": "#0"},
				"up": {"uv": [1.5, 8, 2, 11.5], "rotation": 270, "texture": "#0"},
				"down": {"uv": [1.5, 8, 3.5, 10], "rotation": 90, "texture": "#0"}
			}
		}
	],
	"display": {
		"thirdperson_righthand": {
			"translation": [0, 1, 2],
			"scale": [1.05, 1.05, 1.05]
		},
		"thirdperson_lefthand": {
			"translation": [0, 1, 2],
			"scale": [1.05, 1.05, 1.05]
		},
		"firstperson_righthand": {
			"rotation": [-15, 0, 0],
			"translation": [3, 1, 0.5]
		},
		"firstperson_lefthand": {
			"rotation": [-15, 0, 0],
			"translation": [3, 1, 0.5]
		},
		"ground": {
			"rotation": [-87, 27, 0],
			"translation": [0, -0.25, 0],
			"scale": [0.57, 0.57, 0.57]
		},
		"gui": {
			"rotation": [45, -157, 45],
			"translation": [-0.75, -1.25, 0],
			"scale": [0.73, 0.73, 0.73]
		},
		"fixed": {
			"rotation": [90, -46, 90],
			"translation": [2.25, -1.5, -1.75]
		}
	}
}