{
	"credit": "Made with Blockbench",
	"texture_size": [256, 128],
	"textures": {
		"3": "item/snowset/icecrossbow"
	},
	"elements": [
		{
			"from": [5.85, 1.25, -0.15],
			"to": [7.65, 3.05, 2.65],
			"rotation": {"angle": 0, "axis": "y", "origin": [7, 1.15, 1.25]},
			"faces": {
				"north": {"uv": [8.75, 0.25, 9.5, 1], "rotation": 90, "texture": "#3"},
				"east": {"uv": [8.5, 0.25, 9.5, 1], "rotation": 180, "texture": "#3"},
				"south": {"uv": [8.75, 0.25, 9.5, 1], "rotation": 90, "texture": "#3"},
				"west": {"uv": [8.5, 0.25, 9.5, 1], "texture": "#3"},
				"up": {"uv": [8.5, 0.25, 9.5, 1], "rotation": 90, "texture": "#3"},
				"down": {"uv": [8.5, 0.25, 9.5, 1], "rotation": 90, "texture": "#3"}
			}
		},
		{
			"from": [6.7, 1.3, -0.71482],
			"to": [9.1, 2.7, 0.68518],
			"rotation": {"angle": 0, "axis": "y", "origin": [6.74302, 2.26485, -1.75785]},
			"faces": {
				"north": {"uv": [14.5, 0.75, 15.75, 1.75], "texture": "#3"},
				"east": {"uv": [14.5, 0.75, 15.75, 1.75], "texture": "#3"},
				"south": {"uv": [14.5, 0.75, 15.75, 1.75], "texture": "#3"},
				"west": {"uv": [14.5, 0.75, 15.75, 1.75], "texture": "#3"},
				"up": {"uv": [14.5, 0, 15.75, 1], "rotation": 180, "texture": "#3"},
				"down": {"uv": [14.5, 0.75, 15.75, 1.75], "texture": "#3"}
			}
		},
		{
			"from": [6.36768, 1, 1.80254],
			"to": [7.16768, 2.8, 5.60254],
			"rotation": {"angle": 22.5, "axis": "y", "origin": [6.50518, 2, 4.20254]},
			"faces": {
				"north": {"uv": [14.75, 0.25, 15.65, 0.65], "rotation": 270, "texture": "#3"},
				"east": {"uv": [14.5, 0, 15.5, 2], "rotation": 90, "texture": "#3"},
				"south": {"uv": [14.5, 0, 15.5, 2], "rotation": 270, "texture": "#3"},
				"west": {"uv": [14.5, 0, 15.5, 2], "rotation": 270, "texture": "#3"},
				"up": {"uv": [15.25, 0, 15.75, 2], "texture": "#3"},
				"down": {"uv": [15, 0.5, 15.5, 2.5], "rotation": 180, "texture": "#3"}
			}
		},
		{
			"from": [8.83232, 1, 1.80254],
			"to": [9.63232, 2.8, 5.60254],
			"rotation": {"angle": -22.5, "axis": "y", "origin": [9.49482, 2, 4.20254]},
			"faces": {
				"north": {"uv": [14.75, 0.65, 15.65, 0.25], "rotation": 270, "texture": "#3"},
				"east": {"uv": [14.5, 2, 15.5, 0], "rotation": 270, "texture": "#3"},
				"south": {"uv": [14.5, 2, 15.5, 0], "rotation": 270, "texture": "#3"},
				"west": {"uv": [14.5, 2, 15.5, 0], "rotation": 90, "texture": "#3"},
				"up": {"uv": [15.75, 0, 15.25, 2], "texture": "#3"},
				"down": {"uv": [15.5, 0.5, 15, 2.5], "rotation": 180, "texture": "#3"}
			}
		},
		{
			"from": [6.8622, 1.01169, 5.25156],
			"to": [7.6422, 2.79169, 8.03156],
			"rotation": {"angle": 0, "axis": "y", "origin": [7.25877, 1.90632, 3.6353]},
			"faces": {
				"north": {"uv": [14.75, 0, 15.75, 1.5], "rotation": 90, "texture": "#3"},
				"east": {"uv": [14.75, 0, 15.75, 1.5], "rotation": 270, "texture": "#3"},
				"south": {"uv": [15, 0, 15.5, 1.5], "texture": "#3"},
				"west": {"uv": [14.75, 0, 15.75, 1.5], "rotation": 90, "texture": "#3"},
				"up": {"uv": [14.75, 0, 15.25, 1.5], "rotation": 180, "texture": "#3"},
				"down": {"uv": [15.25, 0.25, 15.75, 1.75], "rotation": 180, "texture": "#3"}
			}
		},
		{
			"from": [8.3578, 1.01169, 5.25156],
			"to": [9.1378, 2.79169, 8.03156],
			"rotation": {"angle": 0, "axis": "y", "origin": [8.74123, 1.90632, 3.6353]},
			"faces": {
				"north": {"uv": [14.75, 1.5, 15.75, 0], "rotation": 90, "texture": "#3"},
				"east": {"uv": [14.75, 1.5, 15.75, 0], "rotation": 90, "texture": "#3"},
				"south": {"uv": [15.5, 0, 15, 1.5], "texture": "#3"},
				"west": {"uv": [14.75, 1.5, 15.75, 0], "rotation": 270, "texture": "#3"},
				"up": {"uv": [15.25, 0, 14.75, 1.5], "rotation": 180, "texture": "#3"},
				"down": {"uv": [15.75, 0.25, 15.25, 1.75], "rotation": 180, "texture": "#3"}
			}
		},
		{
			"from": [6.95182, 1.00207, 8.02156],
			"to": [7.55182, 2.60207, 10.62156],
			"rotation": {"angle": 0, "axis": "y", "origin": [7.25839, 2.0067, 6.4153]},
			"faces": {
				"north": {"uv": [0, 0, 1, 2], "texture": "#3"},
				"east": {"uv": [2, 2.5, 5, 4.5], "texture": "#3"},
				"south": {"uv": [0, 0, 1, 2], "texture": "#3"},
				"west": {"uv": [1, 1, 2.5, 2], "texture": "#3"},
				"up": {"uv": [0, 0, 0.5, 1.5], "rotation": 180, "texture": "#3"},
				"down": {"uv": [0, 0, 1, 3], "rotation": 180, "texture": "#3"}
			}
		},
		{
			"from": [8.45182, 1.00207, 8.02156],
			"to": [9.05182, 2.60207, 10.62156],
			"rotation": {"angle": 0, "axis": "y", "origin": [7.25839, 2.0067, 6.4153]},
			"faces": {
				"north": {"uv": [0, 0, 1, 2], "texture": "#3"},
				"east": {"uv": [5, 0.5, 6.5, 1.5], "texture": "#3"},
				"south": {"uv": [0, 0, 1, 2], "texture": "#3"},
				"west": {"uv": [1, 1, 4, 3], "texture": "#3"},
				"up": {"uv": [0, 0, 0.5, 1.5], "rotation": 180, "texture": "#3"},
				"down": {"uv": [0, 0, 1, 3], "rotation": 180, "texture": "#3"}
			}
		},
		{
			"from": [8.76738, 0.89193, 3.61109],
			"to": [9.76738, 2.89193, 4.61109],
			"rotation": {"angle": -22.5, "axis": "y", "origin": [9.26738, 1.89193, 4.11109]},
			"faces": {
				"north": {"uv": [12.5, 5, 13, 6], "texture": "#3"},
				"east": {"uv": [12.5, 5, 13, 6], "texture": "#3"},
				"south": {"uv": [12.5, 5, 13, 6], "texture": "#3"},
				"west": {"uv": [12.5, 5, 13, 6], "texture": "#3"},
				"up": {"uv": [12.5, 5, 13, 5.5], "texture": "#3"},
				"down": {"uv": [12.5, 5, 13, 6], "texture": "#3"}
			}
		},
		{
			"from": [6.26768, 0.9, 3.70254],
			"to": [7.26768, 2.9, 4.70254],
			"rotation": {"angle": 22.5, "axis": "y", "origin": [6.50518, 2, 4.20254]},
			"faces": {
				"north": {"uv": [13.5, 4.75, 14, 5.75], "rotation": 180, "texture": "#3"},
				"east": {"uv": [13.5, 4.75, 14, 5.75], "rotation": 180, "texture": "#3"},
				"south": {"uv": [13.5, 4.75, 14, 5.75], "rotation": 180, "texture": "#3"},
				"west": {"uv": [13.5, 4.75, 14, 5.75], "rotation": 180, "texture": "#3"},
				"up": {"uv": [12.75, 5, 13.25, 5.5], "rotation": 180, "texture": "#3"},
				"down": {"uv": [13.5, 4.75, 14, 5.75], "rotation": 180, "texture": "#3"}
			}
		},
		{
			"from": [5.31419, 1.35, 0.735],
			"to": [10.71419, 2.95, 2.335],
			"rotation": {"angle": 0, "axis": "y", "origin": [5.89752, 2.85, 1.535]},
			"faces": {
				"north": {"uv": [2, 2.5, 5, 4.5], "texture": "#3"},
				"east": {"uv": [0, 0, 1, 1.6], "texture": "#3"},
				"south": {"uv": [4.5, 0, 7.5, 2], "texture": "#3"},
				"west": {"uv": [0, 0, 2, 2], "texture": "#3"},
				"up": {"uv": [0, 0, 2.9, 1], "rotation": 180, "texture": "#3"},
				"down": {"uv": [0, 0, 3, 2], "rotation": 180, "texture": "#3"}
			}
		},
		{
			"from": [12.01085, 1.46, 0.40841],
			"to": [14.39085, 2.84, 1.38841],
			"rotation": {"angle": -22.5, "axis": "y", "origin": [13.20085, 2.15, 1.09841]},
			"faces": {
				"north": {"uv": [4, 3.5, 6.5, 5], "texture": "#3"},
				"east": {"uv": [2, 1.5, 4, 1.99], "rotation": 180, "texture": "#3"},
				"south": {"uv": [0, 5.5, 2.5, 7], "rotation": 180, "texture": "#3"},
				"west": {"uv": [2, 1.5, 4, 1.99], "rotation": 180, "texture": "#3"},
				"up": {"uv": [3.5, 2, 6, 3], "texture": "#3"},
				"down": {"uv": [0.5, 2.5, 3, 3.4895], "rotation": 180, "texture": "#3"}
			}
		},
		{
			"from": [1.60915, 1.46, 0.40841],
			"to": [3.98915, 2.84, 1.38841],
			"rotation": {"angle": 22.5, "axis": "y", "origin": [2.79915, 2.15, 1.09841]},
			"faces": {
				"north": {"uv": [6.5, 3.5, 4, 5], "texture": "#3"},
				"east": {"uv": [4, 1.5, 2, 1.99], "rotation": 180, "texture": "#3"},
				"south": {"uv": [2.5, 5.5, 0, 7], "rotation": 180, "texture": "#3"},
				"west": {"uv": [4, 1.5, 2, 1.99], "rotation": 180, "texture": "#3"},
				"up": {"uv": [6, 2, 3.5, 3], "texture": "#3"},
				"down": {"uv": [3, 2.5, 0.5, 3.4895], "rotation": 180, "texture": "#3"}
			}
		},
		{
			"from": [10.31929, 1.45, 0.39841],
			"to": [12.71929, 2.85, 1.79841],
			"rotation": {"angle": 22.5, "axis": "y", "origin": [11.51929, 2.15, 1.09841]},
			"faces": {
				"north": {"uv": [4, 4, 6.5, 5.5], "texture": "#3"},
				"east": {"uv": [3.5, 2, 6.5, 3.5], "rotation": 180, "texture": "#3"},
				"south": {"uv": [0.5, 4.5, 3, 6], "texture": "#3"},
				"west": {"uv": [3.5, 2, 6.5, 3.5], "rotation": 180, "texture": "#3"},
				"up": {"uv": [3.5, 2, 6, 3.5], "rotation": 180, "texture": "#3"},
				"down": {"uv": [0, 2.5, 2.5, 4], "rotation": 180, "texture": "#3"}
			}
		},
		{
			"from": [3.28071, 1.45, 0.39841],
			"to": [5.68071, 2.85, 1.79841],
			"rotation": {"angle": -22.5, "axis": "y", "origin": [4.48071, 2.15, 1.09841]},
			"faces": {
				"north": {"uv": [6.5, 4, 4, 5.5], "texture": "#3"},
				"east": {"uv": [6.5, 2, 3.5, 3.5], "rotation": 180, "texture": "#3"},
				"south": {"uv": [3, 4.5, 0.5, 6], "texture": "#3"},
				"west": {"uv": [6.5, 2, 3.5, 3.5], "rotation": 180, "texture": "#3"},
				"up": {"uv": [6, 2, 3.5, 3.5], "rotation": 180, "texture": "#3"},
				"down": {"uv": [2.5, 2.5, 0, 4], "rotation": 180, "texture": "#3"}
			}
		},
		{
			"from": [13.75929, 1.55, 1.00427],
			"to": [14.55929, 2.75, 3.20427],
			"rotation": {"angle": 0, "axis": "y", "origin": [14.15929, 2.15, 2.10427]},
			"faces": {
				"north": {"uv": [2.5, 1.5, 3.5, 2], "rotation": 270, "texture": "#3"},
				"east": {"uv": [5.5, 2, 8, 3.5], "rotation": 180, "texture": "#3"},
				"south": {"uv": [2.5, 1.5, 3.5, 2], "rotation": 270, "texture": "#3"},
				"west": {"uv": [4.5, 3, 7, 4.5], "texture": "#3"},
				"up": {"uv": [4, 1.5, 6.5, 2.5], "rotation": 270, "texture": "#3"},
				"down": {"uv": [0, 3.5, 2.5, 4.5], "rotation": 270, "texture": "#3"}
			}
		},
		{
			"from": [1.44071, 1.55, 1.00427],
			"to": [2.24071, 2.75, 3.20427],
			"rotation": {"angle": 0, "axis": "y", "origin": [1.84071, 2.15, 2.10427]},
			"faces": {
				"north": {"uv": [2.5, 2, 3.5, 1.5], "rotation": 270, "texture": "#3"},
				"east": {"uv": [7, 3, 4.5, 4.5], "texture": "#3"},
				"south": {"uv": [2.5, 2, 3.5, 1.5], "rotation": 270, "texture": "#3"},
				"west": {"uv": [8, 2, 5.5, 3.5], "rotation": 180, "texture": "#3"},
				"up": {"uv": [4, 2.5, 6.5, 1.5], "rotation": 270, "texture": "#3"},
				"down": {"uv": [0, 4.5, 2.5, 3.5], "rotation": 270, "texture": "#3"}
			}
		},
		{
			"from": [13.84863, 1.57, 2.87567],
			"to": [16.00863, 2.73, 3.63567],
			"rotation": {"angle": -22.5, "axis": "y", "origin": [14.92863, 2.15, 3.25567]},
			"faces": {
				"north": {"uv": [5, 3.5, 7.5, 5], "texture": "#3"},
				"east": {"uv": [4.5, 3.5, 5.5, 5], "texture": "#3"},
				"south": {"uv": [5, 2.5, 2.5, 4], "rotation": 180, "texture": "#3"},
				"west": {"uv": [2.5, 2.5, 3.5, 3], "texture": "#3"},
				"up": {"uv": [3.5, 3, 6, 4], "texture": "#3"},
				"down": {"uv": [2.5, 2.5, 3.5, 3], "texture": "#3"}
			}
		},
		{
			"from": [-0.00863, 1.57, 2.87567],
			"to": [2.15137, 2.73, 3.63567],
			"rotation": {"angle": 22.5, "axis": "y", "origin": [1.07137, 2.15, 3.25567]},
			"faces": {
				"north": {"uv": [7.5, 3.5, 5, 5], "texture": "#3"},
				"east": {"uv": [3.5, 2.5, 2.5, 3], "texture": "#3"},
				"south": {"uv": [2.5, 2.5, 5, 4], "rotation": 180, "texture": "#3"},
				"west": {"uv": [5.5, 3.5, 4.5, 5], "texture": "#3"},
				"up": {"uv": [6, 3, 3.5, 4], "texture": "#3"},
				"down": {"uv": [3.5, 2.5, 2.5, 3], "texture": "#3"}
			}
		},
		{
			"from": [7, 1.2, 0.25],
			"to": [9, 2.5, 12.25],
			"rotation": {"angle": 0, "axis": "y", "origin": [8.25, 1.1, 1.75]},
			"faces": {
				"north": {"uv": [0, 0, 1, 0.65], "texture": "#3"},
				"east": {"uv": [0, 0, 6.5, 0.65], "texture": "#3"},
				"south": {"uv": [0, 0, 1, 0.65], "texture": "#3"},
				"west": {"uv": [0, 1, 6.5, 1.65], "texture": "#3"},
				"up": {"uv": [0, 0, 1, 8], "texture": "#3"},
				"down": {"uv": [0, 0, 1, 6.5], "texture": "#3"}
			}
		},
		{
			"from": [8.24, 1.24, -0.31],
			"to": [10.26, 3.26, 2.71],
			"rotation": {"angle": 0, "axis": "y", "origin": [9, 1.25, 1.45]},
			"faces": {
				"north": {"uv": [8, 5.75, 9.25, 7], "rotation": 90, "texture": "#3"},
				"east": {"uv": [8.75, 6.5, 10.75, 7.75], "texture": "#3"},
				"south": {"uv": [8.75, 5.75, 10, 7], "rotation": 90, "texture": "#3"},
				"west": {"uv": [8, 5.75, 10, 7], "rotation": 180, "texture": "#3"},
				"up": {"uv": [8, 5.75, 10, 7], "rotation": 90, "texture": "#3"},
				"down": {"uv": [8, 5.75, 10, 7], "rotation": 90, "texture": "#3"}
			}
		},
		{
			"from": [5.74, 1.24, -0.31],
			"to": [7.76, 3.26, 2.71],
			"rotation": {"angle": 0, "axis": "y", "origin": [6.5, 1.25, 1.45]},
			"faces": {
				"north": {"uv": [9, 6.5, 10.25, 7.75], "rotation": 90, "texture": "#3"},
				"east": {"uv": [8.75, 6.5, 10.75, 7.75], "texture": "#3"},
				"south": {"uv": [9.25, 6, 10.5, 7.25], "rotation": 90, "texture": "#3"},
				"west": {"uv": [8, 5.75, 10, 7], "rotation": 180, "texture": "#3"},
				"up": {"uv": [9.25, 6.25, 11.25, 7.5], "rotation": 90, "texture": "#3"},
				"down": {"uv": [8, 5.75, 10, 7], "rotation": 90, "texture": "#3"}
			}
		},
		{
			"from": [8.35, 1.25, -0.15],
			"to": [10.15, 3.05, 2.65],
			"rotation": {"angle": 0, "axis": "y", "origin": [9, 1.15, 1.25]},
			"faces": {
				"north": {"uv": [8.75, 0.25, 9.5, 1], "rotation": 90, "texture": "#3"},
				"east": {"uv": [8.5, 0.25, 9.5, 1], "rotation": 180, "texture": "#3"},
				"south": {"uv": [8.75, 0.25, 9.5, 1], "rotation": 90, "texture": "#3"},
				"west": {"uv": [8.5, 0.25, 9.5, 1], "texture": "#3"},
				"up": {"uv": [8.5, 0.25, 9.5, 1], "rotation": 90, "texture": "#3"},
				"down": {"uv": [8.5, 0.25, 9.5, 1], "rotation": 90, "texture": "#3"}
			}
		},
		{
			"from": [6.99, 0.39, 9.89],
			"to": [9.01, 1.41, 10.91],
			"rotation": {"angle": -22.5, "axis": "x", "origin": [8.03377, 0.88021, 10.58598]},
			"faces": {
				"north": {"uv": [13, 5, 13.5, 5.5], "texture": "#3"},
				"east": {"uv": [13, 5, 13.5, 5.5], "texture": "#3"},
				"south": {"uv": [13, 5, 13.5, 5.5], "texture": "#3"},
				"west": {"uv": [13, 5, 13.5, 5.5], "texture": "#3"},
				"up": {"uv": [13, 5, 13.5, 5.5], "texture": "#3"},
				"down": {"uv": [13, 5, 13.5, 5.5], "texture": "#3"}
			}
		},
		{
			"from": [7.6, 0.66981, 7.90825],
			"to": [8.4, 2.06981, 8.30825],
			"rotation": {"angle": 22.5, "axis": "x", "origin": [8.01612, -0.62583, 6.89411]},
			"faces": {
				"north": {"uv": [13, 5, 13.5, 5.5], "texture": "#3"},
				"east": {"uv": [13, 5, 13.5, 5.5], "texture": "#3"},
				"south": {"uv": [13, 5, 13.5, 5.5], "texture": "#3"},
				"west": {"uv": [13, 5, 13.5, 5.5], "texture": "#3"},
				"up": {"uv": [13, 5, 13.5, 5.5], "texture": "#3"},
				"down": {"uv": [13, 5, 13.5, 5.5], "texture": "#3"}
			}
		},
		{
			"from": [7.5, 0.7, 10.05],
			"to": [8.5, 3.7, 11.05],
			"rotation": {"angle": -22.5, "axis": "x", "origin": [8.03377, 0.38021, 15.73598]},
			"faces": {
				"north": {"uv": [0, 0, 1, 2], "texture": "#3"},
				"east": {"uv": [0, 0, 1, 2], "texture": "#3"},
				"south": {"uv": [0, 0, 1, 2], "texture": "#3"},
				"west": {"uv": [0, 0, 1, 2], "texture": "#3"},
				"up": {"uv": [0, 0, 1, 1], "texture": "#3"},
				"down": {"uv": [0, 0, 1, 1], "texture": "#3"}
			}
		},
		{
			"from": [7.5, 3.36363, 9.28676],
			"to": [8.5, 3.56363, 11.28676],
			"rotation": {"angle": -22.5, "axis": "x", "origin": [8.0166, 2.67493, 11.28335]},
			"faces": {
				"north": {"uv": [11.5, 0.5, 12, 1.25], "rotation": 180, "texture": "#3"},
				"east": {"uv": [11.5, 0.5, 12, 1.25], "rotation": 90, "texture": "#3"},
				"south": {"uv": [11.5, 0.5, 12, 1.25], "rotation": 180, "texture": "#3"},
				"west": {"uv": [11.5, 0.5, 12, 1.25], "rotation": 90, "texture": "#3"},
				"up": {"uv": [11.5, 0.5, 12, 1.25], "rotation": 180, "texture": "#3"},
				"down": {"uv": [11.5, 0.5, 12, 1.25], "rotation": 180, "texture": "#3"}
			}
		},
		{
			"from": [5.08226, 2.45, 2],
			"to": [5.33226, 2.7, 12],
			"rotation": {"angle": 45, "axis": "y", "origin": [4.79591, 2.28817, 7.76018]},
			"faces": {
				"north": {"uv": [15.75, 4.5, 16, 8], "rotation": 90, "texture": "#3"},
				"east": {"uv": [15.75, 4.5, 16, 8], "rotation": 90, "texture": "#3"},
				"south": {"uv": [15.75, 4.5, 16, 8], "rotation": 90, "texture": "#3"},
				"west": {"uv": [15.75, 4.5, 16, 8], "rotation": 90, "texture": "#3"},
				"up": {"uv": [15.75, 4.5, 16, 8], "rotation": 90, "texture": "#3"},
				"down": {"uv": [15.75, 4.5, 16, 8], "rotation": 90, "texture": "#3"}
			}
		},
		{
			"from": [11.53559, 2.4, 2.4],
			"to": [11.78559, 2.65, 12.4],
			"rotation": {"angle": -45, "axis": "y", "origin": [12.24358, 2.4948, 6.91586]},
			"faces": {
				"north": {"uv": [15.75, 4.5, 16, 8], "rotation": 90, "texture": "#3"},
				"east": {"uv": [15.75, 4.5, 16, 8], "rotation": 90, "texture": "#3"},
				"south": {"uv": [15.75, 4.5, 16, 8], "rotation": 90, "texture": "#3"},
				"west": {"uv": [15.75, 4.5, 16, 8], "rotation": 90, "texture": "#3"},
				"up": {"uv": [15.75, 4.5, 16, 8], "rotation": 90, "texture": "#3"},
				"down": {"uv": [15.75, 4.5, 16, 8], "rotation": 90, "texture": "#3"}
			}
		},
		{
			"from": [-0.37396, 1.88607, 2.19294],
			"to": [0.64104, 2.46607, 2.77294],
			"rotation": {"angle": 0, "axis": "y", "origin": [0.35104, 2.17607, 2.48294]},
			"faces": {
				"north": {"uv": [6.5, 8.75, 6.75, 9], "rotation": 180, "texture": "#3"},
				"east": {"uv": [6.75, 9, 6.875, 8.75], "rotation": 90, "texture": "#3"},
				"south": {"uv": [6.5, 8.75, 6.75, 8.5], "texture": "#3"},
				"west": {"uv": [4.375, 13.75, 4.5, 13.5], "rotation": 270, "texture": "#3"},
				"up": {"uv": [4.375, 13, 4.125, 13.25], "rotation": 180, "texture": "#3"},
				"down": {"uv": [6.75, 8.25, 6.5, 8.5], "texture": "#3"}
			}
		},
		{
			"from": [0.35104, 1.88607, 1.61294],
			"to": [0.93104, 2.46607, 2.33794],
			"rotation": {"angle": -22.5, "axis": "y", "origin": [0.64104, 2.17607, 2.04794]},
			"faces": {
				"north": {"uv": [6.75, 8.5, 6.875, 8.75], "rotation": 180, "texture": "#3"},
				"east": {"uv": [6.625, 9.875, 6.75, 9.5], "rotation": 90, "texture": "#3"},
				"south": {"uv": [6.75, 8.5, 6.875, 8.25], "texture": "#3"},
				"west": {"uv": [4.125, 13.625, 4.25, 13.25], "rotation": 270, "texture": "#3"},
				"up": {"uv": [5.25, 13, 5.125, 13.375], "rotation": 180, "texture": "#3"},
				"down": {"uv": [4.375, 13.25, 4.25, 13.625], "texture": "#3"}
			}
		},
		{
			"from": [-0.22896, 1.88607, 0.59794],
			"to": [0.35104, 2.46607, 1.75794],
			"rotation": {"angle": 0, "axis": "y", "origin": [0.06104, 2.17607, 1.46794]},
			"faces": {
				"north": {"uv": [4, 13.5, 4.125, 13.75], "rotation": 180, "texture": "#3"},
				"east": {"uv": [4, 13.5, 4.125, 13], "rotation": 90, "texture": "#3"},
				"south": {"uv": [6.625, 13.5, 6.75, 13.25], "texture": "#3"},
				"west": {"uv": [6.25, 13.25, 6.375, 12.75], "rotation": 270, "texture": "#3"},
				"up": {"uv": [4.625, 11.25, 4.5, 11.75], "rotation": 180, "texture": "#3"},
				"down": {"uv": [6.5, 12.5, 6.375, 13], "texture": "#3"}
			}
		},
		{
			"from": [-1.09896, 1.88607, 1.46794],
			"to": [0.06104, 2.46607, 2.04794],
			"rotation": {"angle": 0, "axis": "y", "origin": [-0.22896, 2.17607, 1.75794]},
			"faces": {
				"north": {"uv": [6.375, 12.25, 6.625, 12.5], "rotation": 180, "texture": "#3"},
				"east": {"uv": [6.625, 13.25, 6.75, 13], "rotation": 90, "texture": "#3"},
				"south": {"uv": [6.375, 12.25, 6.625, 12], "texture": "#3"},
				"west": {"uv": [6.5, 13.5, 6.625, 13.25], "rotation": 270, "texture": "#3"},
				"up": {"uv": [5.125, 11.75, 4.875, 12], "rotation": 180, "texture": "#3"},
				"down": {"uv": [6.25, 12.75, 6, 13], "texture": "#3"}
			}
		},
		{
			"from": [-2.4685, 1.87248, 3.29058],
			"to": [-0.5835, 2.47967, 3.87058],
			"rotation": {"angle": -45, "axis": "y", "origin": [1.70895, 2.18967, 4.00242]},
			"faces": {
				"north": {"uv": [4.875, 12.75, 5.25, 13], "rotation": 180, "texture": "#3"},
				"east": {"uv": [6.375, 13.5, 6.5, 13.25], "rotation": 90, "texture": "#3"},
				"south": {"uv": [6.375, 9.5, 6.75, 9.25], "texture": "#3"},
				"west": {"uv": [6.25, 13.5, 6.375, 13.25], "rotation": 270, "texture": "#3"},
				"up": {"uv": [6.125, 11, 5.75, 11.25], "rotation": 180, "texture": "#3"},
				"down": {"uv": [6.75, 9, 6.375, 9.25], "texture": "#3"}
			}
		},
		{
			"from": [0.68737, 1.87814, 1.65621],
			"to": [1.26737, 2.474, 3.39621],
			"rotation": {"angle": 22.5, "axis": "y", "origin": [1.487, 2.184, 3.46657]},
			"faces": {
				"north": {"uv": [6.625, 12.25, 6.75, 12.5], "rotation": 180, "texture": "#3"},
				"east": {"uv": [4.75, 13.5, 4.875, 12.75], "rotation": 90, "texture": "#3"},
				"south": {"uv": [6.125, 13.5, 6.25, 13.25], "texture": "#3"},
				"west": {"uv": [4.5, 13.5, 4.625, 12.75], "rotation": 270, "texture": "#3"},
				"up": {"uv": [6.5, 8.25, 6.375, 9], "rotation": 180, "texture": "#3"},
				"down": {"uv": [4.75, 12.75, 4.625, 13.5], "texture": "#3"}
			}
		},
		{
			"from": [15.35896, 1.88607, 2.19294],
			"to": [16.37396, 2.46607, 2.77294],
			"rotation": {"angle": 0, "axis": "y", "origin": [15.64896, 2.17607, 2.48294]},
			"faces": {
				"north": {"uv": [6.75, 8.75, 6.5, 9], "rotation": 180, "texture": "#3"},
				"east": {"uv": [4.375, 13.5, 4.5, 13.75], "rotation": 270, "texture": "#3"},
				"south": {"uv": [6.75, 8.75, 6.5, 8.5], "texture": "#3"},
				"west": {"uv": [6.75, 8.75, 6.875, 9], "rotation": 90, "texture": "#3"},
				"up": {"uv": [4.125, 13, 4.375, 13.25], "rotation": 180, "texture": "#3"},
				"down": {"uv": [6.5, 8.25, 6.75, 8.5], "texture": "#3"}
			}
		},
		{
			"from": [15.06896, 1.88607, 1.61294],
			"to": [15.64896, 2.46607, 2.33794],
			"rotation": {"angle": 22.5, "axis": "y", "origin": [15.35896, 2.17607, 2.04794]},
			"faces": {
				"north": {"uv": [6.875, 8.5, 6.75, 8.75], "rotation": 180, "texture": "#3"},
				"east": {"uv": [4.125, 13.25, 4.25, 13.625], "rotation": 270, "texture": "#3"},
				"south": {"uv": [6.875, 8.5, 6.75, 8.25], "texture": "#3"},
				"west": {"uv": [6.625, 9.5, 6.75, 9.875], "rotation": 90, "texture": "#3"},
				"up": {"uv": [5.125, 13, 5.25, 13.375], "rotation": 180, "texture": "#3"},
				"down": {"uv": [4.25, 13.25, 4.375, 13.625], "texture": "#3"}
			}
		},
		{
			"from": [15.64896, 1.88607, 0.59794],
			"to": [16.22896, 2.46607, 1.75794],
			"rotation": {"angle": 0, "axis": "y", "origin": [15.93896, 2.17607, 1.46794]},
			"faces": {
				"north": {"uv": [4.125, 13.5, 4, 13.75], "rotation": 180, "texture": "#3"},
				"east": {"uv": [6.25, 12.75, 6.375, 13.25], "rotation": 270, "texture": "#3"},
				"south": {"uv": [6.75, 13.5, 6.625, 13.25], "texture": "#3"},
				"west": {"uv": [4, 13, 4.125, 13.5], "rotation": 90, "texture": "#3"},
				"up": {"uv": [4.5, 11.25, 4.625, 11.75], "rotation": 180, "texture": "#3"},
				"down": {"uv": [6.375, 12.5, 6.5, 13], "texture": "#3"}
			}
		},
		{
			"from": [15.93896, 1.88607, 1.46794],
			"to": [17.09896, 2.46607, 2.04794],
			"rotation": {"angle": 0, "axis": "y", "origin": [16.22896, 2.17607, 1.75794]},
			"faces": {
				"north": {"uv": [6.625, 12.25, 6.375, 12.5], "rotation": 180, "texture": "#3"},
				"east": {"uv": [6.5, 13.25, 6.625, 13.5], "rotation": 270, "texture": "#3"},
				"south": {"uv": [6.625, 12.25, 6.375, 12], "texture": "#3"},
				"west": {"uv": [6.625, 13, 6.75, 13.25], "rotation": 90, "texture": "#3"},
				"up": {"uv": [4.875, 11.75, 5.125, 12], "rotation": 180, "texture": "#3"},
				"down": {"uv": [6, 12.75, 6.25, 13], "texture": "#3"}
			}
		},
		{
			"from": [16.5835, 1.87248, 3.29058],
			"to": [18.4685, 2.47967, 3.87058],
			"rotation": {"angle": 45, "axis": "y", "origin": [14.29105, 2.18967, 4.00242]},
			"faces": {
				"north": {"uv": [5.25, 12.75, 4.875, 13], "rotation": 180, "texture": "#3"},
				"east": {"uv": [6.25, 13.25, 6.375, 13.5], "rotation": 270, "texture": "#3"},
				"south": {"uv": [6.75, 9.5, 6.375, 9.25], "texture": "#3"},
				"west": {"uv": [6.375, 13.25, 6.5, 13.5], "rotation": 90, "texture": "#3"},
				"up": {"uv": [5.75, 11, 6.125, 11.25], "rotation": 180, "texture": "#3"},
				"down": {"uv": [6.375, 9, 6.75, 9.25], "texture": "#3"}
			}
		},
		{
			"from": [14.73263, 1.87814, 1.65621],
			"to": [15.31263, 2.474, 3.39621],
			"rotation": {"angle": -22.5, "axis": "y", "origin": [14.513, 2.184, 3.46657]},
			"faces": {
				"north": {"uv": [6.75, 12.25, 6.625, 12.5], "rotation": 180, "texture": "#3"},
				"east": {"uv": [4.5, 12.75, 4.625, 13.5], "rotation": 270, "texture": "#3"},
				"south": {"uv": [6.25, 13.5, 6.125, 13.25], "texture": "#3"},
				"west": {"uv": [4.75, 12.75, 4.875, 13.5], "rotation": 90, "texture": "#3"},
				"up": {"uv": [6.375, 8.25, 6.5, 9], "rotation": 180, "texture": "#3"},
				"down": {"uv": [4.625, 12.75, 4.75, 13.5], "texture": "#3"}
			}
		}
	],
	"display": {
		"thirdperson_righthand": {
			"translation": [0, 8.25, -0.5],
			"scale": [1.12, 1.12, 1.12]
		},
		"thirdperson_lefthand": {
			"translation": [0, 7.75, 0],
			"scale": [1.03, 1.03, 1.03]
		},
		"firstperson_righthand": {
			"translation": [-1.75, 9.75, 0.25],
			"scale": [0.95, 0.95, 0.95]
		},
		"firstperson_lefthand": {
			"translation": [-1, 8.5, 1.5],
			"scale": [0.8, 0.8, 0.8]
		},
		"ground": {
			"rotation": [-1.99, -0.24, 13.63],
			"translation": [0, 5.25, 0],
			"scale": [0.63, 0.63, 0.63]
		},
		"gui": {
			"rotation": [48.21, 38.46, 12.42],
			"translation": [2.5, 1, 0],
			"scale": [0.95, 0.95, 0.95]
		},
		"head": {
			"translation": [0, 18.75, 0]
		},
		"fixed": {
			"rotation": [0, 0, 45],
			"translation": [0, 0, -0.25],
			"scale": [0.5, 0.5, 0.5]
		}
	},
	"groups": [
		{
			"name": "group",
			"origin": [12.24358, 2.4948, 6.91586],
			"color": 0,
			"nbt": "{}",
			"armAnimationEnabled": false,
			"children": [0, 1, 2, 3, 4, 5, 6, 7, 8, 9, 10, 11, 12, 13, 14, 15, 16, 17, 18, 19, 20, 21, 22, 23, 24, 25, 26, 27, 28, 29, 30, 31, 32, 33, 34, 35, 36, 37, 38, 39, 40]
		}
	]
}