{
	"credit": "MadewithBlockbench",
	"texture_size": [24, 24],
	"textures": {
		"1": "item/haloween/key",
		"particle": "item/haloween/key"
	},
	"elements": [
		{
			"from": [7.025, 2.075, 6.75],
			"to": [8.975, 4.325, 9],
			"rotation": {"angle": -45, "axis": "x", "origin": [8, 3.325, 8]},
			"faces": {
				"north": {"uv": [2.66667, 8, 4, 9.66667], "texture": "#1"},
				"east": {"uv": [5.33333, 5.33333, 7, 7], "texture": "#1"},
				"south": {"uv": [8, 2.66667, 9.33333, 4.33333], "texture": "#1"},
				"west": {"uv": [5.33333, 7.33333, 7, 9], "texture": "#1"},
				"up": {"uv": [5.33333, 9.66667, 4, 8], "texture": "#1"},
				"down": {"uv": [8.66667, 8, 7.33333, 9.66667], "texture": "#1"}
			}
		},
		{
			"from": [7.25, 2.5, 7.25],
			"to": [8.75, 6, 8.75],
			"rotation": {"angle": 0, "axis": "y", "origin": [8, -0.5, 8]},
			"faces": {
				"north": {"uv": [7.33333, 5.33333, 8.33333, 7.66667], "texture": "#1"},
				"east": {"uv": [0, 8, 1, 10.33333], "texture": "#1"},
				"south": {"uv": [8, 0, 9, 2.33333], "texture": "#1"},
				"west": {"uv": [1.33333, 8, 2.33333, 10.33333], "texture": "#1"},
				"up": {"uv": [11, 5, 10, 4], "texture": "#1"},
				"down": {"uv": [11, 5.33333, 10, 6.33333], "texture": "#1"}
			}
		},
		{
			"from": [7, 5.9, 7],
			"to": [9, 7.4, 9],
			"rotation": {"angle": 0, "axis": "y", "origin": [8, 7.4, 8]},
			"faces": {
				"north": {"uv": [9.33333, 2.66667, 10.66667, 3.66667], "texture": "#1"},
				"east": {"uv": [5.33333, 9.33333, 6.66667, 10.33333], "texture": "#1"},
				"south": {"uv": [2.66667, 10, 4, 11], "texture": "#1"},
				"west": {"uv": [4, 10, 5.33333, 11], "texture": "#1"},
				"up": {"uv": [10, 6, 8.66667, 4.66667], "texture": "#1"},
				"down": {"uv": [10, 6, 8.66667, 7.33333], "texture": "#1"}
			}
		},
		{
			"from": [7, 3.8, 7],
			"to": [9, 4.8, 9],
			"rotation": {"angle": 0, "axis": "y", "origin": [8, 8.9, 8]},
			"faces": {
				"north": {"uv": [6.66667, 10, 8, 10.66667], "texture": "#1"},
				"east": {"uv": [10, 6.66667, 11.33333, 7.33333], "texture": "#1"},
				"south": {"uv": [10, 7.33333, 11.33333, 8], "texture": "#1"},
				"west": {"uv": [8, 10, 9.33333, 10.66667], "texture": "#1"},
				"up": {"uv": [10, 8.66667, 8.66667, 7.33333], "texture": "#1"},
				"down": {"uv": [10, 8.66667, 8.66667, 10], "texture": "#1"}
			}
		},
		{
			"from": [6.13, 7.355, 5.88],
			"to": [9.87, 8.545, 10.12],
			"rotation": {"angle": 0, "axis": "y", "origin": [8, -1.8, 8]},
			"faces": {
				"north": {"uv": [9.33333, 1.33333, 11.66667, 2], "texture": "#1"},
				"east": {"uv": [9.33333, 0, 12, 0.66667], "texture": "#1"},
				"south": {"uv": [9.33333, 2, 11.66667, 2.66667], "texture": "#1"},
				"west": {"uv": [9.33333, 0.66667, 12, 1.33333], "texture": "#1"},
				"up": {"uv": [2.33333, 2.66667, 0, 0], "texture": "#1"},
				"down": {"uv": [2.33333, 2.66667, 0, 5.33333], "texture": "#1"}
			}
		},
		{
			"from": [6.344, 8.419, 6.319],
			"to": [9.656, 11.731, 9.631],
			"rotation": {"angle": 0, "axis": "y", "origin": [8, -1.8, 8]},
			"faces": {
				"north": {"uv": [2.66667, 0, 5, 2.33333], "texture": "#1"},
				"east": {"uv": [2.66667, 2.66667, 5, 5], "texture": "#1"},
				"south": {"uv": [0, 5.33333, 2.33333, 7.66667], "texture": "#1"},
				"west": {"uv": [5.33333, 0, 7.66667, 2.33333], "texture": "#1"},
				"up": {"uv": [5, 7.66667, 2.66667, 5.33333], "texture": "#1"},
				"down": {"uv": [7.66667, 2.66667, 5.33333, 5], "texture": "#1"}
			}
		}
	],
	"gui_light": "front",
	"display": {
		"thirdperson_righthand": {
			"rotation": [149.75, 0, 0],
			"translation": [0, 1.25, -0.25]
		},
		"thirdperson_lefthand": {
			"rotation": [149.75, 0, 0],
			"translation": [0, 1.25, -0.25]
		},
		"firstperson_righthand": {
			"rotation": [123.25, 0, 0],
			"translation": [0, 0.5, 0]
		},
		"firstperson_lefthand": {
			"rotation": [123.25, 0, 0],
			"translation": [0, 0.5, 0]
		},
		"ground": {
			"rotation": [0, 0, 49],
			"translation": [1, 1.5, 0],
			"scale": [0.42, 0.42, 0.42]
		},
		"gui": {
			"rotation": [95, -43, -90],
			"translation": [1, -1.5, -1.25],
			"scale": [1.25, 1.25, 1.25]
		},
		"fixed": {
			"rotation": [90, 49, -90],
			"translation": [1, -0.25, -1.25],
			"scale": [1.03, 1.03, 1.03]
		}
	},
	"groups": [
		{
			"name": "group",
			"origin": [8, -1.8, 8],
			"color": 0,
			"nbt": "{}",
			"armAnimationEnabled": false,
			"children": [0, 1, 2, 3, 4, 5]
		}
	]
}