{"custom_model_data": 00001,
"credit":"Made by PolygonMC","textures":{"1":"littlesharkset:animations/animations_2","2":"littlesharkset:axe","particle":"littlesharkset:animations/animations_2"},"elements":[{"from":[7.5,0,7.5],"to":[8.5,1,8.5],"rotation":{"angle":-45,"axis":"x","origin":[8,0.5,8]},"faces":{"north":{"uv":[8.5,5.5,9,6],"texture":"#2"},"east":{"uv":[9.5,4,10,4.5],"texture":"#2"},"south":{"uv":[11,6.5,11.5,7],"texture":"#2"},"west":{"uv":[7,11,7.5,11.5],"texture":"#2"},"up":{"uv":[11.5,7.5,11,7],"texture":"#2"},"down":{"uv":[8,11,7.5,11.5],"texture":"#2"}}},{"from":[7.55,0.75,7.55],"to":[8.45,1.75,8.45],"rotation":{"angle":0,"axis":"y","origin":[7.5,0,7.5]},"faces":{"north":{"uv":[11,7.5,11.5,8],"texture":"#2"},"east":{"uv":[8,11,8.5,11.5],"texture":"#2"},"south":{"uv":[11,8,11.5,8.5],"texture":"#2"},"west":{"uv":[11,8.5,11.5,9],"texture":"#2"}}},{"from":[7.55,4.25,7.55],"to":[8.45,5.25,8.45],"rotation":{"angle":0,"axis":"y","origin":[7.5,0,7.5]},"faces":{"north":{"uv":[11,9,11.5,9.5],"texture":"#2"},"east":{"uv":[11,9.5,11.5,10],"texture":"#2"},"south":{"uv":[11,10,11.5,10.5],"texture":"#2"},"west":{"uv":[11,10.5,11.5,11],"texture":"#2"}}},{"from":[7.55,13.20711,7.55],"to":[8.45,14.20711,8.45],"rotation":{"angle":0,"axis":"y","origin":[7.5,-0.04289,7.5]},"faces":{"north":{"uv":[11,11,11.5,11.5],"texture":"#2"},"east":{"uv":[11.5,0,12,0.5],"texture":"#2"},"south":{"uv":[11.5,0.5,12,1],"texture":"#2"},"west":{"uv":[11.5,1,12,1.5],"texture":"#2"}}},{"from":[7.55,6.20711,7.55],"to":[8.45,7.20711,8.45],"rotation":{"angle":0,"axis":"y","origin":[7.5,-0.04289,7.5]},"faces":{"north":{"uv":[1.5,11.5,2,12],"texture":"#2"},"east":{"uv":[11.5,1.5,12,2],"texture":"#2"},"south":{"uv":[2,11.5,2.5,12],"texture":"#2"},"west":{"uv":[2.5,11.5,3,12],"texture":"#2"}}},{"from":[7.6,2.25,7.6],"to":[8.4,3.75,8.4],"rotation":{"angle":0,"axis":"y","origin":[7.5,0,7.5]},"faces":{"north":{"uv":[9,10.5,9.5,11.25],"texture":"#2"},"east":{"uv":[9.5,10.5,10,11.25],"texture":"#2"},"south":{"uv":[10.5,9.5,11,10.25],"texture":"#2"},"west":{"uv":[10,10.5,10.5,11.25],"texture":"#2"}}},{"from":[7.5,1.75,7.5],"to":[8.5,2.25,8.5],"rotation":{"angle":0,"axis":"y","origin":[7.5,1.75,7.5]},"faces":{"north":{"uv":[2.5,12,3,12.25],"texture":"#2"},"east":{"uv":[3,12,3.5,12.25],"texture":"#2"},"south":{"uv":[12,3,12.5,3.25],"texture":"#2"},"west":{"uv":[3.5,12,4,12.25],"texture":"#2"},"up":{"uv":[3.5,12,3,11.5],"texture":"#2"},"down":{"uv":[12,3.5,11.5,4],"texture":"#2"}}},{"from":[7.5,3.75,7.5],"to":[8.5,4.25,8.5],"rotation":{"angle":0,"axis":"y","origin":[7.5,1.75,7.5]},"faces":{"north":{"uv":[12,3.5,12.5,3.75],"texture":"#2"},"east":{"uv":[4,12,4.5,12.25],"texture":"#2"},"south":{"uv":[12,4,12.5,4.25],"texture":"#2"},"west":{"uv":[4.5,12,5,12.25],"texture":"#2"},"up":{"uv":[4.5,12,4,11.5],"texture":"#2"},"down":{"uv":[12,4,11.5,4.5],"texture":"#2"}}},{"from":[7.45,5,7.5],"to":[8.55,6.5,9],"rotation":{"angle":45,"axis":"x","origin":[8,6,8]},"faces":{"north":{"uv":[10.5,10.5,11,11.25],"texture":"#2"},"east":{"uv":[10,4,10.75,4.75],"texture":"#2"},"south":{"uv":[0,11,0.5,11.75],"texture":"#2"},"west":{"uv":[4.5,10,5.25,10.75],"texture":"#2"},"up":{"uv":[1,11.75,0.5,11],"texture":"#2"},"down":{"uv":[1.5,11,1,11.75],"texture":"#2"}}},{"from":[7.25,5.2,7.7],"to":[8.75,6.3,8.8],"rotation":{"angle":45,"axis":"x","origin":[8,6,8]},"faces":{"north":{"uv":[10,6,10.75,6.5],"texture":"#2"},"east":{"uv":[4.5,11.5,5,12],"texture":"#2"},"south":{"uv":[1.5,11,2.25,11.5],"texture":"#2"},"west":{"uv":[5,11.5,5.5,12],"texture":"#2"},"up":{"uv":[11.75,2.5,11,2],"texture":"#2"},"down":{"uv":[3.25,11,2.5,11.5],"texture":"#2"}}},{"from":[7.975,-1.75,6],"to":[8.025,0.75,10],"rotation":{"angle":0,"axis":"y","origin":[7.975,-1.25,6]},"faces":{"east":{"uv":[15,0,13,1.25],"texture":"#2"},"west":{"uv":[13,0,15,1.25],"texture":"#2"}}},{"from":[6.75,15,5],"to":[9.25,17.5,7],"rotation":{"angle":0,"axis":"y","origin":[7,15.25,4.5]},"faces":{"north":{"uv":[6,6,7.25,7.25],"texture":"#2"},"east":{"uv":[8,0,9,1.25],"texture":"#2"},"south":{"uv":[6.5,0,7.75,1.25],"texture":"#2"},"west":{"uv":[8.5,3,9.5,4.25],"texture":"#2"},"up":{"uv":[9.75,5.5,8.5,4.5],"texture":"#2"},"down":{"uv":[1.25,9,0,10],"texture":"#2"}}},{"from":[6.875,15,3.4],"to":[9.125,16.25,5],"rotation":{"angle":0,"axis":"y","origin":[7,15.25,5]},"faces":{"north":{"uv":[7.5,9,8.75,9.75],"texture":"#2"},"east":{"uv":[10,5,10.75,5.75],"texture":"#2"},"south":{"uv":[9,7.5,10.25,8.25],"texture":"#2"},"west":{"uv":[5.5,10,6.25,10.75],"texture":"#2"},"up":{"uv":[10.25,9.25,9,8.5],"texture":"#2"},"down":{"uv":[10.75,3,9.5,3.75],"texture":"#2"}}},{"from":[6.755,15.82874,2.88216],"to":[9.245,17.07874,5.38216],"rotation":{"angle":-22.5,"axis":"x","origin":[8.005,16.32874,4.13216]},"faces":{"north":{"uv":[9,9.5,10.25,10.25],"texture":"#2"},"east":{"uv":[0,10,1.25,10.75],"texture":"#2"},"south":{"uv":[10,0,11.25,0.75],"texture":"#2"},"west":{"uv":[10,1,11.25,1.75],"texture":"#2"},"up":{"uv":[8.25,4.25,7,3],"texture":"#2"},"down":{"uv":[8.25,4.5,7,5.75],"texture":"#2"}}},{"from":[6.755,15.32874,2.88216],"to":[6.755,15.82874,5.38216],"rotation":{"angle":-22.5,"axis":"x","origin":[8.005,16.32874,4.13216]},"faces":{"east":{"uv":[4,11,5.25,11.25],"texture":"#2"},"west":{"uv":[11,4.5,12.25,4.75],"texture":"#2"}}},{"from":[9.245,15.32874,2.88216],"to":[9.245,15.82874,5.38216],"rotation":{"angle":-22.5,"axis":"x","origin":[7.995,16.32874,4.13216]},"faces":{"east":{"uv":[11,5,12.25,5.25],"texture":"#2"},"west":{"uv":[5.5,11,6.75,11.25],"texture":"#2"}}},{"from":[6.755,14.90747,3.26433],"to":[9.245,15.40747,3.26433],"rotation":{"angle":-22.5,"axis":"x","origin":[8.005,15.15747,3.26433]},"faces":{"north":{"uv":[11,5.5,12.25,5.75],"texture":"#2"},"south":{"uv":[11,6,12.25,6.25],"texture":"#2"}}},{"from":[6.5,14.15,6.3],"to":[9.5,17.15,9.3],"rotation":{"angle":22.5,"axis":"x","origin":[8,15.65,7.8]},"faces":{"north":{"uv":[13.5,2,15,3.5],"texture":"#2"},"east":{"uv":[13.5,3.5,15,5],"texture":"#2"},"south":{"uv":[13.5,5,15,6.5],"texture":"#2"},"west":{"uv":[12.75,6.75,14.25,8.25],"texture":"#2"},"up":{"uv":[15.75,8.25,14.25,6.75],"texture":"#2"},"down":{"uv":[7.5,1.5,6,3],"texture":"#2"}}},{"from":[5.175,15.16903,6.70433],"to":[6.675,15.66903,8.70433],"rotation":{"angle":22.5,"axis":"z","origin":[5.925,15.41903,7.70433]},"faces":{"north":{"uv":[11,11.5,11.75,11.75],"texture":"#2"},"east":{"uv":[5.5,11.5,6.5,11.75],"texture":"#2"},"south":{"uv":[0,12,0.75,12.25],"texture":"#2"},"west":{"uv":[6.5,11.5,7.5,11.75],"texture":"#2"},"up":{"uv":[2.25,11,1.5,10],"texture":"#2"},"down":{"uv":[10.75,2,10,3],"texture":"#2"}}},{"from":[5.83,13.69166,10.13909],"to":[6.83,14.69166,10.63909],"rotation":{"angle":-22.5,"axis":"x","origin":[6.33,13.36666,9.21409]},"faces":{"north":{"uv":[11.5,6.5,12,7],"texture":"#2"},"east":{"uv":[5,12,5.25,12.5],"texture":"#2"},"south":{"uv":[11.5,7,12,7.5],"texture":"#2"},"west":{"uv":[5.5,12,5.75,12.5],"texture":"#2"},"up":{"uv":[6.5,12.25,6,12],"texture":"#2"},"down":{"uv":[7,12,6.5,12.25],"texture":"#2"}}},{"from":[9.325,15.16903,6.70433],"to":[10.825,15.66903,8.70433],"rotation":{"angle":-22.5,"axis":"z","origin":[10.075,15.41903,7.70433]},"faces":{"north":{"uv":[11.75,11.5,11,11.75],"texture":"#2"},"east":{"uv":[7.5,11.5,6.5,11.75],"texture":"#2"},"south":{"uv":[0.75,12,0,12.25],"texture":"#2"},"west":{"uv":[6.5,11.5,5.5,11.75],"texture":"#2"},"up":{"uv":[1.5,11,2.25,10],"texture":"#2"},"down":{"uv":[10,2,10.75,3],"texture":"#2"}}},{"from":[9.17,13.69166,10.13909],"to":[10.17,14.69166,10.63909],"rotation":{"angle":-22.5,"axis":"x","origin":[9.67,13.36666,9.21409]},"faces":{"north":{"uv":[12,6.5,11.5,7],"texture":"#2"},"east":{"uv":[5.75,12,5.5,12.5],"texture":"#2"},"south":{"uv":[12,7,11.5,7.5],"texture":"#2"},"west":{"uv":[5.25,12,5,12.5],"texture":"#2"},"up":{"uv":[6,12.25,6.5,12],"texture":"#2"},"down":{"uv":[6.5,12,7,12.25],"texture":"#2"}}},{"from":[6.83,13.08502,8.63209],"to":[9.17,15.42502,10.97209],"rotation":{"angle":45,"axis":"x","origin":[8,14.65502,10.20209]},"faces":{"north":{"uv":[0,7.5,1.25,8.75],"texture":"#2"},"east":{"uv":[1.5,7.5,2.75,8.75],"texture":"#2"},"south":{"uv":[7.5,1.5,8.75,2.75],"texture":"#2"},"west":{"uv":[6,7.5,7.25,8.75],"texture":"#2"},"up":{"uv":[8.75,7.25,7.5,6],"texture":"#2"},"down":{"uv":[8.75,7.5,7.5,8.75],"texture":"#2"}}},{"from":[7.0406,12.39194,9.82343],"to":[8.9594,14.31074,11.74223],"rotation":{"angle":-22.5,"axis":"x","origin":[8,13.12634,10.65783]},"faces":{"north":{"uv":[9,0,10,1],"texture":"#2"},"east":{"uv":[9,1,10,2],"texture":"#2"},"south":{"uv":[1.5,9,2.5,10],"texture":"#2"},"west":{"uv":[9,2,10,3],"texture":"#2"},"up":{"uv":[3.5,10,2.5,9],"texture":"#2"},"down":{"uv":[4.5,9,3.5,10],"texture":"#2"}}},{"from":[7.75,16.4597,8.05671],"to":[8.25,18.4597,10.05671],"rotation":{"angle":45,"axis":"x","origin":[8,17.9597,8.75671]},"faces":{"north":{"uv":[7.5,11.5,7.75,12.5],"texture":"#2"},"east":{"uv":[4.5,9,5.5,10],"texture":"#2"},"south":{"uv":[11.5,7.5,11.75,8.5],"texture":"#2"},"west":{"uv":[5.5,9,6.5,10],"texture":"#2"},"up":{"uv":[8.25,12.5,8,11.5],"texture":"#2"},"down":{"uv":[11.75,8.5,11.5,9.5],"texture":"#2"}}},{"from":[7.75,11.8817,11.1526],"to":[8.25,13.8817,13.1526],"rotation":{"angle":0,"axis":"x","origin":[8,13.3817,12.3276]},"faces":{"north":{"uv":[9,11.5,9.25,12.5],"texture":"#2"},"east":{"uv":[9,5.5,10,6.5],"texture":"#2"},"south":{"uv":[9.5,11.5,9.75,12.5],"texture":"#2"},"west":{"uv":[6.5,9,7.5,10],"texture":"#2"},"up":{"uv":[11.75,10.5,11.5,9.5],"texture":"#2"},"down":{"uv":[10.25,11.5,10,12.5],"texture":"#2"}}},{"from":[7.775,10.8817,8.6776],"to":[8.225,12.3817,10.4276],"rotation":{"angle":-45,"axis":"x","origin":[8,12.8817,9.3276]},"faces":{"north":{"uv":[12,0,12.25,0.75],"texture":"#2"},"east":{"uv":[2.5,10,3.5,10.75],"texture":"#2"},"south":{"uv":[1,12,1.25,12.75],"texture":"#2"},"west":{"uv":[3.5,10,4.5,10.75],"texture":"#2"},"up":{"uv":[10.75,12.5,10.5,11.5],"texture":"#2"},"down":{"uv":[11.75,10.5,11.5,11.5],"texture":"#2"}}},{"from":[7.375,7.20711,7.375],"to":[8.625,13.20711,8.625],"rotation":{"angle":0,"axis":"y","origin":[7.375,6.70711,7.375]},"faces":{"north":{"uv":[12.75,8.75,13.5,11.75],"texture":"#2"},"east":{"uv":[15,8.75,15.75,11.75],"texture":"#2"},"south":{"uv":[13.5,8.75,14.25,11.75],"texture":"#2"},"west":{"uv":[14.25,8.75,15,11.75],"texture":"#2"},"up":{"uv":[7.25,10.75,6.5,10],"texture":"#2"},"down":{"uv":[8.25,10,7.5,10.75],"texture":"#2"}}},{"from":[7.75,14,3.6],"to":[8.25,15,7.6],"rotation":{"angle":0,"axis":"x","origin":[8,14.5,5.1]},"faces":{"north":{"uv":[12,6.5,12.25,7],"texture":"#2"},"east":{"uv":[9,6.5,11,7],"texture":"#2"},"south":{"uv":[7,12,7.25,12.5],"texture":"#2"},"west":{"uv":[9,7,11,7.5],"texture":"#2"},"up":{"uv":[8.75,12,8.5,10],"texture":"#2"},"down":{"uv":[10.75,7.5,10.5,9.5],"texture":"#2"}}},{"from":[7.755,14.34462,2.36746],"to":[8.245,15.34462,3.86746],"rotation":{"angle":22.5,"axis":"x","origin":[8.005,14.84462,2.86746]},"faces":{"north":{"uv":[12,7,12.25,7.5],"texture":"#2"},"east":{"uv":[11,2.5,11.75,3],"texture":"#2"},"west":{"uv":[11,3,11.75,3.5],"texture":"#2"},"up":{"uv":[12.25,1.75,12,1],"texture":"#2"},"down":{"uv":[1.75,12,1.5,12.75],"texture":"#2"}}},{"from":[7.76,14.68925,1.79344],"to":[8.24,16.18925,2.79344],"rotation":{"angle":-22.5,"axis":"x","origin":[8.01,15.68925,2.29344]},"faces":{"north":{"uv":[2,12,2.25,12.75],"texture":"#2"},"east":{"uv":[3.5,11,4,11.75],"texture":"#2"},"south":{"uv":[12,2,12.25,2.75],"texture":"#2"},"west":{"uv":[11,3.5,11.5,4.25],"texture":"#2"},"up":{"uv":[12.25,8,12,7.5],"texture":"#2"}}},{"from":[7.975,7,-1],"to":[8.025,19,8],"rotation":{"angle":0,"axis":"y","origin":[7.975,8,0]},"faces":{"east":{"uv":[4.5,0,0,6],"texture":"#2"},"west":{"uv":[0,0,4.5,6],"texture":"#2"}}},{"from":[7.5,7,-1.75],"to":[7.5,19,4.25],"rotation":{"angle":0,"axis":"y","origin":[7.5,8,-0.75]},"faces":{"west":{"uv":[0,0,6,12],"texture":"#1"}}},{"from":[8.5,7,-1.75],"to":[8.5,19,4.25],"rotation":{"angle":0,"axis":"y","origin":[8.5,8,-0.75]},"faces":{"east":{"uv":[6,0,0,12],"texture":"#1"}}}],"gui_light":"front","display":{"thirdperson_righthand":{"translation":[0,3,1]},"thirdperson_lefthand":{"translation":[0,3,1]},"firstperson_righthand":{"rotation":[-10,0,0],"translation":[0,1.75,0]},"firstperson_lefthand":{"rotation":[-10,0,0],"translation":[0,1.75,0]},"ground":{"rotation":[-40,0,0],"translation":[0,10.5,0]},"gui":{"rotation":[-90,45,90],"translation":[1.75,0,0],"scale":[0.8,0.8,0.8]},"head":{"rotation":[0,90,0]},"fixed":{"rotation":[90,-90,90],"translation":[0,-1,-1.75],"scale":[1.5,1.5,1.5]}}}