{"custom_model_data": 00003,
"credit":"Made by PolygonMC","texture_size":[24,24],"textures":{"0":"littlesharkset:backpack_2","particle":"littlesharkset:backpack_2"},"elements":[{"from":[4.5,0,6],"to":[11.5,5,11],"rotation":{"angle":0,"axis":"y","origin":[4.5,0,6]},"faces":{"north":{"uv":[0,0,4.66667,3.33333],"texture":"#0"},"east":{"uv":[9.33333,0,12.66667,3.33333],"texture":"#0"},"south":{"uv":[0,3.33333,4.66667,6.66667],"rotation":180,"texture":"#0"},"west":{"uv":[9.33333,3.33333,12.66667,6.66667],"texture":"#0"},"up":{"uv":[9.33333,3.33333,4.66667,0],"texture":"#0"},"down":{"uv":[9.33333,3.33333,4.66667,6.66667],"texture":"#0"}}},{"from":[4.5,5,6],"to":[11.5,9,10],"rotation":{"angle":0,"axis":"y","origin":[4.5,5,6]},"faces":{"north":{"uv":[0,6.66667,4.66667,9.33333],"texture":"#0"},"east":{"uv":[4.66667,9.33333,7.33333,12],"texture":"#0"},"south":{"uv":[4.66667,6.66667,9.33333,9.33333],"texture":"#0"},"west":{"uv":[9.33333,6.66667,12,9.33333],"texture":"#0"},"up":{"uv":[4.66667,12,0,9.33333],"texture":"#0"}}},{"from":[2.75,1.25,9],"to":[4.75,3.25,9.5],"rotation":{"angle":22.5,"axis":"y","origin":[2.75,1.25,9]},"faces":{"north":{"uv":[10,10.66667,11.33333,12],"texture":"#0"},"south":{"uv":[11.33333,9.33333,12.66667,10.66667],"texture":"#0"},"west":{"uv":[11.33333,11.33333,11.66667,12.66667],"texture":"#0"},"up":{"uv":[1.33333,12.33333,0,12],"texture":"#0"},"down":{"uv":[2.66667,12,1.33333,12.33333],"texture":"#0"}}},{"from":[11.25,1.25,9],"to":[13.25,3.25,9.5],"rotation":{"angle":-22.5,"axis":"y","origin":[13.25,1.25,9]},"faces":{"north":{"uv":[11.33333,10.66667,10,12],"texture":"#0"},"east":{"uv":[11.66667,11.33333,11.33333,12.66667],"texture":"#0"},"south":{"uv":[12.66667,9.33333,11.33333,10.66667],"texture":"#0"},"up":{"uv":[0,12.33333,1.33333,12],"texture":"#0"},"down":{"uv":[1.33333,12,2.66667,12.33333],"texture":"#0"}}},{"from":[6,9,8],"to":[10,10.5,8.05],"rotation":{"angle":0,"axis":"y","origin":[5.5,9,8]},"faces":{"north":{"uv":[13.33333,0,16,1],"texture":"#0"},"south":{"uv":[13.33333,0,16,1],"texture":"#0"}}},{"from":[9.5,9,5.999],"to":[11,10,5.999],"rotation":{"angle":0,"axis":"y","origin":[9.5,9,5.999]},"faces":{"north":{"uv":[11.33333,10.66667,12.33333,11.33333],"texture":"#0"},"south":{"uv":[11.33333,10.66667,12.33333,11.33333],"texture":"#0"}}},{"from":[9.5,2,2.499],"to":[11,10,2.499],"rotation":{"angle":0,"axis":"y","origin":[9.5,9,2.499]},"faces":{"north":{"uv":[7.33333,9.33333,8.33333,14.66667],"texture":"#0"},"south":{"uv":[7.33333,9.33333,8.33333,14.66667],"texture":"#0"}}},{"from":[9.5,9.999,2.499],"to":[11,9.999,5.999],"rotation":{"angle":0,"axis":"x","origin":[9.5,9.999,3.999]},"faces":{"up":{"uv":[9.66667,13,8.66667,10.66667],"texture":"#0"},"down":{"uv":[9.66667,10.66667,8.66667,13],"texture":"#0"}}},{"from":[9.5,1.999,2.499],"to":[11,1.999,5.999],"rotation":{"angle":0,"axis":"x","origin":[9.5,1.999,3.999]},"faces":{"up":{"uv":[9.66667,13,8.66667,10.66667],"texture":"#0"},"down":{"uv":[9.66667,10.66667,8.66667,13],"texture":"#0"}}},{"from":[5,2,2.499],"to":[6.5,10,2.499],"rotation":{"angle":0,"axis":"y","origin":[6.5,9,2.499]},"faces":{"north":{"uv":[8.33333,9.33333,7.33333,14.66667],"texture":"#0"},"south":{"uv":[8.33333,9.33333,7.33333,14.66667],"texture":"#0"}}},{"from":[5,9.999,2.499],"to":[6.5,9.999,5.999],"rotation":{"angle":0,"axis":"x","origin":[6.5,9.999,3.999]},"faces":{"up":{"uv":[8.66667,13,9.66667,10.66667],"texture":"#0"},"down":{"uv":[8.66667,10.66667,9.66667,13],"texture":"#0"}}},{"from":[5,9,5.999],"to":[6.5,10,5.999],"rotation":{"angle":0,"axis":"y","origin":[6.5,9,5.999]},"faces":{"north":{"uv":[12.33333,10.66667,11.33333,11.33333],"texture":"#0"},"south":{"uv":[12.33333,10.66667,11.33333,11.33333],"texture":"#0"}}},{"from":[5,1.999,2.499],"to":[6.5,1.999,5.999],"rotation":{"angle":0,"axis":"x","origin":[6.5,1.999,3.999]},"faces":{"up":{"uv":[8.66667,13,9.66667,10.66667],"texture":"#0"},"down":{"uv":[8.66667,10.66667,9.66667,13],"texture":"#0"}}},{"from":[3.25,7.75,10.025],"to":[6.25,9.75,10.025],"rotation":{"angle":22.5,"axis":"z","origin":[4.75,8.75,10.025]},"faces":{"north":{"uv":[14,1.33333,16,2.66667],"texture":"#0"},"east":{"uv":[0,0,0,1.33333],"texture":"#0"},"south":{"uv":[14,1.33333,16,2.66667],"texture":"#0"},"west":{"uv":[0,0,0,1.33333],"texture":"#0"},"up":{"uv":[0,0,2,0],"texture":"#0"},"down":{"uv":[0,0,2,0],"texture":"#0"}}}],"gui_light":"front","display":{"thirdperson_righthand":{"rotation":[-117.75,0,-180],"translation":[0,-1.5,-1]},"thirdperson_lefthand":{"rotation":[67.25,0,0],"translation":[-5.5,-6,11.75],"scale":[1.05078,1.05078,1.05078]},"firstperson_righthand":{"rotation":[-23.75,0,0],"translation":[-1.75,7.25,0]},"firstperson_lefthand":{"scale":[0,0,0]},"ground":{"rotation":[-35,0,0],"translation":[0,9.25,0]},"gui":{"rotation":[28,-40,0],"translation":[-0.75,2.75,0],"scale":[1.19922,1.19922,1.19922]},"head":{"translation":[0,-45.75,7],"scale":[1.85938,1.85938,1.85938]},"fixed":{"rotation":[-90,180,0],"translation":[0,0,-19.75],"scale":[2.45703,2.45703,2.45703]}}}