{"custom_model_data": 00012,
"credit":"Made by PolygonMC","texture_size":[32,32],"textures":{"1":"littlesharkset:animations/animations_1","3":"littlesharkset:crossbow","particle":"littlesharkset:crossbow"},"elements":[{"from":[6.75,7,9.25],"to":[9.25,9.5,11.25],"rotation":{"angle":22.5,"axis":"x","origin":[8,6.77547,11.95847]},"faces":{"north":{"uv":[5.5,5.5,6.75,6.75],"texture":"#3"},"east":{"uv":[8,8,9,9.25],"texture":"#3"},"south":{"uv":[6,0,7.25,1.25],"texture":"#3"},"west":{"uv":[0,8.5,1,9.75],"texture":"#3"},"up":{"uv":[8.75,5,7.5,4],"texture":"#3"},"down":{"uv":[2.25,8.5,1,9.5],"texture":"#3"}}},{"from":[6.875,7,7.65],"to":[9.125,8.25,9.25],"rotation":{"angle":22.5,"axis":"x","origin":[8,6.77547,11.95847]},"faces":{"north":{"uv":[1,9.5,2.25,10.25],"texture":"#3"},"east":{"uv":[10,8,10.75,8.75],"texture":"#3"},"south":{"uv":[2.5,9.5,3.75,10.25],"texture":"#3"},"west":{"uv":[9,10,9.75,10.75],"texture":"#3"},"up":{"uv":[10.75,3.75,9.5,3],"texture":"#3"},"down":{"uv":[6.25,9.5,5,10.25],"texture":"#3"}}},{"from":[6.755,9.0791,7.9988],"to":[9.245,10.3291,10.4988],"rotation":{"angle":0,"axis":"x","origin":[8,6.77547,11.95847]},"faces":{"north":{"uv":[9.5,6,10.75,6.75],"texture":"#3"},"east":{"uv":[9.5,7,10.75,7.75],"texture":"#3"},"south":{"uv":[10,1,11.25,1.75],"texture":"#3"},"west":{"uv":[10,2,11.25,2.75],"texture":"#3"},"up":{"uv":[7.25,4.75,6,3.5],"texture":"#3"},"down":{"uv":[7.75,1.5,6.5,2.75],"texture":"#3"}}},{"from":[6.755,8.5791,7.9988],"to":[6.755,9.0791,10.4988],"rotation":{"angle":0,"axis":"x","origin":[8,6.77547,11.95847]},"faces":{"east":{"uv":[11,4,12.25,4.25],"texture":"#3"},"west":{"uv":[4.5,11,5.75,11.25],"texture":"#3"}}},{"from":[9.245,8.5791,7.9988],"to":[9.245,9.0791,10.4988],"rotation":{"angle":0,"axis":"x","origin":[8,6.77547,11.95847]},"faces":{"east":{"uv":[11,4.5,12.25,4.75],"texture":"#3"},"west":{"uv":[11,5,12.25,5.25],"texture":"#3"}}},{"from":[6.755,8.57909,7.99881],"to":[9.245,9.07909,7.99881],"rotation":{"angle":0,"axis":"x","origin":[8,6.77547,11.95847]},"faces":{"north":{"uv":[11,5.5,12.25,5.75],"texture":"#3"},"south":{"uv":[11,6,12.25,6.25],"texture":"#3"}}},{"from":[6.5,6.11846,10.20836],"to":[9.5,9.11846,13.20836],"rotation":{"angle":45,"axis":"x","origin":[8,6.77547,11.95847]},"faces":{"north":{"uv":[1.5,4,3,5.5],"texture":"#3"},"east":{"uv":[3,4,4.5,5.5],"texture":"#3"},"south":{"uv":[4.5,4,6,5.5],"texture":"#3"},"west":{"uv":[0,4,1.5,5.5],"texture":"#3"},"up":{"uv":[3,7,1.5,5.5],"texture":"#3"},"down":{"uv":[4.5,5.5,3,7],"texture":"#3"}}},{"from":[5.175,7.36903,11.15433],"to":[6.675,7.86903,13.15433],"rotation":{"angle":45,"axis":"x","origin":[5.925,7.41903,11.95433]},"faces":{"north":{"uv":[11.5,1.5,12.25,1.75],"texture":"#3"},"east":{"uv":[11,6.5,12,6.75],"texture":"#3"},"south":{"uv":[2,11.5,2.75,11.75],"texture":"#3"},"west":{"uv":[7,11,8,11.25],"texture":"#3"},"up":{"uv":[8.75,10.5,8,9.5],"texture":"#3"},"down":{"uv":[0.75,10,0,11],"texture":"#3"}}},{"from":[9.325,7.36903,11.15433],"to":[10.825,7.86903,13.15433],"rotation":{"angle":45,"axis":"x","origin":[10.075,7.41903,11.95433]},"faces":{"north":{"uv":[11.5,7.5,12.25,7.75],"texture":"#3"},"east":{"uv":[0.5,11.5,1.5,11.75],"texture":"#3"},"south":{"uv":[11.5,8,12.25,8.25],"texture":"#3"},"west":{"uv":[11.5,0.5,12.5,0.75],"texture":"#3"},"up":{"uv":[10.75,6,10,5],"texture":"#3"},"down":{"uv":[7.75,10,7,11],"texture":"#3"}}},{"from":[5.83,5.22272,13.73535],"to":[6.83,6.22272,14.23535],"rotation":{"angle":0,"axis":"x","origin":[8,6.77547,11.95847]},"faces":{"north":{"uv":[6,1.5,6.5,2],"texture":"#3"},"east":{"uv":[3.5,11.5,3.75,12],"texture":"#3"},"south":{"uv":[7.5,1,8,1.5],"texture":"#3"},"west":{"uv":[7.5,11.5,7.75,12],"texture":"#3"},"up":{"uv":[12,8.75,11.5,8.5],"texture":"#3"},"down":{"uv":[12,9,11.5,9.25],"texture":"#3"}}},{"from":[9.17,5.22272,13.73535],"to":[10.17,6.22272,14.23535],"rotation":{"angle":0,"axis":"x","origin":[8,6.77547,11.95847]},"faces":{"north":{"uv":[4,8.5,4.5,9],"texture":"#3"},"east":{"uv":[11.5,9.5,11.75,10],"texture":"#3"},"south":{"uv":[5,9,5.5,9.5],"texture":"#3"},"west":{"uv":[11.5,10,11.75,10.5],"texture":"#3"},"up":{"uv":[12,10.75,11.5,10.5],"texture":"#3"},"down":{"uv":[11.5,11.5,11,11.75],"texture":"#3"}}},{"from":[6.83,4.15704,12.06656],"to":[9.17,6.49704,14.40656],"rotation":{"angle":-22.5,"axis":"x","origin":[8,6.77547,11.95847]},"faces":{"north":{"uv":[0,7,1.25,8.25],"texture":"#3"},"east":{"uv":[1.5,7,2.75,8.25],"texture":"#3"},"south":{"uv":[3,7,4.25,8.25],"texture":"#3"},"west":{"uv":[7,5,8.25,6.25],"texture":"#3"},"up":{"uv":[6.75,8.25,5.5,7],"texture":"#3"},"down":{"uv":[8.25,6.5,7,7.75],"texture":"#3"}}},{"from":[7.0406,3.3888,13.21783],"to":[8.9594,5.3076,15.13663],"rotation":{"angle":0,"axis":"x","origin":[8,6.77547,11.95847]},"faces":{"north":{"uv":[5.5,8.5,6.5,9.5],"texture":"#3"},"east":{"uv":[8.5,6,9.5,7],"texture":"#3"},"south":{"uv":[8.5,7,9.5,8],"texture":"#3"},"west":{"uv":[9,1,10,2],"texture":"#3"},"up":{"uv":[10,3,9,2],"texture":"#3"},"down":{"uv":[5,9,4,10],"texture":"#3"}}},{"from":[7.75,6.98584,13.45128],"to":[8.25,8.98584,15.45128],"rotation":{"angle":-22.5,"axis":"x","origin":[8,6.77547,11.95847]},"faces":{"north":{"uv":[11,7,11.25,8],"texture":"#3"},"east":{"uv":[9,4,10,5],"texture":"#3"},"south":{"uv":[8,11,8.25,12],"texture":"#3"},"west":{"uv":[9,8,10,9],"texture":"#3"},"up":{"uv":[11.25,9,11,8],"texture":"#3"},"down":{"uv":[8.75,11,8.5,12],"texture":"#3"}}},{"from":[7.75,3.8817,15.4026],"to":[8.25,5.8817,17.4026],"rotation":{"angle":22.5,"axis":"x","origin":[8,6.77547,11.95847]},"faces":{"north":{"uv":[9,11,9.25,12],"texture":"#3"},"east":{"uv":[9,9,10,10],"texture":"#3"},"south":{"uv":[11,9,11.25,10],"texture":"#3"},"west":{"uv":[9.5,0,10.5,1],"texture":"#3"},"up":{"uv":[9.75,12,9.5,11],"texture":"#3"},"down":{"uv":[10.25,11,10,12],"texture":"#3"}}},{"from":[7.775,2.29147,11.11427],"to":[8.225,3.79147,12.86427],"rotation":{"angle":-22.5,"axis":"x","origin":[8,6.77547,11.95847]},"faces":{"north":{"uv":[11.5,2,11.75,2.75],"texture":"#3"},"east":{"uv":[4,10,5,10.75],"texture":"#3"},"south":{"uv":[3,11.5,3.25,12.25],"texture":"#3"},"west":{"uv":[10,4,11,4.75],"texture":"#3"},"up":{"uv":[11.25,11,11,10],"texture":"#3"},"down":{"uv":[10.75,11,10.5,12],"texture":"#3"}}},{"from":[7.5,5.5,4],"to":[8.5,7,11],"rotation":{"angle":0,"axis":"y","origin":[6.5,5,9]},"faces":{"north":{"uv":[2.5,10.5,3,11.25],"texture":"#3"},"east":{"uv":[0,12.75,3.5,13.5],"texture":"#3"},"south":{"uv":[3,10.5,3.5,11.25],"texture":"#3"},"west":{"uv":[0,13.75,3.5,14.5],"texture":"#3"},"up":{"uv":[5,9,4.5,5.5],"texture":"#3"},"down":{"uv":[5.5,5.5,5,9],"texture":"#3"}}},{"from":[7.25,4,3.75],"to":[8.75,5.5,7.25],"rotation":{"angle":0,"axis":"y","origin":[6.5,5,9]},"faces":{"north":{"uv":[10,9,10.75,9.75],"texture":"#3"},"east":{"uv":[7.5,0,9.25,0.75],"texture":"#3"},"south":{"uv":[10,10,10.75,10.75],"texture":"#3"},"west":{"uv":[7.5,3,9.25,3.75],"texture":"#3"},"up":{"uv":[8.75,2.75,8,1],"texture":"#3"},"down":{"uv":[7.75,8,7,9.75],"texture":"#3"}}},{"from":[7.505,4.78307,10.52381],"to":[8.495,6.28307,13.52381],"rotation":{"angle":45,"axis":"x","origin":[8.005,5.73307,12.09881]},"faces":{"east":{"uv":[2.5,8.5,4,9.25],"texture":"#3"},"south":{"uv":[3.5,10.5,4,11.25],"texture":"#3"},"west":{"uv":[8.5,5,10,5.75],"texture":"#3"},"up":{"uv":[7,10,6.5,8.5],"texture":"#3"},"down":{"uv":[7,10,6.5,11.5],"texture":"#3"}}},{"from":[8.25,5.3,4.25],"to":[9.25,7.3,5.25],"rotation":{"angle":-45,"axis":"z","origin":[9,6.3,4.75]},"faces":{"north":{"uv":[10.5,0,11,1],"texture":"#3"},"east":{"uv":[1,10.5,1.5,11.5],"texture":"#3"},"south":{"uv":[1.5,10.5,2,11.5],"texture":"#3"},"west":{"uv":[2,10.5,2.5,11.5],"texture":"#3"},"up":{"uv":[0.5,12,0,11.5],"texture":"#3"},"down":{"uv":[12,0,11.5,0.5],"texture":"#3"}}},{"from":[8.88388,6.83033,4.255],"to":[9.88388,8.33033,5.245],"rotation":{"angle":0,"axis":"z","origin":[9.63388,7.83033,4.755]},"faces":{"north":{"uv":[6,10.5,6.5,11.25],"texture":"#3"},"east":{"uv":[11,0,11.5,0.75],"texture":"#3"},"south":{"uv":[11,3,11.5,3.75],"texture":"#3"},"west":{"uv":[4,11,4.5,11.75],"texture":"#3"},"up":{"uv":[11.5,11.5,11,11],"texture":"#3"}}},{"from":[9.88388,7.08033,4.495],"to":[11.38388,8.08033,4.995],"rotation":{"angle":0,"axis":"y","origin":[11.88388,7.08033,4.495]},"faces":{"north":{"uv":[8,10.5,8.75,11],"texture":"#3"},"east":{"uv":[11.5,11.5,11.75,12],"texture":"#3"},"south":{"uv":[0,11,0.75,11.5],"texture":"#3"},"west":{"uv":[0,12,0.25,12.5],"texture":"#3"},"up":{"uv":[7.25,11.75,6.5,11.5],"texture":"#3"},"down":{"uv":[12.25,7,11.5,7.25],"texture":"#3"}}},{"from":[11.23112,7.08033,4.76298],"to":[12.73112,8.08033,5.26298],"rotation":{"angle":-22.5,"axis":"y","origin":[11.98112,7.58033,5.01298]},"faces":{"north":{"uv":[6.5,3,7.25,3.5],"texture":"#3"},"south":{"uv":[5,10.5,5.75,11],"texture":"#3"},"up":{"uv":[5.25,11.75,4.5,11.5],"texture":"#3"},"down":{"uv":[6.25,11.5,5.5,11.75],"texture":"#3"}}},{"from":[12.37326,7.08033,5.52613],"to":[13.87326,8.08033,6.02613],"rotation":{"angle":-45,"axis":"y","origin":[13.12326,7.58033,5.77613]},"faces":{"north":{"uv":[5,3.5,5.75,4],"texture":"#3"},"east":{"uv":[11.5,11,11.75,11.5],"texture":"#3"},"south":{"uv":[6,5,6.75,5.5],"texture":"#3"},"up":{"uv":[12.25,3.25,11.5,3],"texture":"#3"},"down":{"uv":[12.25,3.5,11.5,3.75],"texture":"#3"}}},{"from":[2.12674,7.08033,5.52613],"to":[3.62674,8.08033,6.02613],"rotation":{"angle":45,"axis":"y","origin":[2.87674,7.58033,5.77613]},"faces":{"north":{"uv":[5.75,3.5,5,4],"texture":"#3"},"south":{"uv":[6.75,5,6,5.5],"texture":"#3"},"west":{"uv":[11.75,11,11.5,11.5],"texture":"#3"},"up":{"uv":[11.5,3.25,12.25,3],"texture":"#3"},"down":{"uv":[11.5,3.5,12.25,3.75],"texture":"#3"}}},{"from":[3.26888,7.08033,4.76298],"to":[4.76888,8.08033,5.26298],"rotation":{"angle":22.5,"axis":"y","origin":[4.01888,7.58033,5.01298]},"faces":{"north":{"uv":[7.25,3,6.5,3.5],"texture":"#3"},"south":{"uv":[5.75,10.5,5,11],"texture":"#3"},"up":{"uv":[4.5,11.75,5.25,11.5],"texture":"#3"},"down":{"uv":[5.5,11.5,6.25,11.75],"texture":"#3"}}},{"from":[4.61612,7.08033,4.495],"to":[6.11612,8.08033,4.995],"rotation":{"angle":0,"axis":"y","origin":[4.11612,7.08033,4.495]},"faces":{"north":{"uv":[8.75,10.5,8,11],"texture":"#3"},"east":{"uv":[0.25,12,0,12.5],"texture":"#3"},"south":{"uv":[0.75,11,0,11.5],"texture":"#3"},"west":{"uv":[11.75,11.5,11.5,12],"texture":"#3"},"up":{"uv":[6.5,11.75,7.25,11.5],"texture":"#3"},"down":{"uv":[11.5,7,12.25,7.25],"texture":"#3"}}},{"from":[6.11612,6.83033,4.255],"to":[7.11612,8.33033,5.245],"rotation":{"angle":0,"axis":"z","origin":[6.36612,7.83033,4.755]},"faces":{"north":{"uv":[6.5,10.5,6,11.25],"texture":"#3"},"east":{"uv":[4.5,11,4,11.75],"texture":"#3"},"south":{"uv":[11.5,3,11,3.75],"texture":"#3"},"west":{"uv":[11.5,0,11,0.75],"texture":"#3"},"up":{"uv":[11,11.5,11.5,11],"texture":"#3"}}},{"from":[6.75,5.3,4.25],"to":[7.75,7.3,5.25],"rotation":{"angle":45,"axis":"z","origin":[7,6.3,4.75]},"faces":{"north":{"uv":[11,0,10.5,1],"texture":"#3"},"east":{"uv":[2.5,10.5,2,11.5],"texture":"#3"},"south":{"uv":[2,10.5,1.5,11.5],"texture":"#3"},"west":{"uv":[1.5,10.5,1,11.5],"texture":"#3"},"up":{"uv":[0,12,0.5,11.5],"texture":"#3"},"down":{"uv":[11.5,0,12,0.5],"texture":"#3"}}},{"from":[7.75,6.75,9.6],"to":[8.25,7.75,10.6],"rotation":{"angle":-22.5,"axis":"x","origin":[8,7.5,10.1]},"faces":{"north":{"uv":[12,0,12.25,0.5],"texture":"#3"},"east":{"uv":[11.5,1,12,1.5],"texture":"#3"},"west":{"uv":[1.5,11.5,2,12],"texture":"#3"},"up":{"uv":[0.75,12.5,0.5,12],"texture":"#3"}}},{"from":[2.25,7.5,6.15],"to":[13.75,7.55,9.9],"rotation":{"angle":0,"axis":"y","origin":[4,7.5,6.15]},"faces":{"up":{"uv":[5.75,2,0,0],"texture":"#3"},"down":{"uv":[0,0,5.75,2],"texture":"#3"}}},{"from":[4.23,8.44555,2.04793],"to":[6.47,8.44555,11.56793],"rotation":{"angle":0,"axis":"y","origin":[5.35,8.44555,6.80793]},"faces":{"up":{"uv":[2.66667,11.33333,0,0],"texture":"#1"},"down":{"uv":[2.66667,0,0,11.33333],"texture":"#1"}}},{"from":[9.53,8.44555,2.04793],"to":[11.77,8.44555,11.56793],"rotation":{"angle":0,"axis":"y","origin":[10.65,8.44555,6.80793]},"faces":{"up":{"uv":[0,11.33333,2.66667,0],"texture":"#1"},"down":{"uv":[0,0,2.66667,11.33333],"texture":"#1"}}}],"gui_light":"front","display":{"thirdperson_righthand":{"translation":[0,2.5,-2.75]},"thirdperson_lefthand":{"translation":[0,2.5,-2.75]},"firstperson_righthand":{"rotation":[0,0,17],"translation":[-1,5.5,-2.25]},"firstperson_lefthand":{"rotation":[0,0,17],"translation":[-1,5.5,-2.25]},"ground":{"rotation":[40,0,0],"translation":[0,10.5,0]},"gui":{"rotation":[90,45,0],"translation":[-0.5,0.5,0],"scale":[1.11563,1.11563,1.11563]},"head":{"rotation":[-35,180,0]},"fixed":{"rotation":[-99.5,0,0],"translation":[0,-4,-6.5],"scale":[1.5,1.5,1.5]}}}