{"custom_model_data": 00020,
"credit":"Made by PolygonMC","texture_size":[32,32],"textures":{"1":"littlesharkset:animations/animations_4","4":"littlesharkset:hammer","particle":"littlesharkset:animations/animations_4"},"elements":[{"from":[7.5,0,7.5],"to":[8.5,1,8.5],"rotation":{"angle":-45,"axis":"x","origin":[8,0.5,8]},"faces":{"north":{"uv":[1.5,10,2,10.5],"texture":"#4"},"east":{"uv":[5,13,5.5,13.5],"texture":"#4"},"south":{"uv":[5.5,13,6,13.5],"texture":"#4"},"west":{"uv":[13,10,13.5,10.5],"texture":"#4"},"up":{"uv":[11,13.5,10.5,13],"texture":"#4"},"down":{"uv":[13.5,10.5,13,11],"texture":"#4"}}},{"from":[7.5,4.85,7.5],"to":[8.5,5.85,8.5],"rotation":{"angle":-45,"axis":"x","origin":[8,5.35,8]},"faces":{"north":{"uv":[11,13,11.5,13.5],"texture":"#4"},"east":{"uv":[13,11,13.5,11.5],"texture":"#4"},"south":{"uv":[12,13,12.5,13.5],"texture":"#4"},"west":{"uv":[13,12,13.5,12.5],"texture":"#4"},"up":{"uv":[13,13.5,12.5,13],"texture":"#4"},"down":{"uv":[13.5,12.5,13,13],"texture":"#4"}}},{"from":[7.55,0.75,7.55],"to":[8.45,1.75,8.45],"rotation":{"angle":0,"axis":"y","origin":[7.5,0,7.5]},"faces":{"north":{"uv":[13,13,13.5,13.5],"texture":"#4"},"east":{"uv":[0,13.5,0.5,14],"texture":"#4"},"south":{"uv":[13.5,0,14,0.5],"texture":"#4"},"west":{"uv":[0.5,13.5,1,14],"texture":"#4"}}},{"from":[7.55,4.25,7.55],"to":[8.45,5.25,8.45],"rotation":{"angle":0,"axis":"y","origin":[7.5,0,7.5]},"faces":{"north":{"uv":[13.5,0.5,14,1],"texture":"#4"},"east":{"uv":[13.5,1,14,1.5],"texture":"#4"},"south":{"uv":[13.5,1.5,14,2],"texture":"#4"},"west":{"uv":[3.5,13.5,4,14],"texture":"#4"}}},{"from":[7.55,5.45711,7.55],"to":[8.45,6.45711,8.45],"rotation":{"angle":0,"axis":"y","origin":[7.5,-7.79289,7.5]},"faces":{"north":{"uv":[13.5,3.5,14,4],"texture":"#4"},"east":{"uv":[4,13.5,4.5,14],"texture":"#4"},"south":{"uv":[13.5,4,14,4.5],"texture":"#4"},"west":{"uv":[4.5,13.5,5,14],"texture":"#4"}}},{"from":[7.55,12.45711,7.55],"to":[8.45,13.45711,8.45],"rotation":{"angle":0,"axis":"y","origin":[7.5,-0.79289,7.5]},"faces":{"north":{"uv":[13.5,4.5,14,5],"texture":"#4"},"east":{"uv":[5,13.5,5.5,14],"texture":"#4"},"south":{"uv":[13.5,5,14,5.5],"texture":"#4"},"west":{"uv":[5.5,13.5,6,14],"texture":"#4"}}},{"from":[7.6,2.25,7.6],"to":[8.4,3.75,8.4],"rotation":{"angle":0,"axis":"y","origin":[7.5,0,7.5]},"faces":{"north":{"uv":[11,0.5,11.5,1.25],"texture":"#4"},"east":{"uv":[9,12.5,9.5,13.25],"texture":"#4"},"south":{"uv":[9.5,12.5,10,13.25],"texture":"#4"},"west":{"uv":[10,12.5,10.5,13.25],"texture":"#4"}}},{"from":[7.5,1.75,7.5],"to":[8.5,2.25,8.5],"rotation":{"angle":0,"axis":"y","origin":[7.5,1.75,7.5]},"faces":{"north":{"uv":[4.5,14,5,14.25],"texture":"#4"},"east":{"uv":[5,14,5.5,14.25],"texture":"#4"},"south":{"uv":[14,5,14.5,5.25],"texture":"#4"},"west":{"uv":[5.5,14,6,14.25],"texture":"#4"},"up":{"uv":[14,6,13.5,5.5],"texture":"#4"},"down":{"uv":[6.5,13.5,6,14],"texture":"#4"}}},{"from":[7.5,3.75,7.5],"to":[8.5,4.25,8.5],"rotation":{"angle":0,"axis":"y","origin":[7.5,1.75,7.5]},"faces":{"north":{"uv":[14,5.5,14.5,5.75],"texture":"#4"},"east":{"uv":[6,14,6.5,14.25],"texture":"#4"},"south":{"uv":[6.5,14,7,14.25],"texture":"#4"},"west":{"uv":[7,14,7.5,14.25],"texture":"#4"},"up":{"uv":[7,14,6.5,13.5],"texture":"#4"},"down":{"uv":[7.5,13.5,7,14],"texture":"#4"}}},{"from":[7.25,13.45,7.7],"to":[8.75,14.55,8.8],"rotation":{"angle":45,"axis":"x","origin":[8,14.25,8]},"faces":{"north":{"uv":[12.5,4.5,13.25,5],"texture":"#4"},"east":{"uv":[7.5,13.5,8,14],"texture":"#4"},"south":{"uv":[12.5,8.5,13.25,9],"texture":"#4"},"west":{"uv":[8,13.5,8.5,14],"texture":"#4"},"up":{"uv":[11.25,13,10.5,12.5],"texture":"#4"},"down":{"uv":[0.75,13,0,13.5],"texture":"#4"}}},{"from":[7.45,13.25,7.5],"to":[8.55,14.75,9],"rotation":{"angle":45,"axis":"x","origin":[8,14.25,8]},"faces":{"north":{"uv":[11.5,12.5,12,13.25],"texture":"#4"},"east":{"uv":[5,12,5.75,12.75],"texture":"#4"},"south":{"uv":[13,0,13.5,0.75],"texture":"#4"},"west":{"uv":[12,12,12.75,12.75],"texture":"#4"},"up":{"uv":[1.5,13.75,1,13],"texture":"#4"},"down":{"uv":[13.5,1,13,1.75],"texture":"#4"}}},{"from":[7.975,-1.75,6],"to":[8.025,0.75,10],"rotation":{"angle":0,"axis":"y","origin":[7.975,-1.25,6]},"faces":{"east":{"uv":[8,0,6,1.25],"texture":"#4"},"west":{"uv":[6,0,8,1.25],"texture":"#4"}}},{"from":[6.8375,17.9535,6.00015],"to":[9.1625,20.2785,7.86015],"rotation":{"angle":0,"axis":"x","origin":[8,18.24547,9.0208]},"faces":{"north":{"uv":[8,0,9.25,1.25],"texture":"#4"},"east":{"uv":[5.5,7.5,6.5,8.75],"texture":"#4"},"south":{"uv":[8.5,1.5,9.75,2.75],"texture":"#4"},"west":{"uv":[3,10.5,4,11.75],"texture":"#4"},"up":{"uv":[5.25,11.5,4,10.5],"texture":"#4"},"down":{"uv":[11.75,4.5,10.5,5.5],"texture":"#4"}}},{"from":[6.95375,17.9535,4.51215],"to":[9.04625,19.116,6.00015],"rotation":{"angle":0,"axis":"x","origin":[8,18.24547,9.0208]},"faces":{"north":{"uv":[6,11.5,7.25,12.25],"texture":"#4"},"east":{"uv":[12.5,3.5,13.25,4.25],"texture":"#4"},"south":{"uv":[11.5,6,12.75,6.75],"texture":"#4"},"west":{"uv":[6,12.5,6.75,13.25],"texture":"#4"},"up":{"uv":[12.75,7.75,11.5,7],"texture":"#4"},"down":{"uv":[8.75,11.5,7.5,12.25],"texture":"#4"}}},{"from":[6.84215,20.11721,4.68309],"to":[9.15785,21.27971,7.00809],"rotation":{"angle":-22.5,"axis":"x","origin":[8,18.24547,9.0208]},"faces":{"north":{"uv":[9,11.5,10.25,12.25],"texture":"#4"},"east":{"uv":[11.5,9,12.75,9.75],"texture":"#4"},"south":{"uv":[11.5,10,12.75,10.75],"texture":"#4"},"west":{"uv":[10.5,11.5,11.75,12.25],"texture":"#4"},"up":{"uv":[9.75,4.25,8.5,3],"texture":"#4"},"down":{"uv":[5.25,9,4,10.25],"texture":"#4"}}},{"from":[6.84215,19.65221,4.68309],"to":[6.84215,20.11721,7.00809],"rotation":{"angle":-22.5,"axis":"x","origin":[8,18.24547,9.0208]},"faces":{"east":{"uv":[13,6.5,14.25,6.75],"texture":"#4"},"west":{"uv":[13,7,14.25,7.25],"texture":"#4"}}},{"from":[9.15785,19.65221,4.68309],"to":[9.15785,20.11721,7.00809],"rotation":{"angle":-22.5,"axis":"x","origin":[8,18.24547,9.0208]},"faces":{"east":{"uv":[13,7.5,14.25,7.75],"texture":"#4"},"west":{"uv":[13,8,14.25,8.25],"texture":"#4"}}},{"from":[6.84215,19.6522,4.68309],"to":[9.15785,20.1172,4.68309],"rotation":{"angle":-22.5,"axis":"x","origin":[8,18.24547,9.0208]},"faces":{"north":{"uv":[13,9,14.25,9.25],"texture":"#4"},"south":{"uv":[13,9.5,14.25,9.75],"texture":"#4"}}},{"from":[6.605,17.00417,7.10584],"to":[9.395,19.79417,9.89584],"rotation":{"angle":22.5,"axis":"x","origin":[8,18.24547,9.0208]},"faces":{"north":{"uv":[6,1.5,7.5,3],"texture":"#4"},"east":{"uv":[2,6,3.5,7.5],"texture":"#4"},"south":{"uv":[6,3,7.5,4.5],"texture":"#4"},"west":{"uv":[3.5,6,5,7.5],"texture":"#4"},"up":{"uv":[7.5,6,6,4.5],"texture":"#4"},"down":{"uv":[6.5,6,5,7.5],"texture":"#4"}}},{"from":[5.46067,18.84158,7.48186],"to":[6.85567,19.30658,9.34186],"rotation":{"angle":22.5,"axis":"z","origin":[8,18.47797,9.0208]},"faces":{"north":{"uv":[14,1,14.75,1.25],"texture":"#4"},"east":{"uv":[8.5,13.5,9.5,13.75],"texture":"#4"},"south":{"uv":[14,1.5,14.75,1.75],"texture":"#4"},"west":{"uv":[13.5,8.5,14.5,8.75],"texture":"#4"},"up":{"uv":[0.75,13,0,12],"texture":"#4"},"down":{"uv":[12.75,0.5,12,1.5],"texture":"#4"}}},{"from":[9.14433,18.84158,7.48186],"to":[10.53933,19.30658,9.34186],"rotation":{"angle":-22.5,"axis":"z","origin":[8,18.47797,9.0208]},"faces":{"north":{"uv":[3.5,14,4.25,14.25],"texture":"#4"},"east":{"uv":[9.5,13.5,10.5,13.75],"texture":"#4"},"south":{"uv":[14,3.5,14.75,3.75],"texture":"#4"},"west":{"uv":[13.5,10,14.5,10.25],"texture":"#4"},"up":{"uv":[2.25,13,1.5,12],"texture":"#4"},"down":{"uv":[12.75,1.5,12,2.5],"texture":"#4"}}},{"from":[5.9819,16.49058,9.98618],"to":[6.9119,17.42058,10.45118],"rotation":{"angle":-22.5,"axis":"x","origin":[8,18.24547,9.0208]},"faces":{"north":{"uv":[10.5,13.5,11,14],"texture":"#4"},"east":{"uv":[7.5,14,7.75,14.5],"texture":"#4"},"south":{"uv":[13.5,10.5,14,11],"texture":"#4"},"west":{"uv":[8,14,8.25,14.5],"texture":"#4"},"up":{"uv":[9,14.25,8.5,14],"texture":"#4"},"down":{"uv":[9.5,14,9,14.25],"texture":"#4"}}},{"from":[9.0881,16.49058,9.98618],"to":[10.0181,17.42058,10.45118],"rotation":{"angle":-22.5,"axis":"x","origin":[8,18.24547,9.0208]},"faces":{"north":{"uv":[11,13.5,11.5,14],"texture":"#4"},"east":{"uv":[9.5,14,9.75,14.5],"texture":"#4"},"south":{"uv":[13.5,11,14,11.5],"texture":"#4"},"west":{"uv":[10,14,10.25,14.5],"texture":"#4"},"up":{"uv":[11,14.25,10.5,14],"texture":"#4"},"down":{"uv":[14.5,10.5,14,10.75],"texture":"#4"}}},{"from":[6.9119,17.59221,9.30396],"to":[9.0881,19.76841,11.48016],"rotation":{"angle":45,"axis":"x","origin":[8,18.24547,9.0208]},"faces":{"north":{"uv":[9,4.5,10.25,5.75],"texture":"#4"},"east":{"uv":[5.5,9,6.75,10.25],"texture":"#4"},"south":{"uv":[9,6,10.25,7.25],"texture":"#4"},"west":{"uv":[7,9,8.25,10.25],"texture":"#4"},"up":{"uv":[10.25,8.75,9,7.5],"texture":"#4"},"down":{"uv":[9.75,9,8.5,10.25],"texture":"#4"}}},{"from":[7.10776,14.78504,9.50487],"to":[8.89224,16.56952,11.28936],"rotation":{"angle":-22.5,"axis":"x","origin":[8,18.24547,9.0208]},"faces":{"north":{"uv":[5.5,10.5,6.5,11.5],"texture":"#4"},"east":{"uv":[10.5,5.5,11.5,6.5],"texture":"#4"},"south":{"uv":[6.5,10.5,7.5,11.5],"texture":"#4"},"west":{"uv":[10.5,6.5,11.5,7.5],"texture":"#4"},"up":{"uv":[8.5,11.5,7.5,10.5],"texture":"#4"},"down":{"uv":[11.5,7.5,10.5,8.5],"texture":"#4"}}},{"from":[7.7675,19.08396,7.11284],"to":[8.2325,20.94396,8.97284],"rotation":{"angle":45,"axis":"x","origin":[8,18.24547,9.0208]},"faces":{"north":{"uv":[11.5,13.5,11.75,14.5],"texture":"#4"},"east":{"uv":[8.5,10.5,9.5,11.5],"texture":"#4"},"south":{"uv":[13.5,11.5,13.75,12.5],"texture":"#4"},"west":{"uv":[9.5,10.5,10.5,11.5],"texture":"#4"},"up":{"uv":[12.25,14.5,12,13.5],"texture":"#4"},"down":{"uv":[12.75,13.5,12.5,14.5],"texture":"#4"}}},{"from":[7.7675,15.00414,11.70797],"to":[8.2325,16.86414,13.56797],"rotation":{"angle":0,"axis":"x","origin":[8,18.24547,9.0208]},"faces":{"north":{"uv":[13.5,12.5,13.75,13.5],"texture":"#4"},"east":{"uv":[10.5,10.5,11.5,11.5],"texture":"#4"},"south":{"uv":[13,13.5,13.25,14.5],"texture":"#4"},"west":{"uv":[0,11,1,12],"texture":"#4"},"up":{"uv":[13.75,14.5,13.5,13.5],"texture":"#4"},"down":{"uv":[0.25,14,0,15],"texture":"#4"}}},{"from":[7.79075,16.70659,11.82014],"to":[8.20925,18.33409,13.21514],"rotation":{"angle":45,"axis":"x","origin":[8,18.24547,9.0208]},"faces":{"north":{"uv":[14,0,14.25,1],"texture":"#4"},"east":{"uv":[2.5,12,3.25,13],"texture":"#4"},"south":{"uv":[0.5,14,0.75,15],"texture":"#4"},"west":{"uv":[12,2.5,12.75,3.5],"texture":"#4"},"up":{"uv":[1.25,14.75,1,14],"texture":"#4"},"down":{"uv":[14.25,4,14,4.75],"texture":"#4"}}},{"from":[7.375,6.45711,7.375],"to":[8.625,12.45711,8.625],"rotation":{"angle":0,"axis":"y","origin":[7.375,-1.04289,7.375]},"faces":{"north":{"uv":[6.5,6,7.25,9],"texture":"#4"},"east":{"uv":[7.5,1.5,8.25,4.5],"texture":"#4"},"south":{"uv":[2,7.5,2.75,10.5],"texture":"#4"},"west":{"uv":[3,7.5,3.75,10.5],"texture":"#4"},"up":{"uv":[7.75,13.25,7,12.5],"texture":"#4"},"down":{"uv":[8.75,12.5,8,13.25],"texture":"#4"}}},{"from":[6.875,14.625,6.875],"to":[9.125,16.875,9.125],"rotation":{"angle":-45,"axis":"x","origin":[8,15.75,8]},"faces":{"north":{"uv":[0,9.5,1.25,10.75],"texture":"#4"},"east":{"uv":[9.5,0,10.75,1.25],"texture":"#4"},"south":{"uv":[10,1.5,11.25,2.75],"texture":"#4"},"west":{"uv":[10,3,11.25,4.25],"texture":"#4"},"up":{"uv":[11.25,10.25,10,9],"texture":"#4"},"down":{"uv":[2.75,10.5,1.5,11.75],"texture":"#4"}}},{"from":[6.5,14.25,6.25],"to":[9.5,17.25,7.25],"rotation":{"angle":0,"axis":"x","origin":[8,15.75,5.75]},"faces":{"north":{"uv":[4,7.5,5.5,9],"texture":"#4"},"east":{"uv":[3.5,12,4,13.5],"texture":"#4"},"south":{"uv":[7.5,4.5,9,6],"texture":"#4"},"west":{"uv":[12,3.5,12.5,5],"texture":"#4"},"up":{"uv":[13,8.5,11.5,8],"texture":"#4"},"down":{"uv":[13,11,11.5,11.5],"texture":"#4"}}},{"from":[6.5,14.25,4.75],"to":[9.5,17.25,5.25],"rotation":{"angle":0,"axis":"x","origin":[8,15.75,3.75]},"faces":{"east":{"uv":[1.5,13,1.75,14.5],"texture":"#4"},"west":{"uv":[2,13,2.25,14.5],"texture":"#4"},"up":{"uv":[14.5,2.25,13,2],"texture":"#4"},"down":{"uv":[14.5,2.5,13,2.75],"texture":"#4"}}},{"from":[6,13.75,5.25],"to":[10,17.75,6.25],"rotation":{"angle":0,"axis":"x","origin":[8,15.75,4.75]},"faces":{"north":{"uv":[0,0,2,2],"texture":"#4"},"east":{"uv":[1.5,8,2,10],"texture":"#4"},"south":{"uv":[0,2,2,4],"texture":"#4"},"west":{"uv":[1,11,1.5,13],"texture":"#4"},"up":{"uv":[12.5,9,10.5,8.5],"texture":"#4"},"down":{"uv":[13,0,11,0.5],"texture":"#4"}}},{"from":[6.25,14,0.75],"to":[9.75,17.5,4.75],"rotation":{"angle":0,"axis":"x","origin":[8,15.75,3.25]},"faces":{"north":{"uv":[4,4,5.75,5.75],"texture":"#4"},"east":{"uv":[0,4,2,5.75],"texture":"#4"},"south":{"uv":[0,6,1.75,7.75],"texture":"#4"},"west":{"uv":[4,0,6,1.75],"texture":"#4"},"up":{"uv":[3.75,6,2,4],"texture":"#4"},"down":{"uv":[5.75,2,4,4],"texture":"#4"}}},{"from":[6.5,14.25,0.25],"to":[9.5,17.25,0.75],"rotation":{"angle":0,"axis":"x","origin":[8,15.75,-0.75]},"faces":{"north":{"uv":[7.5,6,9,7.5],"texture":"#4"},"east":{"uv":[2.5,13,2.75,14.5],"texture":"#4"},"west":{"uv":[3,13,3.25,14.5],"texture":"#4"},"up":{"uv":[14.5,3.25,13,3],"texture":"#4"},"down":{"uv":[14.5,6,13,6.25],"texture":"#4"}}},{"from":[6.5,14.25,8.75],"to":[9.5,17.25,9.75],"rotation":{"angle":0,"axis":"x","origin":[8,15.75,10.25]},"faces":{"north":{"uv":[7.5,7.5,9,9],"texture":"#4"},"east":{"uv":[4,12,4.5,13.5],"texture":"#4"},"south":{"uv":[0,8,1.5,9.5],"texture":"#4"},"west":{"uv":[4.5,12,5,13.5],"texture":"#4"},"up":{"uv":[13.5,5.5,12,5],"texture":"#4"},"down":{"uv":[13.5,11.5,12,12],"texture":"#4"}}},{"from":[6,13.75,9.75],"to":[10,17.75,10.75],"rotation":{"angle":0,"axis":"x","origin":[8,15.75,11.25]},"faces":{"north":{"uv":[2,0,4,2],"texture":"#4"},"east":{"uv":[11.5,0.5,12,2.5],"texture":"#4"},"south":{"uv":[2,2,4,4],"texture":"#4"},"west":{"uv":[11.5,2.5,12,4.5],"texture":"#4"},"up":{"uv":[6,12,4,11.5],"texture":"#4"},"down":{"uv":[13.5,5.5,11.5,6],"texture":"#4"}}},{"from":[6.1,14.05,1.1],"to":[6.15,22.05,5.1],"rotation":{"angle":0,"axis":"y","origin":[6.15,18.05,3.1]},"faces":{"east":{"uv":[0,0,4.5,9],"texture":"#1"},"west":{"uv":[4.5,0,0,9],"texture":"#1"}}},{"from":[9.85,14.05,1.1],"to":[9.9,22.05,5.1],"rotation":{"angle":0,"axis":"y","origin":[9.85,18.05,3.1]},"faces":{"east":{"uv":[0,0,4.5,9],"texture":"#1"},"west":{"uv":[4.5,0,0,9],"texture":"#1"}}}],"gui_light":"front","display":{"thirdperson_righthand":{"translation":[0,3,1]},"thirdperson_lefthand":{"translation":[0,3,1]},"firstperson_righthand":{"rotation":[-10,0,0],"translation":[0,1.75,0]},"firstperson_lefthand":{"rotation":[-10,0,0],"translation":[0,1.75,0]},"ground":{"rotation":[-40,0,0],"translation":[0,10.5,0]},"gui":{"rotation":[-90,45,90],"translation":[1.25,-1.5,0],"scale":[0.8,0.8,0.8]},"head":{"rotation":[0,90,0]},"fixed":{"rotation":[90,-90,90],"translation":[0,-2.75,-1.75],"scale":[1.5,1.5,1.5]}}}