{"custom_model_data": 00029,
"credit":"Made by PolygonMC","textures":{"1":"littlesharkset:animations/animations_4","3":"littlesharkset:staff","particle":"littlesharkset:animations/animations_4"},"elements":[{"from":[7.5,0,7.5],"to":[8.5,1,8.5],"rotation":{"angle":-45,"axis":"x","origin":[8,0.5,8]},"faces":{"north":{"uv":[3.33333,7.33333,4,8],"texture":"#3"},"east":{"uv":[11.33333,9.33333,12,10],"texture":"#3"},"south":{"uv":[4.66667,12,5.33333,12.66667],"texture":"#3"},"west":{"uv":[4.66667,14,5.33333,14.66667],"texture":"#3"},"up":{"uv":[14.66667,5.33333,14,4.66667],"texture":"#3"},"down":{"uv":[6,14,5.33333,14.66667],"texture":"#3"}}},{"from":[7.5,4.85,7.5],"to":[8.5,5.85,8.5],"rotation":{"angle":-45,"axis":"x","origin":[8,5.35,8]},"faces":{"north":{"uv":[5.33333,14.66667,6,15.33333],"texture":"#3"},"east":{"uv":[6,14.66667,6.66667,15.33333],"texture":"#3"},"south":{"uv":[14.66667,6,15.33333,6.66667],"texture":"#3"},"west":{"uv":[6.66667,14.66667,7.33333,15.33333],"texture":"#3"},"up":{"uv":[15.33333,7.33333,14.66667,6.66667],"texture":"#3"},"down":{"uv":[8,14.66667,7.33333,15.33333],"texture":"#3"}}},{"from":[7.55,0.75,7.55],"to":[8.45,1.75,8.45],"rotation":{"angle":0,"axis":"y","origin":[7.5,0,7.5]},"faces":{"north":{"uv":[14,5.33333,14.66667,6],"texture":"#3"},"east":{"uv":[6,14,6.66667,14.66667],"texture":"#3"},"south":{"uv":[14,6,14.66667,6.66667],"texture":"#3"},"west":{"uv":[6.66667,14,7.33333,14.66667],"texture":"#3"}}},{"from":[7.55,4.25,7.55],"to":[8.45,5.25,8.45],"rotation":{"angle":0,"axis":"y","origin":[7.5,0,7.5]},"faces":{"north":{"uv":[14,6.66667,14.66667,7.33333],"texture":"#3"},"east":{"uv":[7.33333,14,8,14.66667],"texture":"#3"},"south":{"uv":[14,7.33333,14.66667,8],"texture":"#3"},"west":{"uv":[8,14,8.66667,14.66667],"texture":"#3"}}},{"from":[7.55,5.45711,7.55],"to":[8.45,6.45711,8.45],"rotation":{"angle":0,"axis":"y","origin":[7.5,-7.79289,7.5]},"faces":{"north":{"uv":[14,8,14.66667,8.66667],"texture":"#3"},"east":{"uv":[8.66667,14,9.33333,14.66667],"texture":"#3"},"south":{"uv":[14,8.66667,14.66667,9.33333],"texture":"#3"},"west":{"uv":[9.33333,14,10,14.66667],"texture":"#3"}}},{"from":[7.55,12.45711,7.55],"to":[8.45,13.45711,8.45],"rotation":{"angle":0,"axis":"y","origin":[7.5,-0.79289,7.5]},"faces":{"north":{"uv":[14.66667,8,15.33333,8.66667],"texture":"#3"},"east":{"uv":[8.66667,14.66667,9.33333,15.33333],"texture":"#3"},"south":{"uv":[14.66667,8.66667,15.33333,9.33333],"texture":"#3"},"west":{"uv":[9.33333,14.66667,10,15.33333],"texture":"#3"}}},{"from":[7.6,2.25,7.6],"to":[8.4,3.75,8.4],"rotation":{"angle":0,"axis":"y","origin":[7.5,0,7.5]},"faces":{"north":{"uv":[3.33333,6,4,7],"texture":"#3"},"east":{"uv":[11.33333,12.66667,12,13.66667],"texture":"#3"},"south":{"uv":[0,13.33333,0.66667,14.33333],"texture":"#3"},"west":{"uv":[0.66667,13.33333,1.33333,14.33333],"texture":"#3"}}},{"from":[7.5,1.75,7.5],"to":[8.5,2.25,8.5],"rotation":{"angle":0,"axis":"y","origin":[7.5,1.75,7.5]},"faces":{"north":{"uv":[14.66667,13.33333,15.33333,13.66667],"texture":"#3"},"east":{"uv":[14.66667,14,15.33333,14.33333],"texture":"#3"},"south":{"uv":[14.66667,14.66667,15.33333,15],"texture":"#3"},"west":{"uv":[0,15.33333,0.66667,15.66667],"texture":"#3"},"up":{"uv":[14.66667,10,14,9.33333],"texture":"#3"},"down":{"uv":[10.66667,14,10,14.66667],"texture":"#3"}}},{"from":[7.5,3.75,7.5],"to":[8.5,4.25,8.5],"rotation":{"angle":0,"axis":"y","origin":[7.5,1.75,7.5]},"faces":{"north":{"uv":[15.33333,0,16,0.33333],"texture":"#3"},"east":{"uv":[15.33333,0.66667,16,1],"texture":"#3"},"south":{"uv":[15.33333,1.33333,16,1.66667],"texture":"#3"},"west":{"uv":[15.33333,2,16,2.33333],"texture":"#3"},"up":{"uv":[14.66667,10.66667,14,10],"texture":"#3"},"down":{"uv":[11.33333,14,10.66667,14.66667],"texture":"#3"}}},{"from":[7.25,13.45,7.7],"to":[8.75,14.55,8.8],"rotation":{"angle":45,"axis":"x","origin":[8,14.25,8]},"faces":{"north":{"uv":[13.33333,10.66667,14.33333,11.33333],"texture":"#3"},"east":{"uv":[14.66667,7.33333,15.33333,8],"texture":"#3"},"south":{"uv":[13.33333,11.33333,14.33333,12],"texture":"#3"},"west":{"uv":[8,14.66667,8.66667,15.33333],"texture":"#3"},"up":{"uv":[13,14,12,13.33333],"texture":"#3"},"down":{"uv":[14.33333,12,13.33333,12.66667],"texture":"#3"}}},{"from":[7.45,13.25,7.5],"to":[8.55,14.75,9],"rotation":{"angle":45,"axis":"x","origin":[8,14.25,8]},"faces":{"north":{"uv":[1.33333,13.33333,2,14.33333],"texture":"#3"},"east":{"uv":[8.66667,12.66667,9.66667,13.66667],"texture":"#3"},"south":{"uv":[13.33333,6.66667,14,7.66667],"texture":"#3"},"west":{"uv":[10,12.66667,11,13.66667],"texture":"#3"},"up":{"uv":[14,9,13.33333,8],"texture":"#3"},"down":{"uv":[14,9.33333,13.33333,10.33333],"texture":"#3"}}},{"from":[7.975,-1.75,6],"to":[8.025,0.75,10],"rotation":{"angle":0,"axis":"y","origin":[7.975,-1.25,6]},"faces":{"east":{"uv":[2.66667,0,0,1.66667],"texture":"#3"},"west":{"uv":[0,0,2.66667,1.66667],"texture":"#3"}}},{"from":[6.75,16.25,5.3],"to":[9.25,18.75,7.3],"rotation":{"angle":-22.5,"axis":"x","origin":[8,17.05085,4.93217]},"faces":{"north":{"uv":[1.33333,6,3,7.66667],"texture":"#3"},"east":{"uv":[4.66667,0,6,1.66667],"texture":"#3"},"south":{"uv":[6.66667,4,8.33333,5.66667],"texture":"#3"},"west":{"uv":[4,10,5.33333,11.66667],"texture":"#3"},"up":{"uv":[7,11.33333,5.33333,10],"texture":"#3"},"down":{"uv":[9,10,7.33333,11.33333],"texture":"#3"}}},{"from":[6.875,16.25,3.7],"to":[9.125,17.5,5.3],"rotation":{"angle":-22.5,"axis":"x","origin":[8,17.05085,4.93217]},"faces":{"north":{"uv":[8,11.33333,9.66667,12.33333],"texture":"#3"},"east":{"uv":[12.66667,2.66667,13.66667,3.66667],"texture":"#3"},"south":{"uv":[11.33333,8,13,9],"texture":"#3"},"west":{"uv":[4.66667,12.66667,5.66667,13.66667],"texture":"#3"},"up":{"uv":[11.66667,12.33333,10,11.33333],"texture":"#3"},"down":{"uv":[1.66667,12,0,13],"texture":"#3"}}},{"from":[6.755,15.54092,3.50311],"to":[9.245,18.04092,4.75311],"rotation":{"angle":45,"axis":"x","origin":[8,17.05085,4.93217]},"faces":{"north":{"uv":[6.66667,6,8.33333,7.66667],"texture":"#3"},"east":{"uv":[2,12,3,13.66667],"texture":"#3"},"south":{"uv":[7.33333,0,9,1.66667],"texture":"#3"},"west":{"uv":[3.33333,12,4.33333,13.66667],"texture":"#3"},"up":{"uv":[13.66667,5,12,4],"texture":"#3"},"down":{"uv":[13.66667,5.33333,12,6.33333],"texture":"#3"}}},{"from":[6.755,15.54092,4.75311],"to":[6.755,18.04092,5.25311],"rotation":{"angle":45,"axis":"x","origin":[8,17.05085,4.93217]},"faces":{"east":{"uv":[13.33333,12.66667,13.66667,14.33333],"texture":"#3"},"west":{"uv":[14,0,14.33333,1.66667],"texture":"#3"}}},{"from":[9.245,15.54092,4.75311],"to":[9.245,18.04092,5.25311],"rotation":{"angle":45,"axis":"x","origin":[8,17.05085,4.93217]},"faces":{"east":{"uv":[2,14,2.33333,15.66667],"texture":"#3"},"west":{"uv":[14,2,14.33333,3.66667],"texture":"#3"}}},{"from":[6.755,15.54092,4.75312],"to":[9.245,15.54092,5.25312],"rotation":{"angle":45,"axis":"x","origin":[8,17.05085,4.93217]},"faces":{"up":{"uv":[4.33333,14.33333,2.66667,14],"texture":"#3"},"down":{"uv":[15.66667,4,14,4.33333],"texture":"#3"}}},{"from":[6.5,16.65,6.4],"to":[9.5,19.65,9.4],"rotation":{"angle":0,"axis":"x","origin":[8,18.15,7.9]},"faces":{"north":{"uv":[0,2,2,4],"texture":"#3"},"east":{"uv":[2,2,4,4],"texture":"#3"},"south":{"uv":[2.66667,0,4.66667,2],"texture":"#3"},"west":{"uv":[0,4,2,6],"texture":"#3"},"up":{"uv":[4,6,2,4],"texture":"#3"},"down":{"uv":[6,2,4,4],"texture":"#3"}}},{"from":[5.175,17.56903,6.80433],"to":[6.675,18.06903,8.80433],"rotation":{"angle":22.5,"axis":"z","origin":[5.925,17.81903,7.80433]},"faces":{"north":{"uv":[14.66667,10,15.66667,10.33333],"texture":"#3"},"east":{"uv":[11.33333,14,12.66667,14.33333],"texture":"#3"},"south":{"uv":[14.66667,10.66667,15.66667,11],"texture":"#3"},"west":{"uv":[14,12.66667,15.33333,13],"texture":"#3"},"up":{"uv":[13,8,12,6.66667],"texture":"#3"},"down":{"uv":[13,9.33333,12,10.66667],"texture":"#3"}}},{"from":[9.325,17.56903,6.80433],"to":[10.825,18.06903,8.80433],"rotation":{"angle":-22.5,"axis":"z","origin":[10.075,17.81903,7.80433]},"faces":{"north":{"uv":[12,14.66667,13,15],"texture":"#3"},"east":{"uv":[14.66667,9.33333,16,9.66667],"texture":"#3"},"south":{"uv":[13.33333,14.66667,14.33333,15],"texture":"#3"},"west":{"uv":[10,14.66667,11.33333,15],"texture":"#3"},"up":{"uv":[13.66667,1.33333,12.66667,0],"texture":"#3"},"down":{"uv":[13.66667,1.33333,12.66667,2.66667],"texture":"#3"}}},{"from":[5.83,16.73353,9.42765],"to":[6.83,17.23353,10.42765],"rotation":{"angle":45,"axis":"x","origin":[8,16.93858,11.26325]},"faces":{"north":{"uv":[15.33333,2.66667,16,3],"texture":"#3"},"east":{"uv":[15.33333,3.33333,16,3.66667],"texture":"#3"},"south":{"uv":[15.33333,4.66667,16,5],"texture":"#3"},"west":{"uv":[5.33333,15.33333,6,15.66667],"texture":"#3"},"up":{"uv":[13.33333,14.66667,12.66667,14],"texture":"#3"},"down":{"uv":[14.66667,13.33333,14,14],"texture":"#3"}}},{"from":[9.17,16.73353,9.42765],"to":[10.17,17.23353,10.42765],"rotation":{"angle":45,"axis":"x","origin":[8,16.93858,11.26325]},"faces":{"north":{"uv":[15.33333,5.33333,16,5.66667],"texture":"#3"},"east":{"uv":[6,15.33333,6.66667,15.66667],"texture":"#3"},"south":{"uv":[15.33333,6,16,6.33333],"texture":"#3"},"west":{"uv":[6.66667,15.33333,7.33333,15.66667],"texture":"#3"},"up":{"uv":[14.66667,14.66667,14,14],"texture":"#3"},"down":{"uv":[0.66667,14.66667,0,15.33333],"texture":"#3"}}},{"from":[6.83,16.12957,8.57668],"to":[9.17,18.46957,10.91668],"rotation":{"angle":22.5,"axis":"x","origin":[8,16.93858,11.26325]},"faces":{"north":{"uv":[7.33333,2,9,3.66667],"texture":"#3"},"east":{"uv":[1.33333,8,3,9.66667],"texture":"#3"},"south":{"uv":[3.33333,8,5,9.66667],"texture":"#3"},"west":{"uv":[5.33333,8,7,9.66667],"texture":"#3"},"up":{"uv":[9,9.66667,7.33333,8],"texture":"#3"},"down":{"uv":[10.33333,4,8.66667,5.66667],"texture":"#3"}}},{"from":[7.0406,16.216,10.34277],"to":[8.9594,18.1348,12.26157],"rotation":{"angle":45,"axis":"x","origin":[8,16.93858,11.26325]},"faces":{"north":{"uv":[9.33333,10,10.66667,11.33333],"texture":"#3"},"east":{"uv":[10.66667,4,12,5.33333],"texture":"#3"},"south":{"uv":[10.66667,5.33333,12,6.66667],"texture":"#3"},"west":{"uv":[10.66667,6.66667,12,8],"texture":"#3"},"up":{"uv":[12,11.33333,10.66667,10],"texture":"#3"},"down":{"uv":[12.66667,0,11.33333,1.33333],"texture":"#3"}}},{"from":[7.75,19.14401,7.21529],"to":[8.25,21.14401,9.21529],"rotation":{"angle":22.5,"axis":"x","origin":[8,20.14401,8.21529]},"faces":{"north":{"uv":[14.66667,0,15,1.33333],"texture":"#3"},"east":{"uv":[11.33333,1.33333,12.66667,2.66667],"texture":"#3"},"south":{"uv":[0.66667,14.66667,1,16],"texture":"#3"},"west":{"uv":[11.33333,2.66667,12.66667,4],"texture":"#3"},"up":{"uv":[1.66667,16,1.33333,14.66667],"texture":"#3"},"down":{"uv":[15,1.33333,14.66667,2.66667],"texture":"#3"}}},{"from":[7.75,15.4929,11.96233],"to":[8.25,17.4929,13.96233],"rotation":{"angle":-22.5,"axis":"x","origin":[8,16.93858,11.26325]},"faces":{"north":{"uv":[2.66667,14.66667,3,16],"texture":"#3"},"east":{"uv":[5.33333,11.33333,6.66667,12.66667],"texture":"#3"},"south":{"uv":[14.66667,2.66667,15,4],"texture":"#3"},"west":{"uv":[6.66667,11.33333,8,12.66667],"texture":"#3"},"up":{"uv":[3.66667,16,3.33333,14.66667],"texture":"#3"},"down":{"uv":[4.33333,14.66667,4,16],"texture":"#3"}}},{"from":[7.775,15.17729,11.28225],"to":[8.225,16.92729,12.78225],"rotation":{"angle":22.5,"axis":"x","origin":[8,16.93858,11.26325]},"faces":{"north":{"uv":[4.66667,14.66667,5,16],"texture":"#3"},"east":{"uv":[12,10.66667,13,12],"texture":"#3"},"south":{"uv":[14.66667,4.66667,15,6],"texture":"#3"},"west":{"uv":[12,12,13,13.33333],"texture":"#3"},"up":{"uv":[11.66667,15.66667,11.33333,14.66667],"texture":"#3"},"down":{"uv":[15,11.33333,14.66667,12.33333],"texture":"#3"}}},{"from":[7.375,6.45711,7.375],"to":[8.625,12.45711,8.625],"rotation":{"angle":0,"axis":"y","origin":[7.375,-1.04289,7.375]},"faces":{"north":{"uv":[4,4,5,8],"texture":"#3"},"east":{"uv":[5.33333,4,6.33333,8],"texture":"#3"},"south":{"uv":[0,6,1,10],"texture":"#3"},"west":{"uv":[6,0,7,4],"texture":"#3"},"up":{"uv":[7,13.66667,6,12.66667],"texture":"#3"},"down":{"uv":[8.33333,12.66667,7.33333,13.66667],"texture":"#3"}}},{"from":[6.875,14.625,6.875],"to":[9.125,16.875,9.125],"rotation":{"angle":-45,"axis":"x","origin":[8,15.75,8]},"faces":{"north":{"uv":[9.33333,8,11,9.66667],"texture":"#3"},"east":{"uv":[9.33333,8,11,9.66667],"texture":"#3"},"south":{"uv":[9.33333,8,11,9.66667],"texture":"#3"},"west":{"uv":[9.33333,8,11,9.66667],"texture":"#3"},"up":{"uv":[9.33333,8,11,9.66667],"texture":"#3"},"down":{"uv":[9.33333,8,11,9.66667],"texture":"#3"}}},{"from":[3.25,13,5.5],"to":[8.25,22,5.55],"rotation":{"angle":-45,"axis":"y","origin":[5.75,17.5,5.5]},"faces":{"north":{"uv":[5,0,0,9],"texture":"#1"},"south":{"uv":[0,0,5,9],"texture":"#1"}}},{"from":[3.25,13,10.45],"to":[8.25,22,10.5],"rotation":{"angle":45,"axis":"y","origin":[5.75,17.5,10.5]},"faces":{"north":{"uv":[5,0,0,9],"texture":"#1"},"south":{"uv":[0,0,5,9],"texture":"#1"}}},{"from":[7.75,13,10.45],"to":[12.75,22,10.5],"rotation":{"angle":-45,"axis":"y","origin":[10.25,17.5,10.5]},"faces":{"north":{"uv":[0,0,5,9],"texture":"#1"},"south":{"uv":[5,0,0,9],"texture":"#1"}}},{"from":[7.75,13,5.5],"to":[12.75,22,5.55],"rotation":{"angle":45,"axis":"y","origin":[10.25,17.5,5.5]},"faces":{"north":{"uv":[0,0,5,9],"texture":"#1"},"south":{"uv":[5,0,0,9],"texture":"#1"}}}],"gui_light":"front","display":{"thirdperson_righthand":{"translation":[0,3,1]},"thirdperson_lefthand":{"translation":[0,3,1]},"firstperson_righthand":{"rotation":[-10,0,0],"translation":[0,1.75,0]},"firstperson_lefthand":{"rotation":[-10,0,0],"translation":[0,1.75,0]},"ground":{"rotation":[-40,0,0],"translation":[0,10.5,0]},"gui":{"rotation":[-90,45,90],"translation":[1.25,-1.5,0],"scale":[0.8,0.8,0.8]},"head":{"rotation":[0,90,0]},"fixed":{"rotation":[90,-90,90],"translation":[0,-2.75,-1.75],"scale":[1.5,1.5,1.5]}}}