{"custom_model_data": 00031,
"credit":"Made by PolygonMC","texture_size":[24,24],"textures":{"0":"littlesharkset:tail","particle":"littlesharkset:tail"},"elements":[{"from":[6,6,6],"to":[10,10,10],"rotation":{"angle":22.5,"axis":"x","origin":[8,8,8]},"faces":{"north":{"uv":[0,0,2.66667,2.66667],"texture":"#0"},"east":{"uv":[0,2.66667,2.66667,5.33333],"texture":"#0"},"south":{"uv":[2.66667,0,5.33333,2.66667],"texture":"#0"},"west":{"uv":[2.66667,2.66667,5.33333,5.33333],"texture":"#0"},"up":{"uv":[2.66667,8,0,5.33333],"texture":"#0"},"down":{"uv":[8,0,5.33333,2.66667],"texture":"#0"}}},{"from":[6.5,6.5,10],"to":[9.5,9.5,13.25],"rotation":{"angle":22.5,"axis":"x","origin":[8,8,8]},"faces":{"east":{"uv":[4.66667,6,7,8],"texture":"#0"},"south":{"uv":[4.66667,8,6.66667,10],"texture":"#0"},"west":{"uv":[7.33333,2.66667,9.66667,4.66667],"texture":"#0"},"up":{"uv":[9.33333,7,7.33333,4.66667],"texture":"#0"},"down":{"uv":[9.33333,7.33333,7.33333,9.66667],"texture":"#0"}}},{"from":[7.5,6.75,11.25],"to":[8.5,11.75,14.25],"rotation":{"angle":45,"axis":"x","origin":[7.5,6.75,11.25]},"faces":{"north":{"uv":[2,8,2.66667,11.33333],"texture":"#0"},"east":{"uv":[2.66667,5.33333,4.66667,8.66667],"texture":"#0"},"south":{"uv":[6.66667,8,7.33333,11.33333],"texture":"#0"},"west":{"uv":[5.33333,2.66667,7.33333,6],"texture":"#0"},"up":{"uv":[4.66667,10.66667,4,8.66667],"texture":"#0"},"down":{"uv":[10,4.66667,9.33333,6.66667],"texture":"#0"}}},{"from":[7.58,2.35711,11.56843],"to":[8.42,6.55711,14.08843],"rotation":{"angle":-22.5,"axis":"x","origin":[8,4.45711,12.82843]},"faces":{"north":{"uv":[2.66667,8.66667,3.33333,11.33333],"texture":"#0"},"east":{"uv":[0,8,1.66667,10.66667],"texture":"#0"},"south":{"uv":[3.33333,8.66667,4,11.33333],"texture":"#0"},"west":{"uv":[8,0,9.66667,2.66667],"texture":"#0"},"down":{"uv":[10,6.66667,9.33333,8.33333],"texture":"#0"}}},{"from":[5.2,5.80509,10.52634],"to":[6.7,6.30509,12.02634],"rotation":{"angle":22.5,"axis":"z","origin":[5.95,6.05509,11.27634]},"faces":{"north":{"uv":[10,1.33333,11,1.66667],"texture":"#0"},"south":{"uv":[10,2,11,2.33333],"texture":"#0"},"west":{"uv":[10,2.66667,11,3],"texture":"#0"},"up":{"uv":[10.33333,9.66667,9.33333,8.66667],"texture":"#0"},"down":{"uv":[11,0,10,1],"texture":"#0"}}},{"from":[9.3,5.80509,10.52634],"to":[10.8,6.30509,12.02634],"rotation":{"angle":-22.5,"axis":"z","origin":[10.05,6.05509,11.27634]},"faces":{"north":{"uv":[11,1.33333,10,1.66667],"texture":"#0"},"east":{"uv":[11,2.66667,10,3],"texture":"#0"},"south":{"uv":[11,2,10,2.33333],"texture":"#0"},"up":{"uv":[9.33333,9.66667,10.33333,8.66667],"texture":"#0"},"down":{"uv":[10,0,11,1],"texture":"#0"}}}],"gui_light":"front","display":{"thirdperson_righthand":{"rotation":[-155.75,0,-180],"translation":[0,-2,0],"scale":[1.19922,1.19922,1.19922]},"thirdperson_lefthand":{"rotation":[73,0,0],"translation":[-5.75,-8,2.75],"scale":[1.35547,1.35547,1.35547]},"firstperson_righthand":{"rotation":[-110.25,0,-180]},"firstperson_lefthand":{"scale":[0,0,0]},"ground":{"translation":[0,7.75,0]},"gui":{"rotation":[0,125,0],"translation":[-3,2.25,0],"scale":[1.46289,1.46289,1.46289]},"head":{"translation":[0,-56.25,5.25],"scale":[2.22656,2.22656,2.22656]},"fixed":{"rotation":[0,180,0],"translation":[0,0,-3.25],"scale":[3.23633,3.23633,3.23633]}}}