{
	"credit": "Made with Blockbench",
	"textures": {
		"1": "item/snowset/iceball"
	},
	"elements": [
		{
			"from": [6.9, 10.4, 6.9],
			"to": [10.1, 13.6, 10.1],
			"rotation": {"angle": 0, "axis": "y", "origin": [8, 12, 8.5]},
			"faces": {
				"north": {"uv": [3, 0, 0, 3], "texture": "#1"},
				"east": {"uv": [0, 6, 3, 3], "texture": "#1"},
				"south": {"uv": [6, 3, 3, 0], "texture": "#1"},
				"west": {"uv": [3, 3, 6, 6], "texture": "#1"},
				"up": {"uv": [3, 9, 0, 6], "texture": "#1"},
				"down": {"uv": [6, 0, 9, 3], "texture": "#1"}
			}
		}
	],
	"gui_light": "front",
	"display": {
		"thirdperson_righthand": {
			"translation": [-1, -4, 0]
		},
		"thirdperson_lefthand": {
			"translation": [0.5, -4, 1]
		},
		"firstperson_righthand": {
			"rotation": [0, 8, 0],
			"translation": [-0.5, -3, 0],
			"scale": [1.14, 1.14, 1.14]
		},
		"firstperson_lefthand": {
			"rotation": [0, 8, 0],
			"translation": [-2.25, -1, 3.5],
			"scale": [1.24, 1.24, 1.24]
		},
		"ground": {
			"rotation": [-57, -80, 0],
			"translation": [0, -3.75, 1.75],
			"scale": [1.05, 1.05, 1.05]
		},
		"gui": {
			"rotation": [90, 65.75, -90],
			"translation": [-6, -9.75, 0],
			"scale": [2.93, 2.93, 2.93]
		},
		"fixed": {
			"rotation": [0, 90, 0],
			"translation": [0, -5.5, -1.25],
			"scale": [0.8, 0.8, 0.8]
		}
	}
}