{"parent":"minecraft:item/handheld","textures":{"layer0":"minecraft:item/iron_sword"},"overrides":[{"predicate":{"custom_model_data":1},"model":"littlepandaset:greatsword"},{"predicate":{"custom_model_data":2},"model":"littlepandaset:hammer"},{"predicate":{"custom_model_data":3},"model":"littlepandaset:scythe"},{"predicate":{"custom_model_data":4},"model":"littlepandaset:spear"},{"predicate":{"custom_model_data":5},"model":"littlepandaset:staff"},{"predicate":{"custom_model_data":6},"model":"littlepandaset:sword"},{"predicate":{"custom_model_data":7},"model":"littlepandaset:trident"},{"predicate":{"custom_model_data":10000},"model":"haloween:hammer"},{"predicate":{"custom_model_data":10001},"model":"haloween:spear"},{"predicate":{"custom_model_data":10002},"model":"haloween:staff"},{"predicate":{"custom_model_data":10003},"model":"haloween:sword"},{"predicate":{"custom_model_data":10004},"model":"littleduckset:hammer"},{"predicate":{"custom_model_data":10005},"model":"littleduckset:spear"},{"predicate":{"custom_model_data":10006},"model":"littleduckset:staff"},{"predicate":{"custom_model_data":10007},"model":"littleduckset:sword"},{"predicate":{"custom_model_data":10008},"model":"minecraft:item/iron_sword"},        {
            "predicate": {
                "custom_model_data": 10101
            },
            "model": "custom/merge/spear_ruby_vol_1"
        },
        {
            "predicate": {
                "custom_model_data": 10102
            },
            "model": "custom/merge/staff_ruby_vol_1"
        }]}