{"parent":"minecraft:item/handheld","textures":{"layer0":"minecraft:item/iron_axe"},"overrides":[{"predicate":{"custom_model_data":1},"model":"littlepandaset:axe"},{"predicate":{"custom_model_data":10000},"model":"haloween:axe"},{"predicate":{"custom_model_data":10001},"model":"littleduckset:axe"},{"predicate":{"custom_model_data":10002},"model":"minecraft:item/iron_axe"},{
            "predicate": {
                "custom_model_data": 10101
            },
            "model": "custom/merge/axe_ruby_vol_1"
        }]}