{
	"credit": "Made with Blockbench",
	"texture_size": [32, 32],
	"textures": {
		"0": "item/merge/asura_square_coin",
		"particle": "item/merge/asura_square_coin"
	},
	"elements": [
		{
			"from": [4, 4, 7.5],
			"to": [5, 12, 8.5],
			"rotation": {"angle": 0, "axis": "x", "origin": [8, 8, 8]},
			"faces": {
				"north": {"uv": [0, 6, 0.5, 10], "texture": "#0"},
				"east": {"uv": [6, 0, 6.5, 4], "texture": "#0"},
				"south": {"uv": [0.5, 6, 1, 10], "texture": "#0"},
				"west": {"uv": [1, 6, 1.5, 10], "texture": "#0"},
				"up": {"uv": [7, 3, 6.5, 2.5], "texture": "#0"},
				"down": {"uv": [7, 3, 6.5, 3.5], "texture": "#0"}
			}
		},
		{
			"from": [11, 4, 7.5],
			"to": [12, 12, 8.5],
			"rotation": {"angle": 0, "axis": "x", "origin": [8, 8, 8]},
			"faces": {
				"north": {"uv": [1.5, 6, 2, 10], "texture": "#0"},
				"east": {"uv": [2, 6, 2.5, 10], "texture": "#0"},
				"south": {"uv": [2.5, 6, 3, 10], "texture": "#0"},
				"west": {"uv": [3, 6, 3.5, 10], "texture": "#0"},
				"up": {"uv": [7, 4, 6.5, 3.5], "texture": "#0"},
				"down": {"uv": [5, 6.5, 4.5, 7], "texture": "#0"}
			}
		},
		{
			"from": [5, 5, 7.75],
			"to": [11, 11, 8.25],
			"rotation": {"angle": 0, "axis": "x", "origin": [8.5, 8, 7.75]},
			"faces": {
				"north": {"uv": [3, 0, 6, 3], "texture": "#0"},
				"east": {"uv": [3.5, 6.5, 3.75, 9.5], "texture": "#0"},
				"south": {"uv": [3, 3, 6, 6], "texture": "#0"},
				"west": {"uv": [4, 6.5, 4.25, 9.5], "texture": "#0"},
				"up": {"uv": [9.5, 1.75, 6.5, 1.5], "texture": "#0"},
				"down": {"uv": [9.5, 2, 6.5, 2.25], "texture": "#0"}
			}
		},
		{
			"from": [5, 5, 7.65],
			"to": [11, 11, 7.65],
			"rotation": {"angle": 0, "axis": "x", "origin": [8.5, 8, 7.65]},
			"faces": {
				"north": {"uv": [0, 3, 3, 6], "texture": "#0"},
				"east": {"uv": [0, 0, 0, 3], "texture": "#0"},
				"south": {"uv": [0, 3, 3, 6], "texture": "#0"},
				"west": {"uv": [0, 0, 0, 3], "texture": "#0"},
				"up": {"uv": [3, 0, 0, 0], "texture": "#0"},
				"down": {"uv": [3, 0, 0, 0], "texture": "#0"}
			}
		},
		{
			"from": [5, 5, 8.35],
			"to": [11, 11, 8.35],
			"rotation": {"angle": 0, "axis": "x", "origin": [8.5, 8, 8.35]},
			"faces": {
				"north": {"uv": [0, 3, 3, 6], "texture": "#0"},
				"east": {"uv": [0, 0, 0, 3], "texture": "#0"},
				"south": {"uv": [0, 3, 3, 6], "texture": "#0"},
				"west": {"uv": [0, 0, 0, 3], "texture": "#0"},
				"up": {"uv": [3, 0, 0, 0], "texture": "#0"},
				"down": {"uv": [3, 0, 0, 0], "texture": "#0"}
			}
		},
		{
			"from": [5, 11, 7.5],
			"to": [11, 12, 8.5],
			"rotation": {"angle": 0, "axis": "x", "origin": [8, 8, 8]},
			"faces": {
				"north": {"uv": [3.5, 6, 6.5, 6.5], "texture": "#0"},
				"east": {"uv": [5, 6.5, 5.5, 7], "texture": "#0"},
				"south": {"uv": [6, 4, 9, 4.5], "texture": "#0"},
				"west": {"uv": [5.5, 6.5, 6, 7], "texture": "#0"},
				"up": {"uv": [9, 5, 6, 4.5], "texture": "#0"},
				"down": {"uv": [9, 5, 6, 5.5], "texture": "#0"}
			}
		},
		{
			"from": [5, 4, 7.5],
			"to": [11, 5, 8.5],
			"rotation": {"angle": 0, "axis": "x", "origin": [8, 8, 8]},
			"faces": {
				"north": {"uv": [6, 5.5, 9, 6], "texture": "#0"},
				"east": {"uv": [6, 6.5, 6.5, 7], "texture": "#0"},
				"south": {"uv": [6.5, 0, 9.5, 0.5], "texture": "#0"},
				"west": {"uv": [6.5, 6, 7, 6.5], "texture": "#0"},
				"up": {"uv": [9.5, 1, 6.5, 0.5], "texture": "#0"},
				"down": {"uv": [9.5, 1, 6.5, 1.5], "texture": "#0"}
			}
		}
	],
	"display": {
		"thirdperson_righthand": {
			"translation": [0, 1.75, 0],
			"scale": [0.5, 0.5, 0.5]
		},
		"thirdperson_lefthand": {
			"translation": [0, 2, 0],
			"scale": [0.5, 0.5, 0.5]
		},
		"firstperson_righthand": {
			"translation": [0, 2.25, 0]
		},
		"firstperson_lefthand": {
			"translation": [0, 2.5, 0]
		},
		"ground": {
			"translation": [0, -1.75, 0],
			"scale": [0.5, 0.5, 0.5]
		},
		"gui": {
			"scale": [1.5, 1.5, 1.5]
		},
		"head": {
			"scale": [0, 0, 0]
		},
		"fixed": {
			"translation": [0, 0, -0.25]
		}
	}
}