{
  "parent" : "item/handheld_rod",
  "overrides" : [ {
    "predicate" : {
      "custom_model_data" : 1
    },
    "model" : "littlepandaset/fishing_rod"
  }, {
    "predicate" : {
      "cast" : 1,
      "custom_model_data" : 1
    },
    "model" : "littlepandaset/fishing_rod_cast"
  }, {
    "predicate" : {
      "cast" : 1
    },
    "model" : "item/fishing_rod_cast"
  }, {
    "predicate" : {
      "custom_model_data" : 10000
    },
    "model" : "haloween:fishing"
  }, {
    "predicate" : {
      "cast" : 1,
      "custom_model_data" : 10000
    },
    "model" : "haloween:fishing_cast"
  }, {
    "predicate" : {
      "custom_model_data" : 10001
    },
    "model" : "littleduckset:fishing_rod"
  }, {
    "predicate" : {
      "cast" : 1,
      "custom_model_data" : 10001
    },
    "model" : "littleduckset:fishing_rod_cast"
  },
  {
    "predicate": { "custom_model_data": 11000 },
    "model": "littlesharkset:fishing_rod"
  },
  {
    "predicate": { "cast": 1, "custom_model_data": 11000 },
    "model": "littlesharkset:fishing_rod_cast"
  },
  {
    "predicate": { "custom_model_data": 110001 },
    "model": "littleteddybearset:fishing_rod"
  },
  {
    "predicate": { "cast": 1, "custom_model_data": 11001 },
    "model": "littleteddybearset:fishing_rod_cast"
  },
  {
    "predicate": { "custom_model_data": 11002 },
    "model": "waffle_set:waffle_fishing_rod"
  },
  {
    "predicate": { "cast": 1, "custom_model_data": 11002 },
    "model": "waffle_set:waffle_fishing_rod_cast"
  },
  {
    "predicate": { "custom_model_data": 11003 },
    "model": "waffle_set:choco_waffle_fishing_rod"
  },
  {
    "predicate": { "cast": 1, "custom_model_data": 11003 },
    "model": "waffle_set:choco_waffle_fishing_rod_cast"
  },
  { "predicate": { "custom_model_data": 11004 }, "model": "item/fishing_rod" }




],
  "textures" : {
    "layer0" : "item/fishing_rod"
  }
}
