{
  "parent": "minecraft:item/handheld",
  "textures": {"layer0": "minecraft:item/netherite_pickaxe"},
  "overrides": [
    {
      "predicate": {"custom_model_data": 1},
      "model": "snowset:ice_pickaxe"
    },
    {
      "predicate": {"custom_model_data": 2},
      "model": "custom/toucanupdate/toucan_pickaxe"
    },
    {
      "predicate": {"custom_model_data": 3},
      "model": "custom/legoupdate/white_lego_pickaxe"
    },
    {
      "predicate": {"custom_model_data": 4},
      "model": "littlepandaset/pickaxe"
    },
    {
      "predicate": {"custom_model_data": 5},
      "model": "littleduckset:pickaxe"
    },
    {
      "predicate": {"custom_model_data": 6},
      "model": "waffle_set:waffle_pickaxe"
    },
    {
      "predicate": {"custom_model_data": 7},
      "model": "waffle_set:choco_waffle_pickaxe"
    },
    {
      "predicate": {"custom_model_data": 8},
      "model": "haloween:pickaxe"
    },
    {
      "predicate": {"custom_model_data": 9},
      "model": "littleduckset:pickaxe"
    },
    {
      "predicate": {"custom_model_data": 10},
      "model": "waffle_set:waffle_pickaxe"
    },
    {
      "predicate": {"custom_model_data": 11},
      "model": "waffle_set:choco_waffle_pickaxe"
    },
    {
      "predicate": {"custom_model_data": 12},
      "model": "littlesharkset:pickaxe"
    },
    {
      "predicate": {"custom_model_data": 13},
      "model": "littleteddybearset:pickaxe"
    },
    {
      "predicate": {"custom_model_data": 14},
      "model": "minecraft:item/netherite_pickaxe"
    }
  ]
}