{
  "parent": "minecraft:item/generated",
  "textures": {"layer0": "minecraft:item/paper"},
  "overrides": [
    {
      "predicate": {"custom_model_data": 1},
      "model": "littlepandaset/backpack"
    },
    {
      "predicate": {"custom_model_data": 2},
      "model": "littlepandaset/bamboo_backpack"
    },
    {
      "predicate": {"custom_model_data": 3},
      "model": "littlepandaset/chest"
    },
    {
      "predicate": {"custom_model_data": 4},
      "model": "littlepandaset/chest_opening"
    },
    {
      "predicate": {"custom_model_data": 5},
      "model": "littlepandaset/panda_head"
    },
    {
      "predicate": {"custom_model_data": 6},
      "model": "littlepandaset/panda_hood"
    },
    {
      "predicate": {"custom_model_data": 7},
      "model": "littlepandaset/key"
    },
    {
      "predicate": {"custom_model_data": 8},
      "model": "z_iainternal:auto_generated/icon_left_blue"
    },
    {
      "predicate": {"custom_model_data": 9},
      "model": "z_iainternal:auto_generated/icon_right_blue"
    },
    {
      "predicate": {"custom_model_data": 10},
      "model": "z_iainternal:auto_generated/icon_search"
    },
    {
      "predicate": {"custom_model_data": 11},
      "model": "z_iainternal:auto_generated/icon_cancel"
    },
    {
      "predicate": {"custom_model_data": 12},
      "model": "z_iainternal:auto_generated/icon_arrow_chest"
    },
    {
      "predicate": {"custom_model_data": 13},
      "model": "z_iainternal:auto_generated/icon_back_orange"
    },
    {
      "predicate": {"custom_model_data": 14},
      "model": "z_iainternal:auto_generated/icon_next_orange"
    },
    {
      "predicate": {"custom_model_data": 15},
      "model": "haloween:backpack"
    },
    {
      "predicate": {"custom_model_data": 16},
      "model": "haloween:chest"
    },
    {
      "predicate": {"custom_model_data": 17},
      "model": "haloween:chestopen"
    },
    {
      "predicate": {"custom_model_data": 18},
      "model": "haloween:key"
    },
    {
      "predicate": {"custom_model_data": 19},
      "model": "littleduckset:backpack"
    },
    {
      "predicate": {"custom_model_data": 20},
      "model": "littleduckset:frag"
    },
    {
      "predicate": {"custom_model_data": 21},
      "model": "littleduckset:hood"
    },
    {
      "predicate": {"custom_model_data": 22},
      "model": "littleduckset:key"
    },
    {
      "predicate": {"custom_model_data": 23},
      "model": "littleduckset:littleduck"
    },
    {
      "predicate": {"custom_model_data": 24},
      "model": "custom/slotmachine"
    },
    {
      "predicate": {"custom_model_data": 25},
      "model": "custom/merge/asura_card_coin"
    },
    {
      "predicate": {"custom_model_data": 26},
      "model": "custom/merge/asura_circle_coin"
    },
    {
      "predicate": {"custom_model_data": 27},
      "model": "custom/merge/asura_emerald_coin"
    },
    {
      "predicate": {"custom_model_data": 28},
      "model": "custom/merge/asura_square_coin"
    },
    {
      "predicate": {"custom_model_data": 29},
      "model": "custom/merge/asura_triangle_coin"
    },
    {
      "predicate": {"custom_model_data": 30},
      "model": "custom/merge/asura_wings"
    },
    {
      "predicate": {"custom_model_data": 31},
      "model": "littlesharkset:flag"
    },
    {
      "predicate": {"custom_model_data": 32},
      "model": "littlesharkset:key"
    },
    {
      "predicate": {"custom_model_data": 33},
      "model": "littleteddybearset:backpack"
    },
    {
      "predicate": {"custom_model_data": 34},
      "model": "littleteddybearset:flag"
    },
    {
      "predicate": {"custom_model_data": 35},
      "model": "littleteddybearset:hood"
    },
    {
      "predicate": {"custom_model_data": 36},
      "model": "littleteddybearset:key"
    },
    {
      "predicate": {"custom_model_data": 37},
      "model": "littleteddybearset:swim_tube"
    },
    {
      "predicate": {"custom_model_data": 38},
      "model": "littleteddybearset:teddybear"
    },
    {
      "predicate": {"custom_model_data": 39},
      "model": "waffle_set:waffle_wearhead"
    },
    {
      "predicate": {"custom_model_data": 40},
      "model": "littlesharkset:backpack"
    },
    {
      "predicate": {"custom_model_data": 41},
      "model": "littlesharkset:backpack_2"
    },
    {
      "predicate": {"custom_model_data": 42},
      "model": "littlesharkset:tail"
    },
    {
      "predicate": {"custom_model_data": 43},
      "model": "littlesharkset:hat"
    },
    {
      "predicate": {"custom_model_data": 44},
      "model": "littlesharkset:backpack_self"
    },
    {
      "predicate": {"custom_model_data": 45},
      "model": "littlesharkset:backpack_2_self"
    },
    {
      "predicate": {"custom_model_data": 46},
      "model": "littlesharkset:tail_self"
    },
    {
      "predicate": {"custom_model_data": 47},
      "model": "minecraft:item/paper"
    }
  ]
}