{
  "parent": "minecraft:block/sea_lantern",
  "overrides": [
    {
      "predicate": {
        "custom_model_data": 10000
      },
      "model": "littleduckset:chest"
    },
    {
      "predicate": {
        "custom_model_data": 10001
      },
      "model": "littleduckset:chest_opening"
    },
    {
      "predicate": { "custom_model_data": 10100 },
      "model": "littlesharkset:chest"
    },
    {
      "predicate": { "custom_model_data": 10101 },
      "model": "littlesharkset:chest_opening"
    },
    {
      "predicate": { "custom_model_data": 10102 },
      "model": "littleteddybearset:chest"
    },
    {
      "predicate": { "custom_model_data": 10103 },
      "model": "littleteddybearset:chest_opening"
    },
    { "predicate": { "custom_model_data": 10104 }, "model": "item/sea_lantern" }
  ]
}
