{"textures":{"0":"modelengine:entity/slotmachine"},"elements":[{"from":[2.8571424,22.285713,7.428571],"to":[12.571428,25.142857,11.428572],"rotation":{"angle":0.0,"axis":"y","origin":[8.0,6.571428,8.0]},"faces":{"east":{"uv":[10.25,4.6875,11.125,5.0],"rotation":0,"texture":"#0","tintindex":0},"south":{"uv":[14.0,4.6875,16.0,5.0],"rotation":0,"texture":"#0","tintindex":0},"north":{"uv":[11.125,4.6875,13.125,5.0],"rotation":0,"texture":"#0","tintindex":0},"west":{"uv":[13.125,4.6875,14.0,5.0],"rotation":0,"texture":"#0","tintindex":0},"up":{"uv":[13.125,4.6875,11.125,4.25],"rotation":0,"texture":"#0","tintindex":0},"down":{"uv":[15.125,4.25,13.125,4.6875],"rotation":0,"texture":"#0","tintindex":0}}},{"from":[9.714286,6.285713,6.857143],"to":[11.428572,14.857142,8.571428],"rotation":{"angle":-22.5,"axis":"x","origin":[8.0,8.8571415,8.0]},"faces":{"east":{"uv":[0.0,5.8125,0.375,6.75],"rotation":0,"texture":"#0","tintindex":0},"south":{"uv":[1.125,5.8125,1.5,6.75],"rotation":0,"texture":"#0","tintindex":0},"north":{"uv":[0.375,5.8125,0.75,6.75],"rotation":0,"texture":"#0","tintindex":0},"west":{"uv":[0.75,5.8125,1.125,6.75],"rotation":0,"texture":"#0","tintindex":0},"up":{"uv":[0.75,5.8125,0.375,5.625],"rotation":0,"texture":"#0","tintindex":0},"down":{"uv":[1.125,5.625,0.75,5.8125],"rotation":0,"texture":"#0","tintindex":0}}},{"from":[4.5714283,6.285713,6.857143],"to":[6.857143,14.857142,9.142858],"rotation":{"angle":-22.5,"axis":"x","origin":[8.0,8.8571415,8.0]},"faces":{"east":{"uv":[0.0,0.25,0.5,1.1875],"rotation":0,"texture":"#0","tintindex":0},"south":{"uv":[1.5,0.25,2.0,1.1875],"rotation":0,"texture":"#0","tintindex":0},"north":{"uv":[0.5,0.25,1.0,1.1875],"rotation":0,"texture":"#0","tintindex":0},"west":{"uv":[1.0,0.25,1.5,1.1875],"rotation":0,"texture":"#0","tintindex":0},"up":{"uv":[1.0,0.25,0.5,0.0],"rotation":0,"texture":"#0","tintindex":0},"down":{"uv":[1.5,0.0,1.0,0.25],"rotation":0,"texture":"#0","tintindex":0}}},{"from":[3.4285712,4.5714273,5.142857],"to":[12.571428,14.285714,12.571428],"rotation":{"angle":-22.5,"axis":"x","origin":[8.0,8.8571415,8.0]},"faces":{"east":{"uv":[5.75,2.125,7.25,2.8125],"rotation":0,"texture":"#0","tintindex":0},"south":{"uv":[10.75,2.125,12.75,2.8125],"rotation":0,"texture":"#0","tintindex":0},"north":{"uv":[7.25,2.125,9.25,2.8125],"rotation":0,"texture":"#0","tintindex":0},"west":{"uv":[9.25,2.125,10.75,2.8125],"rotation":0,"texture":"#0","tintindex":0},"up":{"uv":[9.25,2.125,7.25,1.375],"rotation":0,"texture":"#0","tintindex":0},"down":{"uv":[11.25,1.375,9.25,2.125],"rotation":0,"texture":"#0","tintindex":0}}},{"from":[2.2857141,3.4285703,9.714286],"to":[13.142858,31.428572,18.285715],"rotation":{"angle":0.0,"axis":"y","origin":[8.0,2.2857132,8.0]},"faces":{"east":{"uv":[0.0,1.6875,0.625,4.375],"rotation":0,"texture":"#0","tintindex":0},"south":{"uv":[3.5,1.6875,5.75,4.375],"rotation":0,"texture":"#0","tintindex":0},"north":{"uv":[0.625,1.6875,2.875,4.375],"rotation":0,"texture":"#0","tintindex":0},"west":{"uv":[2.875,1.6875,3.5,4.375],"rotation":0,"texture":"#0","tintindex":0},"up":{"uv":[2.875,1.6875,0.625,1.375],"rotation":0,"texture":"#0","tintindex":0},"down":{"uv":[5.125,1.375,2.875,1.6875],"rotation":0,"texture":"#0","tintindex":0}}},{"from":[2.2857141,25.142857,6.857143],"to":[13.142858,32.0,9.714286],"rotation":{"angle":0.0,"axis":"y","origin":[8.0,2.2857132,8.0]},"faces":{"east":{"uv":[7.375,0.4375,8.25,1.1875],"rotation":0,"texture":"#0","tintindex":0},"south":{"uv":[11.375,0.4375,13.625,1.1875],"rotation":0,"texture":"#0","tintindex":0},"north":{"uv":[8.25,0.4375,10.5,1.1875],"rotation":0,"texture":"#0","tintindex":0},"west":{"uv":[10.5,0.4375,11.375,1.1875],"rotation":0,"texture":"#0","tintindex":0},"up":{"uv":[10.5,0.4375,8.25,0.0],"rotation":0,"texture":"#0","tintindex":0},"down":{"uv":[12.75,0.0,10.5,0.4375],"rotation":0,"texture":"#0","tintindex":0}}},{"from":[4.0,1.1428561,2.2857141],"to":[12.0,9.714285,7.428571],"rotation":{"angle":22.5,"axis":"x","origin":[8.0,2.2857132,8.0]},"faces":{"east":{"uv":[4.75,4.75,5.75,5.6875],"rotation":0,"texture":"#0","tintindex":0},"south":{"uv":[8.5,4.75,10.25,5.6875],"rotation":0,"texture":"#0","tintindex":0},"north":{"uv":[5.75,4.75,7.5,5.6875],"rotation":0,"texture":"#0","tintindex":0},"west":{"uv":[7.5,4.75,8.5,5.6875],"rotation":0,"texture":"#0","tintindex":0},"up":{"uv":[7.5,4.75,5.75,4.25],"rotation":0,"texture":"#0","tintindex":0},"down":{"uv":[9.25,4.25,7.5,4.75],"rotation":0,"texture":"#0","tintindex":0}}},{"from":[2.2857141,2.2857132,2.2857141],"to":[13.142858,3.999999,18.857143],"rotation":{"angle":0.0,"axis":"y","origin":[8.0,2.2857132,8.0]},"faces":{"east":{"uv":[0.0,1.1875,2.375,1.375],"rotation":0,"texture":"#0","tintindex":0},"south":{"uv":[7.25,1.1875,9.75,1.375],"rotation":0,"texture":"#0","tintindex":0},"north":{"uv":[2.375,1.1875,4.875,1.375],"rotation":0,"texture":"#0","tintindex":0},"west":{"uv":[4.875,1.1875,7.25,1.375],"rotation":0,"texture":"#0","tintindex":0},"up":{"uv":[4.875,1.1875,2.375,0.0],"rotation":0,"texture":"#0","tintindex":0},"down":{"uv":[7.375,0.0,4.875,1.1875],"rotation":0,"texture":"#0","tintindex":0}}},{"from":[2.2857141,3.4285703,4.5714283],"to":[13.142858,13.142857,9.714286],"rotation":{"angle":0.0,"axis":"y","origin":[8.0,2.2857132,8.0]},"faces":{"east":{"uv":[5.75,3.3125,6.75,4.25],"rotation":0,"texture":"#0","tintindex":0},"south":{"uv":[10.0,3.3125,12.25,4.25],"rotation":0,"texture":"#0","tintindex":0},"north":{"uv":[6.75,3.3125,9.0,4.25],"rotation":0,"texture":"#0","tintindex":0},"west":{"uv":[9.0,3.3125,10.0,4.25],"rotation":0,"texture":"#0","tintindex":0},"up":{"uv":[9.0,3.3125,6.75,2.8125],"rotation":0,"texture":"#0","tintindex":0},"down":{"uv":[11.25,2.8125,9.0,3.3125],"rotation":0,"texture":"#0","tintindex":0}}}],"display":{"head":{"translation":[0.0,16.457148,0.0],"scale":[4.0,4.0,4.0]}}}