{
	"credit": "Made with Blockbench",
	"texture_size": [64, 64],
	"textures": {
		"10": "item/toucanupdate/toucan_hoe"
	},
	"elements": [
		{
			"from": [7, 15, 7],
			"to": [9, 18, 9],
			"rotation": {"angle": 0, "axis": "y", "origin": [7, -7, 0]},
			"faces": {
				"north": {"uv": [5.25, 9.5, 5.75, 10.25], "texture": "#10"},
				"east": {"uv": [9.5, 9.25, 10, 10], "texture": "#10"},
				"south": {"uv": [0, 9.75, 0.5, 10.5], "texture": "#10"},
				"west": {"uv": [0.5, 9.75, 1, 10.5], "texture": "#10"},
				"up": {"uv": [9, 4.5, 8.5, 4], "texture": "#10"},
				"down": {"uv": [10.25, 8.5, 9.75, 9], "texture": "#10"}
			}
		},
		{
			"from": [7, 4, 7],
			"to": [9, 7, 9],
			"rotation": {"angle": 0, "axis": "y", "origin": [7, -23, 0]},
			"faces": {
				"north": {"uv": [1, 9.75, 1.5, 10.5], "texture": "#10"},
				"east": {"uv": [9.75, 3.75, 10.25, 4.5], "texture": "#10"},
				"south": {"uv": [4.5, 9.75, 5, 10.5], "texture": "#10"},
				"west": {"uv": [9.75, 4.5, 10.25, 5.25], "texture": "#10"},
				"up": {"uv": [10.5, 3.5, 10, 3], "texture": "#10"},
				"down": {"uv": [10.5, 9, 10, 9.5], "texture": "#10"}
			}
		},
		{
			"from": [7.25, -6, 7.25],
			"to": [8.75, 15, 8.75],
			"rotation": {"angle": 0, "axis": "y", "origin": [7, -7, 0]},
			"faces": {
				"north": {"uv": [2.5, 5.75, 2.875, 11], "texture": "#10"},
				"east": {"uv": [3, 5.75, 3.375, 11], "texture": "#10"},
				"south": {"uv": [3.5, 5.75, 3.875, 11], "texture": "#10"},
				"west": {"uv": [4, 5.75, 4.375, 11], "texture": "#10"},
				"up": {"uv": [10.875, 1.125, 10.5, 0.75], "texture": "#10"},
				"down": {"uv": [1.375, 10.5, 1, 10.875], "texture": "#10"}
			}
		},
		{
			"from": [6.5, 18, 6.5],
			"to": [9.5, 21, 9.5],
			"rotation": {"angle": 0, "axis": "y", "origin": [7, -4, 0]},
			"faces": {
				"north": {"uv": [9, 4, 9.75, 4.75], "texture": "#10"},
				"east": {"uv": [4.5, 9, 5.25, 9.75], "texture": "#10"},
				"south": {"uv": [9, 4.75, 9.75, 5.5], "texture": "#10"},
				"west": {"uv": [6, 9, 6.75, 9.75], "texture": "#10"},
				"up": {"uv": [7.5, 9.75, 6.75, 9], "texture": "#10"},
				"down": {"uv": [9.75, 8.5, 9, 9.25], "texture": "#10"}
			}
		},
		{
			"from": [6.5, 20, 9.5],
			"to": [9.5, 21, 18.5],
			"rotation": {"angle": 0, "axis": "y", "origin": [8, 21, 10.5]},
			"faces": {
				"north": {"uv": [10.25, 5, 11, 5.25], "texture": "#10"},
				"east": {"uv": [9.25, 5.5, 11.5, 5.75], "texture": "#10"},
				"south": {"uv": [10.25, 8, 11, 8.25], "texture": "#10"},
				"west": {"uv": [9.25, 5.75, 11.5, 6], "texture": "#10"},
				"up": {"uv": [5.25, 8, 4.5, 5.75], "texture": "#10"},
				"down": {"uv": [6, 5.75, 5.25, 8], "texture": "#10"}
			}
		},
		{
			"from": [7.075, -5.125, 7.025],
			"to": [8.925, -4.125, 8.975],
			"rotation": {"angle": 0, "axis": "y", "origin": [8.125, -3.125, 8]},
			"faces": {
				"north": {"uv": [10.75, 6, 11.21875, 6.25], "texture": "#10"},
				"east": {"uv": [10.5, 3.25, 11, 3.5], "texture": "#10"},
				"south": {"uv": [10.75, 6.25, 11.21875, 6.5], "texture": "#10"},
				"west": {"uv": [10.5, 10.5, 11, 10.75], "texture": "#10"},
				"up": {"uv": [1.96875, 10.75, 1.5, 10.25], "texture": "#10"},
				"down": {"uv": [2.46875, 10.25, 2, 10.75], "texture": "#10"}
			}
		},
		{
			"from": [6.75, 15.72016, 16.71349],
			"to": [9.25, 16.72016, 22.71349],
			"rotation": {"angle": 45, "axis": "x", "origin": [8, 16.7, 22.675]},
			"faces": {
				"north": {"uv": [10.25, 8.75, 10.875, 9], "texture": "#10"},
				"east": {"uv": [9.75, 5.25, 11.25, 5.5], "texture": "#10"},
				"south": {"uv": [10.5, 0.5, 11.125, 0.75], "texture": "#10"},
				"west": {"uv": [5.75, 9.75, 7.25, 10], "texture": "#10"},
				"up": {"uv": [8.125, 7, 7.5, 5.5], "texture": "#10"},
				"down": {"uv": [6.625, 7.5, 6, 9], "texture": "#10"}
			}
		},
		{
			"from": [7, 12.7077, 21.62603],
			"to": [9, 16.7077, 22.62603],
			"rotation": {"angle": 0, "axis": "y", "origin": [8, 16.7, 22.625]},
			"faces": {
				"north": {"uv": [9.25, 6, 9.75, 7], "texture": "#10"},
				"east": {"uv": [5, 9.75, 5.25, 10.75], "texture": "#10"},
				"south": {"uv": [9.25, 7, 9.75, 8], "texture": "#10"},
				"west": {"uv": [8.75, 10, 9, 11], "texture": "#10"},
				"up": {"uv": [2, 11, 1.5, 10.75], "texture": "#10"},
				"down": {"uv": [2.5, 10.75, 2, 11], "texture": "#10"}
			}
		},
		{
			"from": [7.25, 9.1077, 23.12603],
			"to": [8.75, 13.1077, 24.12603],
			"rotation": {"angle": 22.5, "axis": "x", "origin": [8, 16.7, 22.625]},
			"faces": {
				"north": {"uv": [9.75, 6, 10.125, 7], "texture": "#10"},
				"east": {"uv": [9.5, 10, 9.75, 11], "texture": "#10"},
				"south": {"uv": [9.75, 7, 10.125, 8], "texture": "#10"},
				"west": {"uv": [10, 9.5, 10.25, 10.5], "texture": "#10"},
				"up": {"uv": [11.125, 8, 10.75, 7.75], "texture": "#10"},
				"down": {"uv": [11.125, 8.25, 10.75, 8.5], "texture": "#10"}
			}
		},
		{
			"from": [8, 6, 8.5],
			"to": [8, 24, 25.5],
			"rotation": {"angle": 0, "axis": "y", "origin": [8.5, 21, 10.5]},
			"faces": {
				"north": {"uv": [0, 0, 0, 4.5], "texture": "#10"},
				"east": {"uv": [0, 0, 4.25, 4.5], "texture": "#10"},
				"south": {"uv": [0, 0, 0, 4.5], "texture": "#10"},
				"west": {"uv": [4.25, 0, 8.5, 4.5], "texture": "#10"},
				"up": {"uv": [0, 4.25, 0, 0], "texture": "#10"},
				"down": {"uv": [0, 0, 0, 4.25], "texture": "#10"}
			}
		},
		{
			"from": [7.59, 20.8975, 19.09425],
			"to": [8.4, 22.5175, 23.14425],
			"rotation": {"angle": 45, "axis": "x", "origin": [7.995, 23.125, 19.49925]},
			"faces": {
				"north": {"uv": [5.25, 9, 5.4375, 9.40625], "texture": "#10"},
				"east": {"uv": [9.25, 8, 10.25, 8.40625], "texture": "#10"},
				"south": {"uv": [11, 0, 11.1875, 0.40625], "texture": "#10"},
				"west": {"uv": [9.5, 1.25, 10.5, 1.65625], "texture": "#10"},
				"up": {"uv": [9.9375, 11, 9.75, 10], "texture": "#10"},
				"down": {"uv": [10.4375, 9.5, 10.25, 10.5], "texture": "#10"}
			}
		},
		{
			"from": [7.185, 20.29, 13.42425],
			"to": [8.805, 23.53, 19.09425],
			"rotation": {"angle": 22.5, "axis": "x", "origin": [7.995, 23.125, 19.49925]},
			"faces": {
				"north": {"uv": [6.75, 10, 7.15625, 10.8125], "texture": "#10"},
				"east": {"uv": [6, 6.5, 7.40625, 7.3125], "texture": "#10"},
				"south": {"uv": [7.25, 10, 7.65625, 10.8125], "texture": "#10"},
				"west": {"uv": [7.5, 4.5, 8.90625, 5.3125], "texture": "#10"},
				"up": {"uv": [1.90625, 10.15625, 1.5, 8.75], "texture": "#10"},
				"down": {"uv": [2.40625, 8.75, 2, 10.15625], "texture": "#10"}
			}
		},
		{
			"from": [7.995, 15.2275, 1.07175],
			"to": [7.995, 31.4275, 5.93175],
			"rotation": {"angle": 0, "axis": "y", "origin": [7.59, 23.935, 6.33675]},
			"faces": {
				"north": {"uv": [0, 0, 0, 4.0625], "texture": "#10"},
				"east": {"uv": [0, 4.5, 1.21875, 8.5625], "texture": "#10"},
				"south": {"uv": [0, 0, 0, 4.0625], "texture": "#10"},
				"west": {"uv": [1.25, 4.5, 2.46875, 8.5625], "texture": "#10"},
				"up": {"uv": [0, 1.21875, 0, 0], "texture": "#10"},
				"down": {"uv": [0, 0, 0, 1.21875], "texture": "#10"}
			}
		},
		{
			"from": [7.185, 21.91, 5.12175],
			"to": [8.805, 25.96, 8.36175],
			"rotation": {"angle": 0, "axis": "y", "origin": [7.59, 23.935, 6.33675]},
			"faces": {
				"north": {"uv": [9.5, 1.75, 9.90625, 2.75], "texture": "#10"},
				"east": {"uv": [4.5, 8, 5.3125, 9], "texture": "#10"},
				"south": {"uv": [9.5, 2.75, 9.90625, 3.75], "texture": "#10"},
				"west": {"uv": [8.25, 5.5, 9.0625, 6.5], "texture": "#10"},
				"up": {"uv": [8.15625, 10.8125, 7.75, 10], "texture": "#10"},
				"down": {"uv": [8.65625, 10, 8.25, 10.8125], "texture": "#10"}
			}
		},
		{
			"from": [6.78, 21.91, 9.17175],
			"to": [9.21, 25.96, 14.84175],
			"rotation": {"angle": 0, "axis": "y", "origin": [8.4, 23.53, 10.79175]},
			"faces": {
				"north": {"uv": [0, 8.75, 0.59375, 9.75], "texture": "#10"},
				"east": {"uv": [6, 4.5, 7.40625, 5.5], "texture": "#10"},
				"south": {"uv": [0.75, 8.75, 1.34375, 9.75], "texture": "#10"},
				"west": {"uv": [6, 5.5, 7.40625, 6.5], "texture": "#10"},
				"up": {"uv": [7.34375, 8.90625, 6.75, 7.5], "texture": "#10"},
				"down": {"uv": [8.09375, 7, 7.5, 8.40625], "texture": "#10"}
			}
		},
		{
			"from": [7.321, -12.44658, 7.25705],
			"to": [8.689, -11.11658, 8.77705],
			"rotation": {"angle": 22.5, "axis": "x", "origin": [8.005, -11.115, 8.025]},
			"faces": {
				"north": {"uv": [10.75, 3.5, 11.09375, 3.84375], "texture": "#10"},
				"east": {"uv": [10.5, 2.25, 10.875, 2.59375], "texture": "#10"},
				"south": {"uv": [10.75, 4, 11.09375, 4.34375], "texture": "#10"},
				"west": {"uv": [10.5, 2.75, 10.875, 3.09375], "texture": "#10"},
				"up": {"uv": [4.84375, 10.875, 4.5, 10.5], "texture": "#10"},
				"down": {"uv": [9.34375, 10.5, 9, 10.875], "texture": "#10"}
			}
		},
		{
			"from": [7.321, -12.44658, 7.27295],
			"to": [8.689, -11.11658, 8.79295],
			"rotation": {"angle": -22.5, "axis": "x", "origin": [8.005, -11.115, 8.025]},
			"faces": {
				"north": {"uv": [10.75, 4.5, 11.09375, 4.84375], "texture": "#10"},
				"east": {"uv": [10.5, 9, 10.875, 9.34375], "texture": "#10"},
				"south": {"uv": [5, 10.75, 5.34375, 11.09375], "texture": "#10"},
				"west": {"uv": [10.5, 9.5, 10.875, 9.84375], "texture": "#10"},
				"up": {"uv": [10.34375, 10.875, 10, 10.5], "texture": "#10"},
				"down": {"uv": [10.84375, 10, 10.5, 10.375], "texture": "#10"}
			}
		},
		{
			"from": [7.245, -12.635, 7.265],
			"to": [8.765, -10.735, 8.785],
			"rotation": {"angle": 0, "axis": "y", "origin": [8.005, -11.115, 8.025]},
			"faces": {
				"north": {"uv": [10.25, 8.25, 10.625, 8.71875], "texture": "#10"},
				"east": {"uv": [0, 10.5, 0.375, 10.96875], "texture": "#10"},
				"south": {"uv": [10.5, 0, 10.875, 0.46875], "texture": "#10"},
				"west": {"uv": [0.5, 10.5, 0.875, 10.96875], "texture": "#10"},
				"up": {"uv": [10.875, 1.625, 10.5, 1.25], "texture": "#10"},
				"down": {"uv": [10.875, 1.75, 10.5, 2.125], "texture": "#10"}
			}
		},
		{
			"from": [7.055, -10.925, 7.075],
			"to": [8.955, -10.545, 8.975],
			"rotation": {"angle": 0, "axis": "y", "origin": [8.005, -9.405, 8.025]},
			"faces": {
				"north": {"uv": [11, 1, 11.46875, 1.09375], "texture": "#10"},
				"east": {"uv": [11, 1.25, 11.46875, 1.34375], "texture": "#10"},
				"south": {"uv": [1.5, 11, 1.96875, 11.09375], "texture": "#10"},
				"west": {"uv": [11, 1.5, 11.46875, 1.59375], "texture": "#10"},
				"up": {"uv": [10.71875, 3.96875, 10.25, 3.5], "texture": "#10"},
				"down": {"uv": [10.71875, 4, 10.25, 4.46875], "texture": "#10"}
			}
		},
		{
			"from": [7.055, -6.175, 7.075],
			"to": [8.955, -5.795, 8.975],
			"rotation": {"angle": 0, "axis": "y", "origin": [8.005, -4.655, 8.025]},
			"faces": {
				"north": {"uv": [11, 1.75, 11.46875, 1.84375], "texture": "#10"},
				"east": {"uv": [2, 11, 2.46875, 11.09375], "texture": "#10"},
				"south": {"uv": [11, 2, 11.46875, 2.09375], "texture": "#10"},
				"west": {"uv": [11, 2.25, 11.46875, 2.34375], "texture": "#10"},
				"up": {"uv": [10.71875, 4.96875, 10.25, 4.5], "texture": "#10"},
				"down": {"uv": [5.71875, 10.25, 5.25, 10.71875], "texture": "#10"}
			}
		},
		{
			"from": [7.055, -8.455, 7.075],
			"to": [8.955, -8.075, 8.975],
			"rotation": {"angle": 0, "axis": "y", "origin": [8.005, -6.935, 8.025]},
			"faces": {
				"north": {"uv": [2.5, 11, 2.96875, 11.09375], "texture": "#10"},
				"east": {"uv": [11, 2.5, 11.46875, 2.59375], "texture": "#10"},
				"south": {"uv": [11, 2.75, 11.46875, 2.84375], "texture": "#10"},
				"west": {"uv": [3, 11, 3.46875, 11.09375], "texture": "#10"},
				"up": {"uv": [10.71875, 6.46875, 10.25, 6], "texture": "#10"},
				"down": {"uv": [10.71875, 6.5, 10.25, 6.96875], "texture": "#10"}
			}
		},
		{
			"from": [7.245, -10.925, 7.835],
			"to": [8.765, -6.175, 8.215],
			"rotation": {"angle": 0, "axis": "y", "origin": [8.005, -6.555, 8.025]},
			"faces": {
				"north": {"uv": [9, 9.25, 9.375, 10.4375], "texture": "#10"},
				"east": {"uv": [5.5, 10.75, 5.59375, 11.9375], "texture": "#10"},
				"south": {"uv": [9.5, 0, 9.875, 1.1875], "texture": "#10"},
				"west": {"uv": [10.75, 6.5, 10.84375, 7.6875], "texture": "#10"},
				"up": {"uv": [11.375, 3.09375, 11, 3], "texture": "#10"},
				"down": {"uv": [11.375, 3.25, 11, 3.34375], "texture": "#10"}
			}
		},
		{
			"from": [7.815, -5.795, 8.481],
			"to": [8.195, -4.845, 8.861],
			"rotation": {"angle": 45, "axis": "x", "origin": [8.005, -5.605, 7.341]},
			"faces": {
				"north": {"uv": [7.25, 9.75, 7.34375, 10], "texture": "#10"},
				"east": {"uv": [9.75, 9, 9.84375, 9.25], "texture": "#10"},
				"south": {"uv": [10, 3.5, 10.09375, 3.75], "texture": "#10"},
				"west": {"uv": [3.5, 11, 3.59375, 11.25], "texture": "#10"},
				"up": {"uv": [11.09375, 11.09375, 11, 11], "texture": "#10"},
				"down": {"uv": [11.34375, 0, 11.25, 0.09375], "texture": "#10"}
			}
		},
		{
			"from": [7.815, -8.075, 8.481],
			"to": [8.195, -7.125, 8.861],
			"rotation": {"angle": 45, "axis": "x", "origin": [8.005, -7.885, 7.341]},
			"faces": {
				"north": {"uv": [3.75, 11, 3.84375, 11.25], "texture": "#10"},
				"east": {"uv": [4, 11, 4.09375, 11.25], "texture": "#10"},
				"south": {"uv": [4.25, 11, 4.34375, 11.25], "texture": "#10"},
				"west": {"uv": [4.5, 11, 4.59375, 11.25], "texture": "#10"},
				"up": {"uv": [11.34375, 0.34375, 11.25, 0.25], "texture": "#10"},
				"down": {"uv": [0.59375, 11.25, 0.5, 11.34375], "texture": "#10"}
			}
		},
		{
			"from": [7.815, -7.73919, 7.22239],
			"to": [8.195, -7.35919, 8.17239],
			"rotation": {"angle": -45, "axis": "x", "origin": [8.005, -7.885, 8.063]},
			"faces": {
				"north": {"uv": [11.25, 0.5, 11.34375, 0.59375], "texture": "#10"},
				"east": {"uv": [4.75, 11, 5, 11.09375], "texture": "#10"},
				"south": {"uv": [0.75, 11.25, 0.84375, 11.34375], "texture": "#10"},
				"west": {"uv": [11, 5, 11.25, 5.09375], "texture": "#10"},
				"up": {"uv": [11.09375, 6.75, 11, 6.5], "texture": "#10"},
				"down": {"uv": [6.84375, 11, 6.75, 11.25], "texture": "#10"}
			}
		},
		{
			"from": [7.815, -10.17119, 7.22239],
			"to": [8.195, -9.79119, 8.17239],
			"rotation": {"angle": -45, "axis": "x", "origin": [8.005, -10.317, 8.063]},
			"faces": {
				"north": {"uv": [1, 11.25, 1.09375, 11.34375], "texture": "#10"},
				"east": {"uv": [11, 6.75, 11.25, 6.84375], "texture": "#10"},
				"south": {"uv": [1.25, 11.25, 1.34375, 11.34375], "texture": "#10"},
				"west": {"uv": [7, 11, 7.25, 11.09375], "texture": "#10"},
				"up": {"uv": [11.09375, 7.25, 11, 7], "texture": "#10"},
				"down": {"uv": [7.34375, 11, 7.25, 11.25], "texture": "#10"}
			}
		},
		{
			"from": [7.815, -10.583, 8.481],
			"to": [8.195, -9.633, 8.861],
			"rotation": {"angle": 45, "axis": "x", "origin": [8.005, -10.393, 7.341]},
			"faces": {
				"north": {"uv": [11, 7.25, 11.09375, 7.5], "texture": "#10"},
				"east": {"uv": [7.5, 11, 7.59375, 11.25], "texture": "#10"},
				"south": {"uv": [11, 7.5, 11.09375, 7.75], "texture": "#10"},
				"west": {"uv": [7.75, 11, 7.84375, 11.25], "texture": "#10"},
				"up": {"uv": [1.59375, 11.34375, 1.5, 11.25], "texture": "#10"},
				"down": {"uv": [1.84375, 11.25, 1.75, 11.34375], "texture": "#10"}
			}
		},
		{
			"from": [7.815, -5.795, 7.189],
			"to": [8.195, -4.845, 7.569],
			"rotation": {"angle": -45, "axis": "x", "origin": [8.005, -5.605, 8.709]},
			"faces": {
				"north": {"uv": [8, 11, 8.09375, 11.25], "texture": "#10"},
				"east": {"uv": [11, 8, 11.09375, 8.25], "texture": "#10"},
				"south": {"uv": [8.25, 11, 8.34375, 11.25], "texture": "#10"},
				"west": {"uv": [8.5, 11, 8.59375, 11.25], "texture": "#10"},
				"up": {"uv": [2.09375, 11.34375, 2, 11.25], "texture": "#10"},
				"down": {"uv": [2.34375, 11.25, 2.25, 11.34375], "texture": "#10"}
			}
		},
		{
			"from": [7.815, -8.075, 7.189],
			"to": [8.195, -7.125, 7.569],
			"rotation": {"angle": -45, "axis": "x", "origin": [8.005, -7.885, 8.709]},
			"faces": {
				"north": {"uv": [8.75, 11, 8.84375, 11.25], "texture": "#10"},
				"east": {"uv": [11, 8.75, 11.09375, 9], "texture": "#10"},
				"south": {"uv": [9, 11, 9.09375, 11.25], "texture": "#10"},
				"west": {"uv": [11, 9, 11.09375, 9.25], "texture": "#10"},
				"up": {"uv": [2.59375, 11.34375, 2.5, 11.25], "texture": "#10"},
				"down": {"uv": [2.84375, 11.25, 2.75, 11.34375], "texture": "#10"}
			}
		},
		{
			"from": [7.815, -8.67187, 8.15507],
			"to": [8.195, -7.72187, 8.53507],
			"rotation": {"angle": -45, "axis": "x", "origin": [8.005, -7.885, 8.063]},
			"faces": {
				"north": {"uv": [9.25, 11, 9.34375, 11.25], "texture": "#10"},
				"east": {"uv": [11, 9.25, 11.09375, 9.5], "texture": "#10"},
				"south": {"uv": [9.5, 11, 9.59375, 11.25], "texture": "#10"},
				"west": {"uv": [11, 9.5, 11.09375, 9.75], "texture": "#10"},
				"up": {"uv": [3.09375, 11.34375, 3, 11.25], "texture": "#10"},
				"down": {"uv": [3.34375, 11.25, 3.25, 11.34375], "texture": "#10"}
			}
		},
		{
			"from": [7.815, -11.10387, 8.15507],
			"to": [8.195, -10.15387, 8.53507],
			"rotation": {"angle": -45, "axis": "x", "origin": [8.005, -10.317, 8.063]},
			"faces": {
				"north": {"uv": [9.75, 11, 9.84375, 11.25], "texture": "#10"},
				"east": {"uv": [11, 9.75, 11.09375, 10], "texture": "#10"},
				"south": {"uv": [10, 11, 10.09375, 11.25], "texture": "#10"},
				"west": {"uv": [11, 10, 11.09375, 10.25], "texture": "#10"},
				"up": {"uv": [3.59375, 11.34375, 3.5, 11.25], "texture": "#10"},
				"down": {"uv": [11.34375, 3.5, 11.25, 3.59375], "texture": "#10"}
			}
		},
		{
			"from": [7.815, -10.583, 7.189],
			"to": [8.195, -9.633, 7.569],
			"rotation": {"angle": -45, "axis": "x", "origin": [8.005, -10.393, 8.709]},
			"faces": {
				"north": {"uv": [10.25, 11, 10.34375, 11.25], "texture": "#10"},
				"east": {"uv": [11, 10.25, 11.09375, 10.5], "texture": "#10"},
				"south": {"uv": [11, 10.5, 11.09375, 10.75], "texture": "#10"},
				"west": {"uv": [11, 10.75, 11.09375, 11], "texture": "#10"},
				"up": {"uv": [3.84375, 11.34375, 3.75, 11.25], "texture": "#10"},
				"down": {"uv": [11.34375, 3.75, 11.25, 3.84375], "texture": "#10"}
			}
		},
		{
			"from": [7.435, -10.925, 7.455],
			"to": [8.575, -5.985, 8.595],
			"rotation": {"angle": 0, "axis": "y", "origin": [8.005, -9.215, 8.025]},
			"faces": {
				"north": {"uv": [10, 0, 10.28125, 1.25], "texture": "#10"},
				"east": {"uv": [10, 1.75, 10.28125, 3], "texture": "#10"},
				"south": {"uv": [5.75, 10, 6.03125, 11.25], "texture": "#10"},
				"west": {"uv": [6.25, 10, 6.53125, 11.25], "texture": "#10"},
				"up": {"uv": [10.78125, 11.03125, 10.5, 10.75], "texture": "#10"},
				"down": {"uv": [0.28125, 11, 0, 11.28125], "texture": "#10"}
			}
		},
		{
			"from": [7.435, -12.5698, 8.7198],
			"to": [8.575, -11.8098, 9.4798],
			"rotation": {"angle": 45, "axis": "x", "origin": [8.005, -11.115, 8.025]},
			"faces": {
				"north": {"uv": [10.75, 8.5, 11.03125, 8.6875], "texture": "#10"},
				"east": {"uv": [9.5, 3.75, 9.6875, 3.9375], "texture": "#10"},
				"south": {"uv": [0.5, 11, 0.78125, 11.1875], "texture": "#10"},
				"west": {"uv": [5.75, 9.5, 5.9375, 9.6875], "texture": "#10"},
				"up": {"uv": [11.28125, 0.9375, 11, 0.75], "texture": "#10"},
				"down": {"uv": [1.28125, 11, 1, 11.1875], "texture": "#10"}
			}
		},
		{
			"from": [7.995, 25.7575, 5.93175],
			"to": [7.995, 30.6175, 12.41175],
			"rotation": {"angle": 0, "axis": "y", "origin": [7.995, 24.1375, 8.36175]},
			"faces": {
				"north": {"uv": [0, 0, 0, 1.21875], "texture": "#10"},
				"east": {"uv": [2.5, 4.5, 4.125, 5.71875], "texture": "#10"},
				"south": {"uv": [0, 0, 0, 1.21875], "texture": "#10"},
				"west": {"uv": [4.25, 4.5, 5.875, 5.71875], "texture": "#10"},
				"up": {"uv": [0, 1.625, 0, 0], "texture": "#10"},
				"down": {"uv": [0, 0, 0, 1.625], "texture": "#10"}
			}
		},
		{
			"from": [6.375, 22.5175, 6.74175],
			"to": [9.615, 25.7575, 9.98175],
			"rotation": {"angle": -45, "axis": "x", "origin": [7.995, 24.1375, 8.36175]},
			"faces": {
				"north": {"uv": [8.25, 6.5, 9.0625, 7.3125], "texture": "#10"},
				"east": {"uv": [8.25, 7.5, 9.0625, 8.3125], "texture": "#10"},
				"south": {"uv": [8.5, 0, 9.3125, 0.8125], "texture": "#10"},
				"west": {"uv": [8.5, 1, 9.3125, 1.8125], "texture": "#10"},
				"up": {"uv": [9.3125, 2.8125, 8.5, 2], "texture": "#10"},
				"down": {"uv": [9.3125, 3, 8.5, 3.8125], "texture": "#10"}
			}
		},
		{
			"from": [7.104, 21.019, 7.47075],
			"to": [8.886, 26.851, 9.25275],
			"rotation": {"angle": 0, "axis": "y", "origin": [15.285, 9.76, 17.06925]},
			"faces": {
				"north": {"uv": [5.5, 8, 5.9375, 9.46875], "texture": "#10"},
				"east": {"uv": [7.5, 8.5, 7.9375, 9.96875], "texture": "#10"},
				"south": {"uv": [8, 8.5, 8.4375, 9.96875], "texture": "#10"},
				"west": {"uv": [8.5, 8.5, 8.9375, 9.96875], "texture": "#10"},
				"up": {"uv": [10.6875, 7.4375, 10.25, 7], "texture": "#10"},
				"down": {"uv": [10.6875, 7.5, 10.25, 7.9375], "texture": "#10"}
			}
		}
	],
	"gui_light": "front",
	"display": {
		"thirdperson_righthand": {
			"rotation": [0, -168, 0],
			"translation": [0, 6.75, 1.75]
		},
		"thirdperson_lefthand": {
			"rotation": [0, -180, 0],
			"translation": [0, 6.75, 1]
		},
		"firstperson_righthand": {
			"rotation": [-41, 180, 0],
			"translation": [2.25, 0.75, 0],
			"scale": [0.8, 0.8, 0.8]
		},
		"firstperson_lefthand": {
			"rotation": [-26, 180, 0],
			"translation": [2.25, 0.75, -2.25],
			"scale": [0.8, 0.8, 0.8]
		},
		"ground": {
			"rotation": [-71, -44, 0],
			"translation": [0, 1.25, 0],
			"scale": [0.46, 0.46, 0.46]
		},
		"gui": {
			"rotation": [77.55, -46, 75.64],
			"translation": [1, -0.25, 0],
			"scale": [0.43, 0.43, 0.43]
		},
		"head": {
			"scale": [1, 1, -1]
		},
		"fixed": {
			"rotation": [0, -180, -45],
			"translation": [0, 0, -1.75]
		}
	},
	"groups": [
		{
			"name": "group",
			"origin": [8.5, 21, 10.5],
			"color": 0,
			"nbt": "{}",
			"armAnimationEnabled": false,
			"children": [0, 1, 2, 3, 4, 5, 6, 7, 8, 9, 10, 11, 12, 13, 14, 15, 16, 17, 18, 19, 20, 21, 22, 23, 24, 25, 26, 27, 28, 29, 30, 31, 32, 33, 34, 35, 36]
		}
	]
}