{
	"credit": "MadewithBlockbench",
	"texture_size": [40, 40],
	"textures": {
		"3": "item/haloween/bow1"
	},
	"elements": [
		{
			"from": [7, 5.425, 7],
			"to": [9, 6.925, 9],
			"rotation": {"angle": 0, "axis": "y", "origin": [8, 5.525, 8]},
			"faces": {
				"north": {"uv": [8, 14.4, 8.8, 15], "texture": "#3"},
				"east": {"uv": [14.4, 11.6, 15.2, 12.2], "texture": "#3"},
				"south": {"uv": [14.4, 12.4, 15.2, 13], "texture": "#3"},
				"west": {"uv": [14.4, 13.2, 15.2, 13.8], "texture": "#3"},
				"up": {"uv": [4, 14.8, 3.2, 14], "texture": "#3"},
				"down": {"uv": [4.8, 14, 4, 14.8], "texture": "#3"}
			}
		},
		{
			"from": [7.25, 6.9, 7.25],
			"to": [8.75, 10.4, 8.75],
			"rotation": {"angle": 0, "axis": "y", "origin": [8, 3.9, 8]},
			"faces": {
				"north": {"uv": [12, 12.4, 12.6, 13.8], "texture": "#3"},
				"east": {"uv": [12.8, 10.8, 13.4, 12.2], "texture": "#3"},
				"south": {"uv": [12.8, 12.4, 13.4, 13.8], "texture": "#3"},
				"west": {"uv": [6.4, 13.6, 7, 15], "texture": "#3"},
				"up": {"uv": [15.4, 11.4, 14.8, 10.8], "texture": "#3"},
				"down": {"uv": [11.8, 14.8, 11.2, 15.4], "texture": "#3"}
			}
		},
		{
			"from": [7.025, 4.275, 6.75],
			"to": [8.975, 6.525, 9],
			"rotation": {"angle": -45, "axis": "x", "origin": [8, 5.525, 8]},
			"faces": {
				"north": {"uv": [4.8, 14, 5.6, 14.8], "texture": "#3"},
				"east": {"uv": [7.2, 13.6, 8.2, 14.4], "texture": "#3"},
				"south": {"uv": [5.6, 14, 6.4, 14.8], "texture": "#3"},
				"west": {"uv": [13.6, 10.8, 14.6, 11.6], "texture": "#3"},
				"up": {"uv": [14.4, 12.6, 13.6, 11.6], "texture": "#3"},
				"down": {"uv": [14.4, 12.8, 13.6, 13.8], "texture": "#3"}
			}
		},
		{
			"from": [7.025, 10.875, 6.75],
			"to": [8.975, 13.125, 9],
			"rotation": {"angle": 45, "axis": "x", "origin": [8, 11.875, 8]},
			"faces": {
				"north": {"uv": [0, 14, 0.8, 15], "texture": "#3"},
				"east": {"uv": [6.4, 12.4, 7.4, 13.4], "texture": "#3"},
				"south": {"uv": [0.8, 14, 1.6, 15], "texture": "#3"},
				"west": {"uv": [7.6, 12.4, 8.6, 13.4], "texture": "#3"},
				"up": {"uv": [2.4, 15, 1.6, 14], "texture": "#3"},
				"down": {"uv": [3.2, 14, 2.4, 15], "texture": "#3"}
			}
		},
		{
			"from": [7, 10.3, 7],
			"to": [9, 11.8, 9],
			"rotation": {"angle": 0, "axis": "y", "origin": [8, 11.8, 8]},
			"faces": {
				"north": {"uv": [14.4, 14, 15.2, 14.6], "texture": "#3"},
				"east": {"uv": [3.2, 14.8, 4, 15.4], "texture": "#3"},
				"south": {"uv": [4, 14.8, 4.8, 15.4], "texture": "#3"},
				"west": {"uv": [4.8, 14.8, 5.6, 15.4], "texture": "#3"},
				"up": {"uv": [12.8, 14.8, 12, 14], "texture": "#3"},
				"down": {"uv": [13.6, 14, 12.8, 14.8], "texture": "#3"}
			}
		},
		{
			"from": [7, 8.2, 7],
			"to": [9, 9.2, 9],
			"rotation": {"angle": 0, "axis": "y", "origin": [8, 12.8, 8]},
			"faces": {
				"north": {"uv": [12, 14.8, 12.8, 15.2], "texture": "#3"},
				"east": {"uv": [12.8, 14.8, 13.6, 15.2], "texture": "#3"},
				"south": {"uv": [13.6, 14.8, 14.4, 15.2], "texture": "#3"},
				"west": {"uv": [14.4, 14.8, 15.2, 15.2], "texture": "#3"},
				"up": {"uv": [14.4, 14.8, 13.6, 14], "texture": "#3"},
				"down": {"uv": [8, 14.4, 7.2, 15.2], "texture": "#3"}
			}
		},
		{
			"from": [7.43, 17.75047, 16.73891],
			"to": [8.57, 20.99047, 17.67891],
			"rotation": {"angle": 45, "axis": "x", "origin": [8, 25.81332, 13.67857]},
			"faces": {
				"north": {"uv": [5.6, 14.8, 6, 16], "texture": "#3"},
				"east": {"uv": [6, 14.8, 6.4, 16], "texture": "#3"},
				"south": {"uv": [8.8, 14.8, 9.2, 16], "texture": "#3"},
				"west": {"uv": [9.2, 14.8, 9.6, 16], "texture": "#3"},
				"up": {"uv": [0.4, 15.6, 0, 15.2], "texture": "#3"},
				"down": {"uv": [15.6, 0, 15.2, 0.4], "texture": "#3"}
			}
		},
		{
			"from": [6.344, 15.0842, 7.92687],
			"to": [9.656, 18.3962, 11.23887],
			"rotation": {"angle": 22.5, "axis": "x", "origin": [8, 16.7402, 9.58287]},
			"faces": {
				"north": {"uv": [0, 10.8, 1.4, 12.2], "texture": "#3"},
				"east": {"uv": [1.6, 10.8, 3, 12.2], "texture": "#3"},
				"south": {"uv": [3.2, 10.8, 4.6, 12.2], "texture": "#3"},
				"west": {"uv": [4.8, 10.8, 6.2, 12.2], "texture": "#3"},
				"up": {"uv": [7.8, 12.2, 6.4, 10.8], "texture": "#3"},
				"down": {"uv": [9.4, 10.8, 8, 12.2], "texture": "#3"}
			}
		},
		{
			"from": [7.43, 12.45681, 9.85319],
			"to": [8.57, 18.69681, 11.09319],
			"rotation": {"angle": 22.5, "axis": "x", "origin": [8, 19.01966, 7.99284]},
			"faces": {
				"north": {"uv": [8.8, 12.4, 9.2, 14.8], "texture": "#3"},
				"east": {"uv": [9.2, 12.4, 9.6, 14.8], "texture": "#3"},
				"south": {"uv": [9.6, 12.4, 10, 14.8], "texture": "#3"},
				"west": {"uv": [10, 12.4, 10.4, 14.8], "texture": "#3"},
				"up": {"uv": [8.8, 14, 8.4, 13.6], "texture": "#3"},
				"down": {"uv": [8.8, 14, 8.4, 14.4], "texture": "#3"}
			}
		},
		{
			"from": [7.43, -1.39681, 9.85319],
			"to": [8.57, 4.84319, 11.09319],
			"rotation": {"angle": -22.5, "axis": "x", "origin": [8, -1.71966, 7.99284]},
			"faces": {
				"north": {"uv": [10.4, 12.4, 10.8, 14.8], "texture": "#3"},
				"east": {"uv": [10.8, 12.4, 11.2, 14.8], "texture": "#3"},
				"south": {"uv": [11.2, 12.4, 11.6, 14.8], "texture": "#3"},
				"west": {"uv": [11.6, 12.4, 12, 14.8], "texture": "#3"},
				"up": {"uv": [1.2, 15.6, 0.8, 15.2], "texture": "#3"},
				"down": {"uv": [15.6, 0.8, 15.2, 1.2], "texture": "#3"}
			}
		},
		{
			"from": [6.344, -1.0962, 7.92687],
			"to": [9.656, 2.2158, 11.23887],
			"rotation": {"angle": -22.5, "axis": "x", "origin": [8, 0.5598, 9.58287]},
			"faces": {
				"north": {"uv": [9.6, 10.8, 11, 12.2], "texture": "#3"},
				"east": {"uv": [11.2, 10.8, 12.6, 12.2], "texture": "#3"},
				"south": {"uv": [0, 12.4, 1.4, 13.8], "texture": "#3"},
				"west": {"uv": [1.6, 12.4, 3, 13.8], "texture": "#3"},
				"up": {"uv": [4.6, 13.8, 3.2, 12.4], "texture": "#3"},
				"down": {"uv": [6.2, 12.4, 4.8, 13.8], "texture": "#3"}
			}
		},
		{
			"from": [7.43, -3.69047, 16.73891],
			"to": [8.57, -0.45047, 17.67891],
			"rotation": {"angle": -45, "axis": "x", "origin": [8, -8.51332, 13.67857]},
			"faces": {
				"north": {"uv": [9.6, 14.8, 10, 16], "texture": "#3"},
				"east": {"uv": [10, 14.8, 10.4, 16], "texture": "#3"},
				"south": {"uv": [10.4, 14.8, 10.8, 16], "texture": "#3"},
				"west": {"uv": [10.8, 14.8, 11.2, 16], "texture": "#3"},
				"up": {"uv": [0.8, 15.6, 0.4, 15.2], "texture": "#3"},
				"down": {"uv": [15.6, 0.4, 15.2, 0.8], "texture": "#3"}
			}
		},
		{
			"from": [8, -5.5, 10],
			"to": [8, 21.5, 29],
			"rotation": {"angle": 0, "axis": "y", "origin": [8, 8, 8]},
			"faces": {
				"north": {"uv": [0, 0, 0, 10.8], "texture": "#3"},
				"east": {"uv": [0, 0, 7.6, 10.8], "texture": "#3"},
				"south": {"uv": [0, 0, 0, 10.8], "texture": "#3"},
				"west": {"uv": [7.6, 0, 15.2, 10.8], "texture": "#3"},
				"up": {"uv": [0, 7.6, 0, 0], "texture": "#3"},
				"down": {"uv": [0, 0, 0, 7.6], "texture": "#3"}
			}
		}
	],
	"gui_light": "front",
	"display": {
		"thirdperson_righthand": {
			"translation": [0, -2.75, 0.75]
		},
		"thirdperson_lefthand": {
			"translation": [0, -2.75, 0.75]
		},
		"firstperson_righthand": {
			"translation": [-1.25, 5.25, 1]
		},
		"firstperson_lefthand": {
			"translation": [-1.25, 5.25, 1]
		},
		"ground": {
			"rotation": [0, 0, -52],
			"translation": [0, 0, -1.25],
			"scale": [0.42, 0.42, 0.42]
		},
		"gui": {
			"rotation": [113, 47, 86.66],
			"translation": [-2, 2.25, -2],
			"scale": [0.84, 0.84, 0.84]
		},
		"fixed": {
			"rotation": [85.33, -45.91, 86.66],
			"translation": [3, 2.25, -2]
		}
	}
}