{
	"credit": "MadewithBlockbench",
	"texture_size": [56, 56],
	"textures": {
		"0": "item/haloween/hat",
		"particle": "item/haloween/hat"
	},
	"elements": [
		{
			"from": [2.9312, 9.21047, 2.88834],
			"to": [13.0688, 13.80807, 12.62594],
			"rotation": {"angle": 0, "axis": "y", "origin": [8, 15.79924, 10.67181]},
			"faces": {
				"north": {"uv": [8, 4, 10.85714, 5.28571], "texture": "#0"},
				"east": {"uv": [0, 8.85714, 2.71429, 10.14286], "texture": "#0"},
				"south": {"uv": [8, 5.42857, 10.85714, 6.71429], "texture": "#0"},
				"west": {"uv": [9.14286, 0, 11.85714, 1.28571], "texture": "#0"},
				"up": {"uv": [2.85714, 6.71429, 0, 4], "texture": "#0"},
				"down": {"uv": [5.71429, 4, 2.85714, 6.71429], "texture": "#0"}
			}
		},
		{
			"from": [3.9312, 11.071, 4.97334],
			"to": [12.0688, 17.6686, 12.71094],
			"rotation": {"angle": 22.5, "axis": "x", "origin": [8, 15.79924, 10.67181]},
			"faces": {
				"north": {"uv": [0, 6.85714, 2.28571, 8.71429], "texture": "#0"},
				"east": {"uv": [6.85714, 2, 9, 3.85714], "texture": "#0"},
				"south": {"uv": [6.85714, 0, 9.14286, 1.85714], "texture": "#0"},
				"west": {"uv": [2.28571, 6.85714, 4.42857, 8.71429], "texture": "#0"},
				"up": {"uv": [8, 6.14286, 5.71429, 4], "texture": "#0"},
				"down": {"uv": [8, 6.28571, 5.71429, 8.42857], "texture": "#0"}
			}
		},
		{
			"from": [4.9312, 15.04172, 10.21816],
			"to": [11.0688, 20.77932, 15.81576],
			"rotation": {"angle": -45, "axis": "x", "origin": [8, 15.79924, 10.67181]},
			"faces": {
				"north": {"uv": [2.85714, 8.85714, 4.57143, 10.42857], "texture": "#0"},
				"east": {"uv": [8, 10.28571, 9.57143, 11.85714], "texture": "#0"},
				"south": {"uv": [9.14286, 6.85714, 10.85714, 8.42857], "texture": "#0"},
				"west": {"uv": [9.71429, 10.28571, 11.28571, 11.85714], "texture": "#0"},
				"up": {"uv": [10.85714, 10.14286, 9.14286, 8.57143], "texture": "#0"},
				"down": {"uv": [1.71429, 10.28571, 0, 11.85714], "texture": "#0"}
			}
		},
		{
			"from": [5.9312, 18.22041, 10.78769],
			"to": [10.0688, 21.95801, 16.38529],
			"rotation": {"angle": 0, "axis": "y", "origin": [8, 15.79924, 10.67181]},
			"faces": {
				"north": {"uv": [5.14286, 11.71429, 6.28571, 12.71429], "texture": "#0"},
				"east": {"uv": [10.85714, 7.42857, 12.42857, 8.42857], "texture": "#0"},
				"south": {"uv": [6.28571, 11.71429, 7.42857, 12.71429], "texture": "#0"},
				"west": {"uv": [10.85714, 8.57143, 12.42857, 9.57143], "texture": "#0"},
				"up": {"uv": [12, 5.57143, 10.85714, 4], "texture": "#0"},
				"down": {"uv": [12, 5.71429, 10.85714, 7.28571], "texture": "#0"}
			}
		},
		{
			"from": [1.9312, 8.91047, 0.88834],
			"to": [14.0688, 11.50807, 14.62594],
			"rotation": {"angle": 0, "axis": "y", "origin": [8, 15.79924, 10.67181]},
			"faces": {
				"north": {"uv": [9.14286, 3.14286, 12.57143, 3.85714], "texture": "#0"},
				"east": {"uv": [9.14286, 1.42857, 13, 2.14286], "texture": "#0"},
				"south": {"uv": [12.57143, 3.14286, 9.14286, 3.85714], "texture": "#0"},
				"west": {"uv": [9.14286, 2.28571, 13, 3], "texture": "#0"},
				"up": {"uv": [3.42857, 3.85714, 0, 0], "texture": "#0"},
				"down": {"uv": [6.85714, 0, 3.42857, 3.85714], "texture": "#0"}
			}
		},
		{
			"from": [1.14178, 10.95852, 2.13834],
			"to": [5.02938, 12.55612, 13.37594],
			"rotation": {"angle": -22.5, "axis": "z", "origin": [-1.03942, 17.59729, 10.67181]},
			"faces": {
				"north": {"uv": [4.57143, 10, 5.71429, 10.42857], "texture": "#0"},
				"east": {"uv": [10.85714, 9.71429, 14, 10.14286], "texture": "#0"},
				"south": {"uv": [5.71429, 10, 4.57143, 10.42857], "texture": "#0"},
				"west": {"uv": [11.42857, 10.28571, 14.57143, 10.71429], "texture": "#0"},
				"up": {"uv": [5.71429, 10, 4.57143, 6.85714], "texture": "#0"},
				"down": {"uv": [9.14286, 6.85714, 8, 10], "texture": "#0"}
			}
		},
		{
			"from": [2.26943, 13.22599, 4.13834],
			"to": [4.90703, 14.57359, 11.37594],
			"rotation": {"angle": -45, "axis": "z", "origin": [-1.16177, 19.61476, 10.67181]},
			"faces": {
				"north": {"uv": [10.85714, 12, 11.57143, 12.42857], "texture": "#0"},
				"east": {"uv": [12, 4, 14, 4.42857], "texture": "#0"},
				"south": {"uv": [11.57143, 12, 10.85714, 12.42857], "texture": "#0"},
				"west": {"uv": [12, 4.57143, 14, 5], "texture": "#0"},
				"up": {"uv": [2.42857, 13.42857, 1.71429, 11.42857], "texture": "#0"},
				"down": {"uv": [3.28571, 11.42857, 2.57143, 13.42857], "texture": "#0"}
			}
		},
		{
			"from": [11.09297, 13.22599, 4.13834],
			"to": [13.73057, 14.57359, 11.37594],
			"rotation": {"angle": 45, "axis": "z", "origin": [17.16177, 19.61476, 10.67181]},
			"faces": {
				"north": {"uv": [12.57143, 3.14286, 13.28571, 3.57143], "texture": "#0"},
				"east": {"uv": [12, 5.14286, 14, 5.57143], "texture": "#0"},
				"south": {"uv": [13.28571, 3.14286, 12.57143, 3.57143], "texture": "#0"},
				"west": {"uv": [12, 5.71429, 14, 6.14286], "texture": "#0"},
				"up": {"uv": [4.14286, 13.42857, 3.42857, 11.42857], "texture": "#0"},
				"down": {"uv": [5, 11.42857, 4.28571, 13.42857], "texture": "#0"}
			}
		},
		{
			"from": [10.97062, 10.95852, 2.13834],
			"to": [14.85822, 12.55612, 13.37594],
			"rotation": {"angle": 22.5, "axis": "z", "origin": [17.03942, 17.59729, 10.67181]},
			"faces": {
				"north": {"uv": [12, 6.85714, 13.14286, 7.28571], "texture": "#0"},
				"east": {"uv": [11.42857, 10.85714, 14.57143, 11.28571], "texture": "#0"},
				"south": {"uv": [13.14286, 6.85714, 12, 7.28571], "texture": "#0"},
				"west": {"uv": [11.42857, 11.42857, 14.57143, 11.85714], "texture": "#0"},
				"up": {"uv": [6.85714, 11.71429, 5.71429, 8.57143], "texture": "#0"},
				"down": {"uv": [8, 8.57143, 6.85714, 11.71429], "texture": "#0"}
			}
		},
		{
			"from": [5.9312, 11.78547, 1.50074],
			"to": [10.0688, 15.33307, 3.21334],
			"rotation": {"angle": 22.5, "axis": "x", "origin": [8, 12.25927, 1.51954]},
			"faces": {
				"north": {"uv": [0, 12, 1.14286, 13], "texture": "#0"},
				"east": {"uv": [5.14286, 10.57143, 5.57143, 11.57143], "texture": "#0"},
				"south": {"uv": [12, 0, 13.14286, 1], "texture": "#0"},
				"west": {"uv": [1.14286, 12, 1.57143, 13], "texture": "#0"},
				"up": {"uv": [9.71429, 12.42857, 8.57143, 12], "texture": "#0"},
				"down": {"uv": [10.85714, 12, 9.71429, 12.42857], "texture": "#0"}
			}
		}
	],
	"gui_light": "front",
	"display": {
		"thirdperson_righthand": {
			"translation": [0, -0.75, 0],
			"scale": [0.36, 0.36, 0.36]
		},
		"thirdperson_lefthand": {
			"translation": [0, -0.75, 0],
			"scale": [0.36, 0.36, 0.36]
		},
		"firstperson_righthand": {
			"translation": [0.25, 0, 1.25],
			"scale": [0.65, 0.65, 0.65]
		},
		"firstperson_lefthand": {
			"translation": [0.25, 0, 1.25],
			"scale": [0.65, 0.65, 0.65]
		},
		"ground": {
			"rotation": [20, 0, 0],
			"scale": [0.32, 0.32, 0.32]
		},
		"gui": {
			"rotation": [11, 160, 0],
			"translation": [0, -4.5, 0],
			"scale": [0.69, 0.69, 0.69]
		},
		"head": {
			"rotation": [13.25, 0, 0],
			"translation": [0, 1.75, 0],
			"scale": [1.48, 1.48, 1.48]
		},
		"fixed": {
			"rotation": [-90, 0, 0]
		}
	},
	"groups": [
		{
			"name": "group",
			"origin": [8, 12.25927, 1.51954],
			"color": 0,
			"nbt": "{}",
			"armAnimationEnabled": false,
			"children": [0, 1, 2, 3, 4, 5, 6, 7, 8, 9]
		}
	]
}