{"textures":{"0":"modelengine:entity/texture"},"elements":[{"from":[4.2599998,9.54,6.9],"to":[11.3,16.580002,9.1],"rotation":{"angle":0.0,"axis":"y","origin":[8.0,3.1599998,6.46]},"faces":{"east":{"uv":[6.625,12.0,7.25,14.0],"rotation":0,"texture":"#0","tintindex":0},"south":{"uv":[9.0,2.0,11.0,4.0],"rotation":0,"texture":"#0","tintindex":0},"north":{"uv":[9.0,0.0,11.0,2.0],"rotation":0,"texture":"#0","tintindex":0},"west":{"uv":[7.25,12.0,7.875,14.0],"rotation":0,"texture":"#0","tintindex":0},"up":{"uv":[14.125,2.625,12.125,2.0],"rotation":0,"texture":"#0","tintindex":0},"down":{"uv":[14.125,2.625,12.125,3.25],"rotation":0,"texture":"#0","tintindex":0}}}],"display":{"head":{"translation":[0.0,-6.4,0.0],"scale":[4.0,4.0,4.0]}}}