{
	"credit": "Made with Blockbench",
	"ambientocclusion": false,
	"texture_size": [64, 64],
	"textures": {
		"3": "item/legoupdate/blue_lego_trident"
	},
	"elements": [
		{
			"from": [6.0625, -3.25, 8.2625],
			"to": [9.9375, -2.0875, 12.1375],
			"rotation": {"angle": 0, "axis": "y", "origin": [18.85, 16.6625, 17.3]},
			"faces": {
				"north": {"uv": [6.25, 0.75, 7.25, 1], "texture": "#3"},
				"east": {"uv": [6.5, 6.5, 7.5, 6.75], "texture": "#3"},
				"south": {"uv": [0, 6.75, 1, 7], "texture": "#3"},
				"west": {"uv": [6.75, 2, 7.75, 2.25], "texture": "#3"},
				"up": {"uv": [3.75, 5, 2.75, 4], "texture": "#3"},
				"down": {"uv": [5.25, 1.25, 4.25, 2.25], "texture": "#3"}
			}
		},
		{
			"from": [6.45, 8.7625, 8.65],
			"to": [9.55, 16.5125, 11.75],
			"rotation": {"angle": 0, "axis": "y", "origin": [18.85, -4.2625, 17.3]},
			"faces": {
				"north": {"uv": [3, 0, 3.75, 2], "texture": "#3"},
				"east": {"uv": [3, 2, 3.75, 4], "texture": "#3"},
				"south": {"uv": [0, 3.25, 0.75, 5.25], "texture": "#3"},
				"west": {"uv": [0.75, 3.25, 1.5, 5.25], "texture": "#3"},
				"up": {"uv": [3.75, 5.75, 3, 5], "texture": "#3"},
				"down": {"uv": [0.75, 5.25, 0, 6], "texture": "#3"}
			}
		},
		{
			"from": [6.8375, 16.5125, 9.0375],
			"to": [9.1625, 19.6125, 11.3625],
			"rotation": {"angle": 0, "axis": "y", "origin": [18.85, -1.1625, 17.3]},
			"faces": {
				"north": {"uv": [6, 3.5, 6.625, 4.25], "texture": "#3"},
				"east": {"uv": [6, 4.25, 6.625, 5], "texture": "#3"},
				"south": {"uv": [6.25, 0, 6.875, 0.75], "texture": "#3"},
				"west": {"uv": [4.75, 6.25, 5.375, 7], "texture": "#3"},
				"up": {"uv": [2.125, 7.125, 1.5, 6.5], "texture": "#3"},
				"down": {"uv": [3.625, 6.5, 3, 7.125], "texture": "#3"}
			}
		},
		{
			"from": [6.8375, -3.6375, 9.0375],
			"to": [9.1625, 8.7625, 11.3625],
			"rotation": {"angle": 0, "axis": "y", "origin": [18.85, -15.1125, 17.3]},
			"faces": {
				"north": {"uv": [0, 0, 0.625, 3.125], "texture": "#3"},
				"east": {"uv": [0.75, 0, 1.375, 3.125], "texture": "#3"},
				"south": {"uv": [1.5, 0, 2.125, 3.125], "texture": "#3"},
				"west": {"uv": [2.25, 0, 2.875, 3.125], "texture": "#3"},
				"up": {"uv": [7.125, 5.625, 6.5, 5], "texture": "#3"},
				"down": {"uv": [7.125, 5.75, 6.5, 6.375], "texture": "#3"}
			}
		},
		{
			"from": [5.675, -7.125, 7.875],
			"to": [10.325, -3.6375, 12.525],
			"rotation": {"angle": 0, "axis": "y", "origin": [18.85, 12.7875, 17.3]},
			"faces": {
				"north": {"uv": [4.75, 2.25, 5.875, 3.125], "texture": "#3"},
				"east": {"uv": [4.75, 3.25, 5.875, 4.125], "texture": "#3"},
				"south": {"uv": [4.75, 4.25, 5.875, 5.125], "texture": "#3"},
				"west": {"uv": [5, 0, 6.125, 0.875], "texture": "#3"},
				"up": {"uv": [2.625, 4.375, 1.5, 3.25], "texture": "#3"},
				"down": {"uv": [4.875, 0, 3.75, 1.125], "texture": "#3"}
			}
		},
		{
			"from": [7.5, 19.7, 9.175],
			"to": [8.5, 29.7, 11.175],
			"rotation": {"angle": 0, "axis": "y", "origin": [8, 1.7, 10.175]},
			"faces": {
				"north": {"uv": [2.5, 4.5, 2.75, 7], "texture": "#3"},
				"east": {"uv": [3.75, 1.25, 4.25, 3.75], "texture": "#3"},
				"south": {"uv": [2.75, 5, 3, 7.5], "texture": "#3"},
				"west": {"uv": [3.75, 3.75, 4.25, 6.25], "texture": "#3"},
				"up": {"uv": [7, 5, 6.75, 4.5], "texture": "#3"},
				"down": {"uv": [0.75, 7, 0.5, 7.5], "texture": "#3"}
			}
		},
		{
			"from": [7.51, 19.71, 5.185],
			"to": [8.49, 21.69, 12.165],
			"rotation": {"angle": 22.5, "axis": "x", "origin": [8, 24.7, 7.175]},
			"faces": {
				"north": {"uv": [0.75, 7, 1, 7.5], "texture": "#3"},
				"east": {"uv": [5.25, 1, 7, 1.5], "texture": "#3"},
				"south": {"uv": [7, 1, 7.25, 1.5], "texture": "#3"},
				"west": {"uv": [5.25, 1.5, 7, 2], "texture": "#3"},
				"up": {"uv": [5.75, 8, 5.5, 6.25], "texture": "#3"},
				"down": {"uv": [6, 6.25, 5.75, 8], "texture": "#3"}
			}
		},
		{
			"from": [7.5, 20.84597, 3.41382],
			"to": [8.5, 28.84597, 5.41382],
			"rotation": {"angle": 0, "axis": "y", "origin": [8, 1.84597, 10.41382]},
			"faces": {
				"north": {"uv": [3.75, 6.25, 4, 8.25], "texture": "#3"},
				"east": {"uv": [4.25, 2.25, 4.75, 4.25], "texture": "#3"},
				"south": {"uv": [4, 6.25, 4.25, 8.25], "texture": "#3"},
				"west": {"uv": [4.25, 4.25, 4.75, 6.25], "texture": "#3"},
				"up": {"uv": [7.25, 2, 7, 1.5], "texture": "#3"},
				"down": {"uv": [7.25, 2.25, 7, 2.75], "texture": "#3"}
			}
		},
		{
			"from": [7.51, 29.00289, 4.14947],
			"to": [8.49, 31.98289, 7.12947],
			"rotation": {"angle": -45, "axis": "x", "origin": [8, 28.49289, 6.63947]},
			"faces": {
				"north": {"uv": [2.75, 3.25, 3, 4], "texture": "#3"},
				"east": {"uv": [0.75, 5.25, 1.5, 6], "texture": "#3"},
				"south": {"uv": [2.25, 6.5, 2.5, 7.25], "texture": "#3"},
				"west": {"uv": [3, 5.75, 3.75, 6.5], "texture": "#3"},
				"up": {"uv": [1.25, 7.5, 1, 6.75], "texture": "#3"},
				"down": {"uv": [1.5, 6.75, 1.25, 7.5], "texture": "#3"}
			}
		},
		{
			"from": [7.51, 29.00289, 13.22053],
			"to": [8.49, 31.98289, 16.20053],
			"rotation": {"angle": 45, "axis": "x", "origin": [8, 28.49289, 13.71053]},
			"faces": {
				"north": {"uv": [6.75, 2.25, 7, 3], "texture": "#3"},
				"east": {"uv": [0, 6, 0.75, 6.75], "texture": "#3"},
				"south": {"uv": [6.75, 3, 7, 3.75], "texture": "#3"},
				"west": {"uv": [0.75, 6, 1.5, 6.75], "texture": "#3"},
				"up": {"uv": [7, 4.5, 6.75, 3.75], "texture": "#3"},
				"down": {"uv": [6.75, 6.75, 6.5, 7.5], "texture": "#3"}
			}
		},
		{
			"from": [7.5, 20.84597, 14.93618],
			"to": [8.5, 28.84597, 16.93618],
			"rotation": {"angle": 0, "axis": "y", "origin": [8, 1.84597, 9.93618]},
			"faces": {
				"north": {"uv": [4.25, 6.25, 4.5, 8.25], "texture": "#3"},
				"east": {"uv": [1.5, 4.5, 2, 6.5], "texture": "#3"},
				"south": {"uv": [4.5, 6.25, 4.75, 8.25], "texture": "#3"},
				"west": {"uv": [2, 4.5, 2.5, 6.5], "texture": "#3"},
				"up": {"uv": [2.75, 7.5, 2.5, 7], "texture": "#3"},
				"down": {"uv": [7.25, 2.75, 7, 3.25], "texture": "#3"}
			}
		},
		{
			"from": [7.51, 19.71, 8.185],
			"to": [8.49, 21.69, 15.165],
			"rotation": {"angle": -22.5, "axis": "x", "origin": [8, 24.7, 13.175]},
			"faces": {
				"north": {"uv": [7, 3.25, 7.25, 3.75], "texture": "#3"},
				"east": {"uv": [4.75, 5.25, 6.5, 5.75], "texture": "#3"},
				"south": {"uv": [7, 3.75, 7.25, 4.25], "texture": "#3"},
				"west": {"uv": [4.75, 5.75, 6.5, 6.25], "texture": "#3"},
				"up": {"uv": [6.25, 8, 6, 6.25], "texture": "#3"},
				"down": {"uv": [6.5, 6.25, 6.25, 8], "texture": "#3"}
			}
		},
		{
			"from": [7.51, 29.00289, 9.80632],
			"to": [8.49, 31.98289, 12.78632],
			"rotation": {"angle": -45, "axis": "x", "origin": [8, 28.49289, 12.29632]},
			"faces": {
				"north": {"uv": [6.75, 6.75, 7, 7.5], "texture": "#3"},
				"east": {"uv": [6, 2, 6.75, 2.75], "texture": "#3"},
				"south": {"uv": [0, 7, 0.25, 7.75], "texture": "#3"},
				"west": {"uv": [6, 2.75, 6.75, 3.5], "texture": "#3"},
				"up": {"uv": [7.25, 0.75, 7, 0], "texture": "#3"},
				"down": {"uv": [0.5, 7, 0.25, 7.75], "texture": "#3"}
			}
		}
	],
	"gui_light": "front",
	"display": {
		"thirdperson_righthand": {
			"rotation": [0, -90, 0],
			"translation": [1.75, 1.25, 2],
			"scale": [0.65, 0.65, 0.65]
		},
		"thirdperson_lefthand": {
			"rotation": [0, -90, 0],
			"translation": [1.5, 2.5, 2],
			"scale": [0.65, 0.65, 0.65]
		},
		"firstperson_righthand": {
			"rotation": [0, -90, 0],
			"translation": [1.63, 1.45, 1.13],
			"scale": [0.38, 0.38, 0.38]
		},
		"firstperson_lefthand": {
			"rotation": [0, -90, 0],
			"translation": [1.63, 1.45, 1.13],
			"scale": [0.38, 0.38, 0.38]
		},
		"ground": {
			"rotation": [88.57, -5.82, -3.13],
			"scale": [0.36, 0.36, 0.36]
		},
		"gui": {
			"rotation": [-55, 12, 45],
			"translation": [0.25, -0.5, 0],
			"scale": [0.4, 0.4, 0.4]
		},
		"head": {
			"rotation": [0, 0, 53],
			"translation": [-2, -14.25, 5.25]
		},
		"fixed": {
			"rotation": [0, 0, 45],
			"translation": [0.5, -0.25, -1],
			"scale": [0.8, 0.8, 0.8]
		}
	},
	"groups": [
		{
			"name": "group",
			"origin": [18.85, 12.7875, 17.3],
			"color": 0,
			"nbt": "{}",
			"armAnimationEnabled": false,
			"children": [0, 1, 2, 3, 4]
		},
		5,
		6,
		7,
		8,
		9,
		10,
		11,
		12
	]
}