{
	"credit": "Made with Blockbench",
	"texture_size": [32, 32],
	"textures": {
		"2": "item/legoupdate/red_lego_bow1"
	},
	"elements": [
		{
			"from": [7, 0, 3],
			"to": [9, 11, 5],
			"rotation": {"angle": 0, "axis": "y", "origin": [8, 5.5, 4]},
			"faces": {
				"north": {"uv": [0, 0, 1, 5.5], "texture": "#2"},
				"east": {"uv": [1, 0, 2, 5.5], "texture": "#2"},
				"south": {"uv": [2, 0, 3, 5.5], "texture": "#2"},
				"west": {"uv": [3, 0, 4, 5.5], "texture": "#2"},
				"up": {"uv": [10, 5, 9, 4], "texture": "#2"},
				"down": {"uv": [10, 5, 9, 6], "texture": "#2"}
			}
		},
		{
			"from": [7.5, -10.9661, 3.38686],
			"to": [8.5, -3.9661, 4.38686],
			"rotation": {"angle": -45, "axis": "x", "origin": [8, 0.30135, 3.02864]},
			"faces": {
				"north": {"uv": [7, 4, 7.5, 7.5], "texture": "#2"},
				"east": {"uv": [0, 7.5, 0.5, 11], "texture": "#2"},
				"south": {"uv": [0.5, 7.5, 1, 11], "texture": "#2"},
				"west": {"uv": [1, 7.5, 1.5, 11], "texture": "#2"},
				"up": {"uv": [6.5, 8.5, 6, 8], "texture": "#2"},
				"down": {"uv": [7, 8, 6.5, 8.5], "texture": "#2"}
			}
		},
		{
			"from": [7.5, 14.9661, 3.38686],
			"to": [8.5, 21.9661, 4.38686],
			"rotation": {"angle": 45, "axis": "x", "origin": [8, 10.69865, 3.02864]},
			"faces": {
				"north": {"uv": [1.5, 7.5, 2, 11], "texture": "#2"},
				"east": {"uv": [2, 7.5, 2.5, 11], "texture": "#2"},
				"south": {"uv": [2.5, 7.5, 3, 11], "texture": "#2"},
				"west": {"uv": [3, 7.5, 3.5, 11], "texture": "#2"},
				"up": {"uv": [1.5, 11.5, 1, 11], "texture": "#2"},
				"down": {"uv": [11.5, 1, 11, 1.5], "texture": "#2"}
			}
		},
		{
			"from": [7.525, -12.58865, 7.59534],
			"to": [8.475, -9.58865, 8.59534],
			"rotation": {"angle": -22.5, "axis": "x", "origin": [8, 0.30135, 3.02864]},
			"faces": {
				"north": {"uv": [3.5, 7.5, 4, 9], "texture": "#2"},
				"east": {"uv": [3.5, 9, 4, 10.5], "texture": "#2"},
				"south": {"uv": [10, 0, 10.5, 1.5], "texture": "#2"},
				"west": {"uv": [10, 1.5, 10.5, 3], "texture": "#2"},
				"up": {"uv": [2, 11.5, 1.5, 11], "texture": "#2"},
				"down": {"uv": [11.5, 1.5, 11, 2], "texture": "#2"}
			}
		},
		{
			"from": [7.55, -7.877, 15.0795],
			"to": [8.45, -4.877, 16.0795],
			"rotation": {"angle": 22.5, "axis": "x", "origin": [8, 0.30135, 3.02864]},
			"faces": {
				"north": {"uv": [10, 3, 10.5, 4.5], "texture": "#2"},
				"east": {"uv": [10, 4.5, 10.5, 6], "texture": "#2"},
				"south": {"uv": [5, 10, 5.5, 11.5], "texture": "#2"},
				"west": {"uv": [5.5, 10, 6, 11.5], "texture": "#2"},
				"up": {"uv": [2.5, 11.5, 2, 11], "texture": "#2"},
				"down": {"uv": [11.5, 2, 11, 2.5], "texture": "#2"}
			}
		},
		{
			"from": [7.575, -12.24881, 8.95634],
			"to": [8.425, -11.24881, 11.95634],
			"rotation": {"angle": 0, "axis": "y", "origin": [8, 0.30135, 3.02864]},
			"faces": {
				"north": {"uv": [2.5, 11, 3, 11.5], "texture": "#2"},
				"east": {"uv": [7.5, 7, 9, 7.5], "texture": "#2"},
				"south": {"uv": [11, 2.5, 11.5, 3], "texture": "#2"},
				"west": {"uv": [10, 6, 11.5, 6.5], "texture": "#2"},
				"up": {"uv": [10.5, 8, 10, 6.5], "texture": "#2"},
				"down": {"uv": [10.5, 8, 10, 9.5], "texture": "#2"}
			}
		},
		{
			"from": [7.525, 20.58865, 7.59534],
			"to": [8.475, 23.58865, 8.59534],
			"rotation": {"angle": 22.5, "axis": "x", "origin": [8, 10.69865, 3.02864]},
			"faces": {
				"north": {"uv": [9, 10, 9.5, 11.5], "texture": "#2"},
				"east": {"uv": [9.5, 10, 10, 11.5], "texture": "#2"},
				"south": {"uv": [10, 9.5, 10.5, 11], "texture": "#2"},
				"west": {"uv": [10.5, 0, 11, 1.5], "texture": "#2"},
				"up": {"uv": [3.5, 11.5, 3, 11], "texture": "#2"},
				"down": {"uv": [11.5, 3, 11, 3.5], "texture": "#2"}
			}
		},
		{
			"from": [7.55, 15.877, 15.0795],
			"to": [8.45, 18.877, 16.0795],
			"rotation": {"angle": -22.5, "axis": "x", "origin": [8, 10.69865, 3.02864]},
			"faces": {
				"north": {"uv": [10.5, 1.5, 11, 3], "texture": "#2"},
				"east": {"uv": [10.5, 3, 11, 4.5], "texture": "#2"},
				"south": {"uv": [3.5, 10.5, 4, 12], "texture": "#2"},
				"west": {"uv": [10.5, 4.5, 11, 6], "texture": "#2"},
				"up": {"uv": [11.5, 4, 11, 3.5], "texture": "#2"},
				"down": {"uv": [11.5, 4, 11, 4.5], "texture": "#2"}
			}
		},
		{
			"from": [7.575, 22.24881, 8.95634],
			"to": [8.425, 23.24881, 11.95634],
			"rotation": {"angle": 0, "axis": "y", "origin": [8, 10.69865, 3.02864]},
			"faces": {
				"north": {"uv": [11, 4.5, 11.5, 5], "texture": "#2"},
				"east": {"uv": [6, 10.5, 7.5, 11], "texture": "#2"},
				"south": {"uv": [11, 5, 11.5, 5.5], "texture": "#2"},
				"west": {"uv": [10.5, 6.5, 12, 7], "texture": "#2"},
				"up": {"uv": [11, 8.5, 10.5, 7], "texture": "#2"},
				"down": {"uv": [8, 10.5, 7.5, 12], "texture": "#2"}
			}
		},
		{
			"from": [8, -9.58865, 12.09534],
			"to": [8, 20.41135, 12.59534],
			"rotation": {"angle": 0, "axis": "y", "origin": [7.5, -11.6773, 8.09534]},
			"faces": {
				"north": {"uv": [0, 0, 0, 15], "texture": "#2"},
				"east": {"uv": [4, 0, 4.25, 15], "texture": "#2"},
				"south": {"uv": [0, 0, 0, 15], "texture": "#2"},
				"west": {"uv": [4.5, 0, 4.75, 15], "texture": "#2"},
				"up": {"uv": [0, 0.25, 0, 0], "texture": "#2"},
				"down": {"uv": [0, 0, 0, 0.25], "texture": "#2"}
			}
		},
		{
			"from": [7.025, -3.9661, 2.88686],
			"to": [8.975, 0.0339, 4.88686],
			"rotation": {"angle": -45, "axis": "x", "origin": [8, 0.30135, 3.02864]},
			"faces": {
				"north": {"uv": [0, 5.5, 1, 7.5], "texture": "#2"},
				"east": {"uv": [1, 5.5, 2, 7.5], "texture": "#2"},
				"south": {"uv": [2, 5.5, 3, 7.5], "texture": "#2"},
				"west": {"uv": [3, 5.5, 4, 7.5], "texture": "#2"},
				"up": {"uv": [10, 7, 9, 6], "texture": "#2"},
				"down": {"uv": [10, 7, 9, 8], "texture": "#2"}
			}
		},
		{
			"from": [7.025, 10.9661, 2.88686],
			"to": [8.975, 14.9661, 4.88686],
			"rotation": {"angle": 45, "axis": "x", "origin": [8, 10.69865, 3.02864]},
			"faces": {
				"north": {"uv": [6, 2, 7, 4], "texture": "#2"},
				"east": {"uv": [6, 4, 7, 6], "texture": "#2"},
				"south": {"uv": [6, 6, 7, 8], "texture": "#2"},
				"west": {"uv": [7, 2, 8, 4], "texture": "#2"},
				"up": {"uv": [10, 9, 9, 8], "texture": "#2"},
				"down": {"uv": [10, 9, 9, 10], "texture": "#2"}
			}
		},
		{
			"from": [6.66125, 3.60344, 13.50969],
			"to": [9.37375, 6.31594, 14.32344],
			"rotation": {"angle": 0, "axis": "y", "origin": [13.9675, 9.70969, 6.835]},
			"faces": {
				"north": {"uv": [7.5, 4, 8.75, 5.25], "texture": "#2"},
				"east": {"uv": [8, 10.5, 8.5, 11.75], "texture": "#2"},
				"south": {"uv": [7.5, 5.5, 8.75, 6.75], "texture": "#2"},
				"west": {"uv": [8.5, 10.5, 9, 11.75], "texture": "#2"},
				"up": {"uv": [11.75, 9, 10.5, 8.5], "texture": "#2"},
				"down": {"uv": [11.75, 9, 10.5, 9.5], "texture": "#2"}
			}
		},
		{
			"from": [6.9325, 3.87469, 5.36469],
			"to": [9.1025, 6.04469, 10.78969],
			"rotation": {"angle": 0, "axis": "y", "origin": [13.9675, 9.70969, 6.835]},
			"faces": {
				"north": {"uv": [6, 9.5, 7, 10.5], "texture": "#2"},
				"east": {"uv": [5, 0, 7.75, 1], "texture": "#2"},
				"south": {"uv": [7, 9.5, 8, 10.5], "texture": "#2"},
				"west": {"uv": [5, 1, 7.75, 2], "texture": "#2"},
				"up": {"uv": [6, 4.75, 5, 2], "texture": "#2"},
				"down": {"uv": [6, 5, 5, 7.75], "texture": "#2"}
			}
		},
		{
			"from": [7.20375, 4.14594, 1.74469],
			"to": [8.83125, 5.77344, 5.36469],
			"rotation": {"angle": 0, "axis": "y", "origin": [13.9675, 9.70969, 6.835]},
			"faces": {
				"north": {"uv": [10.5, 9.5, 11.25, 10.25], "texture": "#2"},
				"east": {"uv": [7, 7.5, 8.75, 8.25], "texture": "#2"},
				"south": {"uv": [10.5, 10.5, 11.25, 11.25], "texture": "#2"},
				"west": {"uv": [8, 0, 9.75, 0.75], "texture": "#2"},
				"up": {"uv": [8.75, 2.75, 8, 1], "texture": "#2"},
				"down": {"uv": [5.75, 8, 5, 9.75], "texture": "#2"}
			}
		},
		{
			"from": [7.20375, 4.14594, 10.78969],
			"to": [8.83125, 5.77344, 14.46969],
			"rotation": {"angle": 0, "axis": "y", "origin": [13.9675, 9.70969, 6.835]},
			"faces": {
				"north": {"uv": [0, 11, 0.75, 11.75], "texture": "#2"},
				"east": {"uv": [8, 3, 9.75, 3.75], "texture": "#2"},
				"south": {"uv": [11, 0, 11.75, 0.75], "texture": "#2"},
				"west": {"uv": [6, 8.5, 7.75, 9.25], "texture": "#2"},
				"up": {"uv": [8.75, 10.25, 8, 8.5], "texture": "#2"},
				"down": {"uv": [9.75, 1, 9, 2.75], "texture": "#2"}
			}
		}
	],
	"gui_light": "front",
	"display": {
		"thirdperson_righthand": {
			"rotation": [-1.25, 0, 0],
			"translation": [-0.75, -0.5, 2.75],
			"scale": [0.88, 0.88, 0.88]
		},
		"thirdperson_lefthand": {
			"rotation": [12.5, 0, 0],
			"translation": [0, -0.25, 2],
			"scale": [0.8, 0.8, 0.8]
		},
		"firstperson_righthand": {
			"rotation": [19.18, -20.51, -168.51],
			"translation": [-0.25, 4.5, 2.25],
			"scale": [0.4, 0.4, 0.4]
		},
		"firstperson_lefthand": {
			"rotation": [0, -3, -177],
			"translation": [-0.25, 4.5, 2.25],
			"scale": [0.4, 0.4, 0.4]
		},
		"ground": {
			"translation": [0, 3, 0],
			"scale": [0.35, 0.35, 0.35]
		},
		"gui": {
			"rotation": [-95, 58, 145],
			"translation": [-1, 0.5, 0],
			"scale": [0.625, 0.625, 0.625]
		},
		"head": {
			"rotation": [0, 0, 53],
			"translation": [-2, -14.25, 5.25]
		},
		"fixed": {
			"translation": [0, -7.5, -1.75]
		}
	},
	"groups": [
		0,
		1,
		2,
		3,
		4,
		5,
		6,
		7,
		8,
		9,
		10,
		11,
		{
			"name": "group",
			"origin": [18.85, 12.7875, 17.3],
			"color": 0,
			"nbt": "{}",
			"armAnimationEnabled": false,
			"children": [12, 13, 14, 15]
		}
	]
}