{
	"credit": "Made with Blockbench",
	"texture_size": [256, 128],
	"textures": {
		"2": "item/merge/asura_triangle_coin"
	},
	"elements": [
		{
			"from": [4, 6.5, 7.5],
			"to": [12, 7.5, 8.5],
			"rotation": {"angle": 0, "axis": "y", "origin": [4, 6.5, 7.5]},
			"faces": {
				"north": {"uv": [3, 0, 5, 0.5], "texture": "#2"},
				"east": {"uv": [3.25, 5, 3.5, 5.5], "texture": "#2"},
				"south": {"uv": [3, 0.5, 5, 1], "texture": "#2"},
				"west": {"uv": [3.25, 5.5, 3.5, 6], "texture": "#2"},
				"up": {"uv": [5, 1.5, 3, 1], "texture": "#2"},
				"down": {"uv": [5, 1.5, 3, 2], "texture": "#2"}
			}
		},
		{
			"from": [4, 7.1, 7.75],
			"to": [12, 15.1, 8.25],
			"rotation": {"angle": 0, "axis": "y", "origin": [8, 8.6, 7.75]},
			"faces": {
				"north": {"uv": [0, 0, 2, 4], "texture": "#2"},
				"east": {"uv": [3, 2, 3.125, 6], "texture": "#2"},
				"south": {"uv": [0, 0, 2, 4], "texture": "#2"},
				"west": {"uv": [3, 6, 3.125, 10], "texture": "#2"},
				"up": {"uv": [5.25, 2.25, 3.25, 2], "texture": "#2"},
				"down": {"uv": [5.25, 2.5, 3.25, 2.75], "texture": "#2"}
			}
		},
		{
			"from": [6, 8.1, 7.65],
			"to": [10, 12.1, 7.65],
			"rotation": {"angle": 0, "axis": "y", "origin": [8, 9.6, 7.65]},
			"faces": {
				"north": {"uv": [8, 0, 10, 4], "texture": "#2"},
				"east": {"uv": [8, 0, 8, 4], "texture": "#2"},
				"south": {"uv": [8, 0, 10, 4], "texture": "#2"},
				"west": {"uv": [8, 0, 8, 4], "texture": "#2"},
				"up": {"uv": [10, 0, 8, 0], "texture": "#2"},
				"down": {"uv": [10, 0, 8, 0], "texture": "#2"}
			}
		},
		{
			"from": [6, 8.1, 8.35],
			"to": [10, 12.1, 8.35],
			"rotation": {"angle": 0, "axis": "y", "origin": [8, 9.6, 8.35]},
			"faces": {
				"north": {"uv": [8, 0, 10, 4], "texture": "#2"},
				"east": {"uv": [8, 0, 8, 4], "texture": "#2"},
				"south": {"uv": [8, 0, 10, 4], "texture": "#2"},
				"west": {"uv": [8, 0, 8, 4], "texture": "#2"},
				"up": {"uv": [10, 0, 8, 0], "texture": "#2"},
				"down": {"uv": [10, 0, 8, 0], "texture": "#2"}
			}
		},
		{
			"from": [7.4375, 14.81492, 7.5],
			"to": [8.5625, 15.81492, 8.5],
			"rotation": {"angle": 0, "axis": "y", "origin": [0.5375, 14.81492, 7.5]},
			"faces": {
				"north": {"uv": [3.25, 3, 3.5625, 3.5], "texture": "#2"},
				"east": {"uv": [3.5, 6, 3.75, 6.5], "texture": "#2"},
				"south": {"uv": [3.25, 3.5, 3.5625, 4], "texture": "#2"},
				"west": {"uv": [3.25, 7, 3.5, 7.5], "texture": "#2"},
				"up": {"uv": [3.5625, 4.5, 3.25, 4], "texture": "#2"},
				"down": {"uv": [3.5625, 4.5, 3.25, 5], "texture": "#2"}
			}
		},
		{
			"from": [9.50733, 7.00418, 7.5],
			"to": [10.50733, 16.00418, 8.5],
			"rotation": {"angle": 22.5, "axis": "z", "origin": [10.00733, 11.00418, 8]},
			"faces": {
				"north": {"uv": [2, 0, 2.25, 4.5], "texture": "#2"},
				"east": {"uv": [2.25, 0, 2.5, 4.5], "texture": "#2"},
				"south": {"uv": [2, 4.5, 2.25, 9], "texture": "#2"},
				"west": {"uv": [2.25, 4.5, 2.5, 9], "texture": "#2"},
				"up": {"uv": [3.5, 6.5, 3.25, 6], "texture": "#2"},
				"down": {"uv": [3.5, 6.5, 3.25, 7], "texture": "#2"}
			}
		},
		{
			"from": [5.49267, 7.00418, 7.5],
			"to": [6.49267, 16.00418, 8.5],
			"rotation": {"angle": -22.5, "axis": "z", "origin": [5.99267, 11.00418, 8]},
			"faces": {
				"north": {"uv": [2.5, 0, 2.75, 4.5], "texture": "#2"},
				"east": {"uv": [2.5, 4.5, 2.75, 9], "texture": "#2"},
				"south": {"uv": [2.75, 0, 3, 4.5], "texture": "#2"},
				"west": {"uv": [2.75, 4.5, 3, 9], "texture": "#2"},
				"up": {"uv": [3.75, 5.5, 3.5, 5], "texture": "#2"},
				"down": {"uv": [3.75, 5.5, 3.5, 6], "texture": "#2"}
			}
		}
	],
	"display": {
		"thirdperson_righthand": {
			"translation": [0, 0.75, 0],
			"scale": [0.5, 0.5, 0.5]
		},
		"thirdperson_lefthand": {
			"translation": [0, 0.5, 0],
			"scale": [0.5, 0.5, 0.5]
		},
		"ground": {
			"translation": [0, -2.75, 0],
			"scale": [0.5, 0.5, 0.5]
		},
		"gui": {
			"translation": [0, -4.75, 0],
			"scale": [1.5, 1.5, 1.5]
		},
		"head": {
			"scale": [0, 0, 0]
		},
		"fixed": {
			"translation": [0, -3.5, -0.25]
		}
	}
}