{
	"credit": "MadebyPolygonMC",
	"texture_size": [24, 24],
	"textures": {
		"0": "item/littleduckset/hood",
		"particle": "item/littleduckset/hood"
	},
	"elements": [
		{
			"from": [5, 4.75, 7.3],
			"to": [11, 7.75, 10.25],
			"rotation": {"angle": 0, "axis": "y", "origin": [5, 4.75, 4.25]},
			"faces": {
				"north": {"uv": [8, 0, 12, 2], "texture": "#0"},
				"east": {"uv": [9.33333, 4, 11.33333, 6], "texture": "#0"},
				"south": {"uv": [8, 2, 12, 4], "texture": "#0"},
				"west": {"uv": [8, 9.33333, 10, 11.33333], "texture": "#0"},
				"down": {"uv": [12, 7.33333, 8, 9.33333], "texture": "#0"}
			}
		},
		{
			"from": [5, 7.75, 3.85],
			"to": [11, 11.75, 10.25],
			"rotation": {"angle": 0, "axis": "y", "origin": [5, 4.75, 4.25]},
			"faces": {
				"north": {"uv": [0, 7.33333, 4, 10], "texture": "#0"},
				"east": {"uv": [0, 4.66667, 4.33333, 7.33333], "texture": "#0"},
				"south": {"uv": [4, 7.33333, 8, 10], "texture": "#0"},
				"west": {"uv": [4.66667, 4.66667, 9, 7.33333], "texture": "#0"},
				"up": {"uv": [4, 4.33333, 0, 0], "texture": "#0"},
				"down": {"uv": [8, 0, 4, 4.33333], "texture": "#0"}
			}
		},
		{
			"from": [6, 8.25, 1.85],
			"to": [10, 9.25, 3.85],
			"rotation": {"angle": 0, "axis": "y", "origin": [6, 7.75, 1.85]},
			"faces": {
				"north": {"uv": [2.66667, 10, 5.33333, 10.66667], "texture": "#0"},
				"east": {"uv": [8, 4, 9.33333, 4.66667], "texture": "#0"},
				"west": {"uv": [5.33333, 10, 6.66667, 10.66667], "texture": "#0"},
				"up": {"uv": [12, 7.33333, 9.33333, 6], "texture": "#0"},
				"down": {"uv": [2.66667, 10, 0, 11.33333], "texture": "#0"}
			}
		}
	],
	"gui_light": "front",
	"display": {
		"thirdperson_righthand": {
			"rotation": [57, 0, 0],
			"translation": [0, -0.25, -1.5]
		},
		"thirdperson_lefthand": {
			"rotation": [57, 0, 0],
			"translation": [0, -0.25, -1.5]
		},
		"firstperson_righthand": {
			"rotation": [-22, 180, 0],
			"translation": [-4, 3.25, 1.75]
		},
		"firstperson_lefthand": {
			"rotation": [-22, 180, 0],
			"translation": [-4, 3.25, 1.75]
		},
		"ground": {
			"translation": [0, 2.75, 0],
			"scale": [1.27539, 1.27539, 1.27539]
		},
		"gui": {
			"rotation": [0, 180, 0],
			"translation": [0, -0.5, 0],
			"scale": [2.21875, 2.21875, 2.21875]
		},
		"head": {
			"translation": [0, 0.5, 2.25],
			"scale": [2.47656, 2.47656, 2.47656]
		},
		"fixed": {
			"rotation": [-90, 0, 0],
			"translation": [0, 2.75, -10.25],
			"scale": [3.20898, 3.20898, 3.20898]
		}
	}
}