{"credit":"Made with Blockbench","texture_size":[32,32],"textures":{"1":"waffle_set:waffle_axe"},"elements":[{"from":[7.76833,0.01082,7.72544],"to":[9.01833,8.01082,8.97544],"rotation":{"angle":-45,"axis":"y","origin":[8,14,8]},"faces":{"north":{"uv":[6.625,0,6,4],"texture":"#1"},"east":{"uv":[7.625,0,7,4],"texture":"#1"},"south":{"uv":[7,0,7.625,4],"texture":"#1"},"west":{"uv":[6,0,6.625,4],"texture":"#1"},"up":{"uv":[9.125,7.625,8.5,7],"rotation":270,"texture":"#1"},"down":{"uv":[1.625,9,1,9.625],"rotation":90,"texture":"#1"}}},{"from":[7.65,8.62482,5.57821],"to":[7.65,10.62482,7.57821],"rotation":{"angle":22.5,"axis":"x","origin":[7.9,0.75,8.75]},"faces":{"north":{"uv":[0,0.5,0.5,1],"rotation":90,"texture":"#1"},"east":{"uv":[0,2,1,1],"rotation":270,"texture":"#1"},"south":{"uv":[0,0.5,0.5,1],"rotation":90,"texture":"#1"},"west":{"uv":[0,1,1,2],"rotation":270,"texture":"#1"},"up":{"uv":[0,0.5,0.5,0],"rotation":180,"texture":"#1"},"down":{"uv":[0,0.5,0.5,1],"rotation":180,"texture":"#1"}}},{"from":[7.85,7.06906,11.86918],"to":[7.85,9.06906,13.86918],"rotation":{"angle":-22.5,"axis":"x","origin":[8,0.75,8.75]},"faces":{"north":{"uv":[0.5,0.5,0,1],"rotation":90,"texture":"#1"},"east":{"uv":[1,2.875,0,1.875],"rotation":270,"texture":"#1"},"south":{"uv":[0.5,0.5,0,1],"rotation":90,"texture":"#1"},"west":{"uv":[1,1.875,0,2.875],"rotation":270,"texture":"#1"},"up":{"uv":[0.5,0.5,0,1],"texture":"#1"},"down":{"uv":[0.5,0.5,0,0],"texture":"#1"}}},{"from":[7.5,8.12482,6.32821],"to":[8.5,9.12482,7.32821],"rotation":{"angle":22.5,"axis":"x","origin":[8,0.75,8.75]},"faces":{"north":{"uv":[0,0.5,0.5,1],"rotation":90,"texture":"#1"},"east":{"uv":[0,0,0.5,0.5],"rotation":270,"texture":"#1"},"south":{"uv":[0,0.5,0.5,1],"rotation":90,"texture":"#1"},"west":{"uv":[0,0,0.5,0.5],"rotation":270,"texture":"#1"},"up":{"uv":[0,0.5,0.5,0],"rotation":180,"texture":"#1"},"down":{"uv":[0,0.5,0.5,1],"rotation":180,"texture":"#1"}}},{"from":[7.525,7.97814,9.36194],"to":[8.475,8.97814,10.66194],"rotation":{"angle":0,"axis":"y","origin":[8,0.75,8.75]},"faces":{"north":{"uv":[0,0.5,0.5,1],"rotation":90,"texture":"#1"},"east":{"uv":[0.5,0,1,0.65],"rotation":270,"texture":"#1"},"south":{"uv":[0,0,0.5,0.5],"rotation":270,"texture":"#1"},"west":{"uv":[0.5,0,1,0.65],"rotation":270,"texture":"#1"},"up":{"uv":[0,0.5,0.5,1],"texture":"#1"},"down":{"uv":[1,0,1.475,0.65],"rotation":180,"texture":"#1"}}},{"from":[7.75,0.72814,9.61194],"to":[7.75,8.22814,12.16194],"rotation":{"angle":0,"axis":"y","origin":[8,0.75,8.75]},"faces":{"north":{"uv":[0,0.5,0.5,1],"rotation":90,"texture":"#1"},"east":{"uv":[10.875,3,11.15,3.75],"texture":"#1"},"south":{"uv":[0,0,0.5,0.5],"rotation":270,"texture":"#1"},"west":{"uv":[9.875,0,11.15,3.75],"texture":"#1"},"up":{"uv":[0,0.5,0.5,1],"texture":"#1"},"down":{"uv":[1,0,1.475,0.65],"rotation":180,"texture":"#1"}}},{"from":[8.25,0.72814,9.61194],"to":[8.25,8.22814,12.16194],"rotation":{"angle":0,"axis":"y","origin":[8,0.75,8.75]},"faces":{"north":{"uv":[0,0.5,0.5,1],"rotation":90,"texture":"#1"},"east":{"uv":[11.15,0,9.875,3.75],"texture":"#1"},"south":{"uv":[0,0,0.5,0.5],"rotation":270,"texture":"#1"},"west":{"uv":[10.875,3,11.15,3.75],"texture":"#1"},"up":{"uv":[0,0.5,0.5,1],"texture":"#1"},"down":{"uv":[1,0,1.475,0.65],"rotation":180,"texture":"#1"}}},{"from":[8.3,7.62482,4.57821],"to":[8.3,9.62482,6.57821],"rotation":{"angle":22.5,"axis":"x","origin":[8.05,0.75,8.75]},"faces":{"north":{"uv":[0,1,0.5,0.5],"rotation":90,"texture":"#1"},"east":{"uv":[0,2,1,1],"rotation":270,"texture":"#1"},"south":{"uv":[0,1,0.5,0.5],"rotation":90,"texture":"#1"},"west":{"uv":[0,1,1,2],"rotation":270,"texture":"#1"},"up":{"uv":[0.5,0.5,0,0],"rotation":180,"texture":"#1"},"down":{"uv":[0.5,0.5,0,1],"rotation":180,"texture":"#1"}}},{"from":[8.15,7.06906,11.86918],"to":[8.15,9.06906,13.86918],"rotation":{"angle":-22.5,"axis":"x","origin":[8,0.75,8.75]},"faces":{"north":{"uv":[0.5,1,0,0.5],"rotation":90,"texture":"#1"},"east":{"uv":[1,2.875,0,1.875],"rotation":270,"texture":"#1"},"south":{"uv":[0.5,1,0,0.5],"rotation":90,"texture":"#1"},"west":{"uv":[1,1.875,0,2.875],"rotation":270,"texture":"#1"},"up":{"uv":[0,0.5,0.5,1],"texture":"#1"},"down":{"uv":[0,0.5,0.5,0],"texture":"#1"}}},{"from":[7.65,9.01981,8.38164],"to":[7.65,11.01981,10.38164],"rotation":{"angle":22.5,"axis":"x","origin":[7.9,13,8.2]},"faces":{"north":{"uv":[0,0,0.5,0.5],"texture":"#1"},"east":{"uv":[0,1,1,2],"texture":"#1"},"south":{"uv":[0,1,0.5,0.5],"rotation":180,"texture":"#1"},"west":{"uv":[0,2,1,1],"rotation":180,"texture":"#1"},"up":{"uv":[0,1,0.5,0.5],"rotation":90,"texture":"#1"},"down":{"uv":[0,1,0.5,0.5],"rotation":270,"texture":"#1"}}},{"from":[7.75,8.56507,5.1346],"to":[7.75,10.56507,7.1346],"rotation":{"angle":-22.5,"axis":"x","origin":[7.9,13,8.2]},"faces":{"north":{"uv":[0.5,1,0,0.5],"rotation":90,"texture":"#1"},"east":{"uv":[1,1.875,0,2.875],"rotation":270,"texture":"#1"},"south":{"uv":[0.5,1,0,0.5],"rotation":90,"texture":"#1"},"west":{"uv":[1,2.875,0,1.875],"rotation":270,"texture":"#1"},"up":{"uv":[0.5,1,0,0.5],"texture":"#1"},"down":{"uv":[0.5,0,0,0.5],"texture":"#1"}}},{"from":[7.5,8.26981,8.88164],"to":[8.5,9.26981,9.88164],"rotation":{"angle":22.5,"axis":"x","origin":[8,13,8.2]},"faces":{"north":{"uv":[0,0,0.5,0.5],"texture":"#1"},"east":{"uv":[0,0.5,0.5,0],"texture":"#1"},"south":{"uv":[0,1,0.5,0.5],"rotation":180,"texture":"#1"},"west":{"uv":[0,0.5,0.5,0],"rotation":180,"texture":"#1"},"up":{"uv":[0,1,0.5,0.5],"rotation":90,"texture":"#1"},"down":{"uv":[0,1,0.5,0.5],"rotation":270,"texture":"#1"}}},{"from":[7.9,8,5.4],"to":[8.15,12,7.4],"rotation":{"angle":-45,"axis":"x","origin":[8,10.5,6]},"faces":{"north":{"uv":[1.5,0,1.625,2],"texture":"#1"},"east":{"uv":[1.5,0,2.375,2],"texture":"#1"},"south":{"uv":[2.375,0,2.5,2],"texture":"#1"},"west":{"uv":[1.5,0,2.5,2],"texture":"#1"},"up":{"uv":[1.5,0,2.5,0.11875],"rotation":90,"texture":"#1"},"down":{"uv":[2.5,1.875,1.5,1.99375],"rotation":90,"texture":"#1"}}},{"from":[7.8,8.34285,8.58044],"to":[8.25,12.34285,10.58044],"rotation":{"angle":22.5,"axis":"x","origin":[8.025,10.34285,7.58044]},"faces":{"north":{"uv":[1.5,0,1.625,2],"texture":"#1"},"east":{"uv":[1.5,0,2.375,2],"texture":"#1"},"south":{"uv":[2.375,0,2.5,2],"texture":"#1"},"west":{"uv":[1.5,0,2.5,2],"texture":"#1"},"up":{"uv":[1.5,0,2.5,0.11875],"rotation":90,"texture":"#1"},"down":{"uv":[2.5,1.875,1.5,1.99375],"rotation":90,"texture":"#1"}}},{"from":[7.525,9.5068,4.07013],"to":[8.475,10.5068,5.37013],"rotation":{"angle":-45,"axis":"x","origin":[8,13,8.2]},"faces":{"north":{"uv":[0,0.5,0.5,0],"rotation":270,"texture":"#1"},"east":{"uv":[0.5,0.65,1,0],"rotation":270,"texture":"#1"},"south":{"uv":[0,1,0.5,0.5],"rotation":90,"texture":"#1"},"west":{"uv":[0.5,0.65,1,0],"rotation":270,"texture":"#1"},"up":{"uv":[0,1,0.5,0.5],"texture":"#1"},"down":{"uv":[1,0.65,1.475,0],"rotation":180,"texture":"#1"}}},{"from":[7.85,-1.73061,8.91664],"to":[7.85,0.26939,10.91664],"rotation":{"angle":22.5,"axis":"x","origin":[7.975,-0.74134,9.17877]},"faces":{"north":{"uv":[0,1,0.5,0.5],"rotation":90,"texture":"#1"},"east":{"uv":[0,1,1,2],"rotation":270,"texture":"#1"},"south":{"uv":[0,1,0.5,0.5],"rotation":90,"texture":"#1"},"west":{"uv":[0,2,1,1],"rotation":270,"texture":"#1"},"up":{"uv":[0,0,0.5,0.5],"rotation":180,"texture":"#1"},"down":{"uv":[0,1,0.5,0.5],"rotation":180,"texture":"#1"}}},{"from":[7.6,-1.23061,8.16664],"to":[8.6,-0.23061,9.16664],"rotation":{"angle":22.5,"axis":"x","origin":[7.975,-0.74134,9.17877]},"faces":{"north":{"uv":[0,1,0.5,0.5],"rotation":90,"texture":"#1"},"east":{"uv":[0,0.5,0.5,0],"rotation":270,"texture":"#1"},"south":{"uv":[0,1,0.5,0.5],"rotation":90,"texture":"#1"},"west":{"uv":[0,0.5,0.5,0],"rotation":270,"texture":"#1"},"up":{"uv":[0,0,0.5,0.5],"rotation":180,"texture":"#1"},"down":{"uv":[0,1,0.5,0.5],"rotation":180,"texture":"#1"}}},{"from":[7.625,-1.71009,8.02763],"to":[8.575,-0.71009,9.32763],"rotation":{"angle":45,"axis":"x","origin":[7.975,-0.74134,9.17877]},"faces":{"north":{"uv":[0,0.5,0.5,0],"rotation":270,"texture":"#1"},"east":{"uv":[0.5,0.65,1,0],"rotation":270,"texture":"#1"},"south":{"uv":[0,1,0.5,0.5],"rotation":90,"texture":"#1"},"west":{"uv":[0.5,0.65,1,0],"rotation":270,"texture":"#1"},"up":{"uv":[0,1,0.5,0.5],"texture":"#1"},"down":{"uv":[1,0.65,1.475,0],"rotation":180,"texture":"#1"}}},{"from":[7.95,-1.46187,8.21603],"to":[7.95,0.53813,10.21603],"rotation":{"angle":-22.5,"axis":"x","origin":[7.975,-0.74134,9.17877]},"faces":{"north":{"uv":[0.5,0,0,0.5],"rotation":180,"texture":"#1"},"east":{"uv":[1,1.875,0,2.875],"rotation":180,"texture":"#1"},"south":{"uv":[0.5,1,0,0.5],"texture":"#1"},"west":{"uv":[1,2.875,0,1.875],"texture":"#1"},"up":{"uv":[0.5,1,0,0.5],"rotation":270,"texture":"#1"},"down":{"uv":[0.5,1,0,0.5],"rotation":90,"texture":"#1"}}},{"from":[8.3,9.01981,8.18164],"to":[8.3,11.01981,10.18164],"rotation":{"angle":22.5,"axis":"x","origin":[8.05,13,8]},"faces":{"north":{"uv":[0.5,0,0,0.5],"texture":"#1"},"east":{"uv":[0,1,1,2],"texture":"#1"},"south":{"uv":[0.5,1,0,0.5],"rotation":180,"texture":"#1"},"west":{"uv":[0,2,1,1],"rotation":180,"texture":"#1"},"up":{"uv":[0,0.5,0.5,1],"rotation":90,"texture":"#1"},"down":{"uv":[0,0.5,0.5,1],"rotation":270,"texture":"#1"}}},{"from":[8.2,8.56507,4.9346],"to":[8.2,10.56507,6.9346],"rotation":{"angle":-22.5,"axis":"x","origin":[8.05,13,8]},"faces":{"north":{"uv":[0.5,0.5,0,1],"rotation":90,"texture":"#1"},"east":{"uv":[1,1.875,0,2.875],"rotation":270,"texture":"#1"},"south":{"uv":[0.5,0.5,0,1],"rotation":90,"texture":"#1"},"west":{"uv":[1,2.875,0,1.875],"rotation":270,"texture":"#1"},"up":{"uv":[0,1,0.5,0.5],"texture":"#1"},"down":{"uv":[0,0,0.5,0.5],"texture":"#1"}}},{"from":[8.025,3.44801,-0.96176],"to":[8.025,14.49801,14.03824],"rotation":{"angle":0,"axis":"y","origin":[8.025,8.97301,6.53824]},"faces":{"north":{"uv":[0,0,0,3.025],"rotation":180,"texture":"#1"},"east":{"uv":[10.475,8.5,16,16],"rotation":90,"texture":"#1"},"south":{"uv":[0,0,0,3.025],"texture":"#1"},"west":{"uv":[10.475,16,16,8.5],"rotation":90,"texture":"#1"},"up":{"uv":[0,0,0,7.5],"texture":"#1"},"down":{"uv":[0,0,0,7.5],"rotation":180,"texture":"#1"}}},{"from":[6.875,4.7,8.6],"to":[6.875,7.2,10.1],"rotation":{"angle":22.5,"axis":"x","origin":[6.875,5.95,8.6]},"faces":{"north":{"uv":[0.5,0.75,0.75,1],"texture":"#1"},"east":{"uv":[0,3.5,0.75,4.75],"texture":"#1"},"south":{"uv":[0.5,0.75,0.75,1],"texture":"#1"},"west":{"uv":[0.75,3.5,0,4.75],"texture":"#1"},"up":{"uv":[0.75,0.75,0.5,1],"texture":"#1"},"down":{"uv":[0.75,0.75,0.5,1],"texture":"#1"}}},{"from":[6.875,4.7,7.15],"to":[6.875,7.2,8.65],"rotation":{"angle":-22.5,"axis":"x","origin":[6.875,5.95,8.65]},"faces":{"north":{"uv":[0.75,0.75,0.5,1],"texture":"#1"},"east":{"uv":[0.75,3.5,0,4.75],"texture":"#1"},"south":{"uv":[0.75,0.75,0.5,1],"texture":"#1"},"west":{"uv":[0,3.5,0.75,4.75],"texture":"#1"},"up":{"uv":[0.75,1,0.5,0.75],"texture":"#1"},"down":{"uv":[0.75,1,0.5,0.75],"texture":"#1"}}},{"from":[6.675,5.7,8.4],"to":[7.175,6.2,8.9],"rotation":{"angle":0,"axis":"y","origin":[0,5.2,0]},"faces":{"north":{"uv":[0.75,0.75,0.5,1],"texture":"#1"},"east":{"uv":[0.5,0.75,0.75,1],"texture":"#1"},"south":{"uv":[0.75,0.75,0.5,1],"texture":"#1"},"west":{"uv":[0.5,0.75,0.75,1],"texture":"#1"},"up":{"uv":[0.75,1,0.5,0.75],"texture":"#1"},"down":{"uv":[0.75,1,0.5,0.75],"texture":"#1"}}},{"from":[8.925,4.7,7.05],"to":[8.925,7.2,8.55],"rotation":{"angle":-22.5,"axis":"x","origin":[8.925,5.95,8.55]},"faces":{"north":{"uv":[0.5,0.75,0.75,1],"texture":"#1"},"east":{"uv":[0.75,3.5,0,4.75],"texture":"#1"},"south":{"uv":[0.5,0.75,0.75,1],"texture":"#1"},"west":{"uv":[10.875,3,11.15,3.75],"texture":"#1"},"up":{"uv":[0.5,1,0.75,0.75],"texture":"#1"},"down":{"uv":[0.5,1,0.75,0.75],"texture":"#1"}}},{"from":[8.625,5.7,8.3],"to":[9.125,6.2,8.8],"rotation":{"angle":0,"axis":"y","origin":[15.8,5.2,-0.1]},"faces":{"north":{"uv":[0.5,0.75,0.75,1],"texture":"#1"},"east":{"uv":[0.75,0.75,0.5,1],"texture":"#1"},"south":{"uv":[0.5,0.75,0.75,1],"texture":"#1"},"west":{"uv":[0.75,0.75,0.5,1],"texture":"#1"},"up":{"uv":[0.5,1,0.75,0.75],"texture":"#1"},"down":{"uv":[0.5,1,0.75,0.75],"texture":"#1"}}},{"from":[8.925,4.7,8.5],"to":[8.925,7.2,10],"rotation":{"angle":22.5,"axis":"x","origin":[8.925,5.95,8.5]},"faces":{"north":{"uv":[0.75,0.75,0.5,1],"texture":"#1"},"east":{"uv":[0,3.5,0.75,4.75],"texture":"#1"},"south":{"uv":[0.75,0.75,0.5,1],"texture":"#1"},"west":{"uv":[10.875,3,11.15,3.75],"texture":"#1"},"up":{"uv":[0.5,0.75,0.75,1],"texture":"#1"},"down":{"uv":[0.5,0.75,0.75,1],"texture":"#1"}}}],"gui_light":"front","display":{"thirdperson_righthand":{"translation":[0,4.25,0],"scale":[1.25,1.25,1.25]},"thirdperson_lefthand":{"translation":[0,4.25,0],"scale":[1.25,1.25,1.25]},"firstperson_righthand":{"rotation":[-10,8,14],"translation":[3.75,3.75,-3.5],"scale":[1.61133,1.61133,1.61133]},"firstperson_lefthand":{"rotation":[-10,8,14],"translation":[3.75,3.75,-3.5],"scale":[1.61133,1.61133,1.61133]},"ground":{"rotation":[0,0,90],"translation":[-0.5,0,0.75]},"gui":{"rotation":[90,126,-90],"translation":[0.5,1.5,-2],"scale":[0.98438,0.98438,0.98438]},"head":{"rotation":[-90,23.25,-90],"translation":[0,14.25,0],"scale":[1.5,1.5,1.5]},"fixed":{"rotation":[90,-90,90],"translation":[1.75,5,-2],"scale":[2.75,2.75,2.75]}}}