{
	"credit": "Made with Blockbench",
	"ambientocclusion": false,
	"texture_size": [32, 32],
	"textures": {
		"6": "item/legoupdate/orange_lego_axe"
	},
	"elements": [
		{
			"from": [10.51125, 5.02125, 0.97875],
			"to": [13.22375, 5.835, 3.69125],
			"rotation": {"angle": 0, "axis": "y", "origin": [18.85, 15.5, 17.3]},
			"faces": {
				"north": {"uv": [10, 0, 11.25, 0.5], "texture": "#6"},
				"east": {"uv": [10, 0.5, 11.25, 1], "texture": "#6"},
				"south": {"uv": [10, 1, 11.25, 1.5], "texture": "#6"},
				"west": {"uv": [10, 1.5, 11.25, 2], "texture": "#6"},
				"up": {"uv": [9.75, 8.25, 8.5, 7], "texture": "#6"},
				"down": {"uv": [9.75, 8.5, 8.5, 9.75], "texture": "#6"}
			}
		},
		{
			"from": [10.7825, 13.43, 1.25],
			"to": [12.9525, 18.855, 3.42],
			"rotation": {"angle": 0, "axis": "y", "origin": [18.85, 0.8525, 17.3]},
			"faces": {
				"north": {"uv": [6.5, 0, 7.5, 2.75], "texture": "#6"},
				"east": {"uv": [1, 6.5, 2, 9.25], "texture": "#6"},
				"south": {"uv": [2, 6.5, 3, 9.25], "texture": "#6"},
				"west": {"uv": [3, 6.5, 4, 9.25], "texture": "#6"},
				"up": {"uv": [10, 4, 9, 3], "texture": "#6"},
				"down": {"uv": [10, 4, 9, 5], "texture": "#6"}
			}
		},
		{
			"from": [11.05375, 18.855, 1.52125],
			"to": [12.68125, 21.025, 3.14875],
			"rotation": {"angle": 0, "axis": "y", "origin": [18.85, 3.0225, 17.3]},
			"faces": {
				"north": {"uv": [9.5, 2, 10.25, 3], "texture": "#6"},
				"east": {"uv": [3, 9.5, 3.75, 10.5], "texture": "#6"},
				"south": {"uv": [9.5, 5, 10.25, 6], "texture": "#6"},
				"west": {"uv": [9.5, 6, 10.25, 7], "texture": "#6"},
				"up": {"uv": [10.75, 3.75, 10, 3], "texture": "#6"},
				"down": {"uv": [10.75, 4, 10, 4.75], "texture": "#6"}
			}
		},
		{
			"from": [11.05375, 4.75, 1.52125],
			"to": [12.68125, 13.43, 3.14875],
			"rotation": {"angle": 0, "axis": "y", "origin": [18.85, -6.7425, 17.3]},
			"faces": {
				"north": {"uv": [2, 0, 2.75, 4.25], "texture": "#6"},
				"east": {"uv": [3, 0, 3.75, 4.25], "texture": "#6"},
				"south": {"uv": [0, 4, 0.75, 8.25], "texture": "#6"},
				"west": {"uv": [4, 0, 4.75, 4.25], "texture": "#6"},
				"up": {"uv": [5.75, 10.75, 5, 10], "texture": "#6"},
				"down": {"uv": [6.75, 10, 6, 10.75], "texture": "#6"}
			}
		},
		{
			"from": [10.24, 2.30875, 0.7075],
			"to": [13.495, 4.75, 3.9625],
			"rotation": {"angle": 0, "axis": "y", "origin": [18.85, 12.7875, 17.3]},
			"faces": {
				"north": {"uv": [6.5, 6, 8.25, 7.25], "texture": "#6"},
				"east": {"uv": [7.5, 0, 9.25, 1.25], "texture": "#6"},
				"south": {"uv": [7.5, 1.5, 9.25, 2.75], "texture": "#6"},
				"west": {"uv": [6.5, 7.5, 8.25, 8.75], "texture": "#6"},
				"up": {"uv": [2.75, 6.25, 1, 4.5], "texture": "#6"},
				"down": {"uv": [4.75, 4.5, 3, 6.25], "texture": "#6"}
			}
		},
		{
			"from": [10.4, 19.675, 0.85],
			"to": [13.4, 23.675, 3.85],
			"rotation": {"angle": 0, "axis": "y", "origin": [11.9, 21.675, 2.35]},
			"faces": {
				"north": {"uv": [5, 0, 6.5, 2], "texture": "#6"},
				"east": {"uv": [5, 2, 6.5, 4], "texture": "#6"},
				"south": {"uv": [5, 4, 6.5, 6], "texture": "#6"},
				"west": {"uv": [5, 6, 6.5, 8], "texture": "#6"},
				"up": {"uv": [8, 4.5, 6.5, 3], "texture": "#6"},
				"down": {"uv": [8, 4.5, 6.5, 6], "texture": "#6"}
			}
		},
		{
			"from": [10.925, 19.62133, 0.28598],
			"to": [12.875, 23.62133, 2.28598],
			"rotation": {"angle": 0, "axis": "y", "origin": [10.85, 23.55773, -2.26692]},
			"faces": {
				"north": {"uv": [4, 6.5, 5, 8.5], "texture": "#6"},
				"east": {"uv": [8, 3, 9, 5], "texture": "#6"},
				"south": {"uv": [5, 8, 6, 10], "texture": "#6"},
				"west": {"uv": [0, 8.5, 1, 10.5], "texture": "#6"},
				"up": {"uv": [7, 10, 6, 9], "texture": "#6"},
				"down": {"uv": [8, 9, 7, 10], "texture": "#6"}
			}
		},
		{
			"from": [11.4, 19.62133, -1.71402],
			"to": [12.4, 23.62133, 0.28598],
			"rotation": {"angle": 0, "axis": "y", "origin": [10.85, 23.55773, -2.26692]},
			"faces": {
				"north": {"uv": [8, 9, 8.5, 11], "texture": "#6"},
				"east": {"uv": [4, 8.5, 5, 10.5], "texture": "#6"},
				"south": {"uv": [9.5, 0, 10, 2], "texture": "#6"},
				"west": {"uv": [8.5, 5, 9.5, 7], "texture": "#6"},
				"up": {"uv": [8.5, 6, 8, 5], "texture": "#6"},
				"down": {"uv": [6.5, 8, 6, 9], "texture": "#6"}
			}
		},
		{
			"from": [11.4, 20.62133, -3.71402],
			"to": [12.4, 22.62133, -1.71402],
			"rotation": {"angle": 0, "axis": "y", "origin": [10.85, 23.55773, -2.26692]},
			"faces": {
				"north": {"uv": [7, 10, 7.5, 11], "texture": "#6"},
				"east": {"uv": [1, 9.5, 2, 10.5], "texture": "#6"},
				"south": {"uv": [10, 7, 10.5, 8], "texture": "#6"},
				"west": {"uv": [2, 9.5, 3, 10.5], "texture": "#6"},
				"up": {"uv": [8, 11, 7.5, 10], "texture": "#6"},
				"down": {"uv": [10.5, 8, 10, 9], "texture": "#6"}
			}
		},
		{
			"from": [11.9, 19.62133, -5.71402],
			"to": [11.925, 23.62133, -1.71402],
			"rotation": {"angle": 0, "axis": "y", "origin": [10.85, 23.55773, -2.26692]},
			"faces": {
				"north": {"uv": [8.5, 10, 8.75, 12], "texture": "#6"},
				"east": {"uv": [0, 0, 2, 2], "texture": "#6"},
				"south": {"uv": [9, 10, 9.25, 12], "texture": "#6"},
				"west": {"uv": [0, 2, 2, 4], "texture": "#6"},
				"up": {"uv": [10.25, 11, 10, 9], "texture": "#6"},
				"down": {"uv": [9.75, 10, 9.5, 12], "texture": "#6"}
			}
		}
	],
	"gui_light": "front",
	"display": {
		"thirdperson_righthand": {
			"translation": [-2.75, -2.5, 7],
			"scale": [0.8, 0.8, 0.8]
		},
		"thirdperson_lefthand": {
			"translation": [2.75, -2.5, 7],
			"scale": [0.8, 0.8, 0.8]
		},
		"firstperson_righthand": {
			"rotation": [-17, 4, 0],
			"translation": [2.25, 2, 3.75],
			"scale": [0.69, 0.69, 0.69]
		},
		"firstperson_lefthand": {
			"rotation": [-17, 4, 0],
			"translation": [7.25, 2, 3.75],
			"scale": [0.69, 0.69, 0.69]
		},
		"ground": {
			"scale": [0.69, 0.69, 0.69]
		},
		"gui": {
			"rotation": [-90, -48, -90],
			"translation": [-7.25, 0, 0],
			"scale": [0.8, 0.8, 0.8]
		},
		"head": {
			"rotation": [126, 64, -116],
			"translation": [4, -13.5, 5.25],
			"scale": [1.2, 1.2, 1.2]
		},
		"fixed": {
			"rotation": [0, -89, 0],
			"translation": [0.5, -1.75, -2],
			"scale": [0.8, 0.8, 0.8]
		}
	},
	"groups": [
		{
			"name": "group",
			"origin": [18.85, 12.7875, 17.3],
			"color": 0,
			"nbt": "{}",
			"armAnimationEnabled": false,
			"children": [0, 1, 2, 3, 4]
		},
		5,
		6,
		7,
		8,
		9
	]
}