{
	"credit": "Made with Blockbench",
	"texture_size": [32, 32],
	"textures": {
		"1": "item/toucanupdate/cocnut_ball",
		"particle": "item/toucanupdate/cocnut_ball"
	},
	"elements": [
		{
			"from": [4.5, 0, 3.5],
			"to": [13.5, 9, 12.5],
			"rotation": {"angle": 45, "axis": "y", "origin": [9, 4.5, 8]},
			"faces": {
				"north": {"uv": [0, 0, 4.5, 4.5], "texture": "#1"},
				"east": {"uv": [0, 4.5, 4.5, 9], "texture": "#1"},
				"south": {"uv": [4.5, 0, 9, 4.5], "texture": "#1"},
				"west": {"uv": [4.5, 4.5, 9, 9], "texture": "#1"},
				"up": {"uv": [4.5, 13.5, 0, 9], "texture": "#1"},
				"down": {"uv": [13.5, 0, 9, 4.5], "texture": "#1"}
			}
		}
	],
	"display": {
		"thirdperson_righthand": {
			"rotation": [33, 34, 0],
			"translation": [0, 0.75, 1.5],
			"scale": [0.4, 0.4, 0.4]
		},
		"thirdperson_lefthand": {
			"rotation": [33, 34, 0],
			"translation": [0.25, 1.5, 1.5],
			"scale": [0.36, 0.36, 0.36]
		},
		"firstperson_righthand": {
			"rotation": [3, 112, -13],
			"translation": [6.25, 1.25, -5.75],
			"scale": [0.55859, 0.55859, 0.55859]
		},
		"firstperson_lefthand": {
			"rotation": [3, 112, -13],
			"translation": [4.25, 1, -5.75],
			"scale": [0.55859, 0.55859, 0.55859]
		},
		"ground": {
			"translation": [0, 4.25, 0],
			"scale": [0.64, 0.64, 0.64]
		},
		"gui": {
			"rotation": [30, -158, 0],
			"translation": [1, 2.75, 0],
			"scale": [0.95, 0.95, 0.95]
		},
		"head": {
			"translation": [0, -32.5, 0],
			"scale": [1.34023, 1.34023, 1.34023]
		},
		"fixed": {
			"translation": [0, -3.25, -7.5]
		}
	}
}