{
	"credit": "Made with Blockbench",
	"texture_size": [256, 128],
	"textures": {
		"2": "item/toucanupdate/toucan_crossbow"
	},
	"elements": [
		{
			"from": [6.945, 7.19307, 7.29036],
			"to": [8.155, 8.40307, 11.25036],
			"rotation": {"angle": 22.5, "axis": "x", "origin": [3.15, 0.09807, 5.14536]},
			"faces": {
				"north": {"uv": [1.875, 6, 2.125, 6.5], "texture": "#2"},
				"east": {"uv": [1.25, 5.5, 2.125, 6], "texture": "#2"},
				"south": {"uv": [1.25, 7.75, 1.5, 8.25], "texture": "#2"},
				"west": {"uv": [3, 1, 3.875, 1.5], "texture": "#2"},
				"up": {"uv": [2.375, 7.25, 2.125, 5.5], "texture": "#2"},
				"down": {"uv": [3.25, 1.5, 3, 3.25], "texture": "#2"}
			}
		},
		{
			"from": [7, 0.43024, 12.57806],
			"to": [8.1, 1.94274, 13.67806],
			"rotation": {"angle": -22.5, "axis": "x", "origin": [3.15, 4.28024, 5.42806]},
			"faces": {
				"north": {"uv": [1.75, 7.25, 2, 8], "texture": "#2"},
				"east": {"uv": [2, 7.25, 2.25, 8], "texture": "#2"},
				"south": {"uv": [2.25, 7.25, 2.5, 8], "texture": "#2"},
				"west": {"uv": [2.5, 7.25, 2.75, 8], "texture": "#2"},
				"up": {"uv": [1.75, 8.25, 1.5, 7.75], "texture": "#2"},
				"down": {"uv": [4.125, 4.75, 3.875, 5.25], "texture": "#2"}
			}
		},
		{
			"from": [6.725, 4.84565, 10.9384],
			"to": [8.375, 6.49565, 15.3384],
			"rotation": {"angle": 22.5, "axis": "x", "origin": [3.15, -2.30435, 8.7384]},
			"faces": {
				"north": {"uv": [3.25, 2, 3.625, 2.75], "texture": "#2"},
				"east": {"uv": [2.5, 4.5, 3.5, 5.25], "texture": "#2"},
				"south": {"uv": [1.25, 6.5, 1.625, 7.25], "texture": "#2"},
				"west": {"uv": [2.5, 5.25, 3.5, 6], "texture": "#2"},
				"up": {"uv": [0.875, 7.5, 0.5, 5.5], "texture": "#2"},
				"down": {"uv": [1.25, 5.5, 0.875, 7.5], "texture": "#2"}
			}
		},
		{
			"from": [7, 5.77817, -2.31497],
			"to": [8.1, 6.87817, 10.33503],
			"rotation": {"angle": 0, "axis": "y", "origin": [7, 5.77817, 1.53503]},
			"faces": {
				"north": {"uv": [2.75, 7.75, 3, 8.25], "texture": "#2"},
				"east": {"uv": [0, 3.5, 2.875, 4], "texture": "#2"},
				"south": {"uv": [3, 7.75, 3.25, 8.25], "texture": "#2"},
				"west": {"uv": [0, 4, 2.875, 4.5], "texture": "#2"},
				"up": {"uv": [0.25, 10.25, 0, 4.5], "texture": "#2"},
				"down": {"uv": [0.5, 4.5, 0.25, 10.25], "texture": "#2"}
			}
		},
		{
			"from": [7, 6.32817, -3.41497],
			"to": [8.1, 6.87817, -2.31497],
			"rotation": {"angle": 0, "axis": "y", "origin": [7, 5.77817, 1.26003]},
			"faces": {
				"north": {"uv": [3, 3.25, 3.25, 3.5], "texture": "#2"},
				"east": {"uv": [4, 7, 4.25, 7.25], "texture": "#2"},
				"south": {"uv": [4, 7.25, 4.25, 7.5], "texture": "#2"},
				"west": {"uv": [3.75, 8, 4, 8.25], "texture": "#2"},
				"up": {"uv": [3.5, 8.25, 3.25, 7.75], "texture": "#2"},
				"down": {"uv": [4.125, 7.5, 3.875, 8], "texture": "#2"}
			}
		},
		{
			"from": [7.275, 3.57817, 6.76003],
			"to": [7.825, 4.67817, 8.96003],
			"rotation": {"angle": -22.5, "axis": "x", "origin": [7, 5.77817, 1.53503]},
			"faces": {
				"north": {"uv": [2.375, 5.5, 2.5, 6], "texture": "#2"},
				"east": {"uv": [3.5, 5.25, 4, 5.75], "texture": "#2"},
				"south": {"uv": [2, 6.5, 2.125, 7], "texture": "#2"},
				"west": {"uv": [3.5, 6.5, 4, 7], "texture": "#2"},
				"up": {"uv": [0.625, 9, 0.5, 8], "texture": "#2"},
				"down": {"uv": [0.75, 8, 0.625, 9], "texture": "#2"}
			}
		},
		{
			"from": [4.2445, 6.32267, -1.49547],
			"to": [10.8555, 7.43367, -0.38447],
			"rotation": {"angle": 0, "axis": "y", "origin": [7, 5.77817, 1.53503]},
			"faces": {
				"north": {"uv": [2.875, 3.5, 4.375, 4], "texture": "#2"},
				"east": {"uv": [0.75, 8, 1, 8.5], "texture": "#2"},
				"south": {"uv": [2.875, 4, 4.375, 4.5], "texture": "#2"},
				"west": {"uv": [1, 8, 1.25, 8.5], "texture": "#2"},
				"up": {"uv": [4.5, 0.5, 3, 0], "texture": "#2"},
				"down": {"uv": [4.5, 0.5, 3, 1], "texture": "#2"}
			}
		},
		{
			"from": [3.39544, 6.32817, 0.04903],
			"to": [5.59544, 7.42817, 0.59903],
			"rotation": {"angle": 22.5, "axis": "y", "origin": [1.74544, 5.77817, 2.79903]},
			"faces": {
				"north": {"uv": [3.5, 7, 4, 7.5], "texture": "#2"},
				"east": {"uv": [4, 8, 4.125, 8.5], "texture": "#2"},
				"south": {"uv": [3.625, 2, 4.125, 2.5], "texture": "#2"},
				"west": {"uv": [4.125, 2, 4.25, 2.5], "texture": "#2"},
				"up": {"uv": [4.5, 3.25, 4, 3], "texture": "#2"},
				"down": {"uv": [4.5, 3.25, 4, 3.5], "texture": "#2"}
			}
		},
		{
			"from": [9.50456, 6.32817, 0.04903],
			"to": [11.70456, 7.42817, 0.59903],
			"rotation": {"angle": -22.5, "axis": "y", "origin": [13.35456, 5.77817, 2.79903]},
			"faces": {
				"north": {"uv": [1.25, 7.25, 1.75, 7.75], "texture": "#2"},
				"east": {"uv": [1.25, 8.25, 1.375, 8.75], "texture": "#2"},
				"south": {"uv": [3.625, 2.5, 4.125, 3], "texture": "#2"},
				"west": {"uv": [4.125, 2.5, 4.25, 3], "texture": "#2"},
				"up": {"uv": [2.25, 8.25, 1.75, 8], "texture": "#2"},
				"down": {"uv": [2.75, 8, 2.25, 8.25], "texture": "#2"}
			}
		},
		{
			"from": [2.53965, 6.32817, 1.54384],
			"to": [5.28965, 7.42817, 2.09384],
			"rotation": {"angle": 45, "axis": "y", "origin": [1.43965, 5.77817, 4.29384]},
			"faces": {
				"north": {"uv": [1.25, 6, 1.875, 6.5], "texture": "#2"},
				"east": {"uv": [1.375, 8.25, 1.5, 8.75], "texture": "#2"},
				"south": {"uv": [2.375, 6, 3, 6.5], "texture": "#2"},
				"west": {"uv": [1.5, 8.25, 1.625, 8.75], "texture": "#2"},
				"up": {"uv": [4.25, 6.5, 3.625, 6.25], "texture": "#2"},
				"down": {"uv": [4.5, 1.5, 3.875, 1.75], "texture": "#2"}
			}
		},
		{
			"from": [4.50142, 6.735, -2.12918],
			"to": [8.48142, 6.715, 0.35082],
			"rotation": {"angle": 0, "axis": "y", "origin": [5.44142, 10.7, 8.28582]},
			"faces": {
				"north": {"uv": [8, 0, 9, 0], "texture": "#2"},
				"east": {"uv": [8, 1.25, 8, 0], "rotation": 90, "texture": "#2"},
				"south": {"uv": [8, 0, 9, 0], "rotation": 180, "texture": "#2"},
				"west": {"uv": [8, 1.25, 8, 0], "rotation": 270, "texture": "#2"},
				"up": {"uv": [9, 3.75, 8, 2.5], "texture": "#2"},
				"down": {"uv": [9, 2.5, 8, 3.75], "texture": "#2"}
			}
		},
		{
			"from": [0.11776, 6.59, 3.20798],
			"to": [2.13776, 7.11, 3.72798],
			"rotation": {"angle": -45, "axis": "y", "origin": [8.05276, 10.75, 3.31798]},
			"faces": {
				"north": {"uv": [10.375, 5.75, 10.5, 6.75], "rotation": 90, "texture": "#2"},
				"east": {"uv": [8.375, 7.5, 8.25, 7.75], "texture": "#2"},
				"south": {"uv": [10.375, 5.75, 10.5, 6.75], "rotation": 270, "texture": "#2"},
				"west": {"uv": [8.25, 7.75, 8.125, 7.5], "rotation": 180, "texture": "#2"},
				"up": {"uv": [10.375, 5.75, 10.5, 6.75], "rotation": 270, "texture": "#2"},
				"down": {"uv": [10.375, 5.75, 10.5, 6.75], "rotation": 270, "texture": "#2"}
			}
		},
		{
			"from": [12.96224, 6.59, 3.33298],
			"to": [14.98224, 7.11, 3.85298],
			"rotation": {"angle": 45, "axis": "y", "origin": [6.94724, 10.75, 3.31798]},
			"faces": {
				"north": {"uv": [10.375, 6.75, 10.5, 5.75], "rotation": 90, "texture": "#2"},
				"east": {"uv": [8.25, 7.5, 8.125, 7.75], "texture": "#2"},
				"south": {"uv": [10.375, 6.75, 10.5, 5.75], "rotation": 270, "texture": "#2"},
				"west": {"uv": [8.375, 7.75, 8.25, 7.5], "rotation": 180, "texture": "#2"},
				"up": {"uv": [10.375, 6.75, 10.5, 5.75], "rotation": 270, "texture": "#2"},
				"down": {"uv": [10.375, 6.75, 10.5, 5.75], "rotation": 270, "texture": "#2"}
			}
		},
		{
			"from": [-1.88224, 6.84, 2.70798],
			"to": [1.13776, 6.86, 4.22798],
			"rotation": {"angle": -45, "axis": "y", "origin": [8.05276, 10.75, 3.31798]},
			"faces": {
				"north": {"uv": [8, 0, 8, 1.5], "rotation": 90, "texture": "#2"},
				"east": {"uv": [8.375, 0, 8, 0], "texture": "#2"},
				"south": {"uv": [8, 0, 8, 1.5], "rotation": 270, "texture": "#2"},
				"west": {"uv": [8.375, 0, 8, 0], "rotation": 180, "texture": "#2"},
				"up": {"uv": [10.875, 0, 11.25, 1.5], "rotation": 270, "texture": "#2"},
				"down": {"uv": [10.875, 0, 11.25, 1.5], "rotation": 270, "texture": "#2"}
			}
		},
		{
			"from": [13.96224, 6.84, 2.83298],
			"to": [16.98224, 6.86, 4.35298],
			"rotation": {"angle": 45, "axis": "y", "origin": [6.94724, 10.75, 3.31798]},
			"faces": {
				"north": {"uv": [8, 1.5, 8, 0], "rotation": 90, "texture": "#2"},
				"east": {"uv": [8.375, 0, 8, 0], "texture": "#2"},
				"south": {"uv": [8, 1.5, 8, 0], "rotation": 270, "texture": "#2"},
				"west": {"uv": [8.375, 0, 8, 0], "rotation": 180, "texture": "#2"},
				"up": {"uv": [10.875, 1.5, 11.25, 0], "rotation": 270, "texture": "#2"},
				"down": {"uv": [10.875, 1.5, 11.25, 0], "rotation": 270, "texture": "#2"}
			}
		},
		{
			"from": [7.51858, 6.735, -2.12918],
			"to": [11.49858, 6.715, 0.35082],
			"rotation": {"angle": 0, "axis": "y", "origin": [10.55858, 10.7, 8.28582]},
			"faces": {
				"north": {"uv": [9, 0, 8, 0], "texture": "#2"},
				"east": {"uv": [8, 0, 8, 1.25], "rotation": 270, "texture": "#2"},
				"south": {"uv": [9, 0, 8, 0], "rotation": 180, "texture": "#2"},
				"west": {"uv": [8, 0, 8, 1.25], "rotation": 90, "texture": "#2"},
				"up": {"uv": [8, 3.75, 9, 2.5], "texture": "#2"},
				"down": {"uv": [8, 2.5, 9, 3.75], "texture": "#2"}
			}
		},
		{
			"from": [15.61316, 6.575, 1.70819],
			"to": [18.11316, 7.075, 2.70819],
			"rotation": {"angle": -22.5, "axis": "y", "origin": [15.86229, 6.865, 2.64214]},
			"faces": {
				"north": {"uv": [11.5, 3, 11.625, 4.25], "rotation": 90, "texture": "#2"},
				"east": {"uv": [11.875, 1.75, 11.625, 2], "texture": "#2"},
				"south": {"uv": [11.5, 4.25, 11.625, 5.5], "rotation": 270, "texture": "#2"},
				"west": {"uv": [1.5625, 0.875, 1.4375, 0.75], "rotation": 180, "texture": "#missing"},
				"up": {"uv": [11.25, 0.5, 11.5, 1.75], "rotation": 270, "texture": "#2"},
				"down": {"uv": [11.25, 0.5, 11.5, 1.75], "rotation": 270, "texture": "#2"}
			}
		},
		{
			"from": [15.11316, 6.825, 1.20819],
			"to": [19.61316, 6.825, 3.20819],
			"rotation": {"angle": -22.5, "axis": "y", "origin": [15.86229, 6.865, 2.64214]},
			"faces": {
				"north": {"uv": [0, 0, 0, 1.125], "rotation": 90, "texture": "#missing"},
				"east": {"uv": [0.25, 0, 0, 0], "texture": "#missing"},
				"south": {"uv": [0, 0, 0, 1.125], "rotation": 270, "texture": "#missing"},
				"west": {"uv": [0.25, 0, 0, 0], "rotation": 180, "texture": "#missing"},
				"up": {"uv": [8.5, 3.75, 8, 6], "rotation": 270, "texture": "#2"},
				"down": {"uv": [8, 3.75, 8.5, 6], "rotation": 270, "texture": "#2"}
			}
		},
		{
			"from": [15.62316, 6.585, 1.89319],
			"to": [16.60316, 7.065, 2.87319],
			"rotation": {"angle": 22.5, "axis": "y", "origin": [16.86316, 6.825, 3.70819]},
			"faces": {
				"north": {"uv": [1.9375, 2.625, 1.8125, 2.5], "rotation": 180, "texture": "#missing"},
				"east": {"uv": [9.875, 1.25, 10, 1.75], "rotation": 90, "texture": "#2"},
				"south": {"uv": [11.875, 5.25, 11.625, 5.5], "texture": "#2"},
				"west": {"uv": [11.625, 2, 11.75, 2.5], "rotation": 270, "texture": "#2"},
				"up": {"uv": [10.625, 2.5, 10.875, 3], "rotation": 180, "texture": "#2"},
				"down": {"uv": [10.625, 2.5, 10.875, 3], "rotation": 180, "texture": "#2"}
			}
		},
		{
			"from": [14.6762, 6.835, 1.18868],
			"to": [16.6562, 6.815, 4.66868],
			"rotation": {"angle": 22.5, "axis": "y", "origin": [15.86229, 6.865, 2.64214]},
			"faces": {
				"north": {"uv": [0.25, 0, 0, 0], "rotation": 180, "texture": "#missing"},
				"east": {"uv": [0, 0, 0, 0.875], "rotation": 90, "texture": "#missing"},
				"south": {"uv": [0.25, 0, 0, 0], "texture": "#missing"},
				"west": {"uv": [0, 0, 0, 0.875], "rotation": 270, "texture": "#missing"},
				"up": {"uv": [10, 5.75, 10.5, 4], "rotation": 180, "texture": "#2"},
				"down": {"uv": [10, 4, 10.5, 5.75], "rotation": 180, "texture": "#2"}
			}
		},
		{
			"from": [-2.11316, 6.575, 1.70819],
			"to": [0.38684, 7.075, 2.70819],
			"rotation": {"angle": 22.5, "axis": "y", "origin": [0.13771, 6.865, 2.64214]},
			"faces": {
				"north": {"uv": [11.5, 4.25, 11.625, 3], "rotation": 90, "texture": "#2"},
				"east": {"uv": [1.4375, 0.875, 1.5625, 0.75], "rotation": 180, "texture": "#missing"},
				"south": {"uv": [11.5, 5.5, 11.625, 4.25], "rotation": 270, "texture": "#2"},
				"west": {"uv": [11.625, 1.75, 11.875, 2], "texture": "#2"},
				"up": {"uv": [11.25, 1.75, 11.5, 0.5], "rotation": 270, "texture": "#2"},
				"down": {"uv": [11.25, 1.75, 11.5, 0.5], "rotation": 270, "texture": "#2"}
			}
		},
		{
			"from": [-3.61316, 6.825, 1.20819],
			"to": [0.88684, 6.825, 3.20819],
			"rotation": {"angle": 22.5, "axis": "y", "origin": [0.13771, 6.865, 2.64214]},
			"faces": {
				"north": {"uv": [0, 1.125, 0, 0], "rotation": 90, "texture": "#missing"},
				"east": {"uv": [0, 0, 0.25, 0], "rotation": 180, "texture": "#missing"},
				"south": {"uv": [0, 1.125, 0, 0], "rotation": 270, "texture": "#missing"},
				"west": {"uv": [0, 0, 0.25, 0], "texture": "#missing"},
				"up": {"uv": [8.5, 6, 8, 3.75], "rotation": 270, "texture": "#2"},
				"down": {"uv": [8, 6, 8.5, 3.75], "rotation": 270, "texture": "#2"}
			}
		},
		{
			"from": [-0.6562, 6.835, 1.18868],
			"to": [1.3238, 6.815, 4.66868],
			"rotation": {"angle": -22.5, "axis": "y", "origin": [0.13771, 6.865, 2.64214]},
			"faces": {
				"north": {"uv": [0, 0, 0.25, 0], "rotation": 180, "texture": "#missing"},
				"east": {"uv": [0, 0.875, 0, 0], "rotation": 270, "texture": "#missing"},
				"south": {"uv": [0, 0, 0.25, 0], "texture": "#missing"},
				"west": {"uv": [0, 0.875, 0, 0], "rotation": 90, "texture": "#missing"},
				"up": {"uv": [10.5, 5.75, 10, 4], "rotation": 180, "texture": "#2"},
				"down": {"uv": [10.5, 4, 10, 5.75], "rotation": 180, "texture": "#2"}
			}
		},
		{
			"from": [-0.60316, 6.585, 1.89319],
			"to": [0.37684, 7.065, 2.87319],
			"rotation": {"angle": -22.5, "axis": "y", "origin": [-0.86316, 6.825, 3.70819]},
			"faces": {
				"north": {"uv": [1.8125, 2.625, 1.9375, 2.5], "rotation": 180, "texture": "#missing"},
				"east": {"uv": [11.625, 2.5, 11.75, 2], "rotation": 270, "texture": "#2"},
				"south": {"uv": [11.625, 5.25, 11.875, 5.5], "texture": "#2"},
				"west": {"uv": [9.875, 1.75, 10, 1.25], "rotation": 90, "texture": "#2"},
				"up": {"uv": [10.875, 2.5, 10.625, 3], "rotation": 180, "texture": "#2"},
				"down": {"uv": [10.875, 2.5, 10.625, 3], "rotation": 180, "texture": "#2"}
			}
		},
		{
			"from": [0.0918, 6.27317, 2.38625],
			"to": [1.8518, 7.48317, 3.59625],
			"rotation": {"angle": 22.5, "axis": "y", "origin": [-2.0532, 5.77817, 5.46625]},
			"faces": {
				"north": {"uv": [3.625, 3, 4, 3.5], "texture": "#2"},
				"east": {"uv": [4, 5.25, 4.25, 5.75], "texture": "#2"},
				"south": {"uv": [2.75, 7.25, 3.125, 7.75], "texture": "#2"},
				"west": {"uv": [4, 5.75, 4.25, 6.25], "texture": "#2"},
				"up": {"uv": [4, 6.25, 3.625, 5.75], "texture": "#2"},
				"down": {"uv": [3.5, 7.25, 3.125, 7.75], "texture": "#2"}
			}
		},
		{
			"from": [13.2482, 6.27317, 2.38625],
			"to": [15.0082, 7.48317, 3.59625],
			"rotation": {"angle": -22.5, "axis": "y", "origin": [17.1532, 5.77817, 5.46625]},
			"faces": {
				"north": {"uv": [0.5, 7.5, 0.875, 8], "texture": "#2"},
				"east": {"uv": [4, 6.5, 4.25, 7], "texture": "#2"},
				"south": {"uv": [0.875, 7.5, 1.25, 8], "texture": "#2"},
				"west": {"uv": [3.5, 8, 3.75, 8.5], "texture": "#2"},
				"up": {"uv": [3.875, 8, 3.5, 7.5], "texture": "#2"},
				"down": {"uv": [4.25, 1, 3.875, 1.5], "texture": "#2"}
			}
		},
		{
			"from": [9.81035, 6.32817, 1.54384],
			"to": [12.56035, 7.42817, 2.09384],
			"rotation": {"angle": -45, "axis": "y", "origin": [13.66035, 5.77817, 4.29384]},
			"faces": {
				"north": {"uv": [3, 6, 3.625, 6.5], "texture": "#2"},
				"east": {"uv": [1.625, 8.25, 1.75, 8.75], "texture": "#2"},
				"south": {"uv": [3.25, 1.5, 3.875, 2], "texture": "#2"},
				"west": {"uv": [1.75, 8.25, 1.875, 8.75], "texture": "#2"},
				"up": {"uv": [4.5, 2, 3.875, 1.75], "texture": "#2"},
				"down": {"uv": [4.5, 4.5, 3.875, 4.75], "texture": "#2"}
			}
		},
		{
			"from": [7.55, 2.05018, -1.45424],
			"to": [7.55, 5.90018, 11.74576],
			"rotation": {"angle": 0, "axis": "y", "origin": [7, 5.77817, 1.53503]},
			"faces": {
				"north": {"uv": [0, 0, 0, 1.75], "texture": "#2"},
				"east": {"uv": [0, 0, 3, 1.75], "texture": "#2"},
				"south": {"uv": [0, 0, 0, 1.75], "texture": "#2"},
				"west": {"uv": [3, 0, 0, 1.75], "texture": "#2"},
				"up": {"uv": [0, 6, 0, 0], "texture": "#2"},
				"down": {"uv": [0, 0, 0, 6], "texture": "#2"}
			}
		},
		{
			"from": [6.725, 5.50317, 8.68503],
			"to": [8.375, 7.15317, 10.33503],
			"rotation": {"angle": 0, "axis": "y", "origin": [7, 5.77817, 1.53503]},
			"faces": {
				"north": {"uv": [3.25, 2.75, 3.625, 3.5], "texture": "#2"},
				"east": {"uv": [1.625, 6.5, 2, 7.25], "texture": "#2"},
				"south": {"uv": [2.375, 6.5, 2.75, 7.25], "texture": "#2"},
				"west": {"uv": [2.75, 6.5, 3.125, 7.25], "texture": "#2"},
				"up": {"uv": [3.5, 7.25, 3.125, 6.5], "texture": "#2"},
				"down": {"uv": [3.875, 4.5, 3.5, 5.25], "texture": "#2"}
			}
		}
	],
	"display": {
		"thirdperson_righthand": {
			"rotation": [-1.9, -0.11, 12.33],
			"translation": [-0.5, 2, -0.25],
			"scale": [1.04, 1.04, 1.04]
		},
		"thirdperson_lefthand": {
			"rotation": [2, 0, -4],
			"translation": [0.5, 1.75, -0.5],
			"scale": [0.74, 0.74, 0.74]
		},
		"firstperson_righthand": {
			"rotation": [-5, -9, 5],
			"translation": [0.5, 4.5, -0.5]
		},
		"firstperson_lefthand": {
			"rotation": [-9, -9, 5],
			"translation": [-2.25, 4, 0.25]
		},
		"ground": {
			"translation": [0, 2.5, 0],
			"scale": [0.8, 0.8, 0.8]
		},
		"gui": {
			"rotation": [37, 33, -5],
			"translation": [1.75, 2, -2],
			"scale": [0.77, 0.77, 0.77]
		},
		"head": {
			"rotation": [0, 180, 0],
			"translation": [0, 13, 7]
		},
		"fixed": {
			"rotation": [0, 0, 37],
			"translation": [0, 0, -2]
		}
	},
	"groups": [
		{
			"name": "group",
			"origin": [7, 5.77817, -2.56497],
			"color": 0,
			"nbt": "{}",
			"armAnimationEnabled": false,
			"children": [0, 1, 2, 3, 4, 5, 6, 7, 8, 9, 10, 11, 12, 13, 14, 15, 16, 17, 18, 19, 20, 21, 22, 23, 24, 25, 26, 27, 28]
		}
	]
}