{
	"credit": "Made with Blockbench",
	"texture_size": [64, 64],
	"textures": {
		"12": "item/toucanupdate/walnut_axe"
	},
	"elements": [
		{
			"from": [6.5, 18, 6.5],
			"to": [9.5, 21, 9.5],
			"rotation": {"angle": 0, "axis": "y", "origin": [7, -4, 0]},
			"faces": {
				"north": {"uv": [2, 4, 2.75, 4.75], "texture": "#12"},
				"east": {"uv": [4.5, 0.5, 5.25, 1.25], "texture": "#12"},
				"south": {"uv": [4.5, 1.25, 5.25, 2], "texture": "#12"},
				"west": {"uv": [4.5, 3, 5.25, 3.75], "texture": "#12"},
				"up": {"uv": [2.75, 5.5, 2, 4.75], "texture": "#12"},
				"down": {"uv": [3.5, 4.75, 2.75, 5.5], "texture": "#12"}
			}
		},
		{
			"from": [7, 15, 7],
			"to": [9, 18, 9],
			"rotation": {"angle": 0, "axis": "y", "origin": [7, -7, 0]},
			"faces": {
				"north": {"uv": [2.5, 5.5, 3, 6.25], "texture": "#12"},
				"east": {"uv": [3, 5.5, 3.5, 6.25], "texture": "#12"},
				"south": {"uv": [0, 5.75, 0.5, 6.5], "texture": "#12"},
				"west": {"uv": [0.5, 5.75, 1, 6.5], "texture": "#12"},
				"up": {"uv": [5.75, 4.75, 5.25, 4.25], "texture": "#12"},
				"down": {"uv": [7.25, 1.75, 6.75, 2.25], "texture": "#12"}
			}
		},
		{
			"from": [7, 4, 7],
			"to": [9, 7, 9],
			"rotation": {"angle": 0, "axis": "y", "origin": [7, -23, 0]},
			"faces": {
				"north": {"uv": [5.75, 1, 6.25, 1.75], "texture": "#12"},
				"east": {"uv": [5.75, 1.75, 6.25, 2.5], "texture": "#12"},
				"south": {"uv": [5.75, 2.5, 6.25, 3.25], "texture": "#12"},
				"west": {"uv": [5.75, 3.25, 6.25, 4], "texture": "#12"},
				"up": {"uv": [7.25, 2.75, 6.75, 2.25], "texture": "#12"},
				"down": {"uv": [7.25, 2.75, 6.75, 3.25], "texture": "#12"}
			}
		},
		{
			"from": [7.25, -6, 7.25],
			"to": [8.75, 15, 8.75],
			"rotation": {"angle": 0, "axis": "y", "origin": [7, -7, 0]},
			"faces": {
				"north": {"uv": [0, 0, 0.375, 5.25], "texture": "#12"},
				"east": {"uv": [0.5, 0, 0.875, 5.25], "texture": "#12"},
				"south": {"uv": [1, 0, 1.375, 5.25], "texture": "#12"},
				"west": {"uv": [1.5, 0, 1.875, 5.25], "texture": "#12"},
				"up": {"uv": [7.625, 2.875, 7.25, 2.5], "texture": "#12"},
				"down": {"uv": [3.125, 7.25, 2.75, 7.625], "texture": "#12"}
			}
		},
		{
			"from": [7.435, -12.5698, 8.7198],
			"to": [8.575, -11.8098, 9.4798],
			"rotation": {"angle": 45, "axis": "x", "origin": [8.005, -11.115, 8.025]},
			"faces": {
				"north": {"uv": [8.25, 4.75, 8.5625, 4.9375], "texture": "#12"},
				"east": {"uv": [4.25, 3, 4.4375, 3.1875], "texture": "#12"},
				"south": {"uv": [8.25, 5, 8.5625, 5.1875], "texture": "#12"},
				"west": {"uv": [1.75, 5.25, 1.9375, 5.4375], "texture": "#12"},
				"up": {"uv": [8.5625, 5.6875, 8.25, 5.5], "texture": "#12"},
				"down": {"uv": [8.5625, 5.75, 8.25, 5.9375], "texture": "#12"}
			}
		},
		{
			"from": [7.435, -10.925, 7.455],
			"to": [8.575, -5.985, 8.595],
			"rotation": {"angle": 0, "axis": "y", "origin": [8.005, -9.215, 8.025]},
			"faces": {
				"north": {"uv": [5.25, 1, 5.5625, 2.25], "texture": "#12"},
				"east": {"uv": [1.25, 5.25, 1.5625, 6.5], "texture": "#12"},
				"south": {"uv": [5.25, 2.25, 5.5625, 3.5], "texture": "#12"},
				"west": {"uv": [4.5, 5.25, 4.8125, 6.5], "texture": "#12"},
				"up": {"uv": [0.3125, 8.3125, 0, 8], "texture": "#12"},
				"down": {"uv": [0.8125, 8, 0.5, 8.3125], "texture": "#12"}
			}
		},
		{
			"from": [7.815, -10.583, 7.189],
			"to": [8.195, -9.633, 7.569],
			"rotation": {"angle": -45, "axis": "x", "origin": [8.005, -10.393, 8.709]},
			"faces": {
				"north": {"uv": [5, 8.5, 5.125, 8.75], "texture": "#12"},
				"east": {"uv": [5.25, 8.5, 5.375, 8.75], "texture": "#12"},
				"south": {"uv": [8.5, 5.25, 8.625, 5.5], "texture": "#12"},
				"west": {"uv": [5.5, 8.5, 5.625, 8.75], "texture": "#12"},
				"up": {"uv": [8.375, 8.625, 8.25, 8.5], "texture": "#12"},
				"down": {"uv": [8.625, 8.25, 8.5, 8.375], "texture": "#12"}
			}
		},
		{
			"from": [7.815, -11.10387, 8.15507],
			"to": [8.195, -10.15387, 8.53507],
			"rotation": {"angle": -45, "axis": "x", "origin": [8.005, -10.317, 8.063]},
			"faces": {
				"north": {"uv": [8.5, 4, 8.625, 4.25], "texture": "#12"},
				"east": {"uv": [4.25, 8.5, 4.375, 8.75], "texture": "#12"},
				"south": {"uv": [4.5, 8.5, 4.625, 8.75], "texture": "#12"},
				"west": {"uv": [4.75, 8.5, 4.875, 8.75], "texture": "#12"},
				"up": {"uv": [8.125, 8.625, 8, 8.5], "texture": "#12"},
				"down": {"uv": [8.625, 8, 8.5, 8.125], "texture": "#12"}
			}
		},
		{
			"from": [7.815, -8.67187, 8.15507],
			"to": [8.195, -7.72187, 8.53507],
			"rotation": {"angle": -45, "axis": "x", "origin": [8.005, -7.885, 8.063]},
			"faces": {
				"north": {"uv": [8.5, 3.25, 8.625, 3.5], "texture": "#12"},
				"east": {"uv": [3.5, 8.5, 3.625, 8.75], "texture": "#12"},
				"south": {"uv": [3.75, 8.5, 3.875, 8.75], "texture": "#12"},
				"west": {"uv": [4, 8.5, 4.125, 8.75], "texture": "#12"},
				"up": {"uv": [7.875, 8.625, 7.75, 8.5], "texture": "#12"},
				"down": {"uv": [8.625, 7.75, 8.5, 7.875], "texture": "#12"}
			}
		},
		{
			"from": [7.815, -8.075, 7.189],
			"to": [8.195, -7.125, 7.569],
			"rotation": {"angle": -45, "axis": "x", "origin": [8.005, -7.885, 8.709]},
			"faces": {
				"north": {"uv": [2.75, 8.5, 2.875, 8.75], "texture": "#12"},
				"east": {"uv": [3, 8.5, 3.125, 8.75], "texture": "#12"},
				"south": {"uv": [8.5, 3, 8.625, 3.25], "texture": "#12"},
				"west": {"uv": [3.25, 8.5, 3.375, 8.75], "texture": "#12"},
				"up": {"uv": [7.625, 8.625, 7.5, 8.5], "texture": "#12"},
				"down": {"uv": [8.625, 7.5, 8.5, 7.625], "texture": "#12"}
			}
		},
		{
			"from": [7.815, -5.795, 7.189],
			"to": [8.195, -4.845, 7.569],
			"rotation": {"angle": -45, "axis": "x", "origin": [8.005, -5.605, 8.709]},
			"faces": {
				"north": {"uv": [1.75, 8.5, 1.875, 8.75], "texture": "#12"},
				"east": {"uv": [2, 8.5, 2.125, 8.75], "texture": "#12"},
				"south": {"uv": [2.25, 8.5, 2.375, 8.75], "texture": "#12"},
				"west": {"uv": [2.5, 8.5, 2.625, 8.75], "texture": "#12"},
				"up": {"uv": [7.375, 8.625, 7.25, 8.5], "texture": "#12"},
				"down": {"uv": [8.625, 7.25, 8.5, 7.375], "texture": "#12"}
			}
		},
		{
			"from": [7.815, -10.583, 8.481],
			"to": [8.195, -9.633, 8.861],
			"rotation": {"angle": 45, "axis": "x", "origin": [8.005, -10.393, 7.341]},
			"faces": {
				"north": {"uv": [1, 8.5, 1.125, 8.75], "texture": "#12"},
				"east": {"uv": [8.5, 1, 8.625, 1.25], "texture": "#12"},
				"south": {"uv": [1.25, 8.5, 1.375, 8.75], "texture": "#12"},
				"west": {"uv": [1.5, 8.5, 1.625, 8.75], "texture": "#12"},
				"up": {"uv": [7.125, 8.625, 7, 8.5], "texture": "#12"},
				"down": {"uv": [8.625, 7, 8.5, 7.125], "texture": "#12"}
			}
		},
		{
			"from": [7.815, -10.17119, 7.22239],
			"to": [8.195, -9.79119, 8.17239],
			"rotation": {"angle": -45, "axis": "x", "origin": [8.005, -10.317, 8.063]},
			"faces": {
				"north": {"uv": [6.75, 8.5, 6.875, 8.625], "texture": "#12"},
				"east": {"uv": [0.5, 8.5, 0.75, 8.625], "texture": "#12"},
				"south": {"uv": [8.5, 6.75, 8.625, 6.875], "texture": "#12"},
				"west": {"uv": [8.5, 0.5, 8.75, 0.625], "texture": "#12"},
				"up": {"uv": [0.875, 8.75, 0.75, 8.5], "texture": "#12"},
				"down": {"uv": [8.625, 0.75, 8.5, 1], "texture": "#12"}
			}
		},
		{
			"from": [7.815, -7.73919, 7.22239],
			"to": [8.195, -7.35919, 8.17239],
			"rotation": {"angle": -45, "axis": "x", "origin": [8.005, -7.885, 8.063]},
			"faces": {
				"north": {"uv": [6.5, 8.5, 6.625, 8.625], "texture": "#12"},
				"east": {"uv": [8.25, 8.25, 8.5, 8.375], "texture": "#12"},
				"south": {"uv": [8.5, 6.5, 8.625, 6.625], "texture": "#12"},
				"west": {"uv": [0, 8.5, 0.25, 8.625], "texture": "#12"},
				"up": {"uv": [0.375, 8.75, 0.25, 8.5], "texture": "#12"},
				"down": {"uv": [8.625, 0.25, 8.5, 0.5], "texture": "#12"}
			}
		},
		{
			"from": [7.815, -8.075, 8.481],
			"to": [8.195, -7.125, 8.861],
			"rotation": {"angle": 45, "axis": "x", "origin": [8.005, -7.885, 7.341]},
			"faces": {
				"north": {"uv": [7.75, 8.25, 7.875, 8.5], "texture": "#12"},
				"east": {"uv": [8.25, 7.75, 8.375, 8], "texture": "#12"},
				"south": {"uv": [8, 8.25, 8.125, 8.5], "texture": "#12"},
				"west": {"uv": [8.25, 8, 8.375, 8.25], "texture": "#12"},
				"up": {"uv": [6.375, 8.625, 6.25, 8.5], "texture": "#12"},
				"down": {"uv": [8.625, 6.25, 8.5, 6.375], "texture": "#12"}
			}
		},
		{
			"from": [7.815, -5.795, 8.481],
			"to": [8.195, -4.845, 8.861],
			"rotation": {"angle": 45, "axis": "x", "origin": [8.005, -5.605, 7.341]},
			"faces": {
				"north": {"uv": [7.25, 8.25, 7.375, 8.5], "texture": "#12"},
				"east": {"uv": [8.25, 7.25, 8.375, 7.5], "texture": "#12"},
				"south": {"uv": [7.5, 8.25, 7.625, 8.5], "texture": "#12"},
				"west": {"uv": [8.25, 7.5, 8.375, 7.75], "texture": "#12"},
				"up": {"uv": [5.875, 8.625, 5.75, 8.5], "texture": "#12"},
				"down": {"uv": [6.125, 8.5, 6, 8.625], "texture": "#12"}
			}
		},
		{
			"from": [7.245, -10.925, 7.835],
			"to": [8.765, -6.175, 8.215],
			"rotation": {"angle": 0, "axis": "y", "origin": [8.005, -6.555, 8.025]},
			"faces": {
				"north": {"uv": [3.5, 4.75, 3.875, 5.9375], "texture": "#12"},
				"east": {"uv": [4.25, 7, 4.375, 8.1875], "texture": "#12"},
				"south": {"uv": [4, 4.75, 4.375, 5.9375], "texture": "#12"},
				"west": {"uv": [2.5, 7.25, 2.625, 8.4375], "texture": "#12"},
				"up": {"uv": [8.625, 6.125, 8.25, 6], "texture": "#12"},
				"down": {"uv": [6.625, 8.25, 6.25, 8.375], "texture": "#12"}
			}
		},
		{
			"from": [7.055, -8.455, 7.075],
			"to": [8.955, -8.075, 8.975],
			"rotation": {"angle": 0, "axis": "y", "origin": [8.005, -6.935, 8.025]},
			"faces": {
				"north": {"uv": [8.25, 3.75, 8.75, 3.875], "texture": "#12"},
				"east": {"uv": [4, 8.25, 4.5, 8.375], "texture": "#12"},
				"south": {"uv": [8.25, 4.25, 8.75, 4.375], "texture": "#12"},
				"west": {"uv": [8.25, 4.5, 8.75, 4.625], "texture": "#12"},
				"up": {"uv": [5.5, 7.25, 5, 6.75], "texture": "#12"},
				"down": {"uv": [7.25, 5.25, 6.75, 5.75], "texture": "#12"}
			}
		},
		{
			"from": [7.055, -6.175, 7.075],
			"to": [8.955, -5.795, 8.975],
			"rotation": {"angle": 0, "axis": "y", "origin": [8.005, -4.655, 8.025]},
			"faces": {
				"north": {"uv": [8.25, 2.5, 8.75, 2.625], "texture": "#12"},
				"east": {"uv": [8.25, 2.75, 8.75, 2.875], "texture": "#12"},
				"south": {"uv": [3.5, 8.25, 4, 8.375], "texture": "#12"},
				"west": {"uv": [8.25, 3.5, 8.75, 3.625], "texture": "#12"},
				"up": {"uv": [7.25, 4.75, 6.75, 4.25], "texture": "#12"},
				"down": {"uv": [7.25, 4.75, 6.75, 5.25], "texture": "#12"}
			}
		},
		{
			"from": [7.055, -10.925, 7.075],
			"to": [8.955, -10.545, 8.975],
			"rotation": {"angle": 0, "axis": "y", "origin": [8.005, -9.405, 8.025]},
			"faces": {
				"north": {"uv": [8.25, 1.75, 8.75, 1.875], "texture": "#12"},
				"east": {"uv": [2, 8.25, 2.5, 8.375], "texture": "#12"},
				"south": {"uv": [8.25, 2, 8.75, 2.125], "texture": "#12"},
				"west": {"uv": [8.25, 2.25, 8.75, 2.375], "texture": "#12"},
				"up": {"uv": [7.25, 3.75, 6.75, 3.25], "texture": "#12"},
				"down": {"uv": [7.25, 3.75, 6.75, 4.25], "texture": "#12"}
			}
		},
		{
			"from": [7.245, -12.635, 7.265],
			"to": [8.765, -10.735, 8.785],
			"rotation": {"angle": 0, "axis": "y", "origin": [8.005, -11.115, 8.025]},
			"faces": {
				"north": {"uv": [7, 6.25, 7.375, 6.75], "texture": "#12"},
				"east": {"uv": [7, 6.75, 7.375, 7.25], "texture": "#12"},
				"south": {"uv": [7.25, 1.5, 7.625, 2], "texture": "#12"},
				"west": {"uv": [7.25, 2, 7.625, 2.5], "texture": "#12"},
				"up": {"uv": [7.625, 3.375, 7.25, 3], "texture": "#12"},
				"down": {"uv": [7.625, 3.5, 7.25, 3.875], "texture": "#12"}
			}
		},
		{
			"from": [7.321, -12.44658, 7.27295],
			"to": [8.689, -11.11658, 8.79295],
			"rotation": {"angle": -22.5, "axis": "x", "origin": [8.005, -11.115, 8.025]},
			"faces": {
				"north": {"uv": [7.25, 7.75, 7.5625, 8.0625], "texture": "#12"},
				"east": {"uv": [7.5, 6.75, 7.875, 7.0625], "texture": "#12"},
				"south": {"uv": [7.75, 7.75, 8.0625, 8.0625], "texture": "#12"},
				"west": {"uv": [7.5, 7.25, 7.875, 7.5625], "texture": "#12"},
				"up": {"uv": [8.0625, 0.375, 7.75, 0], "texture": "#12"},
				"down": {"uv": [8.0625, 0.5, 7.75, 0.875], "texture": "#12"}
			}
		},
		{
			"from": [7.2, 19.535, 6],
			"to": [8.8, 23.535, 10],
			"rotation": {"angle": 45, "axis": "x", "origin": [8, 21.535, 8]},
			"faces": {
				"north": {"uv": [5.75, 4, 6.125, 5], "texture": "#12"},
				"east": {"uv": [3.5, 0, 4.5, 1], "texture": "#12"},
				"south": {"uv": [5.75, 5, 6.125, 6], "texture": "#12"},
				"west": {"uv": [3.5, 1, 4.5, 2], "texture": "#12"},
				"up": {"uv": [3.875, 7, 3.5, 6], "texture": "#12"},
				"down": {"uv": [4.375, 6, 4, 7], "texture": "#12"}
			}
		},
		{
			"from": [6.8, 20.735, 9.2],
			"to": [9.2, 22.335, 15.6],
			"rotation": {"angle": 0, "axis": "y", "origin": [1.6, 7.375, 11.2]},
			"faces": {
				"north": {"uv": [5.5, 6.75, 6.125, 7.125], "texture": "#12"},
				"east": {"uv": [3.5, 4.25, 5.125, 4.625], "texture": "#12"},
				"south": {"uv": [6.25, 6.75, 6.875, 7.125], "texture": "#12"},
				"west": {"uv": [4.5, 0, 6.125, 0.375], "texture": "#12"},
				"up": {"uv": [3.375, 1.625, 2.75, 0], "texture": "#12"},
				"down": {"uv": [3.375, 1.75, 2.75, 3.375], "texture": "#12"}
			}
		},
		{
			"from": [7.6, 19.135, 15.6],
			"to": [8.4, 23.935, 18],
			"rotation": {"angle": 0, "axis": "y", "origin": [1.6, 7.375, 11.2]},
			"faces": {
				"north": {"uv": [2.25, 7, 2.4375, 8.1875], "texture": "#12"},
				"east": {"uv": [3.5, 2, 4.125, 3.1875], "texture": "#12"},
				"south": {"uv": [3.5, 7, 3.6875, 8.1875], "texture": "#12"},
				"west": {"uv": [2.75, 3.5, 3.375, 4.6875], "texture": "#12"},
				"up": {"uv": [1.1875, 6.375, 1, 5.75], "texture": "#12"},
				"down": {"uv": [3.4375, 7.25, 3.25, 7.875], "texture": "#12"}
			}
		},
		{
			"from": [8, 17.535, 16.8],
			"to": [8, 25.535, 19.2],
			"rotation": {"angle": 0, "axis": "y", "origin": [7.64, 21.535, 18]},
			"faces": {
				"north": {"uv": [0, 0, 0, 2], "texture": "#12"},
				"east": {"uv": [2, 0, 2.625, 2], "texture": "#12"},
				"south": {"uv": [0, 0, 0, 2], "texture": "#12"},
				"west": {"uv": [2, 2, 2.625, 4], "texture": "#12"},
				"up": {"uv": [0, 0.625, 0, 0], "texture": "#12"},
				"down": {"uv": [0, 0, 0, 0.625], "texture": "#12"}
			}
		},
		{
			"from": [8, 16.63657, 13.46289],
			"to": [8, 18.23657, 18.26289],
			"rotation": {"angle": -45, "axis": "x", "origin": [7.64, 17.03657, 16.66289]},
			"faces": {
				"north": {"uv": [0, 0, 0, 0.375], "texture": "#12"},
				"east": {"uv": [4.5, 3.75, 5.6875, 4.125], "texture": "#12"},
				"south": {"uv": [0, 0, 0, 0.375], "texture": "#12"},
				"west": {"uv": [4.5, 4.75, 5.6875, 5.125], "texture": "#12"},
				"up": {"uv": [0, 1.1875, 0, 0], "texture": "#12"},
				"down": {"uv": [0, 0, 0, 1.1875], "texture": "#12"}
			}
		},
		{
			"from": [7.62, 18.02383, 14.74246],
			"to": [8.38, 19.62383, 17.14246],
			"rotation": {"angle": 22.5, "axis": "x", "origin": [8, 17.22383, 16.34246]},
			"faces": {
				"north": {"uv": [6.25, 0, 6.4375, 0.375], "texture": "#12"},
				"east": {"uv": [7, 0, 7.625, 0.375], "texture": "#12"},
				"south": {"uv": [1.5, 6.5, 1.6875, 6.875], "texture": "#12"},
				"west": {"uv": [7, 0.5, 7.625, 0.875], "texture": "#12"},
				"up": {"uv": [2.1875, 8.125, 2, 7.5], "texture": "#12"},
				"down": {"uv": [7.9375, 1, 7.75, 1.625], "texture": "#12"}
			}
		},
		{
			"from": [7.62, 16.42383, 14.74246],
			"to": [8.38, 18.02383, 16.34246],
			"rotation": {"angle": 22.5, "axis": "x", "origin": [8, 17.22383, 16.34246]},
			"faces": {
				"north": {"uv": [1, 8, 1.1875, 8.375], "texture": "#12"},
				"east": {"uv": [7.25, 4, 7.625, 4.375], "texture": "#12"},
				"south": {"uv": [8, 1, 8.1875, 1.375], "texture": "#12"},
				"west": {"uv": [7.25, 4.5, 7.625, 4.875], "texture": "#12"},
				"up": {"uv": [1.4375, 8.375, 1.25, 8], "texture": "#12"},
				"down": {"uv": [1.6875, 8, 1.5, 8.375], "texture": "#12"}
			}
		},
		{
			"from": [7.64, 17.05042, 14.20199],
			"to": [8.36, 18.65042, 15.80199],
			"rotation": {"angle": -45, "axis": "x", "origin": [8, 17.05042, 16.60199]},
			"faces": {
				"north": {"uv": [8, 1.5, 8.1875, 1.875], "texture": "#12"},
				"east": {"uv": [5, 7.25, 5.375, 7.625], "texture": "#12"},
				"south": {"uv": [1.75, 8, 1.9375, 8.375], "texture": "#12"},
				"west": {"uv": [7.25, 5, 7.625, 5.375], "texture": "#12"},
				"up": {"uv": [8.1875, 2.375, 8, 2], "texture": "#12"},
				"down": {"uv": [8.1875, 2.5, 8, 2.875], "texture": "#12"}
			}
		},
		{
			"from": [7.64, 17.45042, 12.60199],
			"to": [8.36, 18.25042, 14.20199],
			"rotation": {"angle": -45, "axis": "x", "origin": [8, 17.05042, 16.60199]},
			"faces": {
				"north": {"uv": [6.25, 5.75, 6.4375, 5.9375], "texture": "#12"},
				"east": {"uv": [8, 3, 8.375, 3.1875], "texture": "#12"},
				"south": {"uv": [7, 1.5, 7.1875, 1.6875], "texture": "#12"},
				"west": {"uv": [8, 3.25, 8.375, 3.4375], "texture": "#12"},
				"up": {"uv": [3.4375, 8.375, 3.25, 8], "texture": "#12"},
				"down": {"uv": [8.1875, 3.5, 8, 3.875], "texture": "#12"}
			}
		},
		{
			"from": [7.96, 15.4385, 11.78458],
			"to": [7.96, 16.2385, 13.38458],
			"rotation": {"angle": -22.5, "axis": "x", "origin": [7.6, 15.2385, 15.78458]},
			"faces": {
				"north": {"uv": [0, 0, 0, 0.1875], "texture": "#12"},
				"east": {"uv": [3.75, 8, 4.125, 8.1875], "texture": "#12"},
				"south": {"uv": [0, 0, 0, 0.1875], "texture": "#12"},
				"west": {"uv": [8, 4, 8.375, 4.1875], "texture": "#12"},
				"up": {"uv": [0, 0.375, 0, 0], "texture": "#12"},
				"down": {"uv": [0, 0, 0, 0.375], "texture": "#12"}
			}
		},
		{
			"from": [7.62, 23.44617, 14.74246],
			"to": [8.38, 25.04617, 17.14246],
			"rotation": {"angle": -22.5, "axis": "x", "origin": [8, 25.84617, 16.34246]},
			"faces": {
				"north": {"uv": [8, 4.25, 8.1875, 4.625], "texture": "#12"},
				"east": {"uv": [7, 1, 7.625, 1.375], "texture": "#12"},
				"south": {"uv": [4.5, 8, 4.6875, 8.375], "texture": "#12"},
				"west": {"uv": [1.5, 7, 2.125, 7.375], "texture": "#12"},
				"up": {"uv": [7.9375, 2.375, 7.75, 1.75], "texture": "#12"},
				"down": {"uv": [7.9375, 2.5, 7.75, 3.125], "texture": "#12"}
			}
		},
		{
			"from": [8, 24.83343, 13.46289],
			"to": [8, 26.43343, 18.26289],
			"rotation": {"angle": 45, "axis": "x", "origin": [7.64, 26.03343, 16.66289]},
			"faces": {
				"north": {"uv": [0, 0, 0, 0.375], "texture": "#12"},
				"east": {"uv": [0, 5.25, 1.1875, 5.625], "texture": "#12"},
				"south": {"uv": [0, 0, 0, 0.375], "texture": "#12"},
				"west": {"uv": [5.25, 0.5, 6.4375, 0.875], "texture": "#12"},
				"up": {"uv": [0, 1.1875, 0, 0], "texture": "#12"},
				"down": {"uv": [0, 0, 0, 1.1875], "texture": "#12"}
			}
		},
		{
			"from": [7.62, 25.04617, 14.74246],
			"to": [8.38, 26.64617, 16.34246],
			"rotation": {"angle": -22.5, "axis": "x", "origin": [8, 25.84617, 16.34246]},
			"faces": {
				"north": {"uv": [4.75, 8, 4.9375, 8.375], "texture": "#12"},
				"east": {"uv": [5.5, 7.25, 5.875, 7.625], "texture": "#12"},
				"south": {"uv": [8, 4.75, 8.1875, 5.125], "texture": "#12"},
				"west": {"uv": [6, 7.25, 6.375, 7.625], "texture": "#12"},
				"up": {"uv": [5.9375, 8.375, 5.75, 8], "texture": "#12"},
				"down": {"uv": [8.1875, 5.75, 8, 6.125], "texture": "#12"}
			}
		},
		{
			"from": [7.64, 24.41958, 14.20199],
			"to": [8.36, 26.01958, 15.80199],
			"rotation": {"angle": 45, "axis": "x", "origin": [8, 26.01958, 16.60199]},
			"faces": {
				"north": {"uv": [6, 8, 6.1875, 8.375], "texture": "#12"},
				"east": {"uv": [6.5, 7.25, 6.875, 7.625], "texture": "#12"},
				"south": {"uv": [8, 6.25, 8.1875, 6.625], "texture": "#12"},
				"west": {"uv": [7, 7.25, 7.375, 7.625], "texture": "#12"},
				"up": {"uv": [8.1875, 7.125, 8, 6.75], "texture": "#12"},
				"down": {"uv": [8.1875, 7.25, 8, 7.625], "texture": "#12"}
			}
		},
		{
			"from": [7.64, 24.81958, 12.60199],
			"to": [8.36, 25.61958, 14.20199],
			"rotation": {"angle": 45, "axis": "x", "origin": [8, 26.01958, 16.60199]},
			"faces": {
				"north": {"uv": [8.25, 6.25, 8.4375, 6.4375], "texture": "#12"},
				"east": {"uv": [8, 5.25, 8.375, 5.4375], "texture": "#12"},
				"south": {"uv": [8.25, 6.5, 8.4375, 6.6875], "texture": "#12"},
				"west": {"uv": [8.25, 0, 8.625, 0.1875], "texture": "#12"},
				"up": {"uv": [8.4375, 0.625, 8.25, 0.25], "texture": "#12"},
				"down": {"uv": [8.4375, 0.75, 8.25, 1.125], "texture": "#12"}
			}
		},
		{
			"from": [7.96, 26.8315, 11.78458],
			"to": [7.96, 27.6315, 13.38458],
			"rotation": {"angle": 22.5, "axis": "x", "origin": [7.6, 27.8315, 15.78458]},
			"faces": {
				"north": {"uv": [0, 0, 0, 0.1875], "texture": "#12"},
				"east": {"uv": [8.25, 1.25, 8.625, 1.4375], "texture": "#12"},
				"south": {"uv": [0, 0, 0, 0.1875], "texture": "#12"},
				"west": {"uv": [8.25, 1.5, 8.625, 1.6875], "texture": "#12"},
				"up": {"uv": [0, 0.375, 0, 0], "texture": "#12"},
				"down": {"uv": [0, 0, 0, 0.375], "texture": "#12"}
			}
		},
		{
			"from": [7.22, 25.04627, 9.55147],
			"to": [8.78, 28.24627, 11.15147],
			"rotation": {"angle": 45, "axis": "x", "origin": [7.6, 24.64627, 7.15147]},
			"faces": {
				"north": {"uv": [6.25, 1.75, 6.625, 2.5625], "texture": "#12"},
				"east": {"uv": [2.5, 6.25, 2.875, 7.0625], "texture": "#12"},
				"south": {"uv": [6.25, 2.75, 6.625, 3.5625], "texture": "#12"},
				"west": {"uv": [3, 6.25, 3.375, 7.0625], "texture": "#12"},
				"up": {"uv": [0.375, 7.875, 0, 7.5], "texture": "#12"},
				"down": {"uv": [0.875, 7.5, 0.5, 7.875], "texture": "#12"}
			}
		},
		{
			"from": [7.6, 28.24627, 9.55147],
			"to": [8.4, 30.64627, 10.35147],
			"rotation": {"angle": 45, "axis": "x", "origin": [8, 24.64627, 7.15147]},
			"faces": {
				"north": {"uv": [2.75, 7.75, 2.9375, 8.375], "texture": "#12"},
				"east": {"uv": [3, 7.75, 3.1875, 8.375], "texture": "#12"},
				"south": {"uv": [7.75, 3.25, 7.9375, 3.875], "texture": "#12"},
				"west": {"uv": [7.75, 4, 7.9375, 4.625], "texture": "#12"},
				"up": {"uv": [6.9375, 8.4375, 6.75, 8.25], "texture": "#12"},
				"down": {"uv": [8.4375, 6.75, 8.25, 6.9375], "texture": "#12"}
			}
		},
		{
			"from": [7.6, 11.29236, 10.0201],
			"to": [8.4, 13.69236, 10.8201],
			"rotation": {"angle": -45, "axis": "x", "origin": [8, 17.29236, 6.0201]},
			"faces": {
				"north": {"uv": [7.75, 4.75, 7.9375, 5.375], "texture": "#12"},
				"east": {"uv": [5, 7.75, 5.1875, 8.375], "texture": "#12"},
				"south": {"uv": [5.25, 7.75, 5.4375, 8.375], "texture": "#12"},
				"west": {"uv": [5.5, 7.75, 5.6875, 8.375], "texture": "#12"},
				"up": {"uv": [7.1875, 8.4375, 7, 8.25], "texture": "#12"},
				"down": {"uv": [8.4375, 7, 8.25, 7.1875], "texture": "#12"}
			}
		},
		{
			"from": [7.22, 13.69236, 10.0201],
			"to": [8.78, 16.89236, 11.6201],
			"rotation": {"angle": -45, "axis": "x", "origin": [7.6, 17.29236, 6.0201]},
			"faces": {
				"north": {"uv": [6.25, 3.75, 6.625, 4.5625], "texture": "#12"},
				"east": {"uv": [6.25, 4.75, 6.625, 5.5625], "texture": "#12"},
				"south": {"uv": [0, 6.5, 0.375, 7.3125], "texture": "#12"},
				"west": {"uv": [6.5, 0, 6.875, 0.8125], "texture": "#12"},
				"up": {"uv": [1.375, 7.875, 1, 7.5], "texture": "#12"},
				"down": {"uv": [1.875, 7.5, 1.5, 7.875], "texture": "#12"}
			}
		},
		{
			"from": [6.82, 20.335, 10.8],
			"to": [9.18, 22.735, 13.2],
			"rotation": {"angle": 45, "axis": "x", "origin": [8, 21.535, 12]},
			"faces": {
				"north": {"uv": [5, 6, 5.5625, 6.625], "texture": "#12"},
				"east": {"uv": [5, 5.25, 5.625, 5.875], "texture": "#12"},
				"south": {"uv": [5.75, 6, 6.3125, 6.625], "texture": "#12"},
				"west": {"uv": [1.75, 5.5, 2.375, 6.125], "texture": "#12"},
				"up": {"uv": [6.8125, 1.625, 6.25, 1], "texture": "#12"},
				"down": {"uv": [2.3125, 6.25, 1.75, 6.875], "texture": "#12"}
			}
		},
		{
			"from": [7.2, 19.535, 14.2],
			"to": [8.8, 22.735, 17.4],
			"rotation": {"angle": 45, "axis": "x", "origin": [8, 21.535, 16.2]},
			"faces": {
				"north": {"uv": [0.5, 6.5, 0.875, 7.3125], "texture": "#12"},
				"east": {"uv": [3.5, 3.25, 4.3125, 4.0625], "texture": "#12"},
				"south": {"uv": [1, 6.5, 1.375, 7.3125], "texture": "#12"},
				"west": {"uv": [4.25, 2, 5.0625, 2.8125], "texture": "#12"},
				"up": {"uv": [4.875, 7.3125, 4.5, 6.5], "texture": "#12"},
				"down": {"uv": [6.875, 5.75, 6.5, 6.5625], "texture": "#12"}
			}
		},
		{
			"from": [7.321, -12.44658, 7.25705],
			"to": [8.689, -11.11658, 8.77705],
			"rotation": {"angle": 22.5, "axis": "x", "origin": [8.005, -11.115, 8.025]},
			"faces": {
				"north": {"uv": [6.25, 7.75, 6.5625, 8.0625], "texture": "#12"},
				"east": {"uv": [3.75, 7.5, 4.125, 7.8125], "texture": "#12"},
				"south": {"uv": [6.75, 7.75, 7.0625, 8.0625], "texture": "#12"},
				"west": {"uv": [4.5, 7.5, 4.875, 7.8125], "texture": "#12"},
				"up": {"uv": [7.8125, 6.125, 7.5, 5.75], "texture": "#12"},
				"down": {"uv": [7.8125, 6.25, 7.5, 6.625], "texture": "#12"}
			}
		},
		{
			"from": [7.075, -5.125, 7.025],
			"to": [8.925, -4.125, 8.975],
			"rotation": {"angle": 0, "axis": "y", "origin": [8.125, -3.125, 8]},
			"faces": {
				"north": {"uv": [7.75, 5.5, 8.1875, 5.75], "texture": "#12"},
				"east": {"uv": [5.25, 3.5, 5.75, 3.75], "texture": "#12"},
				"south": {"uv": [5.75, 7.75, 6.1875, 8], "texture": "#12"},
				"west": {"uv": [7.25, 5.5, 7.75, 5.75], "texture": "#12"},
				"up": {"uv": [4.1875, 7.5, 3.75, 7], "texture": "#12"},
				"down": {"uv": [7.4375, 5.75, 7, 6.25], "texture": "#12"}
			}
		}
	],
	"gui_light": "front",
	"display": {
		"thirdperson_righthand": {
			"rotation": [0, -180, 0],
			"translation": [0, -0.5, 1.5],
			"scale": [0.7, 0.7, 0.7]
		},
		"thirdperson_lefthand": {
			"rotation": [0, -180, 0],
			"translation": [0, 9, 1.5],
			"scale": [0.7, 0.7, 0.7]
		},
		"firstperson_righthand": {
			"rotation": [0, -180, 0],
			"translation": [0, 3.5, 0],
			"scale": [0.5, 0.5, 0.5]
		},
		"firstperson_lefthand": {
			"rotation": [0, -180, 0],
			"translation": [0, 3.5, 0],
			"scale": [0.5, 0.5, 0.5]
		},
		"ground": {
			"rotation": [-45, 0, 0],
			"translation": [0, 5.5, 0],
			"scale": [0.47, 0.47, 0.47]
		},
		"gui": {
			"rotation": [83, -40, 86],
			"translation": [0.75, 1.25, 0],
			"scale": [0.41, 0.41, 0.41]
		},
		"head": {
			"rotation": [76, -50, -123],
			"translation": [5.75, 16.75, 3]
		},
		"fixed": {
			"rotation": [90, -44, 90],
			"translation": [0, -0.75, -0.5],
			"scale": [0.5, 0.5, -0.5]
		}
	},
	"groups": [
		{
			"name": "group",
			"origin": [0.5, 17, 9.75],
			"color": 0,
			"nbt": "{}",
			"armAnimationEnabled": false,
			"children": [0, 1, 2, 3, 4, 5, 6, 7, 8, 9, 10, 11, 12, 13, 14, 15, 16, 17, 18, 19, 20, 21, 22, 23, 24, 25, 26, 27, 28, 29, 30, 31, 32, 33, 34, 35, 36, 37, 38, 39, 40, 41, 42, 43, 44, 45]
		}
	]
}