{
	"credit": "Made with Blockbench",
	"texture_size": [64, 64],
	"textures": {
		"0": "item/merge/vanquisher_sword",
		"particle": "item/merge/vanquisher_sword"
	},
	"elements": [
		{
			"from": [7.5, -8, 7.5],
			"to": [8.5, 1, 8.5],
			"rotation": {"angle": 0, "axis": "y", "origin": [8.5, 11, 7.5]},
			"faces": {
				"north": {"uv": [9, 6.75, 9.25, 9], "texture": "#0"},
				"east": {"uv": [9, 0, 9.25, 2.25], "texture": "#0"},
				"south": {"uv": [9, 2.25, 9.25, 4.5], "texture": "#0"},
				"west": {"uv": [9, 4.5, 9.25, 6.75], "texture": "#0"},
				"up": {"uv": [10.5, 1.5, 10.25, 1.25], "rotation": 90, "texture": "#0"},
				"down": {"uv": [1.75, 10.25, 1.5, 10.5], "rotation": 270, "texture": "#0"}
			}
		},
		{
			"from": [7.75, 4, 6.5],
			"to": [8.25, 29, 9.5],
			"rotation": {"angle": 0, "axis": "y", "origin": [8.5, 23, 7.5]},
			"faces": {
				"north": {"uv": [8.75, 6.25, 8.875, 12.5], "texture": "#0"},
				"east": {"uv": [7.5, 0, 8.25, 6.25], "texture": "#0"},
				"south": {"uv": [8.75, 0, 8.875, 6.25], "texture": "#0"},
				"west": {"uv": [7.5, 6.25, 8.25, 12.5], "texture": "#0"},
				"up": {"uv": [10.75, 9.875, 10, 9.75], "rotation": 90, "texture": "#0"},
				"down": {"uv": [10.75, 10, 10, 10.125], "rotation": 270, "texture": "#0"}
			}
		},
		{
			"from": [8, -6, 0.5],
			"to": [8, 32, 15.5],
			"rotation": {"angle": 0, "axis": "y", "origin": [8.5, 23, 7.5]},
			"faces": {
				"north": {"uv": [0, 0, 0, 9.5], "texture": "#0"},
				"east": {"uv": [3.75, 0, 0, 9.5], "texture": "#0"},
				"south": {"uv": [0, 0, 0, 9.5], "texture": "#0"},
				"west": {"uv": [3.75, 0, 7.5, 9.5], "texture": "#0"},
				"up": {"uv": [3.75, 0, 0, 0], "rotation": 90, "texture": "#0"},
				"down": {"uv": [3.75, 0, 0, 0], "rotation": 270, "texture": "#0"}
			}
		},
		{
			"from": [7.75, 27.75, 7.35],
			"to": [8.25, 29.9, 9.5],
			"rotation": {"angle": -45, "axis": "x", "origin": [8, 28.4, 8]},
			"faces": {
				"north": {"uv": [2, 10.25, 2.125, 10.75], "texture": "#0"},
				"east": {"uv": [9.25, 3.25, 9.75, 3.75], "texture": "#0"},
				"south": {"uv": [10.25, 1.75, 10.375, 2.25], "texture": "#0"},
				"west": {"uv": [9.25, 3.75, 9.75, 4.25], "texture": "#0"},
				"up": {"uv": [2.75, 10.375, 2.25, 10.25], "rotation": 90, "texture": "#0"},
				"down": {"uv": [3.25, 10.25, 2.75, 10.375], "rotation": 270, "texture": "#0"}
			}
		},
		{
			"from": [7.5, 4, 7.5],
			"to": [8.5, 29, 8.5],
			"rotation": {"angle": 0, "axis": "y", "origin": [8.5, 23, 7.5]},
			"faces": {
				"north": {"uv": [8.5, 6.25, 8.75, 12.5], "texture": "#0"},
				"east": {"uv": [8.25, 0, 8.5, 6.25], "texture": "#0"},
				"south": {"uv": [8.25, 6.25, 8.5, 12.5], "texture": "#0"},
				"west": {"uv": [8.5, 0, 8.75, 6.25], "texture": "#0"},
				"up": {"uv": [3.5, 10.5, 3.25, 10.25], "rotation": 90, "texture": "#0"},
				"down": {"uv": [10.5, 3.25, 10.25, 3.5], "rotation": 270, "texture": "#0"}
			}
		},
		{
			"from": [7.5, 28.5, 8.1],
			"to": [8.5, 29.15, 8.75],
			"rotation": {"angle": -45, "axis": "x", "origin": [8, 28.4, 8]},
			"faces": {
				"north": {"uv": [4.5, 10.5, 4.75, 10.625], "texture": "#0"},
				"east": {"uv": [6.5, 10.5, 6.625, 10.625], "texture": "#0"},
				"south": {"uv": [10.5, 4.25, 10.75, 4.375], "texture": "#0"},
				"west": {"uv": [6.75, 10.5, 6.875, 10.625], "texture": "#0"},
				"up": {"uv": [10.625, 4.75, 10.5, 4.5], "rotation": 90, "texture": "#0"},
				"down": {"uv": [4.875, 10.5, 4.75, 10.75], "rotation": 270, "texture": "#0"}
			}
		},
		{
			"from": [7.25, -1, 7.25],
			"to": [8.75, 0, 8.75],
			"rotation": {"angle": 0, "axis": "y", "origin": [8.5, 11, 7.5]},
			"faces": {
				"north": {"uv": [10, 2.25, 10.375, 2.5], "texture": "#0"},
				"east": {"uv": [10, 0.5, 10.375, 0.75], "texture": "#0"},
				"south": {"uv": [1.5, 10, 1.875, 10.25], "texture": "#0"},
				"west": {"uv": [2, 10, 2.375, 10.25], "texture": "#0"},
				"up": {"uv": [4.375, 9.875, 4, 9.5], "rotation": 90, "texture": "#0"},
				"down": {"uv": [4.875, 9.5, 4.5, 9.875], "rotation": 270, "texture": "#0"}
			}
		},
		{
			"from": [7.25, 1, 7.25],
			"to": [8.75, 2, 8.75],
			"rotation": {"angle": 0, "axis": "y", "origin": [8.5, 11, 7.5]},
			"faces": {
				"north": {"uv": [10, 4.25, 10.375, 4.5], "texture": "#0"},
				"east": {"uv": [10, 3, 10.375, 3.25], "texture": "#0"},
				"south": {"uv": [3.5, 10, 3.875, 10.25], "texture": "#0"},
				"west": {"uv": [4, 10, 4.375, 10.25], "texture": "#0"},
				"up": {"uv": [10.125, 1.625, 9.75, 1.25], "rotation": 90, "texture": "#0"},
				"down": {"uv": [10.125, 1.75, 9.75, 2.125], "rotation": 270, "texture": "#0"}
			}
		},
		{
			"from": [7, 2, 6.25],
			"to": [9, 4.5, 8.75],
			"rotation": {"angle": -45, "axis": "x", "origin": [8, 3.75, 8]},
			"faces": {
				"north": {"uv": [9.25, 1.5, 9.75, 2.125], "texture": "#0"},
				"east": {"uv": [9, 9, 9.625, 9.625], "texture": "#0"},
				"south": {"uv": [9.25, 0.75, 9.75, 1.375], "texture": "#0"},
				"west": {"uv": [9.25, 0, 9.875, 0.625], "texture": "#0"},
				"up": {"uv": [9.875, 2.75, 9.25, 2.25], "rotation": 90, "texture": "#0"},
				"down": {"uv": [9.875, 2.75, 9.25, 3.25], "rotation": 270, "texture": "#0"}
			}
		},
		{
			"from": [6.75, 2.5, 6.75],
			"to": [9.25, 4, 8.25],
			"rotation": {"angle": -45, "axis": "x", "origin": [8, 3.75, 8]},
			"faces": {
				"north": {"uv": [9.25, 4.75, 9.875, 5.125], "texture": "#0"},
				"east": {"uv": [9.75, 5.25, 10.125, 5.625], "texture": "#0"},
				"south": {"uv": [9.25, 4.25, 9.875, 4.625], "texture": "#0"},
				"west": {"uv": [9.75, 5.75, 10.125, 6.125], "texture": "#0"},
				"up": {"uv": [9.625, 5.875, 9.25, 5.25], "rotation": 90, "texture": "#0"},
				"down": {"uv": [9.625, 6, 9.25, 6.625], "rotation": 270, "texture": "#0"}
			}
		},
		{
			"from": [7.5, -10.5, 6.75],
			"to": [8.5, -9, 8.25],
			"rotation": {"angle": -45, "axis": "x", "origin": [8, -9.25, 8]},
			"faces": {
				"north": {"uv": [5.75, 10, 6, 10.375], "texture": "#0"},
				"east": {"uv": [9.75, 6.25, 10.125, 6.625], "texture": "#0"},
				"south": {"uv": [5.5, 10, 5.75, 10.375], "texture": "#0"},
				"west": {"uv": [9.75, 6.75, 10.125, 7.125], "texture": "#0"},
				"up": {"uv": [10.375, 5.25, 10, 5], "rotation": 90, "texture": "#0"},
				"down": {"uv": [6.375, 10, 6, 10.25], "rotation": 270, "texture": "#0"}
			}
		},
		{
			"from": [7.25, -10.25, 7],
			"to": [8.75, -9.25, 8],
			"rotation": {"angle": -45, "axis": "x", "origin": [8, -9.25, 8]},
			"faces": {
				"north": {"uv": [7, 10, 7.375, 10.25], "texture": "#0"},
				"east": {"uv": [10.25, 1.5, 10.5, 1.75], "texture": "#0"},
				"south": {"uv": [6.5, 10, 6.875, 10.25], "texture": "#0"},
				"west": {"uv": [1.75, 10.25, 2, 10.5], "texture": "#0"},
				"up": {"uv": [9.75, 10.375, 9.5, 10], "rotation": 90, "texture": "#0"},
				"down": {"uv": [10, 10, 9.75, 10.375], "rotation": 270, "texture": "#0"}
			}
		},
		{
			"from": [7.25, 0.25, 7.25],
			"to": [8.75, 0.75, 8.75],
			"rotation": {"angle": 0, "axis": "y", "origin": [8.5, 11, 7.5]},
			"faces": {
				"north": {"uv": [10.25, 6, 10.625, 6.125], "texture": "#0"},
				"east": {"uv": [10.25, 5.5, 10.625, 5.625], "texture": "#0"},
				"south": {"uv": [10.25, 5.75, 10.625, 5.875], "texture": "#0"},
				"west": {"uv": [6, 10.25, 6.375, 10.375], "texture": "#0"},
				"up": {"uv": [5.375, 9.875, 5, 9.5], "rotation": 90, "texture": "#0"},
				"down": {"uv": [5.875, 9.5, 5.5, 9.875], "rotation": 270, "texture": "#0"}
			}
		},
		{
			"from": [7.25, -9, 7.25],
			"to": [8.75, -8, 8.75],
			"rotation": {"angle": 0, "axis": "y", "origin": [8.5, 3, 7.5]},
			"faces": {
				"north": {"uv": [10, 2.25, 10.375, 2.5], "texture": "#0"},
				"east": {"uv": [10, 0.5, 10.375, 0.75], "texture": "#0"},
				"south": {"uv": [1.5, 10, 1.875, 10.25], "texture": "#0"},
				"west": {"uv": [2, 10, 2.375, 10.25], "texture": "#0"},
				"up": {"uv": [4.375, 9.875, 4, 9.5], "rotation": 90, "texture": "#0"},
				"down": {"uv": [4.875, 9.5, 4.5, 9.875], "rotation": 270, "texture": "#0"}
			}
		},
		{
			"from": [7.25, -7.75, 7.25],
			"to": [8.75, -7.25, 8.75],
			"rotation": {"angle": 0, "axis": "y", "origin": [8.5, 3, 7.5]},
			"faces": {
				"north": {"uv": [10.25, 6, 10.625, 6.125], "texture": "#0"},
				"east": {"uv": [10.25, 5.5, 10.625, 5.625], "texture": "#0"},
				"south": {"uv": [10.25, 5.75, 10.625, 5.875], "texture": "#0"},
				"west": {"uv": [6, 10.25, 6.375, 10.375], "texture": "#0"},
				"up": {"uv": [5.375, 9.875, 5, 9.5], "rotation": 90, "texture": "#0"},
				"down": {"uv": [5.875, 9.5, 5.5, 9.875], "rotation": 270, "texture": "#0"}
			}
		},
		{
			"from": [7.25, -7, 7.25],
			"to": [8.75, -6, 8.75],
			"rotation": {"angle": 0, "axis": "y", "origin": [8.5, 3, 7.5]},
			"faces": {
				"north": {"uv": [10, 4.25, 10.375, 4.5], "texture": "#0"},
				"east": {"uv": [10, 3, 10.375, 3.25], "texture": "#0"},
				"south": {"uv": [3.5, 10, 3.875, 10.25], "texture": "#0"},
				"west": {"uv": [4, 10, 4.375, 10.25], "texture": "#0"},
				"up": {"uv": [10.125, 1.625, 9.75, 1.25], "rotation": 90, "texture": "#0"},
				"down": {"uv": [10.125, 1.75, 9.75, 2.125], "rotation": 270, "texture": "#0"}
			}
		},
		{
			"from": [7.75, -1.81304, 9.85937],
			"to": [8.25, -1.26304, 11.35937],
			"rotation": {"angle": 45, "axis": "x", "origin": [8, -1.23663, 10.07527]},
			"faces": {
				"north": {"uv": [7.25, 10.5, 7.375, 10.625], "texture": "#0"},
				"east": {"uv": [7, 10.25, 7.375, 10.375], "texture": "#0"},
				"south": {"uv": [7, 10.5, 7.125, 10.625], "texture": "#0"},
				"west": {"uv": [10.25, 7, 10.625, 7.125], "texture": "#0"},
				"up": {"uv": [10.625, 7.375, 10.25, 7.25], "rotation": 90, "texture": "#0"},
				"down": {"uv": [10.625, 7.5, 10.25, 7.625], "rotation": 270, "texture": "#0"}
			}
		},
		{
			"from": [7.75, -1.49155, 9.51502],
			"to": [8.25, 0.05845, 10.06502],
			"rotation": {"angle": 0, "axis": "z", "origin": [8, -1.23663, 10.07527]},
			"faces": {
				"north": {"uv": [9, 10.25, 9.125, 10.625], "texture": "#0"},
				"east": {"uv": [10.25, 7.75, 10.375, 8.125], "texture": "#0"},
				"south": {"uv": [10.25, 8.25, 10.375, 8.625], "texture": "#0"},
				"west": {"uv": [10.25, 8.75, 10.375, 9.125], "texture": "#0"},
				"up": {"uv": [10.625, 7.875, 10.5, 7.75], "rotation": 90, "texture": "#0"},
				"down": {"uv": [10.625, 8, 10.5, 8.125], "rotation": 270, "texture": "#0"}
			}
		},
		{
			"from": [7.75, -3.81304, 12.75937],
			"to": [8.25, -3.26304, 14.25937],
			"rotation": {"angle": 22.5, "axis": "x", "origin": [8, -3.23663, 12.97527]},
			"faces": {
				"north": {"uv": [10.25, 10.5, 10.375, 10.625], "texture": "#0"},
				"east": {"uv": [10.5, 0.5, 10.875, 0.625], "texture": "#0"},
				"south": {"uv": [10, 10.5, 10.125, 10.625], "texture": "#0"},
				"west": {"uv": [10.5, 1.75, 10.875, 1.875], "texture": "#0"},
				"up": {"uv": [10.875, 2.125, 10.5, 2], "rotation": 90, "texture": "#0"},
				"down": {"uv": [2.625, 10.5, 2.25, 10.625], "rotation": 270, "texture": "#0"}
			}
		},
		{
			"from": [7.75, -3.49155, 12.41502],
			"to": [8.25, -1.94155, 12.96502],
			"rotation": {"angle": -22.5, "axis": "x", "origin": [8, -3.23663, 12.97527]},
			"faces": {
				"north": {"uv": [1.5, 10.5, 1.625, 10.875], "texture": "#0"},
				"east": {"uv": [1, 10.5, 1.125, 10.875], "texture": "#0"},
				"south": {"uv": [1.25, 10.5, 1.375, 10.875], "texture": "#0"},
				"west": {"uv": [10.5, 1.25, 10.625, 1.625], "texture": "#0"},
				"up": {"uv": [9.625, 10.625, 9.5, 10.5], "rotation": 90, "texture": "#0"},
				"down": {"uv": [9.875, 10.5, 9.75, 10.625], "rotation": 270, "texture": "#0"}
			}
		},
		{
			"from": [7.75, -0.54312, 11.9707],
			"to": [8.25, 0.20688, 13.9707],
			"rotation": {"angle": -22.5, "axis": "x", "origin": [8, 0.48745, 10.82694]},
			"faces": {
				"north": {"uv": [5.25, 10.5, 5.375, 10.75], "texture": "#0"},
				"east": {"uv": [9.5, 9.75, 10, 10], "texture": "#0"},
				"south": {"uv": [10.5, 5, 10.625, 5.25], "texture": "#0"},
				"west": {"uv": [9.75, 9.5, 10.25, 9.75], "texture": "#0"},
				"up": {"uv": [10.75, 3.875, 10.25, 3.75], "rotation": 90, "texture": "#0"},
				"down": {"uv": [4.5, 10.25, 4, 10.375], "rotation": 270, "texture": "#0"}
			}
		},
		{
			"from": [7.65, 0.42853, 10.52893],
			"to": [8.35, 1.42853, 12.52893],
			"rotation": {"angle": 22.5, "axis": "x", "origin": [8, 0.48745, 10.82694]},
			"faces": {
				"north": {"uv": [5, 10.5, 5.125, 10.75], "texture": "#0"},
				"east": {"uv": [9.25, 8.75, 9.75, 9], "texture": "#0"},
				"south": {"uv": [10.5, 4.75, 10.625, 5], "texture": "#0"},
				"west": {"uv": [9.75, 9.25, 10.25, 9.5], "texture": "#0"},
				"up": {"uv": [4, 10.375, 3.5, 10.25], "rotation": 90, "texture": "#0"},
				"down": {"uv": [10.75, 3.5, 10.25, 3.625], "rotation": 270, "texture": "#0"}
			}
		},
		{
			"from": [7.5, 0.52112, 10.38063],
			"to": [8.5, 2.52112, 11.63063],
			"rotation": {"angle": -22.5, "axis": "x", "origin": [8, 0.48745, 10.82694]},
			"faces": {
				"north": {"uv": [9.25, 9.75, 9.5, 10.25], "texture": "#0"},
				"east": {"uv": [0, 9.5, 0.375, 10], "texture": "#0"},
				"south": {"uv": [9, 9.75, 9.25, 10.25], "texture": "#0"},
				"west": {"uv": [0.5, 9.5, 0.875, 10], "texture": "#0"},
				"up": {"uv": [0.375, 10.5, 0, 10.25], "rotation": 90, "texture": "#0"},
				"down": {"uv": [0.875, 10.25, 0.5, 10.5], "rotation": 270, "texture": "#0"}
			}
		},
		{
			"from": [7.25, 1.22431, 8.0042],
			"to": [8.75, 2.72431, 10.0042],
			"rotation": {"angle": 22.5, "axis": "x", "origin": [8, 0.48745, 10.82694]},
			"faces": {
				"north": {"uv": [9.75, 7.75, 10.125, 8.125], "texture": "#0"},
				"east": {"uv": [9.25, 6.75, 9.75, 7.125], "texture": "#0"},
				"south": {"uv": [9.75, 7.25, 10.125, 7.625], "texture": "#0"},
				"west": {"uv": [9.25, 7.25, 9.75, 7.625], "texture": "#0"},
				"up": {"uv": [9.75, 8.125, 9.25, 7.75], "rotation": 90, "texture": "#0"},
				"down": {"uv": [9.75, 8.25, 9.25, 8.625], "rotation": 270, "texture": "#0"}
			}
		},
		{
			"from": [7.75, -1.81304, 4.64063],
			"to": [8.25, -1.26304, 6.14063],
			"rotation": {"angle": -45, "axis": "x", "origin": [8, -1.23663, 5.92473]},
			"faces": {
				"north": {"uv": [7.125, 10.5, 7, 10.625], "texture": "#0"},
				"east": {"uv": [7.375, 10.25, 7, 10.375], "texture": "#0"},
				"south": {"uv": [7.375, 10.5, 7.25, 10.625], "texture": "#0"},
				"west": {"uv": [10.625, 7, 10.25, 7.125], "texture": "#0"},
				"up": {"uv": [10.25, 7.375, 10.625, 7.25], "rotation": 90, "texture": "#0"},
				"down": {"uv": [10.25, 7.5, 10.625, 7.625], "rotation": 270, "texture": "#0"}
			}
		},
		{
			"from": [7.75, -1.49155, 5.93498],
			"to": [8.25, 0.05845, 6.48498],
			"rotation": {"angle": 0, "axis": "z", "origin": [8, -1.23663, 5.92473]},
			"faces": {
				"north": {"uv": [10.375, 8.25, 10.25, 8.625], "texture": "#0"},
				"east": {"uv": [10.375, 7.75, 10.25, 8.125], "texture": "#0"},
				"south": {"uv": [9.125, 10.25, 9, 10.625], "texture": "#0"},
				"west": {"uv": [10.375, 8.75, 10.25, 9.125], "texture": "#0"},
				"up": {"uv": [10.5, 7.875, 10.625, 7.75], "rotation": 90, "texture": "#0"},
				"down": {"uv": [10.5, 8, 10.625, 8.125], "rotation": 270, "texture": "#0"}
			}
		},
		{
			"from": [7.75, -3.81304, 1.74063],
			"to": [8.25, -3.26304, 3.24063],
			"rotation": {"angle": -22.5, "axis": "x", "origin": [8, -3.23663, 3.02473]},
			"faces": {
				"north": {"uv": [10.125, 10.5, 10, 10.625], "texture": "#0"},
				"east": {"uv": [10.875, 0.5, 10.5, 0.625], "texture": "#0"},
				"south": {"uv": [10.375, 10.5, 10.25, 10.625], "texture": "#0"},
				"west": {"uv": [10.875, 1.75, 10.5, 1.875], "texture": "#0"},
				"up": {"uv": [10.5, 2.125, 10.875, 2], "rotation": 90, "texture": "#0"},
				"down": {"uv": [2.25, 10.5, 2.625, 10.625], "rotation": 270, "texture": "#0"}
			}
		},
		{
			"from": [7.75, -3.49155, 3.03498],
			"to": [8.25, -1.94155, 3.58498],
			"rotation": {"angle": 22.5, "axis": "x", "origin": [8, -3.23663, 3.02473]},
			"faces": {
				"north": {"uv": [1.375, 10.5, 1.25, 10.875], "texture": "#0"},
				"east": {"uv": [1.125, 10.5, 1, 10.875], "texture": "#0"},
				"south": {"uv": [1.625, 10.5, 1.5, 10.875], "texture": "#0"},
				"west": {"uv": [10.625, 1.25, 10.5, 1.625], "texture": "#0"},
				"up": {"uv": [9.5, 10.625, 9.625, 10.5], "rotation": 90, "texture": "#0"},
				"down": {"uv": [9.75, 10.5, 9.875, 10.625], "rotation": 270, "texture": "#0"}
			}
		},
		{
			"from": [7.75, -0.54312, 2.0293],
			"to": [8.25, 0.20688, 4.0293],
			"rotation": {"angle": 22.5, "axis": "x", "origin": [8, 0.48745, 5.17306]},
			"faces": {
				"north": {"uv": [10.625, 5, 10.5, 5.25], "texture": "#0"},
				"east": {"uv": [10, 9.75, 9.5, 10], "texture": "#0"},
				"south": {"uv": [5.375, 10.5, 5.25, 10.75], "texture": "#0"},
				"west": {"uv": [10.25, 9.5, 9.75, 9.75], "texture": "#0"},
				"up": {"uv": [10.25, 3.875, 10.75, 3.75], "rotation": 90, "texture": "#0"},
				"down": {"uv": [4, 10.25, 4.5, 10.375], "rotation": 270, "texture": "#0"}
			}
		},
		{
			"from": [7.65, 0.42853, 3.47107],
			"to": [8.35, 1.42853, 5.47107],
			"rotation": {"angle": -22.5, "axis": "x", "origin": [8, 0.48745, 5.17306]},
			"faces": {
				"north": {"uv": [10.625, 4.75, 10.5, 5], "texture": "#0"},
				"east": {"uv": [9.75, 8.75, 9.25, 9], "texture": "#0"},
				"south": {"uv": [5.125, 10.5, 5, 10.75], "texture": "#0"},
				"west": {"uv": [10.25, 9.25, 9.75, 9.5], "texture": "#0"},
				"up": {"uv": [3.5, 10.375, 4, 10.25], "rotation": 90, "texture": "#0"},
				"down": {"uv": [10.25, 3.5, 10.75, 3.625], "rotation": 270, "texture": "#0"}
			}
		},
		{
			"from": [7.5, 0.52112, 4.36937],
			"to": [8.5, 2.52112, 5.61937],
			"rotation": {"angle": 22.5, "axis": "x", "origin": [8, 0.48745, 5.17306]},
			"faces": {
				"north": {"uv": [9.25, 9.75, 9, 10.25], "texture": "#0"},
				"east": {"uv": [0.375, 9.5, 0, 10], "texture": "#0"},
				"south": {"uv": [9.5, 9.75, 9.25, 10.25], "texture": "#0"},
				"west": {"uv": [0.875, 9.5, 0.5, 10], "texture": "#0"},
				"up": {"uv": [0, 10.5, 0.375, 10.25], "rotation": 90, "texture": "#0"},
				"down": {"uv": [0.5, 10.25, 0.875, 10.5], "rotation": 270, "texture": "#0"}
			}
		},
		{
			"from": [7.25, 1.22431, 5.9958],
			"to": [8.75, 2.72431, 7.9958],
			"rotation": {"angle": -22.5, "axis": "x", "origin": [8, 0.48745, 5.17306]},
			"faces": {
				"north": {"uv": [10.125, 7.25, 9.75, 7.625], "texture": "#0"},
				"east": {"uv": [9.75, 6.75, 9.25, 7.125], "texture": "#0"},
				"south": {"uv": [10.125, 7.75, 9.75, 8.125], "texture": "#0"},
				"west": {"uv": [9.75, 7.25, 9.25, 7.625], "texture": "#0"},
				"up": {"uv": [9.25, 8.125, 9.75, 7.75], "rotation": 90, "texture": "#0"},
				"down": {"uv": [9.25, 8.25, 9.75, 8.625], "rotation": 270, "texture": "#0"}
			}
		}
	],
	"gui_light": "front",
	"display": {
		"thirdperson_righthand": {
			"translation": [0, 7.25, 2.25],
			"scale": [0.8, 0.8, 0.8]
		},
		"thirdperson_lefthand": {
			"translation": [0, 7.25, 1.75],
			"scale": [0.8, 0.8, 0.8]
		},
		"firstperson_righthand": {
			"rotation": [-14.75, 0, 0],
			"translation": [0, 6, 0.25],
			"scale": [0.5, 0.5, 0.5]
		},
		"firstperson_lefthand": {
			"rotation": [-14, 0, 0],
			"translation": [0, 6, 0.25],
			"scale": [0.5, 0.5, 0.5]
		},
		"ground": {
			"rotation": [-79, -79, 0],
			"translation": [0, 1.25, 0],
			"scale": [0.5, 0.5, 0.5]
		},
		"gui": {
			"rotation": [-90, 45.75, 90],
			"translation": [0.75, -1, 0],
			"scale": [0.46289, 0.46289, 0.46289]
		},
		"head": {
			"translation": [0, 6, 0],
			"scale": [0, 0, 0]
		},
		"fixed": {
			"rotation": [0, 90, 0],
			"translation": [0, -1.25, -1.75],
			"scale": [1.32227, 1.32227, 1.32227]
		}
	},
	"groups": [
		0,
		1,
		2,
		3,
		4,
		5,
		6,
		7,
		8,
		9,
		10,
		11,
		12,
		13,
		14,
		15,
		{
			"name": "group",
			"origin": [9.71194, -2.44134, 8],
			"color": 0,
			"nbt": "{}",
			"children": [16, 17, 18, 19, 20, 21, 22, 23]
		},
		{
			"name": "group",
			"origin": [9.71194, -2.44134, 8],
			"color": 0,
			"nbt": "{}",
			"children": [24, 25, 26, 27, 28, 29, 30, 31]
		}
	]
}