{"credit":"Made by PolygonMC","texture_size":[32,32],"textures":{"1":"littlesharkset:animations/animations_1","2":"littlesharkset:bow"},"elements":[{"from":[7.55,5.75,7.55],"to":[8.45,6.75,8.45],"rotation":{"angle":0,"axis":"y","origin":[7.5,5,7.5]},"faces":{"north":{"uv":[7.5,7,8,7.5],"texture":"#2"},"east":{"uv":[4,8.5,4.5,9],"texture":"#2"},"south":{"uv":[8.5,5.5,9,6],"texture":"#2"},"west":{"uv":[7.5,8.5,8,9],"texture":"#2"}}},{"from":[7.55,9.25,7.55],"to":[8.45,10.25,8.45],"rotation":{"angle":0,"axis":"y","origin":[7.5,5,7.5]},"faces":{"north":{"uv":[9,4,9.5,4.5],"texture":"#2"},"east":{"uv":[8,11,8.5,11.5],"texture":"#2"},"south":{"uv":[8.5,11,9,11.5],"texture":"#2"},"west":{"uv":[9,11,9.5,11.5],"texture":"#2"}}},{"from":[7.6,7.25,7.6],"to":[8.4,8.75,8.4],"rotation":{"angle":0,"axis":"y","origin":[7.5,5,7.5]},"faces":{"north":{"uv":[3,10.5,3.5,11.25],"texture":"#2"},"east":{"uv":[10.5,3,11,3.75],"texture":"#2"},"south":{"uv":[3.5,10.5,4,11.25],"texture":"#2"},"west":{"uv":[10.5,4,11,4.75],"texture":"#2"}}},{"from":[7.5,6.75,7.5],"to":[8.5,7.25,8.5],"rotation":{"angle":0,"axis":"y","origin":[7.5,6.75,7.5]},"faces":{"north":{"uv":[12,2,12.5,2.25],"texture":"#2"},"east":{"uv":[2.5,12,3,12.25],"texture":"#2"},"south":{"uv":[12,2.5,12.5,2.75],"texture":"#2"},"west":{"uv":[12,3,12.5,3.25],"texture":"#2"},"up":{"uv":[10,11.5,9.5,11],"texture":"#2"},"down":{"uv":[11.5,9.5,11,10],"texture":"#2"}}},{"from":[7.5,8.75,7.5],"to":[8.5,9.25,8.5],"rotation":{"angle":0,"axis":"y","origin":[7.5,6.75,7.5]},"faces":{"north":{"uv":[12,3.5,12.5,3.75],"texture":"#2"},"east":{"uv":[4,12,4.5,12.25],"texture":"#2"},"south":{"uv":[12,4,12.5,4.25],"texture":"#2"},"west":{"uv":[4.5,12,5,12.25],"texture":"#2"},"up":{"uv":[10.5,11.5,10,11],"texture":"#2"},"down":{"uv":[11.5,10,11,10.5],"texture":"#2"}}},{"from":[7.45,10,7.5],"to":[8.55,11.5,9],"rotation":{"angle":45,"axis":"x","origin":[8,11,8]},"faces":{"north":{"uv":[5.5,10.5,6,11.25],"texture":"#2"},"east":{"uv":[10,0,10.75,0.75],"texture":"#2"},"south":{"uv":[10.5,5.5,11,6.25],"texture":"#2"},"west":{"uv":[10,1,10.75,1.75],"texture":"#2"},"up":{"uv":[6.5,11.25,6,10.5],"texture":"#2"},"down":{"uv":[11,6.5,10.5,7.25],"texture":"#2"}}},{"from":[7.25,10.2,7.7],"to":[8.75,11.3,8.8],"rotation":{"angle":45,"axis":"x","origin":[8,11,8]},"faces":{"north":{"uv":[10.5,7.5,11.25,8],"texture":"#2"},"east":{"uv":[11,10.5,11.5,11],"texture":"#2"},"south":{"uv":[10.5,8,11.25,8.5],"texture":"#2"},"west":{"uv":[11,11,11.5,11.5],"texture":"#2"},"up":{"uv":[11.25,9,10.5,8.5],"texture":"#2"},"down":{"uv":[11.25,9,10.5,9.5],"texture":"#2"}}},{"from":[7.25,4.7,7.7],"to":[8.75,5.8,8.8],"rotation":{"angle":-45,"axis":"x","origin":[8,5,8]},"faces":{"north":{"uv":[11,2,11.75,2.5],"texture":"#2"},"east":{"uv":[8.5,11.5,9,12],"texture":"#2"},"south":{"uv":[11,2.5,11.75,3],"texture":"#2"},"west":{"uv":[11.5,8.5,12,9],"texture":"#2"},"up":{"uv":[11.75,3.5,11,3],"texture":"#2"},"down":{"uv":[11.75,3.5,11,4],"texture":"#2"}}},{"from":[7.45,4.5,7.5],"to":[8.55,6,9],"rotation":{"angle":-45,"axis":"x","origin":[8,5,8]},"faces":{"north":{"uv":[10.5,9.5,11,10.25],"texture":"#2"},"east":{"uv":[8.5,10,9.25,10.75],"texture":"#2"},"south":{"uv":[10.5,10.5,11,11.25],"texture":"#2"},"west":{"uv":[9.5,10,10.25,10.75],"texture":"#2"},"up":{"uv":[11.5,0.75,11,0],"texture":"#2"},"down":{"uv":[11.5,1,11,1.75],"texture":"#2"}}},{"from":[6.75,12,5.25],"to":[9.25,14.5,7.25],"rotation":{"angle":0,"axis":"y","origin":[7,12.25,4.75]},"faces":{"north":{"uv":[6,3,7.25,4.25],"texture":"#2"},"east":{"uv":[4.5,7.5,5.5,8.75],"texture":"#2"},"south":{"uv":[4.5,6,5.75,7.25],"texture":"#2"},"west":{"uv":[7.5,4.5,8.5,5.75],"texture":"#2"},"up":{"uv":[6.75,8.5,5.5,7.5],"texture":"#2"},"down":{"uv":[8.75,6,7.5,7],"texture":"#2"}}},{"from":[6.875,12,3.65],"to":[9.125,13.25,5.25],"rotation":{"angle":0,"axis":"y","origin":[7,12.25,5.25]},"faces":{"north":{"uv":[9,2,10.25,2.75],"texture":"#2"},"east":{"uv":[4,10,4.75,10.75],"texture":"#2"},"south":{"uv":[9,3,10.25,3.75],"texture":"#2"},"west":{"uv":[7.5,10,8.25,10.75],"texture":"#2"},"up":{"uv":[5.25,9.75,4,9],"texture":"#2"},"down":{"uv":[10.25,5.5,9,6.25],"texture":"#2"}}},{"from":[6.755,12.82874,3.13216],"to":[9.245,14.07874,5.63216],"rotation":{"angle":-22.5,"axis":"x","origin":[8.005,13.32874,4.38216]},"faces":{"north":{"uv":[9,6.5,10.25,7.25],"texture":"#2"},"east":{"uv":[7.5,9,8.75,9.75],"texture":"#2"},"south":{"uv":[9,7.5,10.25,8.25],"texture":"#2"},"west":{"uv":[9,8.5,10.25,9.25],"texture":"#2"},"up":{"uv":[7.25,5.75,6,4.5],"texture":"#2"},"down":{"uv":[7.25,6,6,7.25],"texture":"#2"}}},{"from":[6.755,12.32874,3.13216],"to":[6.755,12.82874,5.63216],"rotation":{"angle":-22.5,"axis":"x","origin":[8.005,13.32874,4.38216]},"faces":{"east":{"uv":[11,5,12.25,5.25],"texture":"#2"},"west":{"uv":[11,5.5,12.25,5.75],"texture":"#2"}}},{"from":[9.245,12.32874,3.13216],"to":[9.245,12.82874,5.63216],"rotation":{"angle":-22.5,"axis":"x","origin":[7.995,13.32874,4.38216]},"faces":{"east":{"uv":[11,6,12.25,6.25],"texture":"#2"},"west":{"uv":[6.5,11,7.75,11.25],"texture":"#2"}}},{"from":[6.755,11.90747,3.51433],"to":[9.245,12.40747,3.51433],"rotation":{"angle":-22.5,"axis":"x","origin":[8.005,12.15747,3.51433]},"faces":{"north":{"uv":[11,6.5,12.25,6.75],"texture":"#2"},"south":{"uv":[11,7,12.25,7.25],"texture":"#2"}}},{"from":[6.5,11.15,6.55],"to":[9.5,14.15,9.55],"rotation":{"angle":22.5,"axis":"x","origin":[8,12.65,8.05]},"faces":{"north":{"uv":[4.5,0,6,1.5],"texture":"#2"},"east":{"uv":[4.5,1.5,6,3],"texture":"#2"},"south":{"uv":[4.5,3,6,4.5],"texture":"#2"},"west":{"uv":[4.5,4.5,6,6],"texture":"#2"},"up":{"uv":[7.5,1.5,6,0],"texture":"#2"},"down":{"uv":[7.5,1.5,6,3],"texture":"#2"}}},{"from":[5.175,12.16903,6.95433],"to":[6.675,12.66903,8.95433],"rotation":{"angle":22.5,"axis":"z","origin":[5.925,12.41903,7.95433]},"faces":{"north":{"uv":[11,11.5,11.75,11.75],"texture":"#2"},"east":{"uv":[0,11.5,1,11.75],"texture":"#2"},"south":{"uv":[11.5,11,12.25,11.25],"texture":"#2"},"west":{"uv":[11.5,0,12.5,0.25],"texture":"#2"},"up":{"uv":[0.75,10.5,0,9.5],"texture":"#2"},"down":{"uv":[1.75,9.5,1,10.5],"texture":"#2"}}},{"from":[9.325,12.16903,6.95433],"to":[10.825,12.66903,8.95433],"rotation":{"angle":-22.5,"axis":"z","origin":[10.075,12.41903,7.95433]},"faces":{"north":{"uv":[0,12,0.75,12.25],"texture":"#2"},"east":{"uv":[11.5,0.5,12.5,0.75],"texture":"#2"},"south":{"uv":[1,12,1.75,12.25],"texture":"#2"},"west":{"uv":[1,11.5,2,11.75],"texture":"#2"},"up":{"uv":[2.75,10.5,2,9.5],"texture":"#2"},"down":{"uv":[3.75,9.5,3,10.5],"texture":"#2"}}},{"from":[5.83,10.69166,10.38909],"to":[6.83,11.69166,10.88909],"rotation":{"angle":-22.5,"axis":"x","origin":[6.33,10.36666,9.46409]},"faces":{"north":{"uv":[11.5,1,12,1.5],"texture":"#2"},"east":{"uv":[12,4.5,12.25,5],"texture":"#2"},"south":{"uv":[11.5,1.5,12,2],"texture":"#2"},"west":{"uv":[5,12,5.25,12.5],"texture":"#2"},"up":{"uv":[12.5,7.75,12,7.5],"texture":"#2"},"down":{"uv":[12.5,8,12,8.25],"texture":"#2"}}},{"from":[9.17,10.69166,10.38909],"to":[10.17,11.69166,10.88909],"rotation":{"angle":-22.5,"axis":"x","origin":[9.67,10.36666,9.46409]},"faces":{"north":{"uv":[2,11.5,2.5,12],"texture":"#2"},"east":{"uv":[8.5,12,8.75,12.5],"texture":"#2"},"south":{"uv":[2.5,11.5,3,12],"texture":"#2"},"west":{"uv":[12,8.5,12.25,9],"texture":"#2"},"up":{"uv":[9.5,12.25,9,12],"texture":"#2"},"down":{"uv":[12.5,9,12,9.25],"texture":"#2"}}},{"from":[6.83,10.08502,8.88209],"to":[9.17,12.42502,11.22209],"rotation":{"angle":45,"axis":"x","origin":[8,11.65502,10.45209]},"faces":{"north":{"uv":[4,13.25,5.25,14.5],"texture":"#2"},"east":{"uv":[5.5,13.25,6.75,14.5],"texture":"#2"},"south":{"uv":[7,13.25,8.25,14.5],"texture":"#2"},"west":{"uv":[7.5,0,8.75,1.25],"texture":"#2"},"up":{"uv":[8.75,2.75,7.5,1.5],"texture":"#2"},"down":{"uv":[8.75,3,7.5,4.25],"texture":"#2"}}},{"from":[7.0406,9.39194,10.07343],"to":[8.9594,11.31074,11.99223],"rotation":{"angle":-22.5,"axis":"x","origin":[8,10.12634,10.90783]},"faces":{"north":{"uv":[7,7.5,8,8.5],"texture":"#2"},"east":{"uv":[8,7,9,8],"texture":"#2"},"south":{"uv":[8,8,9,9],"texture":"#2"},"west":{"uv":[0,8.5,1,9.5],"texture":"#2"},"up":{"uv":[2,9.5,1,8.5],"texture":"#2"},"down":{"uv":[3,8.5,2,9.5],"texture":"#2"}}},{"from":[7.75,13.4597,8.30671],"to":[8.25,15.4597,10.30671],"rotation":{"angle":45,"axis":"x","origin":[8,14.9597,9.00671]},"faces":{"north":{"uv":[3,11.5,3.25,12.5],"texture":"#2"},"east":{"uv":[3,8.5,4,9.5],"texture":"#2"},"south":{"uv":[3.5,11.5,3.75,12.5],"texture":"#2"},"west":{"uv":[8.5,4.5,9.5,5.5],"texture":"#2"},"up":{"uv":[11.75,5,11.5,4],"texture":"#2"},"down":{"uv":[5.75,11.5,5.5,12.5],"texture":"#2"}}},{"from":[7.75,8.8817,11.4026],"to":[8.25,10.8817,13.4026],"rotation":{"angle":0,"axis":"x","origin":[8,10.3817,12.5776]},"faces":{"north":{"uv":[6,11.5,6.25,12.5],"texture":"#2"},"east":{"uv":[5.5,8.5,6.5,9.5],"texture":"#2"},"south":{"uv":[6.5,11.5,6.75,12.5],"texture":"#2"},"west":{"uv":[6.5,8.5,7.5,9.5],"texture":"#2"},"up":{"uv":[7.25,12.5,7,11.5],"texture":"#2"},"down":{"uv":[7.75,11.5,7.5,12.5],"texture":"#2"}}},{"from":[7.775,7.8817,8.9276],"to":[8.225,9.3817,10.6776],"rotation":{"angle":-45,"axis":"x","origin":[8,9.8817,9.5776]},"faces":{"north":{"uv":[12,1,12.25,1.75],"texture":"#2"},"east":{"uv":[9.5,4,10.5,4.75],"texture":"#2"},"south":{"uv":[2,12,2.25,12.75],"texture":"#2"},"west":{"uv":[5.5,9.5,6.5,10.25],"texture":"#2"},"up":{"uv":[11.75,8.5,11.5,7.5],"texture":"#2"},"down":{"uv":[8.25,11.5,8,12.5],"texture":"#2"}}},{"from":[7.5,3.41421,7],"to":[8.5,5.41421,9],"rotation":{"angle":22.5,"axis":"x","origin":[8,4.41421,8]},"faces":{"north":{"uv":[5,10,5.5,11],"texture":"#2"},"east":{"uv":[9,0,10,1],"texture":"#2"},"south":{"uv":[2,10.5,2.5,11.5],"texture":"#2"},"west":{"uv":[9,1,10,2],"texture":"#2"},"up":{"uv":[11,3,10.5,2],"texture":"#2"},"down":{"uv":[3,10.5,2.5,11.5],"texture":"#2"}}},{"from":[7.535,3.3505,8.09899],"to":[8.465,4.2805,10.88899],"rotation":{"angle":45,"axis":"x","origin":[7.535,3.3505,8.09899]},"faces":{"north":{"uv":[9,11.5,9.5,12],"texture":"#2"},"east":{"uv":[9.5,5,11,5.5],"texture":"#2"},"south":{"uv":[11.5,9,12,9.5],"texture":"#2"},"west":{"uv":[9,9.5,10.5,10],"texture":"#2"},"up":{"uv":[7,11,6.5,9.5],"texture":"#2"},"down":{"uv":[7.5,9.5,7,11],"texture":"#2"}}},{"from":[7.6466,0.81817,9.85033],"to":[8.3534,1.52497,11.97073],"rotation":{"angle":22.5,"axis":"x","origin":[8,0.57157,11.53553]},"faces":{"north":{"uv":[9.5,12,9.75,12.25],"texture":"#2"},"east":{"uv":[9.5,11.5,10.5,11.75],"texture":"#2"},"south":{"uv":[10,12,10.25,12.25],"texture":"#2"},"west":{"uv":[11.5,9.5,12.5,9.75],"texture":"#2"},"up":{"uv":[11.75,11,11.5,10],"texture":"#2"},"down":{"uv":[10.75,11.5,10.5,12.5],"texture":"#2"}}},{"from":[7.5,1,11.5],"to":[8.5,2.5,13],"rotation":{"angle":45,"axis":"x","origin":[7.5,1,11.5]},"faces":{"north":{"uv":[4,11,4.5,11.75],"texture":"#2"},"east":{"uv":[0,10.5,0.75,11.25],"texture":"#2"},"south":{"uv":[11,4,11.5,4.75],"texture":"#2"},"west":{"uv":[1,10.5,1.75,11.25],"texture":"#2"},"up":{"uv":[5,11.75,4.5,11],"texture":"#2"},"down":{"uv":[5.5,11,5,11.75],"texture":"#2"}}},{"from":[7.5,13.5,11.5],"to":[8.5,15,13],"rotation":{"angle":-45,"axis":"x","origin":[7.5,15,11.5]},"faces":{"north":{"uv":[4,11.75,4.5,11],"texture":"#2"},"east":{"uv":[0,11.25,0.75,10.5],"texture":"#2"},"south":{"uv":[11,4.75,11.5,4],"texture":"#2"},"west":{"uv":[1,11.25,1.75,10.5],"texture":"#2"},"up":{"uv":[5.5,11.75,5,11],"texture":"#2"},"down":{"uv":[5,11,4.5,11.75],"texture":"#2"}}},{"from":[7.6466,14.47503,9.85033],"to":[8.3534,15.18183,11.97073],"rotation":{"angle":-22.5,"axis":"x","origin":[8,15.42843,11.53553]},"faces":{"north":{"uv":[9.5,12.25,9.75,12],"texture":"#2"},"east":{"uv":[9.5,11.75,10.5,11.5],"texture":"#2"},"south":{"uv":[10,12.25,10.25,12],"texture":"#2"},"west":{"uv":[11.5,9.75,12.5,9.5],"texture":"#2"},"up":{"uv":[10.75,12.5,10.5,11.5],"texture":"#2"},"down":{"uv":[11.75,10,11.5,11],"texture":"#2"}}},{"from":[7.535,11.7195,8.09899],"to":[8.465,12.6495,10.88899],"rotation":{"angle":-45,"axis":"x","origin":[7.535,12.6495,8.09899]},"faces":{"north":{"uv":[9,12,9.5,11.5],"texture":"#2"},"east":{"uv":[9.5,5.5,11,5],"texture":"#2"},"south":{"uv":[11.5,9.5,12,9],"texture":"#2"},"west":{"uv":[9,10,10.5,9.5],"texture":"#2"},"up":{"uv":[7.5,11,7,9.5],"texture":"#2"},"down":{"uv":[7,9.5,6.5,11],"texture":"#2"}}},{"from":[7.5,10.58579,7],"to":[8.5,12.58579,9],"rotation":{"angle":-22.5,"axis":"x","origin":[8,11.58579,8]},"faces":{"north":{"uv":[5,11,5.5,10],"texture":"#2"},"east":{"uv":[9,1,10,0],"texture":"#2"},"south":{"uv":[2,11.5,2.5,10.5],"texture":"#2"},"west":{"uv":[9,2,10,1],"texture":"#2"},"up":{"uv":[3,11.5,2.5,10.5],"texture":"#2"},"down":{"uv":[11,2,10.5,3],"texture":"#2"}}},{"from":[7.975,1,12.35],"to":[8.025,15,18.35],"rotation":{"angle":0,"axis":"y","origin":[7.975,1,12.35]},"faces":{"east":{"uv":[3,0,0,7],"texture":"#2"},"west":{"uv":[0,0,3,7],"texture":"#2"}}},{"from":[7.35,14.13,6.24],"to":[7.35,16.37,15.76],"rotation":{"angle":-22.5,"axis":"x","origin":[7.35,15.25,11]},"faces":{"west":{"uv":[2.66667,0,0,11.33333],"rotation":90,"texture":"#1"}}},{"from":[8.65,14.13,6.24],"to":[8.65,16.37,15.76],"rotation":{"angle":-22.5,"axis":"x","origin":[8.65,15.25,11]},"faces":{"east":{"uv":[2.66667,11.33333,0,0],"rotation":90,"texture":"#1"}}},{"from":[8.65,-0.37,6.24],"to":[8.65,1.87,15.76],"rotation":{"angle":22.5,"axis":"x","origin":[8.65,0.75,11]},"faces":{"east":{"uv":[0,11.33333,2.66667,0],"rotation":90,"texture":"#1"}}},{"from":[7.35,-0.37,6.24],"to":[7.35,1.87,15.76],"rotation":{"angle":22.5,"axis":"x","origin":[7.35,0.75,11]},"faces":{"west":{"uv":[0,0,2.66667,11.33333],"rotation":90,"texture":"#1"}}},{"from":[7.975,-1.02417,8.34568],"to":[8.025,0.97583,14.34568],"rotation":{"angle":22.5,"axis":"x","origin":[8,-0.02417,11.34568]},"faces":{"east":{"uv":[0,13.25,3,14.25],"texture":"#2"},"west":{"uv":[3,13.25,0,14.25],"texture":"#2"}}},{"from":[7.975,15.02417,8.34568],"to":[8.025,17.02417,14.34568],"rotation":{"angle":-22.5,"axis":"x","origin":[8,16.02417,11.34568]},"faces":{"east":{"uv":[0,14.25,3,13.25],"texture":"#2"},"west":{"uv":[3,14.25,0,13.25],"texture":"#2"}}}],"gui_light":"front","display":{"thirdperson_righthand":{"translation":[0,-0.25,1]},"thirdperson_lefthand":{"translation":[0,-0.25,1]},"firstperson_righthand":{"translation":[-0.5,4.25,0]},"firstperson_lefthand":{"translation":[-0.5,4.25,0]},"ground":{"rotation":[40,0,0],"translation":[0,10.5,0]},"gui":{"rotation":[-90,135,90],"translation":[-2.75,2.75,0],"scale":[0.85,0.85,0.85]},"head":{"rotation":[90,-45,90]},"fixed":{"rotation":[90,-90,90],"translation":[3,0,-1.75],"scale":[1.5,1.5,1.5]}}}