{"textures":{"0":"modelengine:entity/texture"},"elements":[{"from":[4.92,8.640023,6.0963693],"to":[5.8,13.040024,6.9763694],"rotation":{"angle":0.0,"axis":"y","origin":[8.44,4.6148815,5.1158905]},"faces":{"east":{"uv":[13.0,13.75,13.25,15.0],"rotation":0,"texture":"#0","tintindex":0},"south":{"uv":[13.25,13.75,13.5,15.0],"rotation":0,"texture":"#0","tintindex":0},"north":{"uv":[10.375,11.75,10.625,13.0],"rotation":0,"texture":"#0","tintindex":0},"west":{"uv":[13.5,13.75,13.75,15.0],"rotation":0,"texture":"#0","tintindex":0},"up":{"uv":[10.625,7.875,10.375,7.625],"rotation":0,"texture":"#0","tintindex":0},"down":{"uv":[8.625,12.0,8.375,12.25],"rotation":0,"texture":"#0","tintindex":0}}},{"from":[4.48,12.160024,5.656369],"to":[6.24,13.920024,7.4163694],"rotation":{"angle":0.0,"axis":"y","origin":[8.44,4.6148815,5.1158905]},"faces":{"east":{"uv":[7.875,13.875,8.375,14.375],"rotation":0,"texture":"#0","tintindex":0},"south":{"uv":[13.875,10.75,14.375,11.25],"rotation":0,"texture":"#0","tintindex":0},"north":{"uv":[5.875,13.875,6.375,14.375],"rotation":0,"texture":"#0","tintindex":0},"west":{"uv":[13.875,11.25,14.375,11.75],"rotation":0,"texture":"#0","tintindex":0},"up":{"uv":[14.375,12.25,13.875,11.75],"rotation":0,"texture":"#0","tintindex":0},"down":{"uv":[14.375,13.0,13.875,13.5],"rotation":0,"texture":"#0","tintindex":0}}},{"from":[4.48,6.46,5.8],"to":[6.68,8.66,8.0],"rotation":{"angle":0.0,"axis":"y","origin":[10.2,-0.14000034,4.48]},"faces":{"east":{"uv":[5.375,13.25,6.0,13.875],"rotation":0,"texture":"#0","tintindex":0},"south":{"uv":[6.0,13.25,6.625,13.875],"rotation":0,"texture":"#0","tintindex":0},"north":{"uv":[9.875,7.0,10.5,7.625],"rotation":0,"texture":"#0","tintindex":0},"west":{"uv":[11.125,13.75,11.75,14.375],"rotation":0,"texture":"#0","tintindex":0},"up":{"uv":[12.375,14.375,11.75,13.75],"rotation":0,"texture":"#0","tintindex":0},"down":{"uv":[13.0,13.75,12.375,14.375],"rotation":0,"texture":"#0","tintindex":0}}}],"display":{"head":{"translation":[0.0,-6.4,0.0],"scale":[4.0,4.0,4.0]}}}