{
	"credit": "Made with Blockbench",
	"texture_size": [128, 128],
	"textures": {
		"3": "item/toucanupdate/poison_frog_spear"
	},
	"elements": [
		{
			"from": [7.5, -15.2, 7.5],
			"to": [8.5, 26.8, 8.5],
			"rotation": {"angle": 0, "axis": "y", "origin": [0, 0.8, 0]},
			"faces": {
				"north": {"uv": [0, 0, 0.125, 5.25], "texture": "#3"},
				"east": {"uv": [0.25, 0, 0.375, 5.25], "texture": "#3"},
				"south": {"uv": [0.5, 0, 0.625, 5.25], "texture": "#3"},
				"west": {"uv": [0.75, 0, 0.875, 5.25], "texture": "#3"},
				"up": {"uv": [5.375, 1.875, 5.25, 1.75], "texture": "#3"},
				"down": {"uv": [5.625, 6, 5.5, 6.125], "texture": "#3"}
			}
		},
		{
			"from": [7.575, 29, 7.5],
			"to": [8.425, 32, 8.5],
			"rotation": {"angle": 0, "axis": "y", "origin": [0, 0.3, 1]},
			"faces": {
				"north": {"uv": [2.75, 0.375, 2.875, 0.75], "texture": "#3"},
				"east": {"uv": [5.25, 2.5, 5.375, 2.875], "texture": "#3"},
				"south": {"uv": [4.5, 5.25, 4.625, 5.625], "texture": "#3"},
				"west": {"uv": [4.75, 5.25, 4.875, 5.625], "texture": "#3"},
				"up": {"uv": [6.125, 6, 6, 5.875], "texture": "#3"},
				"down": {"uv": [0.625, 6.125, 0.5, 6.25], "texture": "#3"}
			}
		},
		{
			"from": [3.22, 21.88, 6.225],
			"to": [7.73, 25.16, 9.505],
			"rotation": {"angle": 0, "axis": "y", "origin": [7.73, 26.8, 4.585]},
			"faces": {
				"north": {"uv": [1, 9, 2, 10.375], "rotation": 90, "texture": "#3"},
				"east": {"uv": [1, 8, 2, 9], "rotation": 180, "texture": "#3"},
				"south": {"uv": [2, 9, 1, 10.375], "rotation": 270, "texture": "#3"},
				"west": {"uv": [0, 8, 1, 9], "rotation": 180, "texture": "#3"},
				"up": {"uv": [0, 9, 1, 10.375], "rotation": 270, "texture": "#3"},
				"down": {"uv": [2, 9, 3, 10.375], "rotation": 270, "texture": "#3"}
			}
		},
		{
			"from": [2.4, 23.315, 8.275],
			"to": [3.22, 24.135, 9.095],
			"rotation": {"angle": 0, "axis": "y", "origin": [7.73, 26.8, 4.585]},
			"faces": {
				"north": {"uv": [2.25, 8, 2, 8.25], "rotation": 90, "texture": "#3"},
				"south": {"uv": [2, 8, 2.25, 8.25], "rotation": 270, "texture": "#3"},
				"west": {"uv": [2.25, 8.125, 2, 8], "rotation": 90, "texture": "#3"},
				"up": {"uv": [2.25, 8, 2.5, 8.25], "rotation": 270, "texture": "#3"},
				"down": {"uv": [2, 8, 2.125, 8.25], "rotation": 270, "texture": "#3"}
			}
		},
		{
			"from": [2.4, 23.315, 6.635],
			"to": [3.22, 24.135, 7.455],
			"rotation": {"angle": 0, "axis": "y", "origin": [7.73, 26.8, 11.145]},
			"faces": {
				"north": {"uv": [2.25, 8, 2, 8.25], "rotation": 90, "texture": "#3"},
				"south": {"uv": [2, 8, 2.25, 8.25], "rotation": 270, "texture": "#3"},
				"west": {"uv": [2.25, 8, 2, 8.125], "rotation": 90, "texture": "#3"},
				"up": {"uv": [2.5, 8, 2.25, 8.25], "rotation": 270, "texture": "#3"},
				"down": {"uv": [2.125, 8, 2, 8.25], "rotation": 270, "texture": "#3"}
			}
		},
		{
			"from": [6.1105, 21.47, 5.405],
			"to": [7.7505, 23.93, 6.225],
			"rotation": {"angle": 0, "axis": "y", "origin": [7.73, 26.8, 4.585]},
			"faces": {
				"north": {"uv": [2.375, 8.25, 3.125, 8.75], "rotation": 90, "texture": "#3"},
				"east": {"uv": [2.375, 8.75, 3.125, 9], "rotation": 90, "texture": "#3"},
				"south": {"uv": [2.375, 8.25, 3.125, 8.75], "rotation": 270, "texture": "#3"},
				"west": {"uv": [2.375, 8.75, 3.125, 9], "rotation": 270, "texture": "#3"},
				"up": {"uv": [2, 8.25, 2.25, 8.75], "rotation": 270, "texture": "#3"},
				"down": {"uv": [2.25, 8.25, 2, 8.75], "rotation": 270, "texture": "#3"}
			}
		},
		{
			"from": [7.3405, 23.93, 5.405],
			"to": [7.7505, 25.57, 6.635],
			"rotation": {"angle": 0, "axis": "y", "origin": [7.73, 26.8, 4.585]},
			"faces": {
				"north": {"uv": [3.375, 8.25, 3.5, 8.75], "rotation": 180, "texture": "#3"},
				"east": {"uv": [3.125, 8.75, 3.5, 8.25], "texture": "#3"},
				"south": {"uv": [3.125, 8.25, 3.25, 8.75], "texture": "#3"},
				"west": {"uv": [3.125, 8.25, 3.5, 8.75], "rotation": 180, "texture": "#3"},
				"up": {"uv": [3.125, 8.625, 3.5, 8.75], "rotation": 270, "texture": "#3"},
				"down": {"uv": [3.125, 8.25, 3.5, 8.375], "rotation": 270, "texture": "#3"}
			}
		},
		{
			"from": [7.3405, 23.93, 9.095],
			"to": [7.7505, 25.57, 10.325],
			"rotation": {"angle": 0, "axis": "y", "origin": [7.73, 26.8, 11.145]},
			"faces": {
				"north": {"uv": [3.125, 8.75, 3.25, 8.25], "rotation": 180, "texture": "#3"},
				"east": {"uv": [3.5, 8.75, 3.125, 8.25], "texture": "#3"},
				"south": {"uv": [3.375, 8.75, 3.5, 8.25], "texture": "#3"},
				"west": {"uv": [3.5, 8.25, 3.125, 8.75], "rotation": 180, "texture": "#3"},
				"up": {"uv": [3.5, 8.625, 3.125, 8.75], "rotation": 270, "texture": "#3"},
				"down": {"uv": [3.5, 8.25, 3.125, 8.375], "rotation": 270, "texture": "#3"}
			}
		},
		{
			"from": [6.1105, 21.47, 9.505],
			"to": [7.7505, 23.93, 10.325],
			"rotation": {"angle": 0, "axis": "y", "origin": [7.73, 26.8, 11.145]},
			"faces": {
				"north": {"uv": [3.125, 8.25, 2.375, 8.75], "rotation": 90, "texture": "#3"},
				"east": {"uv": [2.375, 9, 3.125, 8.75], "rotation": 90, "texture": "#3"},
				"south": {"uv": [3.125, 8.25, 2.375, 8.75], "rotation": 270, "texture": "#3"},
				"west": {"uv": [2.375, 9, 3.125, 8.75], "rotation": 270, "texture": "#3"},
				"up": {"uv": [2.25, 8.25, 2, 8.75], "rotation": 270, "texture": "#3"},
				"down": {"uv": [2, 8.25, 2.25, 8.75], "rotation": 270, "texture": "#3"}
			}
		},
		{
			"from": [7.075, 15.58506, 4.84635],
			"to": [8.95, 17.58506, 7.84635],
			"rotation": {"angle": -22.5, "axis": "x", "origin": [11, 23.58506, 9.84635]},
			"faces": {
				"north": {"uv": [10.625, 6.125, 10.875, 6.375], "texture": "#3"},
				"east": {"uv": [12.625, 6, 13, 6.25], "texture": "#3"},
				"south": {"uv": [10.875, 6.125, 11.125, 6.375], "texture": "#3"},
				"west": {"uv": [13, 6, 13.375, 6.25], "texture": "#3"},
				"up": {"uv": [11.25, 4.125, 11, 3.75], "texture": "#3"},
				"down": {"uv": [13.625, 6, 13.375, 6.375], "texture": "#3"}
			}
		},
		{
			"from": [6.525, -15.36217, 6.53418],
			"to": [9.45, -12.36217, 9.53418],
			"rotation": {"angle": 0, "axis": "y", "origin": [10.475, 6.71217, 13.38418]},
			"faces": {
				"north": {"uv": [11.875, 5.625, 12.25, 6], "texture": "#3"},
				"east": {"uv": [12.25, 5.625, 12.625, 6], "texture": "#3"},
				"south": {"uv": [10, 5.75, 10.375, 6.125], "texture": "#3"},
				"west": {"uv": [10.375, 5.75, 10.75, 6.125], "texture": "#3"},
				"up": {"uv": [11.125, 6.125, 10.75, 5.75], "texture": "#3"},
				"down": {"uv": [11.5, 5.75, 11.125, 6.125], "texture": "#3"}
			}
		},
		{
			"from": [7.1, 6.78923, 15.55089],
			"to": [8.925, 12.54625, 17.55089],
			"rotation": {"angle": 22.5, "axis": "x", "origin": [11, 30.30326, 21.55089]},
			"faces": {
				"north": {"uv": [9.25, 5.125, 9.5, 5.875], "texture": "#3"},
				"east": {"uv": [9.5, 5.125, 9.75, 5.875], "texture": "#3"},
				"south": {"uv": [9.75, 5.125, 10, 5.875], "texture": "#3"},
				"west": {"uv": [13.125, 5.125, 13.375, 5.875], "texture": "#3"},
				"up": {"uv": [9.875, 6.375, 9.625, 6.125], "texture": "#3"},
				"down": {"uv": [10.125, 6.125, 9.875, 6.375], "texture": "#3"}
			}
		},
		{
			"from": [4.86, 24.34, 9.095],
			"to": [7.32, 25.16, 9.915],
			"rotation": {"angle": 22.5, "axis": "z", "origin": [5.27, 24.75, 9.505]},
			"faces": {
				"north": {"uv": [3.25, 9, 3, 9.75], "rotation": 90, "texture": "#3"},
				"east": {"uv": [3, 9.625, 3.125, 9.75], "rotation": 180, "texture": "#3"},
				"south": {"uv": [3.25, 9, 3, 9.75], "rotation": 270, "texture": "#3"},
				"west": {"uv": [3, 9, 3.125, 9.125], "texture": "#3"},
				"up": {"uv": [3, 9, 3.25, 9.75], "rotation": 270, "texture": "#3"},
				"down": {"uv": [3, 9, 3.25, 9.75], "rotation": 270, "texture": "#3"}
			}
		},
		{
			"from": [4.86, 23.93, 4.175],
			"to": [5.68, 24.75, 6.635],
			"rotation": {"angle": 45, "axis": "y", "origin": [5.27, 24.75, 6.225]},
			"faces": {
				"north": {"uv": [3.125, 9.625, 3, 9.75], "rotation": 180, "texture": "#3"},
				"east": {"uv": [3, 9, 3.25, 9.75], "rotation": 270, "texture": "#3"},
				"south": {"uv": [3.125, 9, 3, 9.125], "texture": "#3"},
				"west": {"uv": [3, 9, 3.25, 9.75], "rotation": 90, "texture": "#3"},
				"up": {"uv": [3.25, 9, 3, 9.75], "rotation": 180, "texture": "#3"},
				"down": {"uv": [3.25, 9, 3, 9.75], "texture": "#3"}
			}
		},
		{
			"from": [7.55, 23, 6.5],
			"to": [8.45, 29, 9.5],
			"rotation": {"angle": 0, "axis": "y", "origin": [0, 0.3, 0]},
			"faces": {
				"north": {"uv": [3.625, 4.5, 3.75, 5.25], "texture": "#3"},
				"east": {"uv": [2.25, 0, 2.625, 0.75], "texture": "#3"},
				"south": {"uv": [4.25, 4.5, 4.375, 5.25], "texture": "#3"},
				"west": {"uv": [2.5, 0.875, 2.875, 1.625], "texture": "#3"},
				"up": {"uv": [0.375, 5.75, 0.25, 5.375], "texture": "#3"},
				"down": {"uv": [0.625, 5.375, 0.5, 5.75], "texture": "#3"}
			}
		},
		{
			"from": [7.6, 28.61836, 7.41865],
			"to": [8.4, 31.49336, 8.41865],
			"rotation": {"angle": 22.5, "axis": "x", "origin": [8, 31.11836, 7.91865]},
			"faces": {
				"north": {"uv": [5.25, 4.75, 5.375, 5.125], "texture": "#3"},
				"east": {"uv": [5, 5.25, 5.125, 5.625], "texture": "#3"},
				"south": {"uv": [5.25, 5.25, 5.375, 5.625], "texture": "#3"},
				"west": {"uv": [0, 5.375, 0.125, 5.75], "texture": "#3"},
				"up": {"uv": [2, 6.25, 1.875, 6.125], "texture": "#3"},
				"down": {"uv": [2.25, 6.125, 2.125, 6.25], "texture": "#3"}
			}
		},
		{
			"from": [7.6, 28.61836, 7.58135],
			"to": [8.4, 31.49336, 8.58135],
			"rotation": {"angle": -22.5, "axis": "x", "origin": [8, 31.11836, 8.08135]},
			"faces": {
				"north": {"uv": [0.75, 5.375, 0.875, 5.75], "texture": "#3"},
				"east": {"uv": [2.5, 5.375, 2.625, 5.75], "texture": "#3"},
				"south": {"uv": [2.75, 5.375, 2.875, 5.75], "texture": "#3"},
				"west": {"uv": [3, 5.375, 3.125, 5.75], "texture": "#3"},
				"up": {"uv": [6.25, 2.875, 6.125, 2.75], "texture": "#3"},
				"down": {"uv": [3.125, 6.125, 3, 6.25], "texture": "#3"}
			}
		},
		{
			"from": [7, 15.5, 5.5],
			"to": [9, 20.5, 10.5],
			"rotation": {"angle": 45, "axis": "x", "origin": [8, 18, 8]},
			"faces": {
				"north": {"uv": [1, 2.75, 1.25, 3.375], "texture": "#3"},
				"east": {"uv": [1.5, 0, 2.125, 0.625], "texture": "#3"},
				"south": {"uv": [2, 3.375, 2.25, 4], "texture": "#3"},
				"west": {"uv": [1.5, 0.75, 2.125, 1.375], "texture": "#3"},
				"up": {"uv": [2.625, 4, 2.375, 3.375], "texture": "#3"},
				"down": {"uv": [3, 3.375, 2.75, 4], "texture": "#3"}
			}
		},
		{
			"from": [7.525, 23, 9.5],
			"to": [8.475, 25, 11.5],
			"rotation": {"angle": 45, "axis": "x", "origin": [8, 26.5, 8]},
			"faces": {
				"north": {"uv": [3.625, 2.625, 3.75, 2.875], "texture": "#3"},
				"east": {"uv": [4.125, 1, 4.375, 1.25], "texture": "#3"},
				"south": {"uv": [2.875, 4.125, 3, 4.375], "texture": "#3"},
				"west": {"uv": [1.5, 4.75, 1.75, 5], "texture": "#3"},
				"up": {"uv": [5.625, 5.5, 5.5, 5.25], "texture": "#3"},
				"down": {"uv": [5.75, 0.5, 5.625, 0.75], "texture": "#3"}
			}
		}
	],
	"gui_light": "front",
	"display": {
		"thirdperson_righthand": {
			"rotation": [0, 87, 0],
			"translation": [0, 1.75, 1.5],
			"scale": [0.74, 0.74, 0.74]
		},
		"thirdperson_lefthand": {
			"rotation": [0, -84, 0],
			"translation": [0, 1.7, 1.5],
			"scale": [0.74, 0.74, 0.74]
		},
		"firstperson_righthand": {
			"rotation": [-58, 90, -18],
			"translation": [1.25, -1.5, 2.25],
			"scale": [0.91, 0.91, 0.91]
		},
		"firstperson_lefthand": {
			"rotation": [-88, -94, -3],
			"translation": [1.75, 1, 5.75]
		},
		"ground": {
			"rotation": [50, 5, -76],
			"translation": [0, 4.75, 0],
			"scale": [0.51, 0.51, 0.51]
		},
		"gui": {
			"rotation": [-138, 27, 134],
			"translation": [-0.25, 0, 0],
			"scale": [0.35, 0.35, 0.35]
		},
		"head": {
			"translation": [0, 0.5, 0]
		},
		"fixed": {
			"rotation": [-90, 0, 0],
			"translation": [0, 0, -16],
			"scale": [2, 2, 2]
		}
	},
	"groups": [
		{
			"name": "group",
			"origin": [8, 25.7, 8],
			"color": 0,
			"nbt": "{}",
			"armAnimationEnabled": false,
			"children": [0, 1, 2, 3, 4, 5, 6, 7, 8, 9, 10, 11, 12, 13, 14, 15, 16, 17, 18]
		}
	]
}