{
	"credit": "Made with Blockbench",
	"texture_size": [64, 64],
	"textures": {
		"7": "item/legoupdate/red_lego_crossbow"
	},
	"elements": [
		{
			"from": [2.67719, 2.74219, -4],
			"to": [13.67719, 4.74219, -2],
			"rotation": {"angle": 0, "axis": "y", "origin": [8.17719, 3.74219, -3]},
			"faces": {
				"north": {"uv": [0, 0, 2.75, 0.5], "texture": "#7"},
				"east": {"uv": [5.75, 5.25, 6.25, 5.75], "texture": "#7"},
				"south": {"uv": [0, 0.5, 2.75, 1], "texture": "#7"},
				"west": {"uv": [5.5, 5.75, 6, 6.25], "texture": "#7"},
				"up": {"uv": [2.75, 1.5, 0, 1], "texture": "#7"},
				"down": {"uv": [2.75, 1.5, 0, 2], "texture": "#7"}
			}
		},
		{
			"from": [12.01762, 3.24219, 0.29609],
			"to": [13.01762, 4.24219, 7.29609],
			"rotation": {"angle": 22.5, "axis": "y", "origin": [13.37584, 3.74219, -3.97136]},
			"faces": {
				"north": {"uv": [4.75, 3.5, 5, 3.75], "texture": "#7"},
				"east": {"uv": [3.5, 2.5, 5.25, 2.75], "texture": "#7"},
				"south": {"uv": [5, 3.5, 5.25, 3.75], "texture": "#7"},
				"west": {"uv": [4.5, 1, 6.25, 1.25], "texture": "#7"},
				"up": {"uv": [0.75, 6.25, 0.5, 4.5], "texture": "#7"},
				"down": {"uv": [3, 4.75, 2.75, 6.5], "texture": "#7"}
			}
		},
		{
			"from": [3.33676, 3.24219, 0.29609],
			"to": [4.33676, 4.24219, 7.29609],
			"rotation": {"angle": -22.5, "axis": "y", "origin": [2.97854, 3.74219, -3.97136]},
			"faces": {
				"north": {"uv": [3.25, 6.5, 3, 4.75], "texture": "#7"},
				"east": {"uv": [3.25, 6.5, 3, 4.75], "texture": "#7"},
				"south": {"uv": [3.25, 6.5, 3, 4.75], "texture": "#7"},
				"west": {"uv": [3.25, 6.5, 3, 4.75], "texture": "#7"},
				"up": {"uv": [3.25, 6.5, 3, 4.75], "texture": "#7"},
				"down": {"uv": [3.25, 6.5, 3, 4.75], "texture": "#7"}
			}
		},
		{
			"from": [23.26584, 3.26719, 0.59534],
			"to": [26.26584, 4.21719, 1.59534],
			"rotation": {"angle": -45, "axis": "y", "origin": [13.37584, 3.74219, -3.97136]},
			"faces": {
				"north": {"uv": [6.75, 4.25, 6, 4], "texture": "#7"},
				"east": {"uv": [6.75, 4.25, 6, 4], "texture": "#7"},
				"south": {"uv": [6.75, 4.25, 6, 4], "texture": "#7"},
				"west": {"uv": [6.75, 4.25, 6, 4], "texture": "#7"},
				"up": {"uv": [6.75, 4.25, 6, 4], "texture": "#7"},
				"down": {"uv": [6.75, 4.25, 6, 4], "texture": "#7"}
			}
		},
		{
			"from": [-9.91146, 3.26719, 0.59534],
			"to": [-6.91146, 4.21719, 1.59534],
			"rotation": {"angle": 45, "axis": "y", "origin": [2.97854, 3.74219, -3.97136]},
			"faces": {
				"north": {"uv": [0.25, 6.5, 0.5, 6.75], "texture": "#7"},
				"east": {"uv": [0.25, 6.5, 0.5, 6.75], "texture": "#7"},
				"south": {"uv": [0.25, 6.5, 0.5, 6.75], "texture": "#7"},
				"west": {"uv": [0.25, 6.5, 0.5, 6.75], "texture": "#7"},
				"up": {"uv": [0.25, 6.5, 0.5, 6.75], "texture": "#7"},
				"down": {"uv": [0.25, 6.5, 0.5, 6.75], "texture": "#7"}
			}
		},
		{
			"from": [-2.73416, 3.74219, 8.09534],
			"to": [19.26584, 3.74219, 8.59534],
			"rotation": {"angle": 0, "axis": "y", "origin": [25.35449, 3.24219, 1.09534]},
			"faces": {
				"north": {"uv": [0, 0, 5.5, 0], "texture": "#7"},
				"east": {"uv": [0, 0, 0.125, 0], "texture": "#7"},
				"south": {"uv": [0, 0, 5.5, 0], "texture": "#7"},
				"west": {"uv": [0, 0, 0.125, 0], "texture": "#7"},
				"up": {"uv": [8.25, 1.875, 2.75, 1.75], "texture": "#7"},
				"down": {"uv": [9, 1.5, 3.5, 1.625], "texture": "#7"}
			}
		},
		{
			"from": [11.51762, 2.76719, -3.70391],
			"to": [13.51762, 4.71719, 0.29609],
			"rotation": {"angle": 22.5, "axis": "y", "origin": [13.37584, 3.74219, -3.97136]},
			"faces": {
				"north": {"uv": [3.75, 5.25, 3.25, 4.25], "texture": "#7"},
				"east": {"uv": [3.75, 5.25, 3.25, 4.25], "texture": "#7"},
				"south": {"uv": [3.75, 5.25, 3.25, 4.25], "texture": "#7"},
				"west": {"uv": [3.75, 5.25, 3.25, 4.25], "texture": "#7"},
				"up": {"uv": [3.75, 5.25, 3.25, 4.25], "texture": "#7"},
				"down": {"uv": [3.75, 5.25, 3.25, 4.25], "texture": "#7"}
			}
		},
		{
			"from": [2.83676, 2.76719, -3.70391],
			"to": [4.83676, 4.71719, 0.29609],
			"rotation": {"angle": -22.5, "axis": "y", "origin": [2.97854, 3.74219, -3.97136]},
			"faces": {
				"north": {"uv": [0.5, 5.5, 0, 4.5], "texture": "#7"},
				"east": {"uv": [0.5, 5.5, 0, 4.5], "texture": "#7"},
				"south": {"uv": [0.5, 5.5, 0, 4.5], "texture": "#7"},
				"west": {"uv": [0.5, 5.5, 0, 4.5], "texture": "#7"},
				"up": {"uv": [0.5, 5.5, 0, 4.5], "texture": "#7"},
				"down": {"uv": [0.5, 5.5, 0, 4.5], "texture": "#7"}
			}
		},
		{
			"from": [7.05048, 2.78669, -4.01955],
			"to": [8.03048, 4.69769, -3.03955],
			"rotation": {"angle": 22.5, "axis": "y", "origin": [8.27548, 3.74219, -4.01955]},
			"faces": {
				"north": {"uv": [5, 2, 5.25, 2.5], "texture": "#7"},
				"east": {"uv": [2.5, 5.75, 2.75, 6.25], "texture": "#7"},
				"south": {"uv": [2.5, 6.25, 2.75, 6.75], "texture": "#7"},
				"west": {"uv": [6.25, 5.25, 6.5, 5.75], "texture": "#7"},
				"up": {"uv": [6.75, 2.25, 6.5, 2], "texture": "#7"},
				"down": {"uv": [6.75, 2.25, 6.5, 2.5], "texture": "#7"}
			}
		},
		{
			"from": [7.1325, 2.67469, -1.63531],
			"to": [9.3025, 4.84469, 3.78969],
			"rotation": {"angle": 0, "axis": "y", "origin": [3.9675, 9.70969, -0.165]},
			"faces": {
				"north": {"uv": [4, 1.375, 3.5, 0], "texture": "#7"},
				"east": {"uv": [4, 1.375, 3.5, 0], "texture": "#7"},
				"south": {"uv": [4, 1.375, 3.5, 0], "texture": "#7"},
				"west": {"uv": [4, 1.375, 3.5, 0], "texture": "#7"},
				"up": {"uv": [4, 1.375, 3.5, 0], "texture": "#7"},
				"down": {"uv": [4, 1.375, 3.5, 0], "texture": "#7"}
			}
		},
		{
			"from": [7.40375, 2.94594, -5.25531],
			"to": [9.03125, 4.57344, -1.63531],
			"rotation": {"angle": 0, "axis": "y", "origin": [3.9675, 9.70969, -0.165]},
			"faces": {
				"north": {"uv": [1.5, 6.25, 1.875, 6.625], "texture": "#7"},
				"east": {"uv": [5.25, 2.75, 6.125, 3.125], "texture": "#7"},
				"south": {"uv": [2, 6.25, 2.375, 6.625], "texture": "#7"},
				"west": {"uv": [1.5, 5.75, 2.375, 6.125], "texture": "#7"},
				"up": {"uv": [0.375, 6.375, 0, 5.5], "texture": "#7"},
				"down": {"uv": [6.125, 4.25, 5.75, 5.125], "texture": "#7"}
			}
		},
		{
			"from": [7.40375, 2.94594, 3.78969],
			"to": [9.03125, 4.57344, 12.46969],
			"rotation": {"angle": 0, "axis": "y", "origin": [3.9675, 9.70969, -0.165]},
			"faces": {
				"north": {"uv": [6.25, 2.75, 6.625, 3.125], "texture": "#7"},
				"east": {"uv": [0.75, 2.75, 2.875, 3.125], "texture": "#7"},
				"south": {"uv": [4.25, 6.25, 4.625, 6.625], "texture": "#7"},
				"west": {"uv": [3, 2.75, 5.125, 3.125], "texture": "#7"},
				"up": {"uv": [1.125, 5.375, 0.75, 3.25], "texture": "#7"},
				"down": {"uv": [1.625, 3.25, 1.25, 5.375], "texture": "#7"}
			}
		},
		{
			"from": [7.356, 4.98207, 8.69542],
			"to": [9.094, 6.72007, 14.38342],
			"rotation": {"angle": 22.5, "axis": "x", "origin": [1.905, -5.20893, 5.61442]},
			"faces": {
				"north": {"uv": [6.25, 4.25, 6.625, 4.625], "texture": "#7"},
				"east": {"uv": [3.5, 2, 4.875, 2.375], "texture": "#7"},
				"south": {"uv": [4.75, 6.25, 5.125, 6.625], "texture": "#7"},
				"west": {"uv": [2.25, 3.75, 3.625, 4.125], "texture": "#7"},
				"up": {"uv": [4.125, 5.125, 3.75, 3.75], "texture": "#7"},
				"down": {"uv": [4.375, 0, 4, 1.375], "texture": "#7"}
			}
		},
		{
			"from": [7.435, -4.73182, 16.29048],
			"to": [9.015, -2.55932, 17.87048],
			"rotation": {"angle": -22.5, "axis": "x", "origin": [1.905, 0.79818, 6.02048]},
			"faces": {
				"north": {"uv": [0.5, 6.25, 0.875, 6.75], "texture": "#7"},
				"east": {"uv": [6.25, 0.5, 6.625, 1], "texture": "#7"},
				"south": {"uv": [1, 6.25, 1.375, 6.75], "texture": "#7"},
				"west": {"uv": [6.25, 1, 6.625, 1.5], "texture": "#7"},
				"up": {"uv": [6.625, 5.125, 6.25, 4.75], "texture": "#7"},
				"down": {"uv": [5.625, 6.25, 5.25, 6.625], "texture": "#7"}
			}
		},
		{
			"from": [7.04, 1.61032, 13.93534],
			"to": [9.41, 3.98032, 20.25534],
			"rotation": {"angle": 22.5, "axis": "x", "origin": [1.905, -8.65968, 10.77534]},
			"faces": {
				"north": {"uv": [5, 4.25, 5.625, 4.875], "texture": "#7"},
				"east": {"uv": [0, 2, 1.625, 2.625], "texture": "#7"},
				"south": {"uv": [5, 5, 5.625, 5.625], "texture": "#7"},
				"west": {"uv": [1.75, 2, 3.375, 2.625], "texture": "#7"},
				"up": {"uv": [0.625, 4.375, 0, 2.75], "texture": "#7"},
				"down": {"uv": [3.375, 0, 2.75, 1.625], "texture": "#7"}
			}
		},
		{
			"from": [7.04, 2.55475, 10.69867],
			"to": [9.41, 4.92475, 13.06867],
			"rotation": {"angle": 0, "axis": "y", "origin": [7.435, 2.94975, 0.42867]},
			"faces": {
				"north": {"uv": [5.25, 2, 5.875, 2.625], "texture": "#7"},
				"east": {"uv": [3.25, 5.25, 3.875, 5.875], "texture": "#7"},
				"south": {"uv": [5.25, 3.5, 5.875, 4.125], "texture": "#7"},
				"west": {"uv": [4, 5.25, 4.625, 5.875], "texture": "#7"},
				"up": {"uv": [6.125, 0.625, 5.5, 0], "texture": "#7"},
				"down": {"uv": [1.375, 5.5, 0.75, 6.125], "texture": "#7"}
			}
		}
	],
	"gui_light": "front",
	"display": {
		"thirdperson_righthand": {
			"rotation": [-0.25, 0, 0],
			"translation": [0, 4, -1],
			"scale": [0.78, 0.78, 0.78]
		},
		"thirdperson_lefthand": {
			"rotation": [10, 0, 0],
			"translation": [0, 4.25, -5],
			"scale": [0.71, 0.71, 0.71]
		},
		"firstperson_righthand": {
			"rotation": [0, -13, 0],
			"translation": [1, 4.75, 0],
			"scale": [0.53, 0.53, 0.53]
		},
		"firstperson_lefthand": {
			"rotation": [0, -13, 0],
			"translation": [1, 4.75, 0],
			"scale": [0.53, 0.53, 0.53]
		},
		"ground": {
			"translation": [0, 3, 0],
			"scale": [0.47, 0.47, 0.47]
		},
		"gui": {
			"rotation": [30, 225, 0],
			"translation": [-1, 1, 0],
			"scale": [0.46, 0.46, 0.46]
		},
		"head": {
			"rotation": [0, 180, 0],
			"translation": [0, 13, 7]
		},
		"fixed": {
			"rotation": [0, 90, 0],
			"translation": [0, 0, -0.25],
			"scale": [0.5, 0.5, 0.5]
		}
	},
	"groups": [
		{
			"name": "group",
			"origin": [8, 5.40171, 2.98045],
			"color": 0,
			"nbt": "{}",
			"armAnimationEnabled": false,
			"children": [0, 1, 2, 3, 4, 5, 6, 7, 8]
		},
		{
			"name": "group",
			"origin": [18.85, 12.7875, 17.3],
			"color": 0,
			"nbt": "{}",
			"armAnimationEnabled": false,
			"children": [9, 10, 11]
		},
		12,
		13,
		14,
		15
	]
}