{
	"credit": "Made with Blockbench",
	"texture_size": [32, 32],
	"textures": {
		"2": "item/legoupdate/red_lego_bow2"
	},
	"elements": [
		{
			"from": [7, 0, 3],
			"to": [9, 11, 5],
			"rotation": {"angle": 0, "axis": "y", "origin": [8, 5.5, 4]},
			"faces": {
				"north": {"uv": [0, 0, 1, 5.5], "texture": "#2"},
				"east": {"uv": [1, 0, 2, 5.5], "texture": "#2"},
				"south": {"uv": [2, 0, 3, 5.5], "texture": "#2"},
				"west": {"uv": [3, 0, 4, 5.5], "texture": "#2"},
				"up": {"uv": [9.5, 7, 8.5, 6], "texture": "#2"},
				"down": {"uv": [10, 0, 9, 1], "texture": "#2"}
			}
		},
		{
			"from": [7.5, -2.04754, 6.76056],
			"to": [8.5, -1.04754, 13.76056],
			"rotation": {"angle": 22.5, "axis": "x", "origin": [8, -1.69865, 6.02864]},
			"faces": {
				"north": {"uv": [6.5, 8, 7, 8.5], "texture": "#2"},
				"east": {"uv": [8, 3, 11.5, 3.5], "texture": "#2"},
				"south": {"uv": [6.5, 8.5, 7, 9], "texture": "#2"},
				"west": {"uv": [8, 3.5, 11.5, 4], "texture": "#2"},
				"up": {"uv": [8.5, 7.5, 8, 4], "texture": "#2"},
				"down": {"uv": [5.5, 8, 5, 11.5], "texture": "#2"}
			}
		},
		{
			"from": [7.5, 12.04754, 6.76056],
			"to": [8.5, 13.04754, 13.76056],
			"rotation": {"angle": -22.5, "axis": "x", "origin": [8, 12.69865, 6.02864]},
			"faces": {
				"north": {"uv": [11, 2, 11.5, 2.5], "texture": "#2"},
				"east": {"uv": [8, 7.5, 11.5, 8], "texture": "#2"},
				"south": {"uv": [11, 2.5, 11.5, 3], "texture": "#2"},
				"west": {"uv": [8, 8, 11.5, 8.5], "texture": "#2"},
				"up": {"uv": [6, 11.5, 5.5, 8], "texture": "#2"},
				"down": {"uv": [6.5, 8, 6, 11.5], "texture": "#2"}
			}
		},
		{
			"from": [7.525, -11.59284, 8.58907],
			"to": [8.475, -8.59284, 9.58907],
			"rotation": {"angle": -45, "axis": "x", "origin": [8, -1.69865, 6.02864]},
			"faces": {
				"north": {"uv": [7.5, 9, 8, 10.5], "texture": "#2"},
				"east": {"uv": [0, 10, 0.5, 11.5], "texture": "#2"},
				"south": {"uv": [10, 0, 10.5, 1.5], "texture": "#2"},
				"west": {"uv": [0.5, 10, 1, 11.5], "texture": "#2"},
				"up": {"uv": [4.5, 11.5, 4, 11], "texture": "#2"},
				"down": {"uv": [11.5, 4, 11, 4.5], "texture": "#2"}
			}
		},
		{
			"from": [7.55, -9.17729, 14.54249],
			"to": [8.45, -6.17729, 15.54249],
			"rotation": {"angle": 0, "axis": "y", "origin": [8, -1.69865, 6.02864]},
			"faces": {
				"north": {"uv": [1, 10, 1.5, 11.5], "texture": "#2"},
				"east": {"uv": [1.5, 10, 2, 11.5], "texture": "#2"},
				"south": {"uv": [10, 1.5, 10.5, 3], "texture": "#2"},
				"west": {"uv": [2, 10, 2.5, 11.5], "texture": "#2"},
				"up": {"uv": [5, 11.5, 4.5, 11], "texture": "#2"},
				"down": {"uv": [11.5, 4.5, 11, 5], "texture": "#2"}
			}
		},
		{
			"from": [7.575, -12.24881, 8.95634],
			"to": [8.425, -11.24881, 11.95634],
			"rotation": {"angle": -22.5, "axis": "x", "origin": [8, -1.69865, 6.02864]},
			"faces": {
				"north": {"uv": [11, 5, 11.5, 5.5], "texture": "#2"},
				"east": {"uv": [8.5, 7, 10, 7.5], "texture": "#2"},
				"south": {"uv": [11, 8.5, 11.5, 9], "texture": "#2"},
				"west": {"uv": [10, 7, 11.5, 7.5], "texture": "#2"},
				"up": {"uv": [3, 11.5, 2.5, 10], "texture": "#2"},
				"down": {"uv": [7, 10, 6.5, 11.5], "texture": "#2"}
			}
		},
		{
			"from": [7.525, 19.59284, 8.58907],
			"to": [8.475, 22.59284, 9.58907],
			"rotation": {"angle": 45, "axis": "x", "origin": [8, 12.69865, 6.02864]},
			"faces": {
				"north": {"uv": [7, 10, 7.5, 11.5], "texture": "#2"},
				"east": {"uv": [10, 8.5, 10.5, 10], "texture": "#2"},
				"south": {"uv": [10, 10, 10.5, 11.5], "texture": "#2"},
				"west": {"uv": [10.5, 0, 11, 1.5], "texture": "#2"},
				"up": {"uv": [11.5, 9.5, 11, 9], "texture": "#2"},
				"down": {"uv": [11.5, 9.5, 11, 10], "texture": "#2"}
			}
		},
		{
			"from": [7.55, 17.17729, 14.54249],
			"to": [8.45, 20.17729, 15.54249],
			"rotation": {"angle": 0, "axis": "y", "origin": [8, 12.69865, 6.02864]},
			"faces": {
				"north": {"uv": [10.5, 1.5, 11, 3], "texture": "#2"},
				"east": {"uv": [3, 10.5, 3.5, 12], "texture": "#2"},
				"south": {"uv": [3.5, 10.5, 4, 12], "texture": "#2"},
				"west": {"uv": [10.5, 4, 11, 5.5], "texture": "#2"},
				"up": {"uv": [0.5, 12, 0, 11.5], "texture": "#2"},
				"down": {"uv": [1, 11.5, 0.5, 12], "texture": "#2"}
			}
		},
		{
			"from": [7.575, 22.24881, 8.95634],
			"to": [8.425, 23.24881, 11.95634],
			"rotation": {"angle": 22.5, "axis": "x", "origin": [8, 12.69865, 6.02864]},
			"faces": {
				"north": {"uv": [1, 11.5, 1.5, 12], "texture": "#2"},
				"east": {"uv": [10.5, 5.5, 12, 6], "texture": "#2"},
				"south": {"uv": [1.5, 11.5, 2, 12], "texture": "#2"},
				"west": {"uv": [10.5, 6, 12, 6.5], "texture": "#2"},
				"up": {"uv": [8, 12, 7.5, 10.5], "texture": "#2"},
				"down": {"uv": [8.5, 10.5, 8, 12], "texture": "#2"}
			}
		},
		{
			"from": [8, -5.58865, 14.09534],
			"to": [8, 16.41135, 14.59534],
			"rotation": {"angle": 0, "axis": "y", "origin": [7.5, -11.6773, 8.09534]},
			"faces": {
				"north": {"uv": [0, 0, 0, 11], "texture": "#2"},
				"east": {"uv": [4, 0, 4.25, 11], "texture": "#2"},
				"south": {"uv": [0, 0, 0, 11], "texture": "#2"},
				"west": {"uv": [4.5, 0, 4.75, 11], "texture": "#2"},
				"up": {"uv": [0, 0.25, 0, 0], "texture": "#2"},
				"down": {"uv": [0, 0, 0, 0.25], "texture": "#2"}
			}
		},
		{
			"from": [7.025, -3.9661, 2.88686],
			"to": [8.975, 0.0339, 4.88686],
			"rotation": {"angle": -45, "axis": "x", "origin": [8, 0.30135, 3.02864]},
			"faces": {
				"north": {"uv": [6, 6, 7, 8], "texture": "#2"},
				"east": {"uv": [0, 6.5, 1, 8.5], "texture": "#2"},
				"south": {"uv": [1, 6.5, 2, 8.5], "texture": "#2"},
				"west": {"uv": [2, 6.5, 3, 8.5], "texture": "#2"},
				"up": {"uv": [10, 2, 9, 1], "texture": "#2"},
				"down": {"uv": [10, 2, 9, 3], "texture": "#2"}
			}
		},
		{
			"from": [7.025, 10.9661, 2.88686],
			"to": [8.975, 14.9661, 4.88686],
			"rotation": {"angle": 45, "axis": "x", "origin": [8, 10.69865, 3.02864]},
			"faces": {
				"north": {"uv": [7, 3, 8, 5], "texture": "#2"},
				"east": {"uv": [7, 5, 8, 7], "texture": "#2"},
				"south": {"uv": [7, 7, 8, 9], "texture": "#2"},
				"west": {"uv": [8, 0, 9, 2], "texture": "#2"},
				"up": {"uv": [7.5, 10, 6.5, 9], "texture": "#2"},
				"down": {"uv": [10, 8.5, 9, 9.5], "texture": "#2"}
			}
		},
		{
			"from": [6.66125, 3.25344, 15.95969],
			"to": [9.37375, 5.96594, 16.77344],
			"rotation": {"angle": 0, "axis": "y", "origin": [13.9675, 9.70969, 6.835]},
			"faces": {
				"north": {"uv": [0, 8.5, 1.25, 9.75], "texture": "#2"},
				"east": {"uv": [8.5, 10.5, 9, 11.75], "texture": "#2"},
				"south": {"uv": [1.5, 8.5, 2.75, 9.75], "texture": "#2"},
				"west": {"uv": [10.5, 8.5, 11, 9.75], "texture": "#2"},
				"up": {"uv": [11.75, 7, 10.5, 6.5], "texture": "#2"},
				"down": {"uv": [11.75, 10, 10.5, 10.5], "texture": "#2"}
			}
		},
		{
			"from": [6.9325, 3.52469, 5.36469],
			"to": [9.1025, 5.69469, 10.78969],
			"rotation": {"angle": 0, "axis": "y", "origin": [13.9675, 9.70969, 6.835]},
			"faces": {
				"north": {"uv": [9.5, 6, 10.5, 7], "texture": "#2"},
				"east": {"uv": [5, 0, 7.75, 1], "texture": "#2"},
				"south": {"uv": [9, 9.5, 10, 10.5], "texture": "#2"},
				"west": {"uv": [5, 1, 7.75, 2], "texture": "#2"},
				"up": {"uv": [6, 4.75, 5, 2], "texture": "#2"},
				"down": {"uv": [6, 5, 5, 7.75], "texture": "#2"}
			}
		},
		{
			"from": [7.20375, 3.79594, 1.74469],
			"to": [8.83125, 5.42344, 5.36469],
			"rotation": {"angle": 0, "axis": "y", "origin": [13.9675, 9.70969, 6.835]},
			"faces": {
				"north": {"uv": [9, 10.5, 9.75, 11.25], "texture": "#2"},
				"east": {"uv": [8.5, 4, 10.25, 4.75], "texture": "#2"},
				"south": {"uv": [10.5, 10.5, 11.25, 11.25], "texture": "#2"},
				"west": {"uv": [8.5, 5, 10.25, 5.75], "texture": "#2"},
				"up": {"uv": [3.75, 10.25, 3, 8.5], "texture": "#2"},
				"down": {"uv": [8.75, 8.5, 8, 10.25], "texture": "#2"}
			}
		},
		{
			"from": [7.20375, 3.79594, 10.78969],
			"to": [8.83125, 5.42344, 16.96969],
			"rotation": {"angle": 0, "axis": "y", "origin": [13.9675, 9.70969, 6.835]},
			"faces": {
				"north": {"uv": [11, 0, 11.75, 0.75], "texture": "#2"},
				"east": {"uv": [0, 5.5, 3, 6.25], "texture": "#2"},
				"south": {"uv": [11, 1, 11.75, 1.75], "texture": "#2"},
				"west": {"uv": [6, 2, 9, 2.75], "texture": "#2"},
				"up": {"uv": [3.75, 8.5, 3, 5.5], "texture": "#2"},
				"down": {"uv": [6.75, 3, 6, 6], "texture": "#2"}
			}
		}
	],
	"gui_light": "front",
	"display": {
		"thirdperson_righthand": {
			"rotation": [-1.25, 0, 0],
			"translation": [-0.75, -0.5, 2.75],
			"scale": [0.88, 0.88, 0.88]
		},
		"thirdperson_lefthand": {
			"rotation": [-3.25, 0, 0],
			"translation": [0, 0.25, 2],
			"scale": [0.8, 0.8, 0.8]
		},
		"firstperson_righthand": {
			"rotation": [-2.26, -14.78, -173.68],
			"translation": [-1, 4.5, 2.5],
			"scale": [0.4, 0.4, 0.4]
		},
		"firstperson_lefthand": {
			"rotation": [0, -11.5, -177],
			"translation": [-1.25, 4.5, 1.75],
			"scale": [0.4, 0.4, 0.4]
		},
		"ground": {
			"translation": [0, 3, 0],
			"scale": [0.25, 0.25, 0.25]
		},
		"gui": {
			"rotation": [42, 106, 145],
			"translation": [-1, -1.5, 0],
			"scale": [0.49, 0.49, 0.49]
		},
		"head": {
			"rotation": [0, 0, 53],
			"translation": [-2, -14.25, 5.25]
		},
		"fixed": {
			"translation": [0, -7.5, -1.75]
		}
	},
	"groups": [
		0,
		1,
		2,
		3,
		4,
		5,
		6,
		7,
		8,
		9,
		10,
		11,
		{
			"name": "group",
			"origin": [18.85, 12.7875, 17.3],
			"color": 0,
			"nbt": "{}",
			"armAnimationEnabled": false,
			"children": [12, 13, 14, 15]
		}
	]
}