{
	"credit": "Made with Blockbench",
	"texture_size": [32, 32],
	"textures": {
		"2": "item/legoupdate/red_lego_bow"
	},
	"elements": [
		{
			"from": [7, 0, 3],
			"to": [9, 11, 5],
			"rotation": {"angle": 0, "axis": "y", "origin": [8, 5.5, 4]},
			"faces": {
				"north": {"uv": [0, 0, 1, 5.5], "texture": "#2"},
				"east": {"uv": [1, 0, 2, 5.5], "texture": "#2"},
				"south": {"uv": [2, 0, 3, 5.5], "texture": "#2"},
				"west": {"uv": [3, 0, 4, 5.5], "texture": "#2"},
				"up": {"uv": [10.5, 1, 9.5, 0], "texture": "#2"},
				"down": {"uv": [2, 9.5, 1, 10.5], "texture": "#2"}
			}
		},
		{
			"from": [7.5, -10.19865, 5.52864],
			"to": [8.5, -3.19865, 6.52864],
			"rotation": {"angle": -22.5, "axis": "x", "origin": [7.5, -4.69865, 6.02864]},
			"faces": {
				"north": {"uv": [2, 7.5, 2.5, 11], "texture": "#2"},
				"east": {"uv": [2.5, 7.5, 3, 11], "texture": "#2"},
				"south": {"uv": [3, 7.5, 3.5, 11], "texture": "#2"},
				"west": {"uv": [3.5, 7.5, 4, 11], "texture": "#2"},
				"up": {"uv": [8.5, 4, 8, 3.5], "texture": "#2"},
				"down": {"uv": [9, 3.5, 8.5, 4], "texture": "#2"}
			}
		},
		{
			"from": [7.5, 14.19865, 5.52864],
			"to": [8.5, 21.19865, 6.52864],
			"rotation": {"angle": 22.5, "axis": "x", "origin": [7.5, 15.69865, 6.02864]},
			"faces": {
				"north": {"uv": [6, 8, 6.5, 11.5], "texture": "#2"},
				"east": {"uv": [8, 6, 8.5, 9.5], "texture": "#2"},
				"south": {"uv": [6.5, 8, 7, 11.5], "texture": "#2"},
				"west": {"uv": [7, 8, 7.5, 11.5], "texture": "#2"},
				"up": {"uv": [9.5, 6, 9, 5.5], "texture": "#2"},
				"down": {"uv": [10, 3, 9.5, 3.5], "texture": "#2"}
			}
		},
		{
			"from": [7.525, -12.58865, 7.59534],
			"to": [8.475, -9.58865, 8.59534],
			"rotation": {"angle": 0, "axis": "y", "origin": [7.5, -11.6773, 8.09534]},
			"faces": {
				"north": {"uv": [7.5, 8, 8, 9.5], "texture": "#2"},
				"east": {"uv": [10, 3, 10.5, 4.5], "texture": "#2"},
				"south": {"uv": [10, 4.5, 10.5, 6], "texture": "#2"},
				"west": {"uv": [10, 6, 10.5, 7.5], "texture": "#2"},
				"up": {"uv": [10, 6, 9.5, 5.5], "texture": "#2"},
				"down": {"uv": [4, 11, 3.5, 11.5], "texture": "#2"}
			}
		},
		{
			"from": [7.55, -14.62334, 6.26489],
			"to": [8.45, -11.62334, 7.26489],
			"rotation": {"angle": 45, "axis": "x", "origin": [7.5, -13.71199, 6.76489]},
			"faces": {
				"north": {"uv": [10.5, 0, 11, 1.5], "texture": "#2"},
				"east": {"uv": [1, 10.5, 1.5, 12], "texture": "#2"},
				"south": {"uv": [1.5, 10.5, 2, 12], "texture": "#2"},
				"west": {"uv": [10.5, 1.5, 11, 3], "texture": "#2"},
				"up": {"uv": [11.5, 9, 11, 8.5], "texture": "#2"},
				"down": {"uv": [11.5, 9, 11, 9.5], "texture": "#2"}
			}
		},
		{
			"from": [7.575, -13.94874, 3.82435],
			"to": [8.425, -12.94874, 6.82435],
			"rotation": {"angle": 22.5, "axis": "x", "origin": [7.5, -13.44874, 4.7357]},
			"faces": {
				"north": {"uv": [9.5, 11, 10, 11.5], "texture": "#2"},
				"east": {"uv": [10.5, 3, 12, 3.5], "texture": "#2"},
				"south": {"uv": [11, 9.5, 11.5, 10], "texture": "#2"},
				"west": {"uv": [10.5, 3.5, 12, 4], "texture": "#2"},
				"up": {"uv": [11, 5.5, 10.5, 4], "texture": "#2"},
				"down": {"uv": [5.5, 10.5, 5, 12], "texture": "#2"}
			}
		},
		{
			"from": [7.525, 20.58865, 7.59534],
			"to": [8.475, 23.58865, 8.59534],
			"rotation": {"angle": 0, "axis": "y", "origin": [7.5, 22.6773, 8.09534]},
			"faces": {
				"north": {"uv": [5.5, 10.5, 6, 12], "texture": "#2"},
				"east": {"uv": [10.5, 5.5, 11, 7], "texture": "#2"},
				"south": {"uv": [10.5, 7, 11, 8.5], "texture": "#2"},
				"west": {"uv": [7.5, 10.5, 8, 12], "texture": "#2"},
				"up": {"uv": [10.5, 11.5, 10, 11], "texture": "#2"},
				"down": {"uv": [11, 11, 10.5, 11.5], "texture": "#2"}
			}
		},
		{
			"from": [7.55, 22.62334, 6.26489],
			"to": [8.45, 25.62334, 7.26489],
			"rotation": {"angle": -45, "axis": "x", "origin": [7.5, 24.71199, 6.76489]},
			"faces": {
				"north": {"uv": [8, 10.5, 8.5, 12], "texture": "#2"},
				"east": {"uv": [8.5, 10.5, 9, 12], "texture": "#2"},
				"south": {"uv": [10.5, 8.5, 11, 10], "texture": "#2"},
				"west": {"uv": [9, 10.5, 9.5, 12], "texture": "#2"},
				"up": {"uv": [11.5, 11, 11, 10.5], "texture": "#2"},
				"down": {"uv": [11.5, 11, 11, 11.5], "texture": "#2"}
			}
		},
		{
			"from": [7.575, 23.94874, 3.82435],
			"to": [8.425, 24.94874, 6.82435],
			"rotation": {"angle": -22.5, "axis": "x", "origin": [7.5, 24.44874, 4.7357]},
			"faces": {
				"north": {"uv": [11.5, 0, 12, 0.5], "texture": "#2"},
				"east": {"uv": [9.5, 10.5, 11, 11], "texture": "#2"},
				"south": {"uv": [11.5, 0.5, 12, 1], "texture": "#2"},
				"west": {"uv": [10.5, 10, 12, 10.5], "texture": "#2"},
				"up": {"uv": [0.5, 12.5, 0, 11], "texture": "#2"},
				"down": {"uv": [11.5, 0, 11, 1.5], "texture": "#2"}
			}
		},
		{
			"from": [8, -9.58865, 8.09534],
			"to": [8, 20.41135, 8.59534],
			"rotation": {"angle": 0, "axis": "y", "origin": [7.5, -11.6773, 8.09534]},
			"faces": {
				"north": {"uv": [0, 0, 0, 15], "texture": "#2"},
				"east": {"uv": [4, 0, 4.25, 15], "texture": "#2"},
				"south": {"uv": [0, 0, 0, 15], "texture": "#2"},
				"west": {"uv": [4.5, 0, 4.75, 15], "texture": "#2"},
				"up": {"uv": [0, 0.25, 0, 0], "texture": "#2"},
				"down": {"uv": [0, 0, 0, 0.25], "texture": "#2"}
			}
		},
		{
			"from": [7.025, -3.19865, 5.02864],
			"to": [8.975, 0.80135, 7.02864],
			"rotation": {"angle": -22.5, "axis": "x", "origin": [8, -4.69865, 6.02864]},
			"faces": {
				"north": {"uv": [1, 5.5, 2, 7.5], "texture": "#2"},
				"east": {"uv": [2, 5.5, 3, 7.5], "texture": "#2"},
				"south": {"uv": [3, 5.5, 4, 7.5], "texture": "#2"},
				"west": {"uv": [6, 2, 7, 4], "texture": "#2"},
				"up": {"uv": [10.5, 2, 9.5, 1], "texture": "#2"},
				"down": {"uv": [10.5, 2, 9.5, 3], "texture": "#2"}
			}
		},
		{
			"from": [7.025, 10.19865, 5.02864],
			"to": [8.975, 14.19865, 7.02864],
			"rotation": {"angle": 22.5, "axis": "x", "origin": [8, 15.69865, 6.02864]},
			"faces": {
				"north": {"uv": [6, 4, 7, 6], "texture": "#2"},
				"east": {"uv": [6, 6, 7, 8], "texture": "#2"},
				"south": {"uv": [5, 6.5, 6, 8.5], "texture": "#2"},
				"west": {"uv": [7, 2, 8, 4], "texture": "#2"},
				"up": {"uv": [8.5, 10.5, 7.5, 9.5], "texture": "#2"},
				"down": {"uv": [9.5, 9.5, 8.5, 10.5], "texture": "#2"}
			}
		},
		{
			"from": [6.66125, 3.55344, 14.53469],
			"to": [9.37375, 6.26594, 15.34844],
			"rotation": {"angle": 0, "axis": "y", "origin": [13.9675, 9.70969, 6.835]},
			"faces": {
				"north": {"uv": [8, 2, 9.25, 3.25], "texture": "#2"},
				"east": {"uv": [0.5, 11, 1, 12.25], "texture": "#2"},
				"south": {"uv": [8.5, 6, 9.75, 7.25], "texture": "#2"},
				"west": {"uv": [11, 1.5, 11.5, 2.75], "texture": "#2"},
				"up": {"uv": [3.25, 11.5, 2, 11], "texture": "#2"},
				"down": {"uv": [12.25, 4, 11, 4.5], "texture": "#2"}
			}
		},
		{
			"from": [6.9325, 3.82469, 5.36469],
			"to": [9.1025, 5.99469, 9.38969],
			"rotation": {"angle": 0, "axis": "y", "origin": [13.9675, 9.70969, 6.835]},
			"faces": {
				"north": {"uv": [9.5, 9.5, 10.5, 10.5], "texture": "#2"},
				"east": {"uv": [7, 4, 9, 5], "texture": "#2"},
				"south": {"uv": [0, 10, 1, 11], "texture": "#2"},
				"west": {"uv": [7, 5, 9, 6], "texture": "#2"},
				"up": {"uv": [8, 8, 7, 6], "texture": "#2"},
				"down": {"uv": [2, 7.5, 1, 9.5], "texture": "#2"}
			}
		},
		{
			"from": [7.20375, 4.09594, 1.74469],
			"to": [8.83125, 5.72344, 5.36469],
			"rotation": {"angle": 0, "axis": "y", "origin": [13.9675, 9.70969, 6.835]},
			"faces": {
				"north": {"uv": [11, 4.5, 11.75, 5.25], "texture": "#2"},
				"east": {"uv": [8.5, 7.5, 10.25, 8.25], "texture": "#2"},
				"south": {"uv": [11, 5.5, 11.75, 6.25], "texture": "#2"},
				"west": {"uv": [8.5, 8.5, 10.25, 9.25], "texture": "#2"},
				"up": {"uv": [5.75, 10.25, 5, 8.5], "texture": "#2"},
				"down": {"uv": [9.75, 3.5, 9, 5.25], "texture": "#2"}
			}
		},
		{
			"from": [7.20375, 4.09594, 6.93969],
			"to": [8.83125, 5.72344, 15.61969],
			"rotation": {"angle": 0, "axis": "y", "origin": [13.9675, 9.70969, 6.835]},
			"faces": {
				"north": {"uv": [11, 6.5, 11.75, 7.25], "texture": "#2"},
				"east": {"uv": [5, 0, 9.25, 0.75], "texture": "#2"},
				"south": {"uv": [11, 7.5, 11.75, 8.25], "texture": "#2"},
				"west": {"uv": [5, 1, 9.25, 1.75], "texture": "#2"},
				"up": {"uv": [5.75, 6.25, 5, 2], "texture": "#2"},
				"down": {"uv": [0.75, 5.5, 0, 9.75], "texture": "#2"}
			}
		}
	],
	"gui_light": "front",
	"display": {
		"thirdperson_righthand": {
			"rotation": [-1.25, 0, 0],
			"translation": [-0.75, -0.5, 2.75],
			"scale": [0.88, 0.88, 0.88]
		},
		"thirdperson_lefthand": {
			"rotation": [3.25, 0, 0],
			"translation": [0, 0.25, 2],
			"scale": [0.8, 0.8, 0.8]
		},
		"firstperson_righthand": {
			"rotation": [9.36, -5.75, -171.1],
			"translation": [-0.5, 4.5, 1.75],
			"scale": [0.4, 0.4, 0.4]
		},
		"firstperson_lefthand": {
			"rotation": [0, 6.5, -177],
			"translation": [-0.25, 4.5, 2],
			"scale": [0.4, 0.4, 0.4]
		},
		"ground": {
			"translation": [0, 3, 0],
			"scale": [0.34, 0.34, 0.34]
		},
		"gui": {
			"rotation": [-94.2, 62.01, 94.46],
			"translation": [-0.75, 1.25, 0],
			"scale": [0.39, 0.39, 0.39]
		},
		"head": {
			"rotation": [0, 0, 53],
			"translation": [-2, -14.25, 5.25]
		},
		"fixed": {
			"translation": [0, -7.5, -1.75]
		}
	},
	"groups": [
		0,
		1,
		2,
		3,
		4,
		5,
		6,
		7,
		8,
		9,
		10,
		11,
		{
			"name": "group",
			"origin": [18.85, 12.7875, 17.3],
			"color": 0,
			"nbt": "{}",
			"armAnimationEnabled": false,
			"children": [12, 13, 14, 15]
		}
	]
}