{
	"credit": "Made by PolygonMC",
	"texture_size": [32, 32],
	"textures": {
		"0": "littlepandaset/shield",
		"particle": "littlepandaset/shield"
	},
	"elements": [
		{
			"from": [7.25, 1.5, 7.5],
			"to": [8.75, 14.5, 8.5],
			"rotation": {"angle": 0, "axis": "y", "origin": [7.25, 7.5, 7.5]},
			"faces": {
				"north": {"uv": [2.5, 0, 3.25, 6.5], "texture": "#0"},
				"east": {"uv": [6.5, 0, 7, 6.5], "texture": "#0"},
				"south": {"uv": [3.5, 0, 4.25, 6.5], "texture": "#0"},
				"west": {"uv": [2.5, 6.5, 3, 13], "texture": "#0"},
				"up": {"uv": [8.75, 7.5, 8, 7], "texture": "#0"},
				"down": {"uv": [8.75, 7.5, 8, 8], "texture": "#0"}
			}
		},
		{
			"from": [10.25, 3.5, 8],
			"to": [11.75, 12.5, 9],
			"rotation": {"angle": 0, "axis": "y", "origin": [10.25, 7.5, 8]},
			"faces": {
				"north": {"uv": [4.5, 5.5, 5.25, 10], "texture": "#0"},
				"east": {"uv": [4, 6.5, 4.5, 11], "texture": "#0"},
				"south": {"uv": [5.5, 5.5, 6.25, 10], "texture": "#0"},
				"west": {"uv": [6.5, 6.5, 7, 11], "texture": "#0"},
				"up": {"uv": [8.75, 8.5, 8, 8], "texture": "#0"},
				"down": {"uv": [9.25, 5, 8.5, 5.5], "texture": "#0"}
			}
		},
		{
			"from": [8.75, 2.5, 7.75],
			"to": [10.25, 13.5, 8.75],
			"rotation": {"angle": 0, "axis": "y", "origin": [8.75, 7.5, 7.75]},
			"faces": {
				"north": {"uv": [4.5, 0, 5.25, 5.5], "texture": "#0"},
				"east": {"uv": [3, 6.5, 3.5, 12], "texture": "#0"},
				"south": {"uv": [5.5, 0, 6.25, 5.5], "texture": "#0"},
				"west": {"uv": [3.5, 6.5, 4, 12], "texture": "#0"},
				"up": {"uv": [9.25, 6, 8.5, 5.5], "texture": "#0"},
				"down": {"uv": [9.25, 6, 8.5, 6.5], "texture": "#0"}
			}
		},
		{
			"from": [9.75, 0, 8.485],
			"to": [14.25, 16, 8.515],
			"rotation": {"angle": 0, "axis": "y", "origin": [9.75, 4, 8.485]},
			"faces": {
				"north": {"uv": [0, 0, 2.25, 8], "texture": "#0"},
				"south": {"uv": [2.25, 0, 0, 8], "texture": "#0"}
			}
		},
		{
			"from": [4.25, 3.5, 8],
			"to": [5.75, 12.5, 9],
			"rotation": {"angle": 0, "axis": "y", "origin": [5.75, 7.5, 8]},
			"faces": {
				"north": {"uv": [5.25, 5.5, 4.5, 10], "texture": "#0"},
				"east": {"uv": [7, 6.5, 6.5, 11], "texture": "#0"},
				"south": {"uv": [6.25, 5.5, 5.5, 10], "texture": "#0"},
				"west": {"uv": [4.5, 6.5, 4, 11], "texture": "#0"},
				"up": {"uv": [8, 8.5, 8.75, 8], "texture": "#0"},
				"down": {"uv": [8.5, 5, 9.25, 5.5], "texture": "#0"}
			}
		},
		{
			"from": [5.75, 2.5, 7.75],
			"to": [7.25, 13.5, 8.75],
			"rotation": {"angle": 0, "axis": "y", "origin": [7.25, 7.5, 7.75]},
			"faces": {
				"north": {"uv": [5.25, 0, 4.5, 5.5], "texture": "#0"},
				"east": {"uv": [4, 6.5, 3.5, 12], "texture": "#0"},
				"south": {"uv": [6.25, 0, 5.5, 5.5], "texture": "#0"},
				"west": {"uv": [3.5, 6.5, 3, 12], "texture": "#0"},
				"up": {"uv": [8.5, 6, 9.25, 5.5], "texture": "#0"},
				"down": {"uv": [8.5, 6, 9.25, 6.5], "texture": "#0"}
			}
		},
		{
			"from": [1.75, 0, 8.485],
			"to": [6.25, 16, 8.515],
			"rotation": {"angle": 0, "axis": "y", "origin": [6.25, 4, 8.485]},
			"faces": {
				"north": {"uv": [2.25, 0, 0, 8], "texture": "#0"},
				"south": {"uv": [0, 0, 2.25, 8], "texture": "#0"}
			}
		},
		{
			"from": [7.5, 11, 8.5],
			"to": [8.5, 12, 10.25],
			"rotation": {"angle": 0, "axis": "y", "origin": [7.5, 11, 8.5]},
			"faces": {
				"east": {"uv": [8, 4, 9, 4.5], "texture": "#0"},
				"west": {"uv": [8, 4.5, 9, 5], "texture": "#0"},
				"up": {"uv": [8.5, 6, 8, 5], "texture": "#0"},
				"down": {"uv": [8.5, 6, 8, 7], "texture": "#0"}
			}
		},
		{
			"from": [7.25, 10.75, 10.25],
			"to": [8.75, 12.25, 11.75],
			"rotation": {"angle": 0, "axis": "y", "origin": [7.5, 11, 10.5]},
			"faces": {
				"north": {"uv": [8, 0, 8.75, 0.75], "texture": "#0"},
				"east": {"uv": [0.5, 8, 1.25, 8.75], "texture": "#0"},
				"south": {"uv": [8, 1, 8.75, 1.75], "texture": "#0"},
				"west": {"uv": [1.5, 8, 2.25, 8.75], "texture": "#0"},
				"up": {"uv": [8.75, 2.75, 8, 2], "texture": "#0"},
				"down": {"uv": [8.75, 3, 8, 3.75], "texture": "#0"}
			}
		},
		{
			"from": [7.25, 3.75, 10.25],
			"to": [8.75, 5.25, 11.75],
			"rotation": {"angle": 0, "axis": "y", "origin": [7.5, 5, 10.5]},
			"faces": {
				"north": {"uv": [8, 0.75, 8.75, 0], "texture": "#0"},
				"east": {"uv": [0.5, 8.75, 1.25, 8], "texture": "#0"},
				"south": {"uv": [8, 1.75, 8.75, 1], "texture": "#0"},
				"west": {"uv": [1.5, 8.75, 2.25, 8], "texture": "#0"},
				"up": {"uv": [8.75, 3.75, 8, 3], "texture": "#0"},
				"down": {"uv": [8.75, 2, 8, 2.75], "texture": "#0"}
			}
		},
		{
			"from": [7.5, 4, 8.5],
			"to": [8.5, 5, 10.25],
			"rotation": {"angle": 0, "axis": "y", "origin": [7.5, 5, 8.5]},
			"faces": {
				"east": {"uv": [8, 4.5, 9, 4], "texture": "#0"},
				"west": {"uv": [8, 5, 9, 4.5], "texture": "#0"},
				"up": {"uv": [8.5, 7, 8, 6], "texture": "#0"},
				"down": {"uv": [8.5, 5, 8, 6], "texture": "#0"}
			}
		},
		{
			"from": [7.5, 5.25, 10.5],
			"to": [8.5, 10.75, 11.5],
			"rotation": {"angle": 0, "axis": "y", "origin": [7.5, 5, 8.5]},
			"faces": {
				"north": {"uv": [8, 0, 7.5, 2.75], "texture": "#0"},
				"east": {"uv": [7.5, 0, 8, 2.75], "texture": "#0"},
				"south": {"uv": [8, 0, 7.5, 2.75], "texture": "#0"},
				"west": {"uv": [7.5, 0, 8, 2.75], "texture": "#0"}
			}
		},
		{
			"from": [7.4, 6.25, 10.4],
			"to": [8.6, 9.75, 11.6],
			"rotation": {"angle": 0, "axis": "y", "origin": [7.5, 5, 8.5]},
			"faces": {
				"north": {"uv": [0.5, 8, 0, 9.75], "texture": "#0"},
				"east": {"uv": [0, 8, 0.5, 9.75], "texture": "#0"},
				"south": {"uv": [0.5, 8, 0, 9.75], "texture": "#0"},
				"west": {"uv": [0, 8, 0.5, 9.75], "texture": "#0"},
				"up": {"uv": [9, 9, 8.5, 8.5], "texture": "#0"},
				"down": {"uv": [9.5, 0, 9, 0.5], "texture": "#0"}
			}
		},
		{
			"from": [7.4, 10, 10.4],
			"to": [8.6, 10.5, 11.6],
			"rotation": {"angle": 0, "axis": "y", "origin": [7.5, 10, 8.5]},
			"faces": {
				"north": {"uv": [0.5, 9, 1, 9.25], "texture": "#0"},
				"east": {"uv": [9, 0.5, 9.5, 0.75], "texture": "#0"},
				"south": {"uv": [1, 9, 1.5, 9.25], "texture": "#0"},
				"west": {"uv": [9, 1, 9.5, 1.25], "texture": "#0"},
				"up": {"uv": [9, 7, 8.5, 6.5], "texture": "#0"},
				"down": {"uv": [8.5, 8.5, 8, 9], "texture": "#0"}
			}
		},
		{
			"from": [7.4, 5.5, 10.4],
			"to": [8.6, 6, 11.6],
			"rotation": {"angle": 0, "axis": "y", "origin": [7.5, 5.5, 8.5]},
			"faces": {
				"north": {"uv": [0.5, 9, 1, 9.25], "texture": "#0"},
				"east": {"uv": [9, 0.5, 9.5, 0.75], "texture": "#0"},
				"south": {"uv": [1, 9, 1.5, 9.25], "texture": "#0"},
				"west": {"uv": [9, 1, 9.5, 1.25], "texture": "#0"},
				"up": {"uv": [9, 7, 8.5, 6.5], "texture": "#0"},
				"down": {"uv": [8.5, 8.5, 8, 9], "texture": "#0"}
			}
		},
		{
			"from": [9, 13.7, 7.6],
			"to": [12, 15.2, 7.63],
			"rotation": {"angle": 45, "axis": "z", "origin": [9, 13.7, 7.6]},
			"faces": {
				"north": {"uv": [9.75, 0, 11.25, 0.75], "texture": "#0"},
				"south": {"uv": [11.25, 0, 9.75, 0.75], "texture": "#0"}
			}
		},
		{
			"from": [12.05, 9.025, 8.125],
			"to": [15.05, 10.525, 8.155],
			"rotation": {"angle": 45, "axis": "z", "origin": [12.05, 9.025, 8.125]},
			"faces": {
				"north": {"uv": [9.75, 0, 11.25, 0.75], "texture": "#0"},
				"south": {"uv": [11.25, 0, 9.75, 0.75], "texture": "#0"}
			}
		},
		{
			"from": [1.52619, 6.51693, 8.125],
			"to": [4.52619, 8.01693, 8.155],
			"rotation": {"angle": -22.5, "axis": "z", "origin": [3.02619, 7.26693, 8.14]},
			"faces": {
				"north": {"uv": [11.25, 0, 9.75, 0.75], "texture": "#0"},
				"south": {"uv": [9.75, 0, 11.25, 0.75], "texture": "#0"}
			}
		},
		{
			"from": [4, 3.7, 7.6],
			"to": [7, 5.2, 7.63],
			"rotation": {"angle": -45, "axis": "z", "origin": [7, 3.7, 7.6]},
			"faces": {
				"north": {"uv": [11.25, 0, 9.75, 0.75], "texture": "#0"},
				"south": {"uv": [9.75, 0, 11.25, 0.75], "texture": "#0"}
			}
		}
	],
	"gui_light": "front",
	"display": {
		"thirdperson_righthand": {
			"rotation": [0, -90, 0],
			"translation": [3.5, -2, 1]
		},
		"thirdperson_lefthand": {
			"rotation": [0, -90, 0],
			"translation": [3.5, -2, 1]
		},
		"firstperson_righthand": {
			"rotation": [0, 0, 10],
			"translation": [-1, 2, 1.25]
		},
		"firstperson_lefthand": {
			"rotation": [0, 0, 10],
			"translation": [-1, 2, 1.25]
		},
		"ground": {
			"rotation": [45, 0, 0],
			"translation": [0, 4, 0]
		},
		"gui": {
			"rotation": [0, 180, -45]
		},
		"fixed": {
			"translation": [0, 0, -6],
			"scale": [2, 2, 2]
		}
	}
}