{
  "parent": "builtin/entity",
  "gui_light": "front",
  "overrides": [
    {
      "predicate": {
        "custom_model_data": 1
      },
      "model": "snowset:ice_shield"
    },
    {
      "predicate": {
        "custom_model_data": 1,
        "blocking": 1
      },
      "model": "snowset:ice_shield"
    },
    {
      "predicate": {
        "custom_model_data": 2
      },
      "model": "custom/toucanupdate/banana_shield"
    },
    {
      "predicate": {
        "custom_model_data": 2,
        "blocking": 1
      },
      "model": "custom/toucanupdate/banana_shield"
    },
    {
      "predicate": {
        "custom_model_data": 3
      },
      "model": "custom/legoupdate/blue_lego_shield"
    },
    {
      "predicate": {
        "custom_model_data": 3,
        "blocking": 1
      },
      "model": "custom/legoupdate/blue_lego_shield"
    },
    {
      "predicate": {
        "custom_model_data": 4
      },
      "model": "littlepandaset/shield"
    },
    {
      "predicate": {
        "blocking": 1,
        "custom_model_data": 4
      },
      "model": "littlepandaset/shield_blocking"
    },
    {
      "predicate": {
        "custom_model_data": 10000
      },
      "model": "haloween:shield"
    },
    {
      "predicate": {
        "blocking": 1,
        "custom_model_data": 10000
      },
      "model": "haloween:shield_blocking"
    },
    {
      "predicate": {
        "custom_model_data": 10001
      },
      "model": "littleduckset:shield"
    },
    {
      "predicate": {
        "blocking": 1,
        "custom_model_data": 10001
      },
      "model": "littleduckset:shield_blocking"
    },
    {
      "predicate": { "custom_model_data": 10100 },
      "model": "littlesharkset:shield"
    },
    {
      "predicate": { "blocking": 1, "custom_model_data": 10100 },
      "model": "littlesharkset:shield_blocking"
    },
    {
      "predicate": { "custom_model_data": 10101 },
      "model": "littleteddybearset:shield"
    },
    {
      "predicate": { "blocking": 1, "custom_model_data": 10101 },
      "model": "littleteddybearset:shield_blocking"
    },
    {
      "predicate": { "custom_model_data": 10102 },
      "model": "waffle_set:waffle_shield"
    },
    {
      "predicate": { "blocking": 1, "custom_model_data": 10102 },
      "model": "waffle_set:waffle_shield_blocking"
    },
    {
      "predicate": { "custom_model_data": 10103 },
      "model": "waffle_set:choco_waffle_shield"
    },
    {
      "predicate": { "blocking": 1, "custom_model_data": 10103 },
      "model": "waffle_set:choco_waffle_shield_blocking"
    },
    { "predicate": { "custom_model_data": 10104 }, "model": "item/shield" }
  ],
  "textures": {
    "particle": "block/dark_oak_planks"
  },
  "display": {
    "thirdperson_righthand": {
      "translation": [10, 6, -4],
      "scale": [1, 1, 1],
      "rotation": [0, 90, 0]
    },
    "thirdperson_lefthand": {
      "translation": [10, 6, 12],
      "scale": [1, 1, 1],
      "rotation": [0, 90, 0]
    },
    "firstperson_righthand": {
      "translation": [-10, 2, -10],
      "scale": [1.25, 1.25, 1.25],
      "rotation": [0, 180, 5]
    },
    "firstperson_lefthand": {
      "translation": [10, 0, -10],
      "scale": [1.25, 1.25, 1.25],
      "rotation": [0, 180, 5]
    },
    "gui": {
      "translation": [2, 3, 0],
      "scale": [0.65, 0.65, 0.65],
      "rotation": [15, -25, -5]
    },
    "fixed": {
      "translation": [-2, 4, -5],
      "scale": [0.5, 0.5, 0.5],
      "rotation": [0, 180, 0]
    },
    "ground": {
      "translation": [4, 4, 2],
      "scale": [0.25, 0.25, 0.25],
      "rotation": [0, 0, 0]
    }
  }
}
