{
	"credit": "Made with Blockbench",
	"texture_size": [32, 32],
	"textures": {
		"0": "item/merge/asura_circle_coin",
		"particle": "item/merge/asura_circle_coin"
	},
	"elements": [
		{
			"from": [1.96447, 5.40909, 7.49545],
			"to": [2.96447, 10.40909, 8.49545],
			"rotation": {"angle": 0, "axis": "y", "origin": [1.96447, 5.40909, 8.49545]},
			"faces": {
				"north": {"uv": [9.5, 3.5, 9, 1], "rotation": 180, "texture": "#0"},
				"east": {"uv": [9, 0, 11.5, 0.5], "rotation": 90, "texture": "#0"},
				"south": {"uv": [9.5, 3.5, 9, 6], "texture": "#0"},
				"west": {"uv": [9, 0.5, 11.5, 1], "rotation": 270, "texture": "#0"},
				"up": {"uv": [4, 11, 4.5, 11.5], "texture": "#0"},
				"down": {"uv": [3.5, 11, 4, 11.5], "rotation": 180, "texture": "#0"}
			}
		},
		{
			"from": [-0.86396, 11.58066, 7.49545],
			"to": [0.13604, 16.58066, 8.49545],
			"rotation": {"angle": -45, "axis": "z", "origin": [-0.86396, 7.58066, 8.49545]},
			"faces": {
				"north": {"uv": [8.5, 11.5, 8, 9], "rotation": 180, "texture": "#0"},
				"east": {"uv": [5.5, 9, 8, 9.5], "rotation": 90, "texture": "#0"},
				"south": {"uv": [9, 9, 8.5, 11.5], "texture": "#0"},
				"west": {"uv": [9, 6, 11.5, 6.5], "rotation": 270, "texture": "#0"},
				"up": {"uv": [5, 11, 5.5, 11.5], "texture": "#0"},
				"down": {"uv": [4.5, 11, 5, 11.5], "rotation": 180, "texture": "#0"}
			}
		},
		{
			"from": [15.86396, 11.58066, 7.49545],
			"to": [16.86396, 16.58066, 8.49545],
			"rotation": {"angle": 45, "axis": "z", "origin": [16.86396, 7.58066, 8.49545]},
			"faces": {
				"north": {"uv": [6.5, 12, 6, 9.5], "rotation": 180, "texture": "#0"},
				"east": {"uv": [9.5, 5.5, 12, 6], "rotation": 90, "texture": "#0"},
				"south": {"uv": [7, 9.5, 6.5, 12], "texture": "#0"},
				"west": {"uv": [9, 9.5, 11.5, 10], "rotation": 270, "texture": "#0"},
				"up": {"uv": [9.5, 11, 10, 11.5], "texture": "#0"},
				"down": {"uv": [9, 11, 9.5, 11.5], "rotation": 180, "texture": "#0"}
			}
		},
		{
			"from": [13.03553, 5.40909, 7.49545],
			"to": [14.03553, 10.40909, 8.49545],
			"rotation": {"angle": 0, "axis": "y", "origin": [14.03553, 5.40909, 8.49545]},
			"faces": {
				"north": {"uv": [10, 5.5, 9.5, 3], "rotation": 180, "texture": "#0"},
				"east": {"uv": [9.5, 2, 12, 2.5], "rotation": 90, "texture": "#0"},
				"south": {"uv": [6, 9.5, 5.5, 12], "texture": "#0"},
				"west": {"uv": [9.5, 2.5, 12, 3], "rotation": 270, "texture": "#0"},
				"up": {"uv": [11, 8.5, 11.5, 9], "texture": "#0"},
				"down": {"uv": [11, 8, 11.5, 8.5], "rotation": 180, "texture": "#0"}
			}
		},
		{
			"from": [2.5, 2.40909, 7.74545],
			"to": [13.5, 13.40909, 8.24545],
			"rotation": {"angle": 0, "axis": "y", "origin": [8, 7.90909, 7.99545]},
			"faces": {
				"north": {"uv": [5.5, 5.5, 0, 0], "rotation": 180, "texture": "#0"},
				"east": {"uv": [5.5, 7.5, 11, 7.75], "rotation": 90, "texture": "#0"},
				"south": {"uv": [5.5, 0, 0, 5.5], "texture": "#0"},
				"west": {"uv": [5.5, 8.5, 11, 8.75], "rotation": 270, "texture": "#0"},
				"up": {"uv": [5.5, 8, 11, 8.25], "texture": "#0"},
				"down": {"uv": [5.5, 7, 11, 7.25], "rotation": 180, "texture": "#0"}
			}
		},
		{
			"from": [4.5, 4.90909, 7.67045],
			"to": [11.5, 11.90909, 7.67045],
			"rotation": {"angle": 0, "axis": "y", "origin": [8, 7.90909, 7.99545]},
			"faces": {
				"north": {"uv": [9, 7, 5.625, 3.625], "rotation": 180, "texture": "#0"},
				"east": {"uv": [0, 0, 3.5, 0], "rotation": 90, "texture": "#0"},
				"south": {"uv": [9, 3.5, 5.5, 7], "texture": "#0"},
				"west": {"uv": [0, 0, 3.5, 0], "rotation": 270, "texture": "#0"},
				"up": {"uv": [0, 0, 3.5, 0], "texture": "#0"},
				"down": {"uv": [0, 0, 3.5, 0], "rotation": 180, "texture": "#0"}
			}
		},
		{
			"from": [4.5, 4.90909, 8.37045],
			"to": [11.5, 11.90909, 8.37045],
			"rotation": {"angle": 0, "axis": "y", "origin": [8, 7.90909, 7.99545]},
			"faces": {
				"north": {"uv": [9, 7, 5.625, 3.625], "rotation": 180, "texture": "#0"},
				"east": {"uv": [0, 0, 3.5, 0], "rotation": 90, "texture": "#0"},
				"south": {"uv": [9, 3.5, 5.5, 7], "texture": "#0"},
				"west": {"uv": [0, 0, 3.5, 0], "rotation": 270, "texture": "#0"},
				"up": {"uv": [0, 0, 3.5, 0], "texture": "#0"},
				"down": {"uv": [0, 0, 3.5, 0], "rotation": 180, "texture": "#0"}
			}
		},
		{
			"from": [5.5, 12.94462, 7.49545],
			"to": [10.5, 13.94462, 8.49545],
			"rotation": {"angle": 0, "axis": "y", "origin": [8, 13.44462, 7.99545]},
			"faces": {
				"north": {"uv": [12, 1.5, 9.5, 1], "rotation": 180, "texture": "#0"},
				"east": {"uv": [11, 7, 11.5, 7.5], "rotation": 90, "texture": "#0"},
				"south": {"uv": [12, 1.5, 9.5, 2], "texture": "#0"},
				"west": {"uv": [11, 7.5, 11.5, 8], "rotation": 270, "texture": "#0"},
				"up": {"uv": [9, 9, 11.5, 9.5], "texture": "#0"},
				"down": {"uv": [9, 6.5, 11.5, 7], "rotation": 180, "texture": "#0"}
			}
		},
		{
			"from": [15.86396, -0.76248, 7.49545],
			"to": [16.86396, 4.23752, 8.49545],
			"rotation": {"angle": -45, "axis": "z", "origin": [16.86396, 8.23752, 8.49545]},
			"faces": {
				"north": {"uv": [3, 13.5, 2.5, 11], "rotation": 180, "texture": "#0"},
				"east": {"uv": [9, 10.5, 11.5, 11], "rotation": 90, "texture": "#0"},
				"south": {"uv": [3.5, 11, 3, 13.5], "texture": "#0"},
				"west": {"uv": [0, 11, 2.5, 11.5], "rotation": 270, "texture": "#0"},
				"up": {"uv": [0.5, 11.5, 1, 12], "texture": "#0"},
				"down": {"uv": [11.5, 0, 12, 0.5], "rotation": 180, "texture": "#0"}
			}
		},
		{
			"from": [5.5, 1.87356, 7.49545],
			"to": [10.5, 2.87356, 8.49545],
			"rotation": {"angle": 0, "axis": "y", "origin": [8, 2.37356, 7.99545]},
			"faces": {
				"north": {"uv": [12.5, 5.5, 10, 5], "rotation": 180, "texture": "#0"},
				"east": {"uv": [11, 11, 11.5, 11.5], "rotation": 90, "texture": "#0"},
				"south": {"uv": [11.5, 10, 9, 10.5], "texture": "#0"},
				"west": {"uv": [0, 11.5, 0.5, 12], "rotation": 270, "texture": "#0"},
				"up": {"uv": [10, 4.5, 12.5, 5], "texture": "#0"},
				"down": {"uv": [10, 4, 12.5, 4.5], "rotation": 180, "texture": "#0"}
			}
		},
		{
			"from": [-0.86396, -0.76248, 7.49545],
			"to": [0.13604, 4.23752, 8.49545],
			"rotation": {"angle": 45, "axis": "z", "origin": [-0.86396, 8.23752, 8.49545]},
			"faces": {
				"north": {"uv": [7.5, 12, 7, 9.5], "rotation": 180, "texture": "#0"},
				"east": {"uv": [10, 3, 12.5, 3.5], "rotation": 90, "texture": "#0"},
				"south": {"uv": [8, 9.5, 7.5, 12], "texture": "#0"},
				"west": {"uv": [10, 3.5, 12.5, 4], "rotation": 270, "texture": "#0"},
				"up": {"uv": [10.5, 11, 11, 11.5], "texture": "#0"},
				"down": {"uv": [10, 11, 10.5, 11.5], "rotation": 180, "texture": "#0"}
			}
		}
	],
	"display": {
		"thirdperson_righthand": {
			"translation": [0, 1.5, 0],
			"scale": [0.3, 0.3, 0.3]
		},
		"thirdperson_lefthand": {
			"translation": [0, 1.5, 0],
			"scale": [0.3, 0.3, 0.3]
		},
		"firstperson_righthand": {
			"translation": [0, 1.5, 0],
			"scale": [0.5, 0.5, 0.5]
		},
		"firstperson_lefthand": {
			"translation": [0, 1.5, 0],
			"scale": [0.5, 0.5, 0.5]
		},
		"ground": {
			"translation": [0, -1, 0],
			"scale": [0.5, 0.5, 0.5]
		},
		"gui": {
			"translation": [0, 0.25, 0]
		},
		"head": {
			"scale": [0, 0, 0]
		},
		"fixed": {
			"translation": [0, 0, -0.75]
		}
	}
}