{
	"credit": "Made with Blockbench",
	"texture_size": [32, 32],
	"textures": {
		"0": "item/merge/peacekeeper_sword",
		"particle": "item/merge/peacekeeper_sword"
	},
	"elements": [
		{
			"from": [7.45, -4.85289, 6.55],
			"to": [8.55, -2.85289, 8.55],
			"rotation": {"angle": 45, "axis": "x", "origin": [8.45, -3.85289, 7.55]},
			"faces": {
				"north": {"uv": [7.5, 2, 8, 3], "texture": "#0"},
				"east": {"uv": [4, 6.5, 5, 7.5], "texture": "#0"},
				"south": {"uv": [7, 2, 7.5, 3], "texture": "#0"},
				"west": {"uv": [5, 6.5, 6, 7.5], "texture": "#0"},
				"up": {"uv": [8, 3.5, 7, 3], "rotation": 90, "texture": "#0"},
				"down": {"uv": [9, 2.5, 8, 3], "rotation": 270, "texture": "#0"}
			}
		},
		{
			"from": [7.45, 2.14711, 6.55],
			"to": [8.55, 4.14711, 8.55],
			"rotation": {"angle": 45, "axis": "x", "origin": [8.45, 3.14711, 7.55]},
			"faces": {
				"north": {"uv": [8, 6, 8.5, 7], "texture": "#0"},
				"east": {"uv": [6, 6.5, 7, 7.5], "texture": "#0"},
				"south": {"uv": [8, 5, 8.5, 6], "texture": "#0"},
				"west": {"uv": [7, 1, 8, 2], "texture": "#0"},
				"up": {"uv": [9, 3.5, 8, 3], "rotation": 90, "texture": "#0"},
				"down": {"uv": [9, 7, 8, 7.5], "rotation": 270, "texture": "#0"}
			}
		},
		{
			"from": [7.5, -3.85289, 7.05],
			"to": [8.5, 3.14711, 8.05],
			"rotation": {"angle": 0, "axis": "y", "origin": [15.5, -4.85289, 14.05]},
			"faces": {
				"north": {"uv": [6, 0, 6.5, 3.5], "texture": "#0"},
				"east": {"uv": [5, 2.5, 5.5, 6], "texture": "#0"},
				"south": {"uv": [5.5, 2.5, 6, 6], "texture": "#0"},
				"west": {"uv": [0, 6, 0.5, 9.5], "texture": "#0"},
				"up": {"uv": [7.5, 9.5, 7, 9], "rotation": 90, "texture": "#0"},
				"down": {"uv": [9.5, 7.5, 9, 8], "rotation": 270, "texture": "#0"}
			}
		},
		{
			"from": [7.5, 2.64711, 4.05],
			"to": [8.5, 3.64711, 11.05],
			"rotation": {"angle": 0, "axis": "x", "origin": [8, 3.14711, 7.55]},
			"faces": {
				"north": {"uv": [9, 8.5, 9.5, 9], "texture": "#0"},
				"east": {"uv": [6, 3.5, 9.5, 4], "texture": "#0"},
				"south": {"uv": [9, 8, 9.5, 8.5], "texture": "#0"},
				"west": {"uv": [4, 6, 7.5, 6.5], "texture": "#0"},
				"up": {"uv": [9.5, 4.5, 6, 4], "rotation": 90, "texture": "#0"},
				"down": {"uv": [9.5, 4.5, 6, 5], "rotation": 270, "texture": "#0"}
			}
		},
		{
			"from": [7.8, 3.64711, 6.05],
			"to": [8.2, 5.64711, 9.05],
			"rotation": {"angle": 0, "axis": "x", "origin": [8, 4.14711, 7.55]},
			"faces": {
				"north": {"uv": [1, 9.5, 1.25, 10.5], "texture": "#0"},
				"east": {"uv": [6, 5, 7.5, 6], "texture": "#0"},
				"south": {"uv": [9.5, 0.5, 9.75, 1.5], "texture": "#0"},
				"west": {"uv": [6.5, 0, 8, 1], "texture": "#0"},
				"up": {"uv": [10, 6.75, 8.5, 6.5], "rotation": 90, "texture": "#0"},
				"down": {"uv": [10.5, 2.5, 9, 2.75], "rotation": 270, "texture": "#0"}
			}
		},
		{
			"from": [7.6, 3.64711, 6.95],
			"to": [8.4, 5.64711, 8.15],
			"rotation": {"angle": 0, "axis": "x", "origin": [8, 4.14711, 7.55]},
			"faces": {
				"north": {"uv": [8.5, 8.5, 9, 9.5], "texture": "#0"},
				"east": {"uv": [2.5, 8.5, 3, 9.5], "texture": "#0"},
				"south": {"uv": [8.5, 5.5, 9, 6.5], "texture": "#0"},
				"west": {"uv": [8, 8.5, 8.5, 9.5], "texture": "#0"},
				"up": {"uv": [10, 4, 9.5, 3.5], "rotation": 90, "texture": "#0"},
				"down": {"uv": [10, 4, 9.5, 4.5], "rotation": 270, "texture": "#0"}
			}
		},
		{
			"from": [7.6, 12.64711, 6.775],
			"to": [8.4, 17.64711, 8.325],
			"rotation": {"angle": 0, "axis": "x", "origin": [8, 14.14711, 7.675]},
			"faces": {
				"north": {"uv": [6.5, 1, 7, 3.5], "texture": "#0"},
				"east": {"uv": [4, 3.5, 4.75, 6], "texture": "#0"},
				"south": {"uv": [2.5, 6, 3, 8.5], "texture": "#0"},
				"west": {"uv": [5, 0, 5.75, 2.5], "texture": "#0"},
				"up": {"uv": [9.75, 6.5, 9, 6], "rotation": 90, "texture": "#0"},
				"down": {"uv": [9.75, 7, 9, 7.5], "rotation": 270, "texture": "#0"}
			}
		},
		{
			"from": [7.6, 5.64711, 7.15],
			"to": [8.4, 12.64711, 7.95],
			"rotation": {"angle": 0, "axis": "x", "origin": [8, 6.14711, 7.65]},
			"faces": {
				"north": {"uv": [2, 6, 2.5, 9.5], "texture": "#0"},
				"east": {"uv": [0.5, 6, 1, 9.5], "texture": "#0"},
				"south": {"uv": [1, 6, 1.5, 9.5], "texture": "#0"},
				"west": {"uv": [1.5, 6, 2, 9.5], "texture": "#0"},
				"up": {"uv": [10, 5, 9.5, 4.5], "rotation": 90, "texture": "#0"},
				"down": {"uv": [10, 5, 9.5, 5.5], "rotation": 270, "texture": "#0"}
			}
		},
		{
			"from": [7.8, 12.64711, 6.05],
			"to": [8.2, 17.64711, 9.05],
			"rotation": {"angle": 0, "axis": "x", "origin": [8, 13.14711, 7.55]},
			"faces": {
				"north": {"uv": [4, 7.5, 4.25, 10], "texture": "#0"},
				"east": {"uv": [0, 0, 1.5, 2.5], "texture": "#0"},
				"south": {"uv": [7, 6.5, 7.25, 9], "texture": "#0"},
				"west": {"uv": [1.5, 0, 3, 2.5], "texture": "#0"},
				"up": {"uv": [10.5, 3.25, 9, 3], "rotation": 90, "texture": "#0"},
				"down": {"uv": [10.5, 5.5, 9, 5.75], "rotation": 270, "texture": "#0"}
			}
		},
		{
			"from": [7.8, 17.64711, 6.85],
			"to": [8.2, 18.34711, 8.25],
			"rotation": {"angle": 0, "axis": "x", "origin": [8, 13.14711, 7.55]},
			"faces": {
				"north": {"uv": [7, 10.5, 7.25, 10.75], "texture": "#0"},
				"east": {"uv": [4.5, 10, 5.25, 10.25], "texture": "#0"},
				"south": {"uv": [10.5, 6.5, 10.75, 6.75], "texture": "#0"},
				"west": {"uv": [10, 4.5, 10.75, 4.75], "texture": "#0"},
				"up": {"uv": [10.75, 5.25, 10, 5], "rotation": 90, "texture": "#0"},
				"down": {"uv": [6.25, 10, 5.5, 10.25], "rotation": 270, "texture": "#0"}
			}
		},
		{
			"from": [7.8, 5.64711, 6.75],
			"to": [8.2, 12.64711, 8.35],
			"rotation": {"angle": 0, "axis": "x", "origin": [8, 6.14711, 7.55]},
			"faces": {
				"north": {"uv": [3.5, 7, 3.75, 10.5], "texture": "#0"},
				"east": {"uv": [0, 2.5, 0.75, 6], "texture": "#0"},
				"south": {"uv": [3, 7, 3.25, 10.5], "texture": "#0"},
				"west": {"uv": [1, 2.5, 1.75, 6], "texture": "#0"},
				"up": {"uv": [10.75, 0.75, 10, 0.5], "rotation": 90, "texture": "#0"},
				"down": {"uv": [10.75, 1, 10, 1.25], "rotation": 270, "texture": "#0"}
			}
		},
		{
			"from": [7.8, 5.14208, 6.66924],
			"to": [8.2, 6.14208, 7.26924],
			"rotation": {"angle": 45, "axis": "x", "origin": [8, 6.14208, 6.96924]},
			"faces": {
				"north": {"uv": [10, 7, 10.25, 7.5], "texture": "#0"},
				"east": {"uv": [10, 6, 10.25, 6.5], "texture": "#0"},
				"south": {"uv": [6.5, 10, 6.75, 10.5], "texture": "#0"},
				"west": {"uv": [10, 6.5, 10.25, 7], "texture": "#0"},
				"up": {"uv": [3.25, 10.75, 3, 10.5], "rotation": 90, "texture": "#0"},
				"down": {"uv": [10.75, 3, 10.5, 3.25], "rotation": 270, "texture": "#0"}
			}
		},
		{
			"from": [7.8, 6.44208, 5.96924],
			"to": [8.2, 7.14208, 6.26924],
			"rotation": {"angle": 45, "axis": "x", "origin": [8, 7.14208, 5.96924]},
			"faces": {
				"north": {"uv": [8, 10.5, 8.25, 10.75], "texture": "#0"},
				"east": {"uv": [10.5, 7, 10.75, 7.25], "texture": "#0"},
				"south": {"uv": [7.5, 10.5, 7.75, 10.75], "texture": "#0"},
				"west": {"uv": [10.5, 7.5, 10.75, 7.75], "texture": "#0"},
				"up": {"uv": [10.75, 8.25, 10.5, 8], "rotation": 90, "texture": "#0"},
				"down": {"uv": [8.75, 10.5, 8.5, 10.75], "rotation": 270, "texture": "#0"}
			}
		},
		{
			"from": [7.8, 6.92995, 5.88137],
			"to": [8.2, 11.62995, 6.18137],
			"rotation": {"angle": 0, "axis": "x", "origin": [8, 7.27995, 6.03137]},
			"faces": {
				"north": {"uv": [5.5, 7.5, 5.75, 9.75], "texture": "#0"},
				"east": {"uv": [4.5, 7.5, 4.75, 9.75], "texture": "#0"},
				"south": {"uv": [5, 7.5, 5.25, 9.75], "texture": "#0"},
				"west": {"uv": [7.5, 5, 7.75, 7.25], "texture": "#0"},
				"up": {"uv": [10.75, 8.75, 10.5, 8.5], "rotation": 90, "texture": "#0"},
				"down": {"uv": [9.25, 10.5, 9, 10.75], "rotation": 270, "texture": "#0"}
			}
		},
		{
			"from": [7.8, 6.92995, 8.91863],
			"to": [8.2, 11.62995, 9.21863],
			"rotation": {"angle": 0, "axis": "x", "origin": [8, 7.27995, 9.06863]},
			"faces": {
				"north": {"uv": [8, 0, 8.25, 2.25], "texture": "#0"},
				"east": {"uv": [6, 7.5, 6.25, 9.75], "texture": "#0"},
				"south": {"uv": [6.5, 7.5, 6.75, 9.75], "texture": "#0"},
				"west": {"uv": [7.5, 7.5, 7.75, 9.75], "texture": "#0"},
				"up": {"uv": [0.25, 11.25, 0, 11], "rotation": 90, "texture": "#0"},
				"down": {"uv": [11.25, 0, 11, 0.25], "rotation": 270, "texture": "#0"}
			}
		},
		{
			"from": [8, 5.92995, 9.2],
			"to": [8, 12.62995, 10.5],
			"rotation": {"angle": 0, "axis": "x", "origin": [7.8, 7.27995, 9.35]},
			"faces": {
				"north": {"uv": [0, 0, 0, 3.25], "texture": "#0"},
				"east": {"uv": [2, 2.5, 2.75, 5.75], "texture": "#0"},
				"south": {"uv": [0, 0, 0, 3.25], "texture": "#0"},
				"west": {"uv": [3, 0, 3.75, 3.25], "texture": "#0"},
				"up": {"uv": [0.75, 0, 0, 0], "rotation": 90, "texture": "#0"},
				"down": {"uv": [0.75, 0, 0, 0], "rotation": 270, "texture": "#0"}
			}
		},
		{
			"from": [8, 5.92995, 4.6],
			"to": [8, 12.62995, 5.9],
			"rotation": {"angle": 0, "axis": "x", "origin": [7.8, 7.27995, 4.75]},
			"faces": {
				"north": {"uv": [0, 0, 0, 3.25], "texture": "#0"},
				"east": {"uv": [3, 3.5, 3.75, 6.75], "texture": "#0"},
				"south": {"uv": [0, 0, 0, 3.25], "texture": "#0"},
				"west": {"uv": [4, 0, 4.75, 3.25], "texture": "#0"},
				"up": {"uv": [0.75, 0, 0, 0], "rotation": 90, "texture": "#0"},
				"down": {"uv": [0.75, 0, 0, 0], "rotation": 270, "texture": "#0"}
			}
		},
		{
			"from": [7.8, 6.44208, 8.83076],
			"to": [8.2, 7.14208, 9.13076],
			"rotation": {"angle": -45, "axis": "x", "origin": [8, 7.14208, 9.13076]},
			"faces": {
				"north": {"uv": [10, 10.5, 10.25, 10.75], "texture": "#0"},
				"east": {"uv": [10.5, 9, 10.75, 9.25], "texture": "#0"},
				"south": {"uv": [9.5, 10.5, 9.75, 10.75], "texture": "#0"},
				"west": {"uv": [10.5, 9.5, 10.75, 9.75], "texture": "#0"},
				"up": {"uv": [10.75, 10.25, 10.5, 10], "rotation": 90, "texture": "#0"},
				"down": {"uv": [10.75, 10.5, 10.5, 10.75], "rotation": 270, "texture": "#0"}
			}
		},
		{
			"from": [7.8, 5.28853, 8.18431],
			"to": [8.2, 6.28853, 8.78431],
			"rotation": {"angle": -45, "axis": "x", "origin": [8, 5.78853, 8.48431]},
			"faces": {
				"north": {"uv": [9, 10, 9.25, 10.5], "texture": "#0"},
				"east": {"uv": [7.5, 10, 7.75, 10.5], "texture": "#0"},
				"south": {"uv": [8, 10, 8.25, 10.5], "texture": "#0"},
				"west": {"uv": [8.5, 10, 8.75, 10.5], "texture": "#0"},
				"up": {"uv": [3.75, 10.75, 3.5, 10.5], "rotation": 90, "texture": "#0"},
				"down": {"uv": [10.75, 3.5, 10.5, 3.75], "rotation": 270, "texture": "#0"}
			}
		},
		{
			"from": [7.8, 17.14208, 6.66924],
			"to": [8.2, 18.66708, 7.26924],
			"rotation": {"angle": 45, "axis": "x", "origin": [8, 18.14208, 6.96924]},
			"faces": {
				"north": {"uv": [4, 10, 4.25, 10.75], "texture": "#0"},
				"east": {"uv": [7, 9.5, 7.25, 10.25], "texture": "#0"},
				"south": {"uv": [10, 1.5, 10.25, 2.25], "texture": "#0"},
				"west": {"uv": [10, 3.5, 10.25, 4.25], "texture": "#0"},
				"up": {"uv": [10.75, 6.25, 10.5, 6], "rotation": 90, "texture": "#0"},
				"down": {"uv": [6.75, 10.5, 6.5, 10.75], "rotation": 270, "texture": "#0"}
			}
		},
		{
			"from": [7.8, 17.14208, 7.83076],
			"to": [8.2, 18.66708, 8.43076],
			"rotation": {"angle": -45, "axis": "x", "origin": [8, 18.14208, 8.13076]},
			"faces": {
				"north": {"uv": [10.25, 1.5, 10, 2.25], "texture": "#0"},
				"east": {"uv": [7.25, 9.5, 7, 10.25], "texture": "#0"},
				"south": {"uv": [4.25, 10, 4, 10.75], "texture": "#0"},
				"west": {"uv": [10.25, 3.5, 10, 4.25], "texture": "#0"},
				"up": {"uv": [10.5, 6.25, 10.75, 6], "rotation": 90, "texture": "#0"},
				"down": {"uv": [6.5, 10.5, 6.75, 10.75], "rotation": 270, "texture": "#0"}
			}
		},
		{
			"from": [7.8, 18.66708, 7.83076],
			"to": [8.2, 19.26708, 8.43076],
			"rotation": {"angle": -45, "axis": "x", "origin": [8, 18.14208, 8.13076]},
			"faces": {
				"north": {"uv": [10.25, 1.5, 10, 2.25], "texture": "#0"},
				"east": {"uv": [7.25, 9.5, 7, 10.25], "texture": "#0"},
				"south": {"uv": [4.25, 10, 4, 10.75], "texture": "#0"},
				"west": {"uv": [10.25, 3.5, 10, 4.25], "texture": "#0"},
				"up": {"uv": [10.5, 6.25, 10.75, 6], "rotation": 90, "texture": "#0"},
				"down": {"uv": [6.5, 10.5, 6.75, 10.75], "rotation": 270, "texture": "#0"}
			}
		},
		{
			"from": [7.8, 12.15213, 6.66924],
			"to": [8.2, 13.15213, 7.26924],
			"rotation": {"angle": -45, "axis": "x", "origin": [8, 12.15213, 6.96924]},
			"faces": {
				"north": {"uv": [10.5, 1.5, 10.75, 2], "texture": "#0"},
				"east": {"uv": [0.5, 10.5, 0.75, 11], "texture": "#0"},
				"south": {"uv": [1, 10.5, 1.25, 11], "texture": "#0"},
				"west": {"uv": [1.5, 10.5, 1.75, 11], "texture": "#0"},
				"up": {"uv": [5.25, 10.75, 5, 10.5], "rotation": 90, "texture": "#0"},
				"down": {"uv": [5.75, 10.5, 5.5, 10.75], "rotation": 270, "texture": "#0"}
			}
		},
		{
			"from": [7.8, 12.00568, 8.18431],
			"to": [8.2, 13.00568, 8.78431],
			"rotation": {"angle": 45, "axis": "x", "origin": [8, 12.50568, 8.48431]},
			"faces": {
				"north": {"uv": [0, 10.5, 0.25, 11], "texture": "#0"},
				"east": {"uv": [9.5, 10, 9.75, 10.5], "texture": "#0"},
				"south": {"uv": [10, 9.5, 10.25, 10], "texture": "#0"},
				"west": {"uv": [10, 10, 10.25, 10.5], "texture": "#0"},
				"up": {"uv": [10.75, 4.25, 10.5, 4], "rotation": 90, "texture": "#0"},
				"down": {"uv": [4.75, 10.5, 4.5, 10.75], "rotation": 270, "texture": "#0"}
			}
		},
		{
			"from": [7.71, 4.48735, 9.92012],
			"to": [8.29, 5.06735, 11.48012],
			"rotation": {"angle": 45, "axis": "x", "origin": [8, 4.57735, 11.19012]},
			"faces": {
				"north": {"uv": [10.5, 2, 10.75, 2.25], "texture": "#0"},
				"east": {"uv": [9.5, 7.5, 10.25, 7.75], "texture": "#0"},
				"south": {"uv": [2, 10.5, 2.25, 10.75], "texture": "#0"},
				"west": {"uv": [8, 9.5, 8.75, 9.75], "texture": "#0"},
				"up": {"uv": [10.25, 8.25, 9.5, 8], "rotation": 90, "texture": "#0"},
				"down": {"uv": [10.25, 8.5, 9.5, 8.75], "rotation": 270, "texture": "#0"}
			}
		},
		{
			"from": [7.71, 4.48735, 3.61988],
			"to": [8.29, 5.06735, 5.17988],
			"rotation": {"angle": -45, "axis": "x", "origin": [8, 4.57735, 3.90988]},
			"faces": {
				"north": {"uv": [10.5, 2.5, 10.75, 2.75], "texture": "#0"},
				"east": {"uv": [9, 9.5, 9.75, 9.75], "texture": "#0"},
				"south": {"uv": [2.5, 10.5, 2.75, 10.75], "texture": "#0"},
				"west": {"uv": [9.5, 9, 10.25, 9.25], "texture": "#0"},
				"up": {"uv": [0.75, 10.25, 0, 10], "rotation": 90, "texture": "#0"},
				"down": {"uv": [10.75, 0, 10, 0.25], "rotation": 270, "texture": "#0"}
			}
		},
		{
			"from": [7.5, 2.85421, 2.55],
			"to": [8.5, 3.85421, 4.55],
			"rotation": {"angle": 45, "axis": "x", "origin": [8, 3.35421, 4.05]},
			"faces": {
				"north": {"uv": [0.5, 9.5, 1, 10], "texture": "#0"},
				"east": {"uv": [8.5, 1, 9.5, 1.5], "texture": "#0"},
				"south": {"uv": [9.5, 0, 10, 0.5], "texture": "#0"},
				"west": {"uv": [8.5, 1.5, 9.5, 2], "texture": "#0"},
				"up": {"uv": [9.5, 2.5, 8.5, 2], "rotation": 90, "texture": "#0"},
				"down": {"uv": [9.5, 5, 8.5, 5.5], "rotation": 270, "texture": "#0"}
			}
		},
		{
			"from": [7.5, 2.85421, 10.55],
			"to": [8.5, 3.85421, 12.55],
			"rotation": {"angle": -45, "axis": "x", "origin": [8, 3.35421, 11.05]},
			"faces": {
				"north": {"uv": [10, 0, 9.5, 0.5], "texture": "#0"},
				"east": {"uv": [9.5, 1, 8.5, 1.5], "texture": "#0"},
				"south": {"uv": [1, 9.5, 0.5, 10], "texture": "#0"},
				"west": {"uv": [9.5, 1.5, 8.5, 2], "texture": "#0"},
				"up": {"uv": [8.5, 2.5, 9.5, 2], "rotation": 90, "texture": "#0"},
				"down": {"uv": [8.5, 5, 9.5, 5.5], "rotation": 270, "texture": "#0"}
			}
		}
	],
	"display": {
		"thirdperson_righthand": {
			"translation": [0, 6.25, 1.75]
		},
		"thirdperson_lefthand": {
			"translation": [0, 6.25, 2]
		},
		"firstperson_righthand": {
			"translation": [0, 4.25, 0]
		},
		"firstperson_lefthand": {
			"translation": [0, 4.75, 0]
		},
		"ground": {
			"rotation": [60, 0, 0],
			"scale": [0.5, 0.5, 0.5]
		},
		"gui": {
			"rotation": [90, -135, 90],
			"translation": [0.5, 0.75, 0],
			"scale": [0.8, 0.8, 0.8]
		},
		"head": {
			"scale": [0, 0, 0]
		},
		"fixed": {
			"rotation": [90, -45, 90],
			"translation": [-1, 0.5, -0.75]
		}
	}
}