{
	"credit": "Made with Blockbench",
	"texture_size": [256, 128],
	"textures": {
		"2": "weapons:iceaxe"
	},
	"elements": [
		{
			"from": [1.3, 20.7, 7.45],
			"to": [4.9, 23.3, 8.05],
			"rotation": {"angle": 22.5, "axis": "z", "origin": [10.19622, 19.86993, 7.75517]},
			"faces": {
				"north": {"uv": [1.75, 8, 3.25, 12], "rotation": 270, "texture": "#2"},
				"east": {"uv": [1.75, 8, 3.25, 12], "rotation": 90, "texture": "#2"},
				"south": {"uv": [1.75, 8, 3.25, 12], "rotation": 90, "texture": "#2"},
				"west": {"uv": [2, 11, 3.5, 12], "rotation": 90, "texture": "#2"},
				"up": {"uv": [2.5, 8, 3, 12], "rotation": 90, "texture": "#2"},
				"down": {"uv": [1.75, 8, 3.25, 12], "rotation": 90, "texture": "#2"}
			}
		},
		{
			"from": [7.30306, -9.69992, 7.05],
			"to": [8.70306, 5.70008, 8.45],
			"rotation": {"angle": 0, "axis": "y", "origin": [8.02179, -2.00717, 7.72944]},
			"faces": {
				"north": {"uv": [0, 1.5, 8, 3.5], "rotation": 90, "texture": "#2"},
				"east": {"uv": [0, 3, 8, 5], "rotation": 90, "texture": "#2"},
				"south": {"uv": [0, 5, 8, 7], "rotation": 90, "texture": "#2"},
				"west": {"uv": [0, 0, 8, 2], "rotation": 90, "texture": "#2"},
				"up": {"uv": [0, 14, 8, 16], "rotation": 90, "texture": "#2"},
				"down": {"uv": [0, 14, 8, 16], "rotation": 90, "texture": "#2"}
			}
		},
		{
			"from": [5.93232, 5.13781, 7.04036],
			"to": [7.35232, 9.55781, 8.46036],
			"rotation": {"angle": 22.5, "axis": "z", "origin": [6.64145, 8.84825, 7.7508]},
			"faces": {
				"north": {"uv": [1.25, 1.5, 3.75, 3.5], "rotation": 270, "texture": "#2"},
				"east": {"uv": [3.5, 0.5, 6, 2.5], "rotation": 90, "texture": "#2"},
				"south": {"uv": [3, 2, 5.5, 4], "rotation": 90, "texture": "#2"},
				"west": {"uv": [5.25, 13, 7.75, 15], "rotation": 90, "texture": "#2"},
				"up": {"uv": [1.5, 0.5, 4, 2.5], "rotation": 90, "texture": "#2"},
				"down": {"uv": [1.5, 0.5, 4, 2.5], "rotation": 90, "texture": "#2"}
			}
		},
		{
			"from": [4.27599, 8.61422, 7.04966],
			"to": [5.67599, 12.01422, 8.44966],
			"rotation": {"angle": 45, "axis": "z", "origin": [4.96924, 10.81599, 7.75751]},
			"faces": {
				"north": {"uv": [2, 3, 4, 5], "rotation": 90, "texture": "#2"},
				"east": {"uv": [2.5, 5, 4.5, 7], "rotation": 90, "texture": "#2"},
				"south": {"uv": [1.5, 2, 3.5, 4], "rotation": 90, "texture": "#2"},
				"west": {"uv": [4, 13, 6, 15], "rotation": 90, "texture": "#2"},
				"up": {"uv": [0, 0, 1, 2], "texture": "#2"},
				"down": {"uv": [0, 0, 1, 2], "texture": "#2"}
			}
		},
		{
			"from": [2.93601, 11.32688, 7.05966],
			"to": [4.31601, 13.70688, 8.43966],
			"rotation": {"angle": 22.5, "axis": "z", "origin": [3.63582, 13.01595, 7.76297]},
			"faces": {
				"north": {"uv": [3, 4.5, 4, 7.5], "rotation": 180, "texture": "#2"},
				"east": {"uv": [3, 4.5, 4, 7.5], "rotation": 180, "texture": "#2"},
				"south": {"uv": [3, 4.5, 4, 7.5], "rotation": 180, "texture": "#2"},
				"west": {"uv": [3, 4.5, 4, 7.5], "rotation": 180, "texture": "#2"},
				"up": {"uv": [3, 4.5, 4, 7.5], "rotation": 180, "texture": "#2"},
				"down": {"uv": [3, 4.5, 4, 7.5], "rotation": 180, "texture": "#2"}
			}
		},
		{
			"from": [2.70824, 13.39117, 7.05394],
			"to": [4.10824, 15.79117, 8.45394],
			"rotation": {"angle": 0, "axis": "y", "origin": [3.4007, 14.58685, 7.76613]},
			"faces": {
				"north": {"uv": [3.75, 4.5, 4.75, 7.5], "rotation": 180, "texture": "#2"},
				"east": {"uv": [3.75, 4.5, 4.75, 7.5], "rotation": 180, "texture": "#2"},
				"south": {"uv": [3.75, 4.5, 4.75, 7.5], "rotation": 180, "texture": "#2"},
				"west": {"uv": [3.75, 4.5, 4.75, 7.5], "rotation": 180, "texture": "#2"},
				"up": {"uv": [3.75, 4.5, 4.75, 7.5], "rotation": 180, "texture": "#2"},
				"down": {"uv": [3.75, 4.5, 4.75, 7.5], "rotation": 180, "texture": "#2"}
			}
		},
		{
			"from": [3.10837, 15.43662, 7.05682],
			"to": [4.50837, 18.83662, 8.45682],
			"rotation": {"angle": -22.5, "axis": "z", "origin": [3.7995, 16.62901, 7.77328]},
			"faces": {
				"north": {"uv": [2, 2.5, 3, 6.5], "texture": "#2"},
				"east": {"uv": [2, 2.5, 3, 6.5], "texture": "#2"},
				"south": {"uv": [2, 2.5, 3, 6.5], "texture": "#2"},
				"west": {"uv": [2, 2.5, 3, 6.5], "texture": "#2"},
				"up": {"uv": [2, 2.5, 3, 6.5], "texture": "#2"},
				"down": {"uv": [2, 2.5, 3, 6.5], "texture": "#2"}
			}
		},
		{
			"from": [3.8894, 18.38712, 7.04683],
			"to": [5.3094, 21.80712, 8.46683],
			"rotation": {"angle": 0, "axis": "y", "origin": [4.58326, 20.08329, 7.78363]},
			"faces": {
				"north": {"uv": [0, 0, 1, 4], "rotation": 180, "texture": "#2"},
				"east": {"uv": [0, 0, 1, 4], "rotation": 180, "texture": "#2"},
				"south": {"uv": [0, 0, 1, 4], "rotation": 180, "texture": "#2"},
				"west": {"uv": [0, 0, 1, 4], "rotation": 180, "texture": "#2"},
				"up": {"uv": [0, 0, 1, 2], "rotation": 180, "texture": "#2"},
				"down": {"uv": [0, 0, 1, 2], "rotation": 180, "texture": "#2"}
			}
		},
		{
			"from": [7.50306, -11.24992, 7.25],
			"to": [8.50306, -8.24992, 8.25],
			"rotation": {"angle": 0, "axis": "y", "origin": [8.02179, -3.75717, 7.72944]},
			"faces": {
				"north": {"uv": [0, 0, 1, 4], "texture": "#2"},
				"east": {"uv": [0, 0, 1, 4], "texture": "#2"},
				"south": {"uv": [0, 0, 1, 4], "texture": "#2"},
				"west": {"uv": [0, 0, 1, 4], "texture": "#2"},
				"up": {"uv": [0, 0, 1, 2], "texture": "#2"},
				"down": {"uv": [0, 0, 1, 2], "texture": "#2"}
			}
		},
		{
			"from": [7.70306, -13.04992, 7.45],
			"to": [8.30306, -10.44992, 8.05],
			"rotation": {"angle": 0, "axis": "y", "origin": [8.02179, -5.75717, 7.72944]},
			"faces": {
				"north": {"uv": [0, 0, 1, 4], "texture": "#2"},
				"east": {"uv": [0, 0, 1, 4], "texture": "#2"},
				"south": {"uv": [0, 0, 1, 4], "texture": "#2"},
				"west": {"uv": [0, 0, 1, 4], "texture": "#2"},
				"up": {"uv": [0, 0, 1, 2], "texture": "#2"},
				"down": {"uv": [0, 0, 1, 2], "texture": "#2"}
			}
		},
		{
			"from": [3.50306, 7.50008, 7.25],
			"to": [4.50306, 10.50008, 8.25],
			"rotation": {"angle": -22.5, "axis": "z", "origin": [4.01004, 7.99704, 7.74605]},
			"faces": {
				"north": {"uv": [2, 8, 3, 12], "rotation": 180, "texture": "#2"},
				"east": {"uv": [2, 8, 3, 12], "rotation": 180, "texture": "#2"},
				"south": {"uv": [2, 8, 3, 12], "rotation": 180, "texture": "#2"},
				"west": {"uv": [2, 8, 3, 12], "rotation": 180, "texture": "#2"},
				"up": {"uv": [2, 8, 3, 12], "rotation": 180, "texture": "#2"},
				"down": {"uv": [2, 8, 3, 10], "rotation": 180, "texture": "#2"}
			}
		},
		{
			"from": [3.70306, 5.70008, 7.45],
			"to": [4.30306, 8.30008, 8.05],
			"rotation": {"angle": -22.5, "axis": "z", "origin": [4.01004, 7.99704, 7.74605]},
			"faces": {
				"north": {"uv": [2, 8, 2.5, 11.5], "rotation": 180, "texture": "#2"},
				"east": {"uv": [2, 8, 2.5, 11.5], "rotation": 180, "texture": "#2"},
				"south": {"uv": [2, 8, 2.5, 11.5], "rotation": 180, "texture": "#2"},
				"west": {"uv": [2, 8, 2.5, 11.5], "rotation": 180, "texture": "#2"},
				"up": {"uv": [2, 8, 2.5, 11.5], "rotation": 180, "texture": "#2"},
				"down": {"uv": [2, 8, 3, 10], "rotation": 180, "texture": "#2"}
			}
		},
		{
			"from": [4.65221, 7.10219, 7.15],
			"to": [5.85221, 10.30219, 8.35],
			"rotation": {"angle": 0, "axis": "y", "origin": [5.25432, 7.69597, 7.75697]},
			"faces": {
				"north": {"uv": [4.75, 8, 5.75, 12], "rotation": 180, "texture": "#2"},
				"east": {"uv": [3.75, 8, 4.75, 12], "rotation": 180, "texture": "#2"},
				"south": {"uv": [3.75, 8, 4.75, 12], "rotation": 180, "texture": "#2"},
				"west": {"uv": [3.75, 8, 4.75, 12], "rotation": 180, "texture": "#2"},
				"up": {"uv": [3.75, 8, 4.75, 12], "rotation": 180, "texture": "#2"},
				"down": {"uv": [3.75, 8, 4.75, 12], "rotation": 180, "texture": "#2"}
			}
		},
		{
			"from": [4.85221, 5.30219, 7.35],
			"to": [5.65221, 8.10219, 8.15],
			"rotation": {"angle": 0, "axis": "y", "origin": [5.25432, 7.69597, 7.75697]},
			"faces": {
				"north": {"uv": [1, 8, 1.75, 11], "rotation": 180, "texture": "#2"},
				"east": {"uv": [1, 8, 1.75, 11], "rotation": 180, "texture": "#2"},
				"south": {"uv": [1, 8, 1.75, 11], "rotation": 180, "texture": "#2"},
				"west": {"uv": [1, 8, 1.75, 11], "rotation": 180, "texture": "#2"},
				"up": {"uv": [1, 8, 1.75, 11], "rotation": 180, "texture": "#2"},
				"down": {"uv": [1, 8, 1.75, 11], "rotation": 180, "texture": "#2"}
			}
		},
		{
			"from": [5.05221, 3.50219, 7.55],
			"to": [5.45221, 5.90219, 7.95],
			"rotation": {"angle": 0, "axis": "y", "origin": [5.25432, 5.69597, 7.75697]},
			"faces": {
				"north": {"uv": [0.75, 8, 1, 11.5], "rotation": 180, "texture": "#2"},
				"east": {"uv": [0.75, 8, 1, 11.5], "rotation": 180, "texture": "#2"},
				"south": {"uv": [0.75, 8, 1, 11.5], "rotation": 180, "texture": "#2"},
				"west": {"uv": [0.75, 8, 1, 11.5], "rotation": 180, "texture": "#2"},
				"up": {"uv": [0.75, 8, 1, 11.5], "rotation": 180, "texture": "#2"},
				"down": {"uv": [0.75, 8, 1.75, 10], "rotation": 180, "texture": "#2"}
			}
		},
		{
			"from": [4.00221, 16.55219, 5.65],
			"to": [5.20221, 19.75219, 6.85],
			"rotation": {"angle": 22.5, "axis": "x", "origin": [5.23878, 16.14779, 7.76782]},
			"faces": {
				"north": {"uv": [1.5, 8, 2.5, 12], "rotation": 180, "texture": "#2"},
				"east": {"uv": [1.5, 8, 2.5, 12], "rotation": 180, "texture": "#2"},
				"south": {"uv": [1.5, 8, 2.5, 12], "rotation": 180, "texture": "#2"},
				"west": {"uv": [1.5, 8, 2.5, 12], "rotation": 180, "texture": "#2"},
				"up": {"uv": [1.5, 8, 2.5, 12], "rotation": 180, "texture": "#2"},
				"down": {"uv": [1.5, 8, 2.5, 10], "rotation": 180, "texture": "#2"}
			}
		},
		{
			"from": [4.20221, 14.75219, 5.85],
			"to": [5.00221, 17.55219, 6.65],
			"rotation": {"angle": 22.5, "axis": "x", "origin": [5.23878, 16.14779, 7.76782]},
			"faces": {
				"north": {"uv": [1.5, 8, 2, 11.5], "rotation": 180, "texture": "#2"},
				"east": {"uv": [1.5, 8, 2, 11.5], "rotation": 180, "texture": "#2"},
				"south": {"uv": [1.5, 8, 2, 11.5], "rotation": 180, "texture": "#2"},
				"west": {"uv": [1.5, 8, 2, 11.5], "rotation": 180, "texture": "#2"},
				"up": {"uv": [1.5, 8, 2, 11.5], "rotation": 180, "texture": "#2"},
				"down": {"uv": [1.5, 8, 2.5, 10], "rotation": 180, "texture": "#2"}
			}
		},
		{
			"from": [4.40221, 12.95219, 6.05],
			"to": [4.80221, 15.35219, 6.45],
			"rotation": {"angle": 22.5, "axis": "x", "origin": [5.23878, 16.14779, 7.76782]},
			"faces": {
				"north": {"uv": [1.5, 8, 2, 10], "rotation": 180, "texture": "#2"},
				"east": {"uv": [1.5, 8, 2, 10], "rotation": 180, "texture": "#2"},
				"south": {"uv": [1.5, 8, 2, 10], "rotation": 180, "texture": "#2"},
				"west": {"uv": [1.5, 8, 2, 10], "rotation": 180, "texture": "#2"},
				"up": {"uv": [1.5, 8, 2, 10], "rotation": 180, "texture": "#2"},
				"down": {"uv": [1.5, 8, 2.5, 10], "rotation": 180, "texture": "#2"}
			}
		},
		{
			"from": [4.00221, 18.37435, 8.51764],
			"to": [5.20221, 21.57435, 9.71764],
			"rotation": {"angle": -22.5, "axis": "x", "origin": [4.58413, 17.97958, 9.13841]},
			"faces": {
				"north": {"uv": [1.25, 8, 2.25, 12], "rotation": 180, "texture": "#2"},
				"east": {"uv": [1.25, 8, 2.25, 12], "rotation": 180, "texture": "#2"},
				"south": {"uv": [3.25, 8, 4.25, 12], "rotation": 180, "texture": "#2"},
				"west": {"uv": [1.25, 8, 2.25, 12], "rotation": 180, "texture": "#2"},
				"up": {"uv": [1.25, 8, 2.25, 12], "rotation": 180, "texture": "#2"},
				"down": {"uv": [1.25, 8, 2.25, 10], "rotation": 180, "texture": "#2"}
			}
		},
		{
			"from": [4.20221, 16.57435, 8.71764],
			"to": [5.00221, 19.37435, 9.51764],
			"rotation": {"angle": -22.5, "axis": "x", "origin": [4.58413, 17.97958, 9.13841]},
			"faces": {
				"north": {"uv": [1.25, 8, 1.75, 10.5], "rotation": 180, "texture": "#2"},
				"east": {"uv": [1.25, 8, 1.75, 10.5], "rotation": 180, "texture": "#2"},
				"south": {"uv": [1.25, 8, 1.75, 10.5], "rotation": 180, "texture": "#2"},
				"west": {"uv": [1.25, 8, 1.75, 10.5], "rotation": 180, "texture": "#2"},
				"up": {"uv": [1.25, 8, 1.75, 10.5], "rotation": 180, "texture": "#2"},
				"down": {"uv": [1.25, 8, 2.25, 10], "rotation": 180, "texture": "#2"}
			}
		},
		{
			"from": [4.40221, 14.77435, 8.91764],
			"to": [4.80221, 17.17435, 9.31764],
			"rotation": {"angle": -22.5, "axis": "x", "origin": [4.58413, 17.97958, 9.13841]},
			"faces": {
				"north": {"uv": [1.25, 8, 1.75, 9.5], "rotation": 180, "texture": "#2"},
				"east": {"uv": [1.25, 8, 1.75, 9.5], "rotation": 180, "texture": "#2"},
				"south": {"uv": [1.25, 8, 1.75, 9.5], "rotation": 180, "texture": "#2"},
				"west": {"uv": [1.25, 8, 1.75, 9.5], "rotation": 180, "texture": "#2"},
				"up": {"uv": [1.25, 8, 1.75, 9.5], "rotation": 180, "texture": "#2"},
				"down": {"uv": [1.25, 8, 2.25, 10], "rotation": 180, "texture": "#2"}
			}
		},
		{
			"from": [4.80221, 14.72435, 7.16764],
			"to": [6.00221, 17.92435, 8.36764],
			"rotation": {"angle": 22.5, "axis": "z", "origin": [5.38413, 14.32958, 7.78841]},
			"faces": {
				"north": {"uv": [1.75, 8, 2.75, 12], "rotation": 180, "texture": "#2"},
				"east": {"uv": [1.75, 8, 2.75, 12], "rotation": 180, "texture": "#2"},
				"south": {"uv": [1.75, 8, 2.75, 12], "rotation": 180, "texture": "#2"},
				"west": {"uv": [1.75, 8, 2.75, 12], "rotation": 180, "texture": "#2"},
				"up": {"uv": [1.75, 8, 2.75, 12], "rotation": 180, "texture": "#2"},
				"down": {"uv": [1.75, 8, 2.75, 10], "rotation": 180, "texture": "#2"}
			}
		},
		{
			"from": [5.00221, 12.92435, 7.36764],
			"to": [5.80221, 15.72435, 8.16764],
			"rotation": {"angle": 22.5, "axis": "z", "origin": [5.38413, 14.32958, 7.78841]},
			"faces": {
				"north": {"uv": [1.75, 8, 2.25, 11], "rotation": 180, "texture": "#2"},
				"east": {"uv": [1.75, 8, 2.25, 11], "rotation": 180, "texture": "#2"},
				"south": {"uv": [1.75, 8, 2.25, 11], "rotation": 180, "texture": "#2"},
				"west": {"uv": [1.75, 8, 2.25, 11], "rotation": 180, "texture": "#2"},
				"up": {"uv": [1.75, 8, 2.25, 11], "rotation": 180, "texture": "#2"},
				"down": {"uv": [1.75, 8, 2.75, 10], "rotation": 180, "texture": "#2"}
			}
		},
		{
			"from": [5.20221, 11.12435, 7.56764],
			"to": [5.60221, 13.52435, 7.96764],
			"rotation": {"angle": 22.5, "axis": "z", "origin": [5.38413, 14.32958, 7.78841]},
			"faces": {
				"north": {"uv": [1.75, 8, 2.25, 10], "rotation": 180, "texture": "#2"},
				"east": {"uv": [1.75, 8, 2.25, 10], "rotation": 180, "texture": "#2"},
				"south": {"uv": [1.75, 8, 2.25, 10], "rotation": 180, "texture": "#2"},
				"west": {"uv": [1.75, 8, 2.25, 10], "rotation": 180, "texture": "#2"},
				"up": {"uv": [1.75, 8, 2.25, 10], "rotation": 180, "texture": "#2"},
				"down": {"uv": [1.75, 8, 2.25, 10], "rotation": 180, "texture": "#2"}
			}
		},
		{
			"from": [8.65221, 3.10219, 7.15],
			"to": [9.85221, 6.30219, 8.35],
			"rotation": {"angle": 22.5, "axis": "z", "origin": [9.25405, 2.69782, 7.75252]},
			"faces": {
				"north": {"uv": [0.75, 8, 1.75, 12], "rotation": 180, "texture": "#2"},
				"east": {"uv": [0.75, 8, 1.75, 12], "rotation": 180, "texture": "#2"},
				"south": {"uv": [0.75, 8, 1.75, 12], "rotation": 180, "texture": "#2"},
				"west": {"uv": [0.75, 8, 1.75, 12], "rotation": 180, "texture": "#2"},
				"up": {"uv": [0.75, 8, 1.75, 12], "rotation": 180, "texture": "#2"},
				"down": {"uv": [0.75, 8, 1.75, 10], "rotation": 180, "texture": "#2"}
			}
		},
		{
			"from": [8.85221, 1.30219, 7.35],
			"to": [9.65221, 4.10219, 8.15],
			"rotation": {"angle": 22.5, "axis": "z", "origin": [9.25405, 2.69782, 7.75252]},
			"faces": {
				"north": {"uv": [0.75, 8, 1.25, 11], "rotation": 180, "texture": "#2"},
				"east": {"uv": [0.75, 8, 1.25, 11], "rotation": 180, "texture": "#2"},
				"south": {"uv": [0.75, 8, 1.25, 11], "rotation": 180, "texture": "#2"},
				"west": {"uv": [0.75, 8, 1.25, 11], "rotation": 180, "texture": "#2"},
				"up": {"uv": [0.75, 8, 1.25, 11], "rotation": 180, "texture": "#2"},
				"down": {"uv": [0.75, 8, 1.75, 10], "rotation": 180, "texture": "#2"}
			}
		},
		{
			"from": [9.05221, -0.49781, 7.55],
			"to": [9.45221, 1.90219, 7.95],
			"rotation": {"angle": 22.5, "axis": "z", "origin": [9.25405, 2.69782, 7.75252]},
			"faces": {
				"north": {"uv": [0.75, 8, 1, 12], "rotation": 180, "texture": "#2"},
				"east": {"uv": [0.75, 8, 1, 12], "rotation": 180, "texture": "#2"},
				"south": {"uv": [0.75, 8, 1, 12], "rotation": 180, "texture": "#2"},
				"west": {"uv": [0.75, 8, 1, 12], "rotation": 180, "texture": "#2"},
				"up": {"uv": [0.75, 8, 1, 12], "rotation": 180, "texture": "#2"},
				"down": {"uv": [0.75, 8, 1.75, 10], "rotation": 180, "texture": "#2"}
			}
		},
		{
			"from": [1.00356, 15.97697, 7.16764],
			"to": [2.20356, 22.17697, 8.36764],
			"rotation": {"angle": -22.5, "axis": "z", "origin": [0.64038, 15.31625, 7.79151]},
			"faces": {
				"north": {"uv": [1, 8, 4.5, 10], "rotation": 90, "texture": "#2"},
				"east": {"uv": [1, 8, 4.5, 10], "rotation": 90, "texture": "#2"},
				"south": {"uv": [1, 8, 4.5, 10], "rotation": 90, "texture": "#2"},
				"west": {"uv": [1, 8, 4.5, 10], "rotation": 90, "texture": "#2"},
				"up": {"uv": [1, 8, 4.5, 10], "rotation": 90, "texture": "#2"},
				"down": {"uv": [1, 8, 4.5, 10], "rotation": 90, "texture": "#2"}
			}
		},
		{
			"from": [1.20356, 14.17697, 7.36764],
			"to": [2.00356, 16.97697, 8.16764],
			"rotation": {"angle": -22.5, "axis": "z", "origin": [0.64038, 15.31625, 7.79151]},
			"faces": {
				"north": {"uv": [1, 8, 4.5, 10], "rotation": 90, "texture": "#2"},
				"east": {"uv": [1, 8, 4.5, 10], "rotation": 90, "texture": "#2"},
				"south": {"uv": [1, 8, 4.5, 10], "rotation": 90, "texture": "#2"},
				"west": {"uv": [1, 8, 4.5, 10], "rotation": 90, "texture": "#2"},
				"up": {"uv": [1, 8, 4.5, 10], "rotation": 90, "texture": "#2"},
				"down": {"uv": [1, 8, 4.5, 10], "rotation": 90, "texture": "#2"}
			}
		},
		{
			"from": [1.40356, 12.37697, 7.56764],
			"to": [1.80356, 14.77697, 7.96764],
			"rotation": {"angle": -22.5, "axis": "z", "origin": [0.64038, 15.31625, 7.79151]},
			"faces": {
				"north": {"uv": [1, 8, 4.5, 10], "rotation": 90, "texture": "#2"},
				"east": {"uv": [1, 8, 4.5, 10], "rotation": 90, "texture": "#2"},
				"south": {"uv": [1, 8, 4.5, 10], "rotation": 90, "texture": "#2"},
				"west": {"uv": [1, 8, 4.5, 10], "rotation": 90, "texture": "#2"},
				"up": {"uv": [1, 8, 4.5, 10], "rotation": 90, "texture": "#2"},
				"down": {"uv": [1, 8, 4.5, 10], "rotation": 90, "texture": "#2"}
			}
		},
		{
			"from": [8.41453, 21.45986, 7.37],
			"to": [9.42519, 22.47052, 8.32],
			"shade": false,
			"rotation": {"angle": -22.5, "axis": "z", "origin": [8.45519, 22.42986, 7.85]},
			"faces": {
				"north": {"uv": [13.5625, 5.125, 13.75, 4.875], "texture": "#2"},
				"east": {"uv": [13.4375, 5.125, 13.5625, 4.875], "rotation": 180, "texture": "#2"},
				"south": {"uv": [13.5625, 4.875, 13.75, 5.125], "rotation": 180, "texture": "#2"},
				"west": {"uv": [13.75, 5.125, 13.875, 4.875], "rotation": 180, "texture": "#2"},
				"up": {"uv": [13.6875, 4.5, 13.8125, 4.875], "rotation": 270, "texture": "#2"},
				"down": {"uv": [13.5625, 4.875, 13.6875, 4.5], "rotation": 270, "texture": "#2"}
			}
		},
		{
			"from": [6.23475, 19.98525, 7.36],
			"to": [9.21475, 21.46525, 8.34],
			"shade": false,
			"rotation": {"angle": 22.5, "axis": "z", "origin": [6.22475, 19.97525, 7.85]},
			"faces": {
				"north": {"uv": [12.875, 5.125, 13.25, 4.75], "texture": "#2"},
				"east": {"uv": [12.75, 5.125, 12.875, 4.75], "rotation": 180, "texture": "#2"},
				"south": {"uv": [12.875, 4.75, 13.25, 5.125], "rotation": 180, "texture": "#2"},
				"west": {"uv": [13.25, 5.125, 13.375, 4.75], "rotation": 180, "texture": "#2"},
				"up": {"uv": [13.1875, 4, 13.0625, 4.75], "rotation": 270, "texture": "#2"},
				"down": {"uv": [13.0625, 4, 12.9375, 4.75], "rotation": 270, "texture": "#2"}
			}
		},
		{
			"from": [4.22475, 19.97525, 7.35],
			"to": [6.22475, 21.47525, 8.35],
			"shade": false,
			"rotation": {"angle": 0, "axis": "y", "origin": [5.22475, 19.97525, 7.85]},
			"faces": {
				"north": {"uv": [12.3125, 5.125, 12.5625, 4.75], "texture": "#2"},
				"east": {"uv": [12.1875, 5.125, 12.3125, 4.75], "rotation": 180, "texture": "#2"},
				"south": {"uv": [12.3125, 4.75, 12.5625, 5.125], "rotation": 180, "texture": "#2"},
				"west": {"uv": [12.5625, 5.125, 12.6875, 4.75], "rotation": 180, "texture": "#2"},
				"up": {"uv": [12.5625, 4.25, 12.4375, 4.75], "rotation": 270, "texture": "#2"},
				"down": {"uv": [12.4375, 4.25, 12.3125, 4.75], "rotation": 270, "texture": "#2"}
			}
		},
		{
			"from": [8.525, 20.425, 7.86],
			"to": [13.525, 26.425, 7.86],
			"shade": false,
			"rotation": {"angle": 22.5, "axis": "z", "origin": [13.525, 20.425, 7.85]},
			"faces": {
				"north": {"uv": [12.125, 6.25, 12.75, 7.75], "texture": "#2"},
				"east": {"uv": [12.1875, 4.75, 12.3125, 5.125], "rotation": 180, "texture": "#2"},
				"south": {"uv": [12.125, 7.75, 12.75, 6.25], "rotation": 180, "texture": "#2"},
				"west": {"uv": [12.5625, 4.75, 12.6875, 5.125], "rotation": 180, "texture": "#2"},
				"up": {"uv": [12.3125, 4.25, 12.4375, 4.75], "rotation": 270, "texture": "#2"},
				"down": {"uv": [12.4375, 4.25, 12.5625, 4.75], "rotation": 270, "texture": "#2"}
			}
		},
		{
			"from": [8.525, 10.425, 7.86],
			"to": [13.525, 16.425, 7.86],
			"shade": false,
			"rotation": {"angle": -22.5, "axis": "z", "origin": [13.525, 16.425, 7.85]},
			"faces": {
				"north": {"uv": [12.125, 8.75, 12.75, 10.25], "texture": "#2"},
				"east": {"uv": [12.1875, 4.75, 12.3125, 5.125], "rotation": 180, "texture": "#2"},
				"south": {"uv": [12.125, 10.25, 12.75, 8.75], "rotation": 180, "texture": "#2"},
				"west": {"uv": [12.5625, 4.75, 12.6875, 5.125], "rotation": 180, "texture": "#2"},
				"up": {"uv": [12.3125, 4.25, 12.4375, 4.75], "rotation": 270, "texture": "#2"},
				"down": {"uv": [12.4375, 4.25, 12.5625, 4.75], "rotation": 270, "texture": "#2"}
			}
		},
		{
			"from": [8.525, 10.425, 7.84],
			"to": [13.525, 16.425, 7.84],
			"shade": false,
			"rotation": {"angle": -22.5, "axis": "z", "origin": [13.525, 16.425, 7.85]},
			"faces": {
				"north": {"uv": [12.125, 8.75, 12.75, 10.25], "texture": "#2"},
				"east": {"uv": [12.1875, 4.75, 12.3125, 5.125], "rotation": 180, "texture": "#2"},
				"south": {"uv": [12.125, 10.25, 12.75, 8.75], "rotation": 180, "texture": "#2"},
				"west": {"uv": [12.5625, 4.75, 12.6875, 5.125], "rotation": 180, "texture": "#2"},
				"up": {"uv": [12.3125, 4.25, 12.4375, 4.75], "rotation": 270, "texture": "#2"},
				"down": {"uv": [12.4375, 4.25, 12.5625, 4.75], "rotation": 270, "texture": "#2"}
			}
		},
		{
			"from": [8.525, 20.425, 7.84],
			"to": [13.525, 26.425, 7.84],
			"shade": false,
			"rotation": {"angle": 22.5, "axis": "z", "origin": [13.525, 20.425, 7.85]},
			"faces": {
				"north": {"uv": [12.125, 6.25, 12.75, 7.75], "texture": "#2"},
				"east": {"uv": [12.1875, 4.75, 12.3125, 5.125], "rotation": 180, "texture": "#2"},
				"south": {"uv": [12.125, 7.75, 12.75, 6.25], "rotation": 180, "texture": "#2"},
				"west": {"uv": [12.5625, 4.75, 12.6875, 5.125], "rotation": 180, "texture": "#2"},
				"up": {"uv": [12.3125, 4.25, 12.4375, 4.75], "rotation": 270, "texture": "#2"},
				"down": {"uv": [12.4375, 4.25, 12.5625, 4.75], "rotation": 270, "texture": "#2"}
			}
		},
		{
			"from": [8.7125, 16.425, 7.87],
			"to": [11.7125, 20.425, 7.87],
			"shade": false,
			"rotation": {"angle": 0, "axis": "y", "origin": [13.53725, 16.425, 7.85]},
			"faces": {
				"north": {"uv": [12, 8.75, 11.625, 7.75], "rotation": 180, "texture": "#2"},
				"east": {"uv": [12.3125, 4.75, 12.1875, 5.125], "rotation": 180, "texture": "#2"},
				"south": {"uv": [12, 7.75, 11.625, 8.75], "texture": "#2"},
				"west": {"uv": [12.6875, 4.75, 12.5625, 5.125], "rotation": 180, "texture": "#2"},
				"up": {"uv": [12.4375, 4.25, 12.3125, 4.75], "rotation": 270, "texture": "#2"},
				"down": {"uv": [12.5625, 4.25, 12.4375, 4.75], "rotation": 270, "texture": "#2"}
			}
		},
		{
			"from": [8.7125, 16.425, 7.83],
			"to": [11.7125, 20.425, 7.83],
			"shade": false,
			"rotation": {"angle": 0, "axis": "y", "origin": [13.53725, 16.425, 7.85]},
			"faces": {
				"north": {"uv": [11.625, 7.75, 12, 8.75], "texture": "#2"},
				"east": {"uv": [12.1875, 4.75, 12.3125, 5.125], "rotation": 180, "texture": "#2"},
				"south": {"uv": [11.625, 8.75, 12, 7.75], "rotation": 180, "texture": "#2"},
				"west": {"uv": [12.5625, 4.75, 12.6875, 5.125], "rotation": 180, "texture": "#2"},
				"up": {"uv": [12.3125, 4.25, 12.4375, 4.75], "rotation": 270, "texture": "#2"},
				"down": {"uv": [12.4375, 4.25, 12.5625, 4.75], "rotation": 270, "texture": "#2"}
			}
		},
		{
			"from": [8.525, 16.425, 7.85],
			"to": [13.525, 20.425, 7.85],
			"shade": false,
			"rotation": {"angle": 0, "axis": "y", "origin": [13.53725, 16.425, 7.85]},
			"faces": {
				"north": {"uv": [12.125, 7.75, 12.75, 8.75], "texture": "#2"},
				"east": {"uv": [12.1875, 4.75, 12.3125, 5.125], "rotation": 180, "texture": "#2"},
				"south": {"uv": [12.125, 8.75, 12.75, 7.75], "rotation": 180, "texture": "#2"},
				"west": {"uv": [12.5625, 4.75, 12.6875, 5.125], "rotation": 180, "texture": "#2"},
				"up": {"uv": [12.3125, 4.25, 12.4375, 4.75], "rotation": 270, "texture": "#2"},
				"down": {"uv": [12.4375, 4.25, 12.5625, 4.75], "rotation": 270, "texture": "#2"}
			}
		},
		{
			"from": [3.5875, 15.925, 7.85],
			"to": [8.5875, 20.925, 7.85],
			"shade": false,
			"rotation": {"angle": 0, "axis": "y", "origin": [5.22475, 16.87475, 7.85]},
			"faces": {
				"north": {"uv": [11.4375, 6.375, 12.0625, 7.625], "texture": "#2"},
				"east": {"uv": [12.1875, 4.75, 12.3125, 5.125], "rotation": 180, "texture": "#2"},
				"south": {"uv": [11.4375, 7.625, 12.0625, 6.375], "rotation": 180, "texture": "#2"},
				"west": {"uv": [12.5625, 4.75, 12.6875, 5.125], "rotation": 180, "texture": "#2"},
				"up": {"uv": [12.3125, 4.25, 12.4375, 4.75], "rotation": 270, "texture": "#2"},
				"down": {"uv": [12.4375, 4.25, 12.5625, 4.75], "rotation": 270, "texture": "#2"}
			}
		},
		{
			"from": [3.12475, 15.37475, 7.35],
			"to": [6.22475, 16.87475, 8.35],
			"shade": false,
			"rotation": {"angle": 0, "axis": "y", "origin": [5.22475, 16.87475, 7.85]},
			"faces": {
				"north": {"uv": [12.3125, 4.75, 12.5625, 5.125], "texture": "#2"},
				"east": {"uv": [12.1875, 4.75, 12.3125, 5.125], "rotation": 180, "texture": "#2"},
				"south": {"uv": [12.3125, 5.125, 12.5625, 4.75], "rotation": 180, "texture": "#2"},
				"west": {"uv": [12.5625, 4.75, 12.6875, 5.125], "rotation": 180, "texture": "#2"},
				"up": {"uv": [12.3125, 4.25, 12.4375, 4.75], "rotation": 270, "texture": "#2"},
				"down": {"uv": [12.4375, 4.25, 12.5625, 4.75], "rotation": 270, "texture": "#2"}
			}
		},
		{
			"from": [6.23475, 15.38475, 7.36],
			"to": [9.21475, 16.86475, 8.34],
			"shade": false,
			"rotation": {"angle": -22.5, "axis": "z", "origin": [6.22475, 16.87475, 7.85]},
			"faces": {
				"north": {"uv": [12.875, 4.75, 13.25, 5.125], "texture": "#2"},
				"east": {"uv": [12.75, 4.75, 12.875, 5.125], "rotation": 180, "texture": "#2"},
				"south": {"uv": [12.875, 5.125, 13.25, 4.75], "rotation": 180, "texture": "#2"},
				"west": {"uv": [13.25, 4.75, 13.375, 5.125], "rotation": 180, "texture": "#2"},
				"up": {"uv": [12.9375, 4, 13.0625, 4.75], "rotation": 270, "texture": "#2"},
				"down": {"uv": [13.0625, 4, 13.1875, 4.75], "rotation": 270, "texture": "#2"}
			}
		},
		{
			"from": [8.41453, 14.37948, 7.37],
			"to": [9.42519, 15.39014, 8.32],
			"shade": false,
			"rotation": {"angle": 22.5, "axis": "z", "origin": [8.45519, 14.42014, 7.85]},
			"faces": {
				"north": {"uv": [13.5625, 4.875, 13.75, 5.125], "texture": "#2"},
				"east": {"uv": [13.4375, 4.875, 13.5625, 5.125], "rotation": 180, "texture": "#2"},
				"south": {"uv": [13.5625, 5.125, 13.75, 4.875], "rotation": 180, "texture": "#2"},
				"west": {"uv": [13.75, 4.875, 13.875, 5.125], "rotation": 180, "texture": "#2"},
				"up": {"uv": [13.6875, 4.875, 13.5625, 4.5], "rotation": 270, "texture": "#2"},
				"down": {"uv": [13.8125, 4.5, 13.6875, 4.875], "rotation": 270, "texture": "#2"}
			}
		}
	],
	"display": {
		"thirdperson_righthand": {
			"rotation": [-45, 90, 55],
			"translation": [0, 6.75, 3],
			"scale": [0.85, 0.85, 0.85]
		},
		"thirdperson_lefthand": {
			"rotation": [-3, -90, 0],
			"translation": [0, 7.75, 1.25],
			"scale": [0.85, 0.85, 0.85]
		},
		"firstperson_righthand": {
			"rotation": [-37, 83, 25],
			"translation": [1.13, 5.95, -0.87],
			"scale": [0.55, 0.55, 0.55]
		},
		"firstperson_lefthand": {
			"rotation": [-41, -101, -25],
			"translation": [-0.12, 4.7, 0.63],
			"scale": [0.59, 0.59, 0.59]
		},
		"ground": {
			"rotation": [-45, 0, 0],
			"translation": [0, 4.5, -2.25],
			"scale": [0.33, 0.33, 0.33]
		},
		"gui": {
			"rotation": [0, -180, 45],
			"translation": [0.25, 0.25, -0.5],
			"scale": [0.5, 0.5, 0.5]
		},
		"fixed": {
			"rotation": [0, 0, 45],
			"translation": [-0.5, 0.5, -0.5],
			"scale": [0.6, 0.6, 0.6]
		}
	},
	"groups": [
		{
			"name": "group",
			"origin": [0.64038, 15.31625, 7.79151],
			"color": 0,
			"children": [0, 1, 2, 3, 4, 5, 6, 7, 8, 9, 10, 11, 12, 13, 14, 15, 16, 17, 18, 19, 20, 21, 22, 23, 24, 25, 26, 27, 28, 29, 30, 31, 32, 33, 34, 35, 36, 37, 38, 39, 40, 41, 42, 43]
		}
	]
}