{
	"credit": "Made with Blockbench",
	"texture_size": [256, 128],
	"textures": {
		"2": "item/toucanupdate/banana_shield"
	},
	"elements": [
		{
			"name": "hexadecagon",
			"from": [7.30653, 16, 7.85],
			"to": [8.69347, 17, 8.65],
			"rotation": {"angle": -45, "axis": "z", "origin": [8, 11, 8]},
			"faces": {
				"north": {"uv": [12, 4.75, 11.875, 5], "rotation": 180, "texture": "#2"},
				"east": {"uv": [11.875, 3.5, 12, 3.75], "rotation": 270, "texture": "#2"},
				"south": {"uv": [12, 4.5, 11.875, 4.25], "texture": "#2"},
				"west": {"uv": [11.875, 4, 12, 4.25], "rotation": 90, "texture": "#2"},
				"up": {"uv": [11.875, 2.75, 12, 3], "rotation": 180, "texture": "#2"},
				"down": {"uv": [11.875, 3.75, 12, 4], "texture": "#2"}
			}
		},
		{
			"name": "hexadecagon",
			"from": [7.30653, 16, 7.85],
			"to": [8.69347, 17, 8.65],
			"rotation": {"angle": -22.5, "axis": "z", "origin": [8, 11, 8]},
			"faces": {
				"north": {"uv": [12, 6.25, 11.875, 6.5], "rotation": 180, "texture": "#2"},
				"east": {"uv": [11.875, 5.25, 12, 5.5], "rotation": 270, "texture": "#2"},
				"south": {"uv": [12, 6.25, 11.875, 6], "texture": "#2"},
				"west": {"uv": [11.875, 5.75, 12, 6], "rotation": 90, "texture": "#2"},
				"up": {"uv": [11.875, 5, 12, 5.25], "rotation": 180, "texture": "#2"},
				"down": {"uv": [11.875, 5.5, 12, 5.75], "texture": "#2"}
			}
		},
		{
			"name": "hexadecagon",
			"from": [7.30653, 16, 7.85],
			"to": [8.69347, 17, 8.65],
			"rotation": {"angle": 0, "axis": "y", "origin": [0, 19, 0]},
			"faces": {
				"north": {"uv": [8.375, 8, 8.25, 8.25], "rotation": 180, "texture": "#2"},
				"east": {"uv": [11.875, 7, 12, 7.25], "rotation": 270, "texture": "#2"},
				"south": {"uv": [8.25, 8.25, 8.125, 8], "texture": "#2"},
				"west": {"uv": [8, 8, 8.125, 8.25], "rotation": 90, "texture": "#2"},
				"up": {"uv": [11.875, 6.5, 12, 6.75], "rotation": 180, "texture": "#2"},
				"down": {"uv": [11.875, 7.25, 12, 7.5], "texture": "#2"}
			}
		},
		{
			"name": "hexadecagon",
			"from": [7.30653, 16, 7.85],
			"to": [8.69347, 17, 8.65],
			"rotation": {"angle": 22.5, "axis": "z", "origin": [8, 11, 8]},
			"faces": {
				"north": {"uv": [9.375, 8, 9.25, 8.25], "rotation": 180, "texture": "#2"},
				"east": {"uv": [8.5, 8, 8.625, 8.25], "rotation": 270, "texture": "#2"},
				"south": {"uv": [9, 8.25, 8.875, 8], "texture": "#2"},
				"west": {"uv": [8.75, 8, 8.875, 8.25], "rotation": 90, "texture": "#2"},
				"up": {"uv": [8.375, 8, 8.5, 8.25], "rotation": 180, "texture": "#2"},
				"down": {"uv": [8.625, 8, 8.75, 8.25], "texture": "#2"}
			}
		},
		{
			"name": "hexadecagon",
			"from": [7.30653, 16, 7.85],
			"to": [8.69347, 17, 8.65],
			"rotation": {"angle": 45, "axis": "z", "origin": [8, 11, 8]},
			"faces": {
				"north": {"uv": [10.125, 8, 10, 8.25], "rotation": 180, "texture": "#2"},
				"east": {"uv": [9.5, 8, 9.625, 8.25], "rotation": 270, "texture": "#2"},
				"south": {"uv": [10, 8.25, 9.875, 8], "texture": "#2"},
				"west": {"uv": [9.75, 8, 9.875, 8.25], "rotation": 90, "texture": "#2"},
				"up": {"uv": [9.375, 8, 9.5, 8.25], "rotation": 180, "texture": "#2"},
				"down": {"uv": [9.625, 8, 9.75, 8.25], "texture": "#2"}
			}
		},
		{
			"name": "hexadecagon",
			"from": [7.30653, 5, 7.85],
			"to": [8.69347, 6, 8.65],
			"rotation": {"angle": -45, "axis": "z", "origin": [8, 11, 8]},
			"faces": {
				"north": {"uv": [10.875, 8, 10.75, 8.25], "rotation": 180, "texture": "#2"},
				"east": {"uv": [10.25, 8, 10.375, 8.25], "rotation": 270, "texture": "#2"},
				"south": {"uv": [10.75, 8.25, 10.625, 8], "texture": "#2"},
				"west": {"uv": [10.5, 8, 10.625, 8.25], "rotation": 90, "texture": "#2"},
				"up": {"uv": [10.125, 8, 10.25, 8.25], "rotation": 180, "texture": "#2"},
				"down": {"uv": [10.375, 8, 10.5, 8.25], "texture": "#2"}
			}
		},
		{
			"name": "hexadecagon",
			"from": [7.30653, 5, 7.85],
			"to": [8.69347, 6, 8.65],
			"rotation": {"angle": -22.5, "axis": "z", "origin": [8, 11, 8]},
			"faces": {
				"north": {"uv": [11.625, 8, 11.5, 8.25], "rotation": 180, "texture": "#2"},
				"east": {"uv": [11, 8, 11.125, 8.25], "rotation": 270, "texture": "#2"},
				"south": {"uv": [11.5, 8.25, 11.375, 8], "texture": "#2"},
				"west": {"uv": [11.25, 8, 11.375, 8.25], "rotation": 90, "texture": "#2"},
				"up": {"uv": [10.875, 8, 11, 8.25], "rotation": 180, "texture": "#2"},
				"down": {"uv": [11.125, 8, 11.25, 8.25], "texture": "#2"}
			}
		},
		{
			"name": "hexadecagon",
			"from": [7.30653, 5, 7.85],
			"to": [8.69347, 6, 8.65],
			"rotation": {"angle": 0, "axis": "y", "origin": [0, 19, 0]},
			"faces": {
				"north": {"uv": [12.125, 0.25, 12, 0.5], "rotation": 180, "texture": "#2"},
				"east": {"uv": [11.75, 8, 11.875, 8.25], "rotation": 270, "texture": "#2"},
				"south": {"uv": [12.125, 0.25, 12, 0], "texture": "#2"},
				"west": {"uv": [12, 8, 12.125, 8.25], "rotation": 90, "texture": "#2"},
				"up": {"uv": [11.625, 8, 11.75, 8.25], "rotation": 180, "texture": "#2"},
				"down": {"uv": [11.875, 8, 12, 8.25], "texture": "#2"}
			}
		},
		{
			"name": "hexadecagon",
			"from": [7.30653, 5, 7.85],
			"to": [8.69347, 6, 8.65],
			"rotation": {"angle": 22.5, "axis": "z", "origin": [8, 11, 8]},
			"faces": {
				"north": {"uv": [12.125, 3, 12, 3.25], "rotation": 180, "texture": "#2"},
				"east": {"uv": [12, 1.75, 12.125, 2], "rotation": 270, "texture": "#2"},
				"south": {"uv": [12.125, 3, 12, 2.75], "texture": "#2"},
				"west": {"uv": [12, 2.5, 12.125, 2.75], "rotation": 90, "texture": "#2"},
				"up": {"uv": [12, 1.5, 12.125, 1.75], "rotation": 180, "texture": "#2"},
				"down": {"uv": [12, 2.25, 12.125, 2.5], "texture": "#2"}
			}
		},
		{
			"name": "hexadecagon",
			"from": [7.30653, 5, 7.85],
			"to": [8.69347, 6, 8.65],
			"rotation": {"angle": 45, "axis": "z", "origin": [8, 11, 8]},
			"faces": {
				"north": {"uv": [12.125, 4.5, 12, 4.75], "rotation": 180, "texture": "#2"},
				"east": {"uv": [12, 3.5, 12.125, 3.75], "rotation": 270, "texture": "#2"},
				"south": {"uv": [12.125, 4.5, 12, 4.25], "texture": "#2"},
				"west": {"uv": [12, 4, 12.125, 4.25], "rotation": 90, "texture": "#2"},
				"up": {"uv": [12, 3.25, 12.125, 3.5], "rotation": 180, "texture": "#2"},
				"down": {"uv": [12, 3.75, 12.125, 4], "texture": "#2"}
			}
		},
		{
			"name": "hexadecagon",
			"from": [2, 10.30653, 7.85],
			"to": [3, 11.69347, 8.65],
			"rotation": {"angle": -22.5, "axis": "z", "origin": [8, 11, 8]},
			"faces": {
				"north": {"uv": [12.125, 6, 12, 6.25], "rotation": 180, "texture": "#2"},
				"east": {"uv": [12, 5, 12.125, 5.25], "rotation": 270, "texture": "#2"},
				"south": {"uv": [12.125, 6, 12, 5.75], "texture": "#2"},
				"west": {"uv": [12, 5.5, 12.125, 5.75], "rotation": 90, "texture": "#2"},
				"up": {"uv": [12, 4.75, 12.125, 5], "rotation": 180, "texture": "#2"},
				"down": {"uv": [12, 5.25, 12.125, 5.5], "texture": "#2"}
			}
		},
		{
			"name": "hexadecagon",
			"from": [2, 10.30653, 7.85],
			"to": [3, 11.69347, 8.65],
			"rotation": {"angle": 0, "axis": "y", "origin": [0, 19, 0]},
			"faces": {
				"north": {"uv": [12.125, 7.5, 12, 7.75], "rotation": 180, "texture": "#2"},
				"east": {"uv": [12, 6.5, 12.125, 6.75], "rotation": 270, "texture": "#2"},
				"south": {"uv": [12.125, 7.5, 12, 7.25], "texture": "#2"},
				"west": {"uv": [12, 7, 12.125, 7.25], "rotation": 90, "texture": "#2"},
				"up": {"uv": [12, 6.25, 12.125, 6.5], "rotation": 180, "texture": "#2"},
				"down": {"uv": [12, 6.75, 12.125, 7], "texture": "#2"}
			}
		},
		{
			"name": "hexadecagon",
			"from": [2, 10.30653, 7.85],
			"to": [3, 11.69347, 8.65],
			"rotation": {"angle": 22.5, "axis": "z", "origin": [8, 11, 8]},
			"faces": {
				"north": {"uv": [8.625, 8.25, 8.5, 8.5], "rotation": 180, "texture": "#2"},
				"east": {"uv": [8, 8.25, 8.125, 8.5], "rotation": 270, "texture": "#2"},
				"south": {"uv": [8.5, 8.5, 8.375, 8.25], "texture": "#2"},
				"west": {"uv": [8.25, 8.25, 8.375, 8.5], "rotation": 90, "texture": "#2"},
				"up": {"uv": [12, 7.75, 12.125, 8], "rotation": 180, "texture": "#2"},
				"down": {"uv": [8.125, 8.25, 8.25, 8.5], "texture": "#2"}
			}
		},
		{
			"name": "hexadecagon",
			"from": [13, 10.30653, 7.85],
			"to": [14, 11.69347, 8.65],
			"rotation": {"angle": -22.5, "axis": "z", "origin": [8, 11, 8]},
			"faces": {
				"north": {"uv": [9.375, 8.25, 9.25, 8.5], "rotation": 180, "texture": "#2"},
				"east": {"uv": [8.75, 8.25, 8.875, 8.5], "rotation": 270, "texture": "#2"},
				"south": {"uv": [9.25, 8.5, 9.125, 8.25], "texture": "#2"},
				"west": {"uv": [9, 8.25, 9.125, 8.5], "rotation": 90, "texture": "#2"},
				"up": {"uv": [8.625, 8.25, 8.75, 8.5], "rotation": 180, "texture": "#2"},
				"down": {"uv": [8.875, 8.25, 9, 8.5], "texture": "#2"}
			}
		},
		{
			"name": "hexadecagon",
			"from": [13, 10.30653, 7.85],
			"to": [14, 11.69347, 8.65],
			"rotation": {"angle": 0, "axis": "y", "origin": [0, 19, 0]},
			"faces": {
				"north": {"uv": [10.125, 8.25, 10, 8.5], "rotation": 180, "texture": "#2"},
				"east": {"uv": [9.5, 8.25, 9.625, 8.5], "rotation": 270, "texture": "#2"},
				"south": {"uv": [10, 8.5, 9.875, 8.25], "texture": "#2"},
				"west": {"uv": [9.75, 8.25, 9.875, 8.5], "rotation": 90, "texture": "#2"},
				"up": {"uv": [9.375, 8.25, 9.5, 8.5], "rotation": 180, "texture": "#2"},
				"down": {"uv": [9.625, 8.25, 9.75, 8.5], "texture": "#2"}
			}
		},
		{
			"name": "hexadecagon",
			"from": [13, 10.30653, 7.85],
			"to": [14, 11.69347, 8.65],
			"rotation": {"angle": 22.5, "axis": "z", "origin": [8, 11, 8]},
			"faces": {
				"north": {"uv": [10.875, 8.25, 10.75, 8.5], "rotation": 180, "texture": "#2"},
				"east": {"uv": [10.25, 8.25, 10.375, 8.5], "rotation": 270, "texture": "#2"},
				"south": {"uv": [10.75, 8.5, 10.625, 8.25], "texture": "#2"},
				"west": {"uv": [10.5, 8.25, 10.625, 8.5], "rotation": 90, "texture": "#2"},
				"up": {"uv": [10.125, 8.25, 10.25, 8.5], "rotation": 180, "texture": "#2"},
				"down": {"uv": [10.375, 8.25, 10.5, 8.5], "texture": "#2"}
			}
		},
		{
			"name": "hexadecagon",
			"from": [6.60761, 17, 7.25],
			"to": [9.39239, 18, 8.75],
			"rotation": {"angle": -45, "axis": "z", "origin": [8, 11, 8]},
			"faces": {
				"north": {"uv": [11.625, 5, 11.25, 5.25], "rotation": 180, "texture": "#2"},
				"east": {"uv": [8.25, 0, 8.375, 0.5], "rotation": 270, "texture": "#2"},
				"south": {"uv": [11.625, 5, 11.25, 4.75], "texture": "#2"},
				"west": {"uv": [8.375, 0, 8.5, 0.5], "rotation": 90, "texture": "#2"},
				"up": {"uv": [8.75, 1, 9.125, 1.5], "rotation": 180, "texture": "#2"},
				"down": {"uv": [9, 1.5, 9.375, 2], "texture": "#2"}
			}
		},
		{
			"name": "hexadecagon",
			"from": [6.60761, 17, 7.275],
			"to": [9.39239, 18, 8.725],
			"rotation": {"angle": -22.5, "axis": "z", "origin": [8, 11, 8]},
			"faces": {
				"north": {"uv": [11.375, 6.75, 11, 7], "rotation": 180, "texture": "#2"},
				"east": {"uv": [10.875, 8.25, 11, 8.5], "rotation": 270, "texture": "#2"},
				"south": {"uv": [11.625, 6, 11.25, 5.75], "texture": "#2"},
				"west": {"uv": [11, 8.25, 11.125, 8.5], "rotation": 90, "texture": "#2"},
				"up": {"uv": [11.25, 5.25, 11.625, 5.5], "rotation": 180, "texture": "#2"},
				"down": {"uv": [11.25, 5.5, 11.625, 5.75], "texture": "#2"}
			}
		},
		{
			"name": "hexadecagon",
			"from": [6.60761, 17, 7.25],
			"to": [9.39239, 18, 8.75],
			"rotation": {"angle": 0, "axis": "y", "origin": [0, 19, 0]},
			"faces": {
				"north": {"uv": [11.75, 0.25, 11.375, 0.5], "rotation": 180, "texture": "#2"},
				"east": {"uv": [9.25, 2, 9.375, 2.5], "rotation": 270, "texture": "#2"},
				"south": {"uv": [11.75, 7, 11.375, 6.75], "texture": "#2"},
				"west": {"uv": [8.5, 4, 8.625, 4.5], "rotation": 90, "texture": "#2"},
				"up": {"uv": [9.125, 1, 9.5, 1.5], "rotation": 180, "texture": "#2"},
				"down": {"uv": [8.5, 4.5, 8.875, 5], "texture": "#2"}
			}
		},
		{
			"name": "hexadecagon",
			"from": [6.60761, 17, 7.275],
			"to": [9.39239, 18, 8.725],
			"rotation": {"angle": 22.5, "axis": "z", "origin": [8, 11, 8]},
			"faces": {
				"north": {"uv": [11.75, 1.75, 11.375, 2], "rotation": 180, "texture": "#2"},
				"east": {"uv": [11.125, 8.25, 11.25, 8.5], "rotation": 270, "texture": "#2"},
				"south": {"uv": [11.75, 1.25, 11.375, 1], "texture": "#2"},
				"west": {"uv": [11.25, 8.25, 11.375, 8.5], "rotation": 90, "texture": "#2"},
				"up": {"uv": [11.375, 0.5, 11.75, 0.75], "rotation": 180, "texture": "#2"},
				"down": {"uv": [11.375, 0.75, 11.75, 1], "texture": "#2"}
			}
		},
		{
			"name": "hexadecagon",
			"from": [6.60761, 17, 7.25],
			"to": [9.39239, 18, 8.75],
			"rotation": {"angle": 45, "axis": "z", "origin": [8, 11, 8]},
			"faces": {
				"north": {"uv": [11.75, 2.25, 11.375, 2.5], "rotation": 180, "texture": "#2"},
				"east": {"uv": [8.625, 4, 8.75, 4.5], "rotation": 270, "texture": "#2"},
				"south": {"uv": [11.75, 2.25, 11.375, 2], "texture": "#2"},
				"west": {"uv": [8.875, 4.5, 9, 5], "rotation": 90, "texture": "#2"},
				"up": {"uv": [8.5, 5, 8.875, 5.5], "rotation": 180, "texture": "#2"},
				"down": {"uv": [8.875, 5, 9.25, 5.5], "texture": "#2"}
			}
		},
		{
			"name": "hexadecagon",
			"from": [6.60761, 4, 7.25],
			"to": [9.39239, 5, 8.75],
			"rotation": {"angle": -45, "axis": "z", "origin": [8, 11, 8]},
			"faces": {
				"north": {"uv": [11.75, 2.75, 11.375, 3], "rotation": 180, "texture": "#2"},
				"east": {"uv": [9.25, 5.5, 9.375, 6], "rotation": 270, "texture": "#2"},
				"south": {"uv": [11.75, 2.75, 11.375, 2.5], "texture": "#2"},
				"west": {"uv": [9.375, 5.5, 9.5, 6], "rotation": 90, "texture": "#2"},
				"up": {"uv": [8.5, 5.5, 8.875, 6], "rotation": 180, "texture": "#2"},
				"down": {"uv": [8.875, 5.5, 9.25, 6], "texture": "#2"}
			}
		},
		{
			"name": "hexadecagon",
			"from": [6.60761, 4, 7.275],
			"to": [9.39239, 5, 8.725],
			"rotation": {"angle": -22.5, "axis": "z", "origin": [8, 11, 8]},
			"faces": {
				"north": {"uv": [8.375, 7, 8, 7.25], "rotation": 180, "texture": "#2"},
				"east": {"uv": [11.375, 8.25, 11.5, 8.5], "rotation": 270, "texture": "#2"},
				"south": {"uv": [11.75, 3.75, 11.375, 3.5], "texture": "#2"},
				"west": {"uv": [11.5, 8.25, 11.625, 8.5], "rotation": 90, "texture": "#2"},
				"up": {"uv": [11.375, 3, 11.75, 3.25], "rotation": 180, "texture": "#2"},
				"down": {"uv": [11.375, 3.25, 11.75, 3.5], "texture": "#2"}
			}
		},
		{
			"name": "hexadecagon",
			"from": [6.60761, 4, 7.25],
			"to": [9.39239, 5, 8.75],
			"rotation": {"angle": 0, "axis": "y", "origin": [0, 19, 0]},
			"faces": {
				"north": {"uv": [9.125, 7, 8.75, 7.25], "rotation": 180, "texture": "#2"},
				"east": {"uv": [8, 6, 8.125, 6.5], "rotation": 270, "texture": "#2"},
				"south": {"uv": [8.75, 7.25, 8.375, 7], "texture": "#2"},
				"west": {"uv": [8.125, 6, 8.25, 6.5], "rotation": 90, "texture": "#2"},
				"up": {"uv": [8, 6.5, 8.375, 7], "rotation": 180, "texture": "#2"},
				"down": {"uv": [8.375, 6.5, 8.75, 7], "texture": "#2"}
			}
		},
		{
			"name": "hexadecagon",
			"from": [6.60761, 4, 7.275],
			"to": [9.39239, 5, 8.725],
			"rotation": {"angle": 22.5, "axis": "z", "origin": [8, 11, 8]},
			"faces": {
				"north": {"uv": [10.625, 7, 10.25, 7.25], "rotation": 180, "texture": "#2"},
				"east": {"uv": [11.625, 8.25, 11.75, 8.5], "rotation": 270, "texture": "#2"},
				"south": {"uv": [10.25, 7.25, 9.875, 7], "texture": "#2"},
				"west": {"uv": [11.75, 8.25, 11.875, 8.5], "rotation": 90, "texture": "#2"},
				"up": {"uv": [9.125, 7, 9.5, 7.25], "rotation": 180, "texture": "#2"},
				"down": {"uv": [9.5, 7, 9.875, 7.25], "texture": "#2"}
			}
		},
		{
			"name": "hexadecagon",
			"from": [6.60761, 4, 7.25],
			"to": [9.39239, 5, 8.75],
			"rotation": {"angle": 45, "axis": "z", "origin": [8, 11, 8]},
			"faces": {
				"north": {"uv": [11.375, 7, 11, 7.25], "rotation": 180, "texture": "#2"},
				"east": {"uv": [11, 7.25, 11.125, 7.75], "rotation": 270, "texture": "#2"},
				"south": {"uv": [11, 7.25, 10.625, 7], "texture": "#2"},
				"west": {"uv": [11.125, 7.25, 11.25, 7.75], "rotation": 90, "texture": "#2"},
				"up": {"uv": [8.75, 6.5, 9.125, 7], "rotation": 180, "texture": "#2"},
				"down": {"uv": [9.125, 6.5, 9.5, 7], "texture": "#2"}
			}
		},
		{
			"name": "hexadecagon",
			"from": [1, 9.60761, 7.275],
			"to": [2, 12.39239, 8.725],
			"rotation": {"angle": -22.5, "axis": "z", "origin": [8, 11, 8]},
			"faces": {
				"north": {"uv": [8.25, 7.25, 8.125, 8], "rotation": 180, "texture": "#2"},
				"east": {"uv": [11.375, 7, 11.75, 7.25], "rotation": 270, "texture": "#2"},
				"south": {"uv": [8.125, 8, 8, 7.25], "texture": "#2"},
				"west": {"uv": [11.5, 6, 11.875, 6.25], "rotation": 90, "texture": "#2"},
				"up": {"uv": [11.875, 8.25, 12, 8.5], "rotation": 180, "texture": "#2"},
				"down": {"uv": [12, 8.25, 12.125, 8.5], "texture": "#2"}
			}
		},
		{
			"name": "hexadecagon",
			"from": [1, 9.60761, 7.25],
			"to": [2, 12.39239, 8.75],
			"rotation": {"angle": 0, "axis": "y", "origin": [0, 19, 0]},
			"faces": {
				"north": {"uv": [8.5, 7.25, 8.375, 8], "rotation": 180, "texture": "#2"},
				"east": {"uv": [9.5, 6.5, 9.875, 7], "rotation": 270, "texture": "#2"},
				"south": {"uv": [8.375, 8, 8.25, 7.25], "texture": "#2"},
				"west": {"uv": [9.875, 6.5, 10.25, 7], "rotation": 90, "texture": "#2"},
				"up": {"uv": [11.25, 7.25, 11.375, 7.75], "rotation": 180, "texture": "#2"},
				"down": {"uv": [11.375, 7.25, 11.5, 7.75], "texture": "#2"}
			}
		},
		{
			"name": "hexadecagon",
			"from": [1, 9.60761, 7.275],
			"to": [2, 12.39239, 8.725],
			"rotation": {"angle": 22.5, "axis": "z", "origin": [8, 11, 8]},
			"faces": {
				"north": {"uv": [8.75, 7.25, 8.625, 8], "rotation": 180, "texture": "#2"},
				"east": {"uv": [11.5, 6.25, 11.875, 6.5], "rotation": 270, "texture": "#2"},
				"south": {"uv": [8.625, 8, 8.5, 7.25], "texture": "#2"},
				"west": {"uv": [11.5, 6.5, 11.875, 6.75], "rotation": 90, "texture": "#2"},
				"up": {"uv": [12.125, 8.25, 12.25, 8.5], "rotation": 180, "texture": "#2"},
				"down": {"uv": [12.125, 0, 12.25, 0.25], "texture": "#2"}
			}
		},
		{
			"name": "hexadecagon",
			"from": [14, 9.60761, 7.275],
			"to": [15, 12.39239, 8.725],
			"rotation": {"angle": -22.5, "axis": "z", "origin": [8, 11, 8]},
			"faces": {
				"north": {"uv": [9.75, 7.25, 9.625, 8], "rotation": 180, "texture": "#2"},
				"east": {"uv": [8.75, 7.25, 9.125, 7.5], "rotation": 270, "texture": "#2"},
				"south": {"uv": [9.625, 8, 9.5, 7.25], "texture": "#2"},
				"west": {"uv": [9.125, 7.25, 9.5, 7.5], "rotation": 90, "texture": "#2"},
				"up": {"uv": [12.125, 0.25, 12.25, 0.5], "rotation": 180, "texture": "#2"},
				"down": {"uv": [12.125, 0.5, 12.25, 0.75], "texture": "#2"}
			}
		},
		{
			"name": "hexadecagon",
			"from": [14, 9.60761, 7.25],
			"to": [15, 12.39239, 8.75],
			"rotation": {"angle": 0, "axis": "y", "origin": [0, 19, 0]},
			"faces": {
				"north": {"uv": [10, 7.25, 9.875, 8], "rotation": 180, "texture": "#2"},
				"east": {"uv": [10.25, 6.5, 10.625, 7], "rotation": 270, "texture": "#2"},
				"south": {"uv": [9.875, 8, 9.75, 7.25], "texture": "#2"},
				"west": {"uv": [10.625, 6.5, 11, 7], "rotation": 90, "texture": "#2"},
				"up": {"uv": [11.5, 7.25, 11.625, 7.75], "rotation": 180, "texture": "#2"},
				"down": {"uv": [11.625, 7.25, 11.75, 7.75], "texture": "#2"}
			}
		},
		{
			"name": "hexadecagon",
			"from": [14, 9.60761, 7.275],
			"to": [15, 12.39239, 8.725],
			"rotation": {"angle": 22.5, "axis": "z", "origin": [8, 11, 8]},
			"faces": {
				"north": {"uv": [11, 7.25, 10.875, 8], "rotation": 180, "texture": "#2"},
				"east": {"uv": [10, 7.25, 10.375, 7.5], "rotation": 270, "texture": "#2"},
				"south": {"uv": [10.875, 8, 10.75, 7.25], "texture": "#2"},
				"west": {"uv": [10.375, 7.25, 10.75, 7.5], "rotation": 90, "texture": "#2"},
				"up": {"uv": [12.125, 0.75, 12.25, 1], "rotation": 180, "texture": "#2"},
				"down": {"uv": [12.125, 1, 12.25, 1.25], "texture": "#2"}
			}
		},
		{
			"name": "hexadecagon",
			"from": [6.80653, 5, 7.475],
			"to": [9.19347, 17, 8.55],
			"rotation": {"angle": -45, "axis": "z", "origin": [8, 11, 8]},
			"faces": {
				"north": {"uv": [8.5, 0.5, 8.25, 3.5], "rotation": 180, "texture": "#2"},
				"east": {"uv": [9.75, 2.5, 11.25, 2.75], "rotation": 270, "texture": "#2"},
				"south": {"uv": [8.25, 3, 8, 0], "texture": "#2"},
				"west": {"uv": [9.75, 2.75, 11.25, 3], "rotation": 90, "texture": "#2"},
				"up": {"uv": [11.625, 4.75, 11.875, 5], "rotation": 180, "texture": "#2"},
				"down": {"uv": [11.625, 5, 11.875, 5.25], "texture": "#2"}
			}
		},
		{
			"name": "hexadecagon",
			"from": [6.80653, 5, 7.525],
			"to": [9.19347, 17, 8.45],
			"rotation": {"angle": -22.5, "axis": "z", "origin": [8, 11, 8]},
			"faces": {
				"north": {"uv": [9, 1.5, 8.75, 4.5], "rotation": 180, "texture": "#2"},
				"east": {"uv": [9.75, 3, 11.25, 3.25], "rotation": 270, "texture": "#2"},
				"south": {"uv": [8.75, 4, 8.5, 1], "texture": "#2"},
				"west": {"uv": [9.75, 3.25, 11.25, 3.5], "rotation": 90, "texture": "#2"},
				"up": {"uv": [10, 7.5, 10.25, 7.75], "rotation": 180, "texture": "#2"},
				"down": {"uv": [10.25, 7.5, 10.5, 7.75], "texture": "#2"}
			}
		},
		{
			"name": "hexadecagon",
			"from": [6.80653, 5, 7.5],
			"to": [9.19347, 17, 8.5],
			"rotation": {"angle": 0, "axis": "y", "origin": [0, 19, 0]},
			"faces": {
				"north": {"uv": [9.5, 2.5, 9.25, 5.5], "rotation": 180, "texture": "#2"},
				"east": {"uv": [9.75, 4, 11.25, 4.25], "rotation": 270, "texture": "#2"},
				"south": {"uv": [9.25, 5, 9, 2], "texture": "#2"},
				"west": {"uv": [9.75, 4.25, 11.25, 4.5], "rotation": 90, "texture": "#2"},
				"up": {"uv": [10.5, 7.5, 10.75, 7.75], "rotation": 180, "texture": "#2"},
				"down": {"uv": [11.75, 7.5, 12, 7.75], "texture": "#2"}
			}
		},
		{
			"name": "hexadecagon",
			"from": [9.30653, 9, 6.5],
			"to": [10.69347, 13, 6.75],
			"rotation": {"angle": 0, "axis": "y", "origin": [9.5, 11, 7]},
			"faces": {
				"north": {"uv": [11.375, 0.25, 11.25, 1.25], "rotation": 180, "texture": "#2"},
				"east": {"uv": [11, 6.5, 11.5, 6.75], "rotation": 270, "texture": "#2"},
				"south": {"uv": [9.5, 2.5, 9.375, 1.5], "texture": "#2"},
				"west": {"uv": [11.25, 0, 11.75, 0.25], "rotation": 90, "texture": "#2"},
				"up": {"uv": [12.125, 5.25, 12.25, 5.5], "rotation": 180, "texture": "#2"},
				"down": {"uv": [12.125, 5.5, 12.25, 5.75], "texture": "#2"}
			}
		},
		{
			"name": "hexadecagon",
			"from": [5.30653, 9, 6.5],
			"to": [6.69347, 13, 6.75],
			"rotation": {"angle": 0, "axis": "y", "origin": [6.5, 11, 7]},
			"faces": {
				"north": {"uv": [11.375, 2.75, 11.25, 3.75], "rotation": 180, "texture": "#2"},
				"east": {"uv": [11.25, 1.25, 11.75, 1.5], "rotation": 270, "texture": "#2"},
				"south": {"uv": [11.375, 2.75, 11.25, 1.75], "texture": "#2"},
				"west": {"uv": [11.25, 1.5, 11.75, 1.75], "rotation": 90, "texture": "#2"},
				"up": {"uv": [12.125, 5.75, 12.25, 6], "rotation": 180, "texture": "#2"},
				"down": {"uv": [12.125, 6, 12.25, 6.25], "texture": "#2"}
			}
		},
		{
			"name": "hexadecagon",
			"from": [9.33153, 12.65, 6.35],
			"to": [10.66847, 14.65, 6.6],
			"rotation": {"angle": 45, "axis": "x", "origin": [9.5, 12.65, 6.85]},
			"faces": {
				"north": {"uv": [11.875, 1, 11.75, 1.5], "rotation": 180, "texture": "#2"},
				"east": {"uv": [11.75, 0, 12, 0.25], "rotation": 270, "texture": "#2"},
				"south": {"uv": [11.875, 1, 11.75, 0.5], "texture": "#2"},
				"west": {"uv": [11.75, 0.25, 12, 0.5], "rotation": 90, "texture": "#2"},
				"up": {"uv": [12.125, 6.25, 12.25, 6.5], "rotation": 180, "texture": "#2"},
				"down": {"uv": [12.125, 6.5, 12.25, 6.75], "texture": "#2"}
			}
		},
		{
			"name": "hexadecagon",
			"from": [5.33153, 12.65, 6.35],
			"to": [6.66847, 14.65, 6.6],
			"rotation": {"angle": 45, "axis": "x", "origin": [6.5, 12.65, 6.85]},
			"faces": {
				"north": {"uv": [11.875, 2.5, 11.75, 3], "rotation": 180, "texture": "#2"},
				"east": {"uv": [11.75, 1.5, 12, 1.75], "rotation": 270, "texture": "#2"},
				"south": {"uv": [11.875, 2.5, 11.75, 2], "texture": "#2"},
				"west": {"uv": [11.75, 1.75, 12, 2], "rotation": 90, "texture": "#2"},
				"up": {"uv": [12.125, 6.75, 12.25, 7], "rotation": 180, "texture": "#2"},
				"down": {"uv": [12.125, 7, 12.25, 7.25], "texture": "#2"}
			}
		},
		{
			"name": "hexadecagon",
			"from": [9.33153, 7.35, 6.35],
			"to": [10.66847, 9.35, 6.6],
			"rotation": {"angle": -45, "axis": "x", "origin": [9.5, 9.35, 6.85]},
			"faces": {
				"north": {"uv": [11.875, 4, 11.75, 4.5], "rotation": 180, "texture": "#2"},
				"east": {"uv": [11.75, 3, 12, 3.25], "rotation": 270, "texture": "#2"},
				"south": {"uv": [11.875, 4, 11.75, 3.5], "texture": "#2"},
				"west": {"uv": [11.75, 3.25, 12, 3.5], "rotation": 90, "texture": "#2"},
				"up": {"uv": [12.125, 7.25, 12.25, 7.5], "rotation": 180, "texture": "#2"},
				"down": {"uv": [12.125, 7.5, 12.25, 7.75], "texture": "#2"}
			}
		},
		{
			"name": "hexadecagon",
			"from": [5.33153, 7.35, 6.35],
			"to": [6.66847, 9.35, 6.6],
			"rotation": {"angle": -45, "axis": "x", "origin": [6.5, 9.35, 6.85]},
			"faces": {
				"north": {"uv": [9.125, 7.75, 9, 8.25], "rotation": 180, "texture": "#2"},
				"east": {"uv": [11.75, 4.5, 12, 4.75], "rotation": 270, "texture": "#2"},
				"south": {"uv": [11.875, 7.5, 11.75, 7], "texture": "#2"},
				"west": {"uv": [11.75, 6.75, 12, 7], "rotation": 90, "texture": "#2"},
				"up": {"uv": [12.125, 7.75, 12.25, 8], "rotation": 180, "texture": "#2"},
				"down": {"uv": [12.125, 8, 12.25, 8.25], "texture": "#2"}
			}
		},
		{
			"name": "hexadecagon",
			"from": [6.80653, 5, 7.525],
			"to": [9.19347, 17, 8.45],
			"rotation": {"angle": 22.5, "axis": "z", "origin": [8, 11, 8]},
			"faces": {
				"north": {"uv": [9.75, 3, 9.5, 6], "rotation": 180, "texture": "#2"},
				"east": {"uv": [9.75, 4.5, 11.25, 4.75], "rotation": 270, "texture": "#2"},
				"south": {"uv": [8.25, 6, 8, 3], "texture": "#2"},
				"west": {"uv": [9.75, 4.75, 11.25, 5], "rotation": 90, "texture": "#2"},
				"up": {"uv": [10, 7.75, 10.25, 8], "rotation": 180, "texture": "#2"},
				"down": {"uv": [10.25, 7.75, 10.5, 8], "texture": "#2"}
			}
		},
		{
			"name": "hexadecagon",
			"from": [6.80653, 5, 7.45],
			"to": [9.19347, 17, 8.525],
			"rotation": {"angle": 45, "axis": "z", "origin": [8, 11, 8]},
			"faces": {
				"north": {"uv": [8.5, 3.5, 8.25, 6.5], "rotation": 180, "texture": "#2"},
				"east": {"uv": [9.75, 5, 11.25, 5.25], "rotation": 270, "texture": "#2"},
				"south": {"uv": [9.75, 3, 9.5, 0], "texture": "#2"},
				"west": {"uv": [9.75, 5.25, 11.25, 5.5], "rotation": 90, "texture": "#2"},
				"up": {"uv": [10.5, 7.75, 10.75, 8], "rotation": 180, "texture": "#2"},
				"down": {"uv": [11, 7.75, 11.25, 8], "texture": "#2"}
			}
		},
		{
			"name": "hexadecagon",
			"from": [2, 9.80653, 7.525],
			"to": [14, 12.19347, 8.45],
			"rotation": {"angle": -22.5, "axis": "z", "origin": [8, 11, 8]},
			"faces": {
				"north": {"uv": [11.25, 0, 9.75, 0.5], "rotation": 180, "texture": "#2"},
				"east": {"uv": [11.25, 7.75, 11.5, 8], "rotation": 270, "texture": "#2"},
				"south": {"uv": [11.25, 4, 9.75, 3.5], "texture": "#2"},
				"west": {"uv": [11.5, 7.75, 11.75, 8], "rotation": 90, "texture": "#2"},
				"up": {"uv": [9.75, 5.5, 11.25, 5.75], "rotation": 180, "texture": "#2"},
				"down": {"uv": [9.75, 5.75, 11.25, 6], "texture": "#2"}
			}
		},
		{
			"name": "hexadecagon",
			"from": [2, 9.80653, 7.5],
			"to": [14, 12.19347, 8.5],
			"rotation": {"angle": 0, "axis": "y", "origin": [0, 19, 0]},
			"faces": {
				"north": {"uv": [11.25, 1, 9.75, 1.5], "rotation": 180, "texture": "#2"},
				"east": {"uv": [11.75, 7.75, 12, 8], "rotation": 270, "texture": "#2"},
				"south": {"uv": [11.25, 1, 9.75, 0.5], "texture": "#2"},
				"west": {"uv": [11.875, 0.5, 12.125, 0.75], "rotation": 90, "texture": "#2"},
				"up": {"uv": [8.5, 6, 10, 6.25], "rotation": 180, "texture": "#2"},
				"down": {"uv": [10, 6, 11.5, 6.25], "texture": "#2"}
			}
		},
		{
			"name": "hexadecagon",
			"from": [2, 9.80653, 7.525],
			"to": [14, 12.19347, 8.45],
			"rotation": {"angle": 22.5, "axis": "z", "origin": [8, 11, 8]},
			"faces": {
				"north": {"uv": [11.25, 2, 9.75, 2.5], "rotation": 180, "texture": "#2"},
				"east": {"uv": [11.875, 0.75, 12.125, 1], "rotation": 270, "texture": "#2"},
				"south": {"uv": [11.25, 2, 9.75, 1.5], "texture": "#2"},
				"west": {"uv": [11.875, 1, 12.125, 1.25], "rotation": 90, "texture": "#2"},
				"up": {"uv": [8.5, 6.25, 10, 6.5], "rotation": 180, "texture": "#2"},
				"down": {"uv": [10, 6.25, 11.5, 6.5], "texture": "#2"}
			}
		},
		{
			"from": [4.82037, 10.03392, 7.97636],
			"to": [7.00437, 12.73792, 10.16036],
			"rotation": {"angle": 0, "axis": "y", "origin": [8.075, 11.48783, 9.06836]},
			"faces": {
				"north": {"uv": [3, 5.75, 3.5, 7], "texture": "#2"},
				"east": {"uv": [2, 5.75, 2.5, 7], "texture": "#2"},
				"south": {"uv": [2.5, 5.75, 3, 7], "texture": "#2"},
				"west": {"uv": [0, 6, 0.5, 7.25], "texture": "#2"},
				"up": {"uv": [1, 8.75, 0.5, 7.75], "rotation": 90, "texture": "#2"},
				"down": {"uv": [1.5, 7.75, 1, 8.75], "rotation": 270, "texture": "#2"}
			}
		},
		{
			"from": [7.72472, 8.14358, 8.02836],
			"to": [10.32472, 10.22358, 10.10836],
			"rotation": {"angle": -22.5, "axis": "z", "origin": [8.075, 11.48783, 9.06836]},
			"faces": {
				"north": {"uv": [1.125, 4.5, 1.75, 5.5], "texture": "#2"},
				"east": {"uv": [3.5, 5, 4, 6], "texture": "#2"},
				"south": {"uv": [0.5, 4.5, 1.125, 5.5], "texture": "#2"},
				"west": {"uv": [3, 7, 3.5, 8], "texture": "#2"},
				"up": {"uv": [2.25, 5.75, 1.75, 4.5], "rotation": 90, "texture": "#2"},
				"down": {"uv": [2.75, 4.5, 2.25, 5.75], "rotation": 270, "texture": "#2"}
			}
		},
		{
			"from": [6.58072, 8.16958, 7.92436],
			"to": [9.38872, 10.45758, 10.21236],
			"rotation": {"angle": -45, "axis": "z", "origin": [8.075, 11.48783, 9.06836]},
			"faces": {
				"north": {"uv": [2.625, 1, 3.25, 2], "texture": "#2"},
				"east": {"uv": [3.5, 6, 4, 7], "texture": "#2"},
				"south": {"uv": [2.625, 0, 3.25, 1], "texture": "#2"},
				"west": {"uv": [3.5, 7, 4, 8], "texture": "#2"},
				"up": {"uv": [3.125, 3.25, 2.625, 2], "rotation": 90, "texture": "#2"},
				"down": {"uv": [3.125, 3.25, 2.625, 4.5], "rotation": 270, "texture": "#2"}
			}
		},
		{
			"from": [7.34836, 7.535, 8.28836],
			"to": [9.42836, 9.615, 9.84836],
			"rotation": {"angle": 22.5, "axis": "z", "origin": [8.075, 11.48783, 9.06836]},
			"faces": {
				"north": {"uv": [3.75, 0, 4.25, 1], "texture": "#2"},
				"east": {"uv": [2.5, 8, 2.875, 9], "texture": "#2"},
				"south": {"uv": [0, 7.25, 0.5, 8.25], "texture": "#2"},
				"west": {"uv": [4, 5, 4.375, 6], "texture": "#2"},
				"up": {"uv": [3.25, 9, 2.875, 8], "rotation": 90, "texture": "#2"},
				"down": {"uv": [4.375, 6, 4, 7], "rotation": 270, "texture": "#2"}
			}
		},
		{
			"from": [6.90902, 7.88773, 8.54836],
			"to": [8.98902, 9.44773, 9.58836],
			"rotation": {"angle": 45, "axis": "z", "origin": [8.075, 11.48783, 9.06836]},
			"faces": {
				"north": {"uv": [4, 7, 4.5, 7.75], "texture": "#2"},
				"east": {"uv": [3.25, 5, 3.5, 5.75], "texture": "#2"},
				"south": {"uv": [3.25, 8, 3.75, 8.75], "texture": "#2"},
				"west": {"uv": [4.25, 1, 4.5, 1.75], "texture": "#2"},
				"up": {"uv": [4.375, 8.75, 4.125, 7.75], "rotation": 90, "texture": "#2"},
				"down": {"uv": [4.5, 0, 4.25, 1], "rotation": 270, "texture": "#2"}
			}
		},
		{
			"from": [6.4605, 13.67134, 8.54836],
			"to": [8.0205, 15.23134, 9.58836],
			"rotation": {"angle": 0, "axis": "y", "origin": [7.2405, 14.32134, 9.06836]},
			"faces": {
				"north": {"uv": [0, 8.25, 0.375, 9], "texture": "#2"},
				"east": {"uv": [4.25, 1.75, 4.5, 2.5], "texture": "#2"},
				"south": {"uv": [3.75, 8, 4.125, 8.75], "texture": "#2"},
				"west": {"uv": [4.25, 2.5, 4.5, 3.25], "texture": "#2"},
				"up": {"uv": [4.5, 4, 4.25, 3.25], "rotation": 90, "texture": "#2"},
				"down": {"uv": [4.5, 4, 4.25, 4.75], "rotation": 270, "texture": "#2"}
			}
		},
		{
			"from": [4.74237, 11.12592, 8.02836],
			"to": [6.82237, 13.72592, 10.10836],
			"rotation": {"angle": -22.5, "axis": "z", "origin": [8.075, 11.48783, 9.06836]},
			"faces": {
				"north": {"uv": [1.5, 5.75, 2, 7], "texture": "#2"},
				"east": {"uv": [0.5, 5.5, 1, 6.75], "texture": "#2"},
				"south": {"uv": [1, 5.5, 1.5, 6.75], "texture": "#2"},
				"west": {"uv": [2.75, 4.5, 3.25, 5.75], "texture": "#2"},
				"up": {"uv": [4.25, 2, 3.75, 1], "rotation": 90, "texture": "#2"},
				"down": {"uv": [4.25, 4, 3.75, 5], "rotation": 270, "texture": "#2"}
			}
		}
	],
	"gui_light": "front",
	"display": {
		"thirdperson_righthand": {
			"rotation": [-172, 5, 178],
			"translation": [0, -4.5, -0.5],
			"scale": [0.8, 0.8, 0.8]
		},
		"thirdperson_lefthand": {
			"rotation": [179.72, 23.14, -178.72],
			"translation": [0.5, -5, -0.25],
			"scale": [0.97, 0.97, 0.97]
		},
		"firstperson_righthand": {
			"rotation": [-6, 178, -11],
			"translation": [-0.75, 1.5, 2.25],
			"scale": [0.58, 0.58, 0.58]
		},
		"firstperson_lefthand": {
			"rotation": [0, 180, -13],
			"translation": [-2.5, 3.25, 3.75],
			"scale": [0.52, 0.52, 0.52]
		},
		"ground": {
			"rotation": [-75, 0, 0],
			"translation": [0, 3, 0],
			"scale": [0.97, 0.97, 0.97]
		},
		"gui": {
			"translation": [0, -2.75, 0],
			"scale": [0.94, 0.94, 0.94]
		},
		"fixed": {
			"rotation": [-90, 43, 90],
			"translation": [-1.5, 1, -1.5],
			"scale": [0.6, 0.6, 0.6]
		}
	},
	"groups": [
		{
			"name": "group",
			"origin": [14, 16.5, 14],
			"color": 0,
			"nbt": "{}",
			"armAnimationEnabled": false,
			"children": [
				0,
				1,
				2,
				3,
				4,
				5,
				6,
				7,
				8,
				9,
				10,
				11,
				12,
				13,
				14,
				15,
				16,
				17,
				18,
				19,
				20,
				21,
				22,
				23,
				24,
				25,
				26,
				27,
				28,
				29,
				30,
				31,
				32,
				33,
				34,
				35,
				36,
				37,
				38,
				39,
				40,
				41,
				42,
				43,
				44,
				45,
				46,
				47,
				48,
				49,
				50,
				51,
				52
			]
		}
	]
}