{
	"credit": "Made with Blockbench",
	"ambientocclusion": false,
	"texture_size": [64, 64],
	"textures": {
		"4": "item/legoupdate/gray_lego_staff"
	},
	"elements": [
		{
			"from": [9.0375, -1.8, 1.5625],
			"to": [12.9125, -0.6375, 5.4375],
			"rotation": {"angle": 0, "axis": "y", "origin": [18.85, 16.6625, 17.3]},
			"faces": {
				"north": {"uv": [4, 2.75, 5, 3], "texture": "#4"},
				"east": {"uv": [6, 3.5, 7, 3.75], "texture": "#4"},
				"south": {"uv": [7, 4.75, 8, 5], "texture": "#4"},
				"west": {"uv": [7, 5, 8, 5.25], "texture": "#4"},
				"up": {"uv": [4.75, 5.25, 3.75, 4.25], "texture": "#4"},
				"down": {"uv": [5.75, 4.25, 4.75, 5.25], "texture": "#4"}
			}
		},
		{
			"from": [9.425, 10.2125, 1.95],
			"to": [12.525, 17.9625, 5.05],
			"rotation": {"angle": 0, "axis": "y", "origin": [18.85, -4.2625, 17.3]},
			"faces": {
				"north": {"uv": [3, 3, 3.75, 4.875], "texture": "#4"},
				"east": {"uv": [0, 3.25, 0.75, 5.125], "texture": "#4"},
				"south": {"uv": [0.75, 3.25, 1.5, 5.125], "texture": "#4"},
				"west": {"uv": [1.5, 3.25, 2.25, 5.125], "texture": "#4"},
				"up": {"uv": [7, 0.75, 6.25, 0], "texture": "#4"},
				"down": {"uv": [4, 6.25, 3.25, 7], "texture": "#4"}
			}
		},
		{
			"from": [9.8125, 17.9625, 2.3375],
			"to": [12.1375, 21.0625, 4.6625],
			"rotation": {"angle": 0, "axis": "y", "origin": [18.85, -1.1625, 17.3]},
			"faces": {
				"north": {"uv": [7, 0, 7.625, 0.75], "texture": "#4"},
				"east": {"uv": [4.75, 7, 5.375, 7.75], "texture": "#4"},
				"south": {"uv": [5.5, 7, 6.125, 7.75], "texture": "#4"},
				"west": {"uv": [6.25, 7, 6.875, 7.75], "texture": "#4"},
				"up": {"uv": [7.625, 6.875, 7, 6.25], "texture": "#4"},
				"down": {"uv": [7.625, 7, 7, 7.625], "texture": "#4"}
			}
		},
		{
			"from": [9.8125, -2.1875, 2.3375],
			"to": [12.1375, 10.2125, 4.6625],
			"rotation": {"angle": 0, "axis": "y", "origin": [18.85, -15.1125, 17.3]},
			"faces": {
				"north": {"uv": [0, 0, 0.625, 3.125], "texture": "#4"},
				"east": {"uv": [0.75, 0, 1.375, 3.125], "texture": "#4"},
				"south": {"uv": [1.5, 0, 2.125, 3.125], "texture": "#4"},
				"west": {"uv": [2.25, 0, 2.875, 3.125], "texture": "#4"},
				"up": {"uv": [7.875, 1.375, 7.25, 0.75], "texture": "#4"},
				"down": {"uv": [7.875, 1.5, 7.25, 2.125], "texture": "#4"}
			}
		},
		{
			"from": [8.65, -5.675, 1.175],
			"to": [13.3, -2.1875, 5.825],
			"rotation": {"angle": 0, "axis": "y", "origin": [18.85, 12.7875, 17.3]},
			"faces": {
				"north": {"uv": [4.25, 5.25, 5.375, 6.125], "texture": "#4"},
				"east": {"uv": [5.5, 1, 6.625, 1.875], "texture": "#4"},
				"south": {"uv": [5.5, 5.25, 6.625, 6.125], "texture": "#4"},
				"west": {"uv": [5.75, 3.75, 6.875, 4.625], "texture": "#4"},
				"up": {"uv": [4.875, 4.125, 3.75, 3], "texture": "#4"},
				"down": {"uv": [5.125, 0, 4, 1.125], "texture": "#4"}
			}
		},
		{
			"name": "wand",
			"from": [9.21834, 25, 2.40235],
			"to": [13.21834, 29, 6.40235],
			"rotation": {"angle": 0, "axis": "y", "origin": [8.71834, 0.99255, 3.84673]},
			"faces": {
				"north": {"uv": [2.25, 5, 3.25, 6], "texture": "#4"},
				"east": {"uv": [5, 2.75, 6, 3.75], "texture": "#4"},
				"south": {"uv": [0, 5.25, 1, 6.25], "texture": "#4"},
				"west": {"uv": [5.25, 0, 6.25, 1], "texture": "#4"},
				"up": {"uv": [2, 6.25, 1, 5.25], "texture": "#4"},
				"down": {"uv": [4.25, 5.25, 3.25, 6.25], "texture": "#4"}
			}
		},
		{
			"name": "wand",
			"from": [9.21834, 18.60632, 11.23606],
			"to": [13.21834, 21.60632, 17.23606],
			"rotation": {"angle": -22.5, "axis": "x", "origin": [8.71834, 0.99255, 3.84673]},
			"faces": {
				"north": {"uv": [5.5, 2, 6.5, 2.75], "texture": "#4"},
				"east": {"uv": [4, 1.25, 5.5, 2], "texture": "#4"},
				"south": {"uv": [6, 2.75, 7, 3.5], "texture": "#4"},
				"west": {"uv": [4, 2, 5.5, 2.75], "texture": "#4"},
				"up": {"uv": [4, 1.5, 3, 0], "texture": "#4"},
				"down": {"uv": [4, 1.5, 3, 3], "texture": "#4"}
			}
		},
		{
			"name": "wand",
			"from": [9.71834, 15.29751, 15.85903],
			"to": [12.71834, 18.29751, 18.85903],
			"rotation": {"angle": -45, "axis": "x", "origin": [8.71834, 0.99255, 3.84673]},
			"faces": {
				"north": {"uv": [4, 6.25, 4.75, 7], "texture": "#4"},
				"east": {"uv": [4.75, 6.25, 5.5, 7], "texture": "#4"},
				"south": {"uv": [5.5, 6.25, 6.25, 7], "texture": "#4"},
				"west": {"uv": [6.25, 6.25, 7, 7], "texture": "#4"},
				"up": {"uv": [7.25, 2.75, 6.5, 2], "texture": "#4"},
				"down": {"uv": [0.75, 6.75, 0, 7.5], "texture": "#4"}
			}
		},
		{
			"name": "wand",
			"from": [10.21834, 18.29751, 16.85903],
			"to": [12.21834, 20.29751, 18.85903],
			"rotation": {"angle": -45, "axis": "x", "origin": [8.71834, 0.99255, 3.84673]},
			"faces": {
				"north": {"uv": [2.25, 7.25, 2.75, 7.75], "texture": "#4"},
				"east": {"uv": [7.25, 2.25, 7.75, 2.75], "texture": "#4"},
				"south": {"uv": [2.75, 7.25, 3.25, 7.75], "texture": "#4"},
				"west": {"uv": [7.25, 5.25, 7.75, 5.75], "texture": "#4"},
				"up": {"uv": [7.75, 6.25, 7.25, 5.75], "texture": "#4"},
				"down": {"uv": [0.5, 7.5, 0, 8], "texture": "#4"}
			}
		},
		{
			"name": "wand",
			"from": [10.71834, 20.29751, 17.85903],
			"to": [11.71834, 21.29751, 18.85903],
			"rotation": {"angle": -45, "axis": "x", "origin": [8.71834, 0.99255, 3.84673]},
			"faces": {
				"north": {"uv": [3.25, 5, 3.5, 5.25], "texture": "#4"},
				"east": {"uv": [3.5, 5, 3.75, 5.25], "texture": "#4"},
				"south": {"uv": [5.25, 1, 5.5, 1.25], "texture": "#4"},
				"west": {"uv": [2, 5.75, 2.25, 6], "texture": "#4"},
				"up": {"uv": [6.5, 1, 6.25, 0.75], "texture": "#4"},
				"down": {"uv": [6.75, 0.75, 6.5, 1], "texture": "#4"}
			}
		},
		{
			"name": "wand",
			"from": [9.71834, 12.49523, 22.6038],
			"to": [12.71834, 14.49523, 27.6038],
			"rotation": {"angle": -45, "axis": "x", "origin": [8.71834, 0.99255, 3.84673]},
			"faces": {
				"north": {"uv": [2.25, 4.5, 3, 5], "texture": "#4"},
				"east": {"uv": [5.75, 4.75, 7, 5.25], "texture": "#4"},
				"south": {"uv": [5, 3.75, 5.75, 4.25], "texture": "#4"},
				"west": {"uv": [0, 6.25, 1.25, 6.75], "texture": "#4"},
				"up": {"uv": [3, 4.5, 2.25, 3.25], "texture": "#4"},
				"down": {"uv": [2.75, 6, 2, 7.25], "texture": "#4"}
			}
		},
		{
			"name": "wand",
			"from": [10.21834, 25, 10.5119],
			"to": [12.21834, 29, 12.5119],
			"rotation": {"angle": 0, "axis": "y", "origin": [8.71834, 0.99255, 3.84673]},
			"faces": {
				"north": {"uv": [0.75, 6.75, 1.25, 7.75], "texture": "#4"},
				"east": {"uv": [6.75, 0.75, 7.25, 1.75], "texture": "#4"},
				"south": {"uv": [6.75, 5.25, 7.25, 6.25], "texture": "#4"},
				"west": {"uv": [7, 2.75, 7.5, 3.75], "texture": "#4"},
				"up": {"uv": [1.75, 8, 1.25, 7.5], "texture": "#4"},
				"down": {"uv": [8, 2.75, 7.5, 3.25], "texture": "#4"}
			}
		},
		{
			"name": "wand",
			"from": [10.21834, 23.40659, 20.92425],
			"to": [12.21834, 27.40659, 22.92425],
			"rotation": {"angle": -22.5, "axis": "x", "origin": [8.71834, -0.00745, 3.84673]},
			"faces": {
				"north": {"uv": [3.25, 7, 3.75, 8], "texture": "#4"},
				"east": {"uv": [3.75, 7, 4.25, 8], "texture": "#4"},
				"south": {"uv": [7, 3.75, 7.5, 4.75], "texture": "#4"},
				"west": {"uv": [4.25, 7, 4.75, 8], "texture": "#4"},
				"up": {"uv": [8, 3.75, 7.5, 3.25], "texture": "#4"},
				"down": {"uv": [8, 3.75, 7.5, 4.25], "texture": "#4"}
			}
		},
		{
			"name": "wand",
			"from": [10.71834, 18.01917, 29.96296],
			"to": [11.71834, 23.01917, 31.96296],
			"rotation": {"angle": -45, "axis": "x", "origin": [8.71834, -0.00745, 3.84673]},
			"faces": {
				"north": {"uv": [1.75, 6.25, 2, 7.5], "texture": "#4"},
				"east": {"uv": [2.75, 6, 3.25, 7.25], "texture": "#4"},
				"south": {"uv": [2, 7.25, 2.25, 8.5], "texture": "#4"},
				"west": {"uv": [1.25, 6.25, 1.75, 7.5], "texture": "#4"},
				"up": {"uv": [2.25, 5.75, 2, 5.25], "texture": "#4"},
				"down": {"uv": [0.75, 7.5, 0.5, 8], "texture": "#4"}
			}
		}
	],
	"gui_light": "front",
	"display": {
		"thirdperson_righthand": {
			"rotation": [-17, 0, 0],
			"translation": [-1.25, 0.75, 4],
			"scale": [0.6, 0.6, 0.6]
		},
		"thirdperson_lefthand": {
			"translation": [1.5, 1, 4.25],
			"scale": [0.6, 0.6, 0.6]
		},
		"firstperson_righthand": {
			"rotation": [0, 9, 0],
			"translation": [0.25, 1, -1],
			"scale": [0.4, 0.4, 0.4]
		},
		"firstperson_lefthand": {
			"rotation": [0, 9, 0],
			"translation": [2.5, 0.25, 0],
			"scale": [0.4, 0.4, 0.4]
		},
		"ground": {
			"rotation": [53.9, -6.04, -11.86],
			"scale": [0.4, 0.4, 0.4]
		},
		"gui": {
			"rotation": [88.41, -50.47, 88.82],
			"translation": [0.5, -2.75, 2],
			"scale": [0.4, 0.4, 0.4]
		},
		"head": {
			"rotation": [0, 0, 53],
			"translation": [-2, -14.25, 5.25]
		},
		"fixed": {
			"rotation": [88.41, -50.47, 88.82],
			"translation": [-3.5, 0, 2],
			"scale": [0.6, 0.6, 0.6]
		}
	},
	"groups": [
		{
			"name": "group",
			"origin": [18.85, 12.7875, 17.3],
			"color": 0,
			"nbt": "{}",
			"armAnimationEnabled": false,
			"children": [0, 1, 2, 3, 4]
		},
		5,
		6,
		7,
		8,
		9,
		10,
		11,
		12,
		13
	]
}