{
	"credit": "Made with Blockbench",
	"ambientocclusion": false,
	"texture_size": [32, 32],
	"textures": {
		"2": "item/legoupdate/green_lego_hoe"
	},
	"elements": [
		{
			"from": [7.5, 20.7, 3.225],
			"to": [8.5, 24.7, 9.225],
			"rotation": {"angle": 0, "axis": "y", "origin": [0, -2.3, 0.225]},
			"faces": {
				"north": {"uv": [5, 12.5, 5.5, 14.5], "texture": "#2"},
				"east": {"uv": [6, 0, 9, 2], "texture": "#2"},
				"south": {"uv": [5.5, 12.5, 6, 14.5], "texture": "#2"},
				"west": {"uv": [6, 2, 9, 4], "texture": "#2"},
				"up": {"uv": [13, 6, 12.5, 3], "texture": "#2"},
				"down": {"uv": [5, 12.5, 4.5, 15.5], "texture": "#2"}
			}
		},
		{
			"from": [7.525, 19.32151, 2.29485],
			"to": [8.475, 23.32151, 4.29485],
			"rotation": {"angle": -22.5, "axis": "x", "origin": [8, 21.32151, 0.29485]},
			"faces": {
				"north": {"uv": [6, 12.5, 6.5, 14.5], "texture": "#2"},
				"east": {"uv": [10.5, 11, 11.5, 13], "texture": "#2"},
				"south": {"uv": [6.5, 12.5, 7, 14.5], "texture": "#2"},
				"west": {"uv": [11.5, 1.5, 12.5, 3.5], "texture": "#2"},
				"up": {"uv": [6.5, 11, 6, 10], "texture": "#2"},
				"down": {"uv": [13.5, 5.5, 13, 6.5], "texture": "#2"}
			}
		},
		{
			"from": [7.525, 19.82151, -0.70515],
			"to": [8.475, 22.82151, 2.29485],
			"rotation": {"angle": -22.5, "axis": "x", "origin": [8, 21.32151, 0.29485]},
			"faces": {
				"north": {"uv": [10, 12.5, 10.5, 14], "texture": "#2"},
				"east": {"uv": [4.5, 6.5, 6, 8], "texture": "#2"},
				"south": {"uv": [2, 13, 2.5, 14.5], "texture": "#2"},
				"west": {"uv": [3, 10.5, 4.5, 12], "texture": "#2"},
				"up": {"uv": [3, 14.5, 2.5, 13], "texture": "#2"},
				"down": {"uv": [13.5, 4, 13, 5.5], "texture": "#2"}
			}
		},
		{
			"from": [7.525, 19.57151, -2.70515],
			"to": [8.475, 21.57151, -0.70515],
			"rotation": {"angle": -22.5, "axis": "x", "origin": [8, 21.32151, 0.29485]},
			"faces": {
				"north": {"uv": [13, 6.5, 13.5, 7.5], "texture": "#2"},
				"east": {"uv": [6.5, 8, 7.5, 9], "texture": "#2"},
				"south": {"uv": [13, 7.5, 13.5, 8.5], "texture": "#2"},
				"west": {"uv": [7, 12.5, 8, 13.5], "texture": "#2"},
				"up": {"uv": [8.5, 14, 8, 13], "texture": "#2"},
				"down": {"uv": [9, 13, 8.5, 14], "texture": "#2"}
			}
		},
		{
			"from": [7.525, 19.32151, -4.70515],
			"to": [8.475, 20.32151, -2.70515],
			"rotation": {"angle": -22.5, "axis": "x", "origin": [8, 21.32151, 0.29485]},
			"faces": {
				"north": {"uv": [11, 1.5, 11.5, 2], "texture": "#2"},
				"east": {"uv": [10, 8.5, 11, 9], "texture": "#2"},
				"south": {"uv": [11, 8.5, 11.5, 9], "texture": "#2"},
				"west": {"uv": [11.5, 3.5, 12.5, 4], "texture": "#2"},
				"up": {"uv": [13.5, 9.5, 13, 8.5], "texture": "#2"},
				"down": {"uv": [9.5, 13, 9, 14], "texture": "#2"}
			}
		},
		{
			"from": [6.5, 20.2, 8.725],
			"to": [9.5, 25.2, 11.725],
			"rotation": {"angle": 0, "axis": "y", "origin": [0, -2.3, 0.225]},
			"faces": {
				"north": {"uv": [4.5, 10, 6, 12.5], "texture": "#2"},
				"east": {"uv": [10, 6, 11.5, 8.5], "texture": "#2"},
				"south": {"uv": [0, 10.5, 1.5, 13], "texture": "#2"},
				"west": {"uv": [1.5, 10.5, 3, 13], "texture": "#2"},
				"up": {"uv": [12.5, 1.5, 11, 0], "texture": "#2"},
				"down": {"uv": [7.5, 11, 6, 12.5], "texture": "#2"}
			}
		},
		{
			"from": [6.0625, -1.025, 8.2625],
			"to": [9.9375, 0.1375, 12.1375],
			"rotation": {"angle": 0, "axis": "y", "origin": [18.85, 16.6625, 17.3]},
			"faces": {
				"north": {"uv": [8, 12.5, 10, 13], "texture": "#2"},
				"east": {"uv": [0, 13, 2, 13.5], "texture": "#2"},
				"south": {"uv": [13, 3, 15, 3.5], "texture": "#2"},
				"west": {"uv": [13, 3.5, 15, 4], "texture": "#2"},
				"up": {"uv": [6.5, 10, 4.5, 8], "texture": "#2"},
				"down": {"uv": [11, 0, 9, 2], "texture": "#2"}
			}
		},
		{
			"from": [6.45, 10.9875, 8.65],
			"to": [9.55, 18.7375, 11.75],
			"rotation": {"angle": 0, "axis": "y", "origin": [18.85, -4.2625, 17.3]},
			"faces": {
				"north": {"uv": [6, 4, 7.5, 7.75], "texture": "#2"},
				"east": {"uv": [0, 6.5, 1.5, 10.25], "texture": "#2"},
				"south": {"uv": [1.5, 6.5, 3, 10.25], "texture": "#2"},
				"west": {"uv": [3, 6.5, 4.5, 10.25], "texture": "#2"},
				"up": {"uv": [9, 12.5, 7.5, 11], "texture": "#2"},
				"down": {"uv": [10.5, 11, 9, 12.5], "texture": "#2"}
			}
		},
		{
			"from": [6.8375, 18.7375, 9.0375],
			"to": [9.1625, 21.8375, 11.3625],
			"rotation": {"angle": 0, "axis": "y", "origin": [18.85, -1.1625, 17.3]},
			"faces": {
				"north": {"uv": [11.5, 6, 12.75, 7.5], "texture": "#2"},
				"east": {"uv": [11.5, 7.5, 12.75, 9], "texture": "#2"},
				"south": {"uv": [11.5, 9, 12.75, 10.5], "texture": "#2"},
				"west": {"uv": [11.5, 10.5, 12.75, 12], "texture": "#2"},
				"up": {"uv": [4.25, 13.25, 3, 12], "texture": "#2"},
				"down": {"uv": [12.75, 12, 11.5, 13.25], "texture": "#2"}
			}
		},
		{
			"from": [6.8375, -1.4125, 9.0375],
			"to": [9.1625, 10.9875, 11.3625],
			"rotation": {"angle": 0, "axis": "y", "origin": [18.85, -15.1125, 17.3]},
			"faces": {
				"north": {"uv": [0, 0, 1.25, 6.25], "texture": "#2"},
				"east": {"uv": [1.5, 0, 2.75, 6.25], "texture": "#2"},
				"south": {"uv": [3, 0, 4.25, 6.25], "texture": "#2"},
				"west": {"uv": [4.5, 0, 5.75, 6.25], "texture": "#2"},
				"up": {"uv": [13.75, 1.25, 12.5, 0], "texture": "#2"},
				"down": {"uv": [13.75, 1.5, 12.5, 2.75], "texture": "#2"}
			}
		},
		{
			"from": [5.675, -4.9, 7.875],
			"to": [10.325, -1.4125, 12.525],
			"rotation": {"angle": 0, "axis": "y", "origin": [18.85, 12.7875, 17.3]},
			"faces": {
				"north": {"uv": [9, 2, 11.25, 3.75], "texture": "#2"},
				"east": {"uv": [6.5, 9, 8.75, 10.75], "texture": "#2"},
				"south": {"uv": [9, 9, 11.25, 10.75], "texture": "#2"},
				"west": {"uv": [10, 4, 12.25, 5.75], "texture": "#2"},
				"up": {"uv": [9.75, 6.25, 7.5, 4], "texture": "#2"},
				"down": {"uv": [9.75, 6.5, 7.5, 8.75], "texture": "#2"}
			}
		}
	],
	"gui_light": "front",
	"display": {
		"thirdperson_righthand": {
			"translation": [0, 0.75, 1],
			"scale": [0.63, 0.63, 0.63]
		},
		"thirdperson_lefthand": {
			"translation": [0, 0.75, 1],
			"scale": [0.63, 0.63, 0.63]
		},
		"firstperson_righthand": {
			"rotation": [-28, 0, 0],
			"translation": [5, 2.75, -3.5],
			"scale": [0.63, 0.63, 0.63]
		},
		"firstperson_lefthand": {
			"rotation": [-28, 0, 0],
			"translation": [5, 2.75, -3.5],
			"scale": [0.63, 0.63, 0.63]
		},
		"ground": {
			"translation": [0, 3.5, 0],
			"scale": [0.55, 0.55, 0.55]
		},
		"gui": {
			"rotation": [90, -129, 90],
			"translation": [-1.5, -1.75, 0],
			"scale": [0.55, 0.55, 0.55]
		},
		"head": {
			"translation": [0, -8.75, 0]
		},
		"fixed": {
			"rotation": [-90, 137, 90],
			"translation": [-2.25, -1.25, 0.5],
			"scale": [0.66, 0.66, 0.66]
		}
	},
	"groups": [
		{
			"name": "group",
			"origin": [0, 0, 20],
			"color": 0,
			"nbt": "{}",
			"armAnimationEnabled": false,
			"children": [0, 1, 2, 3, 4, 5]
		},
		{
			"name": "group",
			"origin": [18.85, 12.7875, 17.3],
			"color": 0,
			"nbt": "{}",
			"armAnimationEnabled": false,
			"children": [6, 7, 8, 9, 10]
		}
	]
}