{
	"credit": "Made with Blockbench",
	"texture_size": [64, 64],
	"textures": {
		"6": "item/legoupdate/red_lego_bow3"
	},
	"elements": [
		{
			"from": [7, 0, 3],
			"to": [9, 11, 5],
			"rotation": {"angle": 0, "axis": "y", "origin": [8, 5.5, 4]},
			"faces": {
				"north": {"uv": [0, 0, 0.5, 2.75], "texture": "#6"},
				"east": {"uv": [0.5, 0, 1, 2.75], "texture": "#6"},
				"south": {"uv": [1, 0, 1.5, 2.75], "texture": "#6"},
				"west": {"uv": [1.5, 0, 2, 2.75], "texture": "#6"},
				"up": {"uv": [2.5, 4.25, 2, 3.75], "texture": "#6"},
				"down": {"uv": [5, 0.75, 4.5, 1.25], "texture": "#6"}
			}
		},
		{
			"from": [7.5, 0.65957, 7.29609],
			"to": [8.5, 1.65957, 14.29609],
			"rotation": {"angle": 22.5, "axis": "x", "origin": [8, 0.30135, 3.02864]},
			"faces": {
				"north": {"uv": [4.25, 0.75, 4.5, 1], "texture": "#6"},
				"east": {"uv": [4, 1.5, 5.75, 1.75], "texture": "#6"},
				"south": {"uv": [4.75, 4, 5, 4.25], "texture": "#6"},
				"west": {"uv": [4, 1.75, 5.75, 2], "texture": "#6"},
				"up": {"uv": [1.25, 5.5, 1, 3.75], "texture": "#6"},
				"down": {"uv": [1.5, 3.75, 1.25, 5.5], "texture": "#6"}
			}
		},
		{
			"from": [7.5, 9.34043, 7.29609],
			"to": [8.5, 10.34043, 14.29609],
			"rotation": {"angle": -22.5, "axis": "x", "origin": [8, 10.69865, 3.02864]},
			"faces": {
				"north": {"uv": [5.5, 3, 5.75, 3.25], "texture": "#6"},
				"east": {"uv": [4, 2, 5.75, 2.25], "texture": "#6"},
				"south": {"uv": [5.5, 4, 5.75, 4.25], "texture": "#6"},
				"west": {"uv": [4, 2.25, 5.75, 2.5], "texture": "#6"},
				"up": {"uv": [1.75, 5.5, 1.5, 3.75], "texture": "#6"},
				"down": {"uv": [2, 3.75, 1.75, 5.5], "texture": "#6"}
			}
		},
		{
			"from": [7.525, -12.58865, 7.59534],
			"to": [8.475, -9.58865, 8.59534],
			"rotation": {"angle": -45, "axis": "x", "origin": [8, 0.30135, 3.02864]},
			"faces": {
				"north": {"uv": [4.5, 4.75, 4.75, 5.5], "texture": "#6"},
				"east": {"uv": [4.75, 4.75, 5, 5.5], "texture": "#6"},
				"south": {"uv": [5, 0, 5.25, 0.75], "texture": "#6"},
				"west": {"uv": [5, 0.75, 5.25, 1.5], "texture": "#6"},
				"up": {"uv": [5.75, 4.5, 5.5, 4.25], "texture": "#6"},
				"down": {"uv": [4.75, 5.5, 4.5, 5.75], "texture": "#6"}
			}
		},
		{
			"from": [7.55, -7.877, 15.0795],
			"to": [8.45, -4.877, 16.0795],
			"rotation": {"angle": 0, "axis": "y", "origin": [8, 0.30135, 3.02864]},
			"faces": {
				"north": {"uv": [5, 2.5, 5.25, 3.25], "texture": "#6"},
				"east": {"uv": [3.5, 5, 3.75, 5.75], "texture": "#6"},
				"south": {"uv": [3.75, 5, 4, 5.75], "texture": "#6"},
				"west": {"uv": [5, 4, 5.25, 4.75], "texture": "#6"},
				"up": {"uv": [5.75, 4.75, 5.5, 4.5], "texture": "#6"},
				"down": {"uv": [5, 5.5, 4.75, 5.75], "texture": "#6"}
			}
		},
		{
			"from": [7.575, -12.24881, 8.95634],
			"to": [8.425, -11.24881, 11.95634],
			"rotation": {"angle": -22.5, "axis": "x", "origin": [8, 0.30135, 3.02864]},
			"faces": {
				"north": {"uv": [5.5, 5, 5.75, 5.25], "texture": "#6"},
				"east": {"uv": [5, 3.25, 5.75, 3.5], "texture": "#6"},
				"south": {"uv": [5.5, 5.25, 5.75, 5.5], "texture": "#6"},
				"west": {"uv": [5, 4.75, 5.75, 5], "texture": "#6"},
				"up": {"uv": [5.25, 5.75, 5, 5], "texture": "#6"},
				"down": {"uv": [5.5, 0, 5.25, 0.75], "texture": "#6"}
			}
		},
		{
			"from": [7.525, 20.58865, 7.59534],
			"to": [8.475, 23.58865, 8.59534],
			"rotation": {"angle": 45, "axis": "x", "origin": [8, 10.69865, 3.02864]},
			"faces": {
				"north": {"uv": [0.5, 5.25, 0.75, 6], "texture": "#6"},
				"east": {"uv": [0.75, 5.25, 1, 6], "texture": "#6"},
				"south": {"uv": [5.25, 0.75, 5.5, 1.5], "texture": "#6"},
				"west": {"uv": [2, 5.25, 2.25, 6], "texture": "#6"},
				"up": {"uv": [5.75, 5.75, 5.5, 5.5], "texture": "#6"},
				"down": {"uv": [6, 1.5, 5.75, 1.75], "texture": "#6"}
			}
		},
		{
			"from": [7.55, 15.877, 15.0795],
			"to": [8.45, 18.877, 16.0795],
			"rotation": {"angle": 0, "axis": "y", "origin": [8, 10.69865, 3.02864]},
			"faces": {
				"north": {"uv": [2.25, 5.25, 2.5, 6], "texture": "#6"},
				"east": {"uv": [2.5, 5.25, 2.75, 6], "texture": "#6"},
				"south": {"uv": [5.25, 2.5, 5.5, 3.25], "texture": "#6"},
				"west": {"uv": [2.75, 5.25, 3, 6], "texture": "#6"},
				"up": {"uv": [6, 2, 5.75, 1.75], "texture": "#6"},
				"down": {"uv": [6, 2, 5.75, 2.25], "texture": "#6"}
			}
		},
		{
			"from": [7.575, 22.24881, 8.95634],
			"to": [8.425, 23.24881, 11.95634],
			"rotation": {"angle": 22.5, "axis": "x", "origin": [8, 10.69865, 3.02864]},
			"faces": {
				"north": {"uv": [5.75, 2.25, 6, 2.5], "texture": "#6"},
				"east": {"uv": [5.25, 3.5, 6, 3.75], "texture": "#6"},
				"south": {"uv": [3, 5.75, 3.25, 6], "texture": "#6"},
				"west": {"uv": [5.25, 3.75, 6, 4], "texture": "#6"},
				"up": {"uv": [4.25, 6, 4, 5.25], "texture": "#6"},
				"down": {"uv": [5.5, 4, 5.25, 4.75], "texture": "#6"}
			}
		},
		{
			"from": [8, -5.58865, 15.09534],
			"to": [8, 16.41135, 15.59534],
			"rotation": {"angle": 0, "axis": "y", "origin": [7.5, -11.6773, 8.09534]},
			"faces": {
				"north": {"uv": [0, 0, 0, 5.5], "texture": "#6"},
				"east": {"uv": [0, 2.75, 0.125, 8.25], "texture": "#6"},
				"south": {"uv": [0, 0, 0, 5.5], "texture": "#6"},
				"west": {"uv": [0.25, 2.75, 0.375, 8.25], "texture": "#6"},
				"up": {"uv": [0, 0.125, 0, 0], "texture": "#6"},
				"down": {"uv": [0, 0, 0, 0.125], "texture": "#6"}
			}
		},
		{
			"from": [7.025, 0.15957, 3.29609],
			"to": [8.975, 2.15957, 7.29609],
			"rotation": {"angle": 22.5, "axis": "x", "origin": [8, 0.30135, 3.02864]},
			"faces": {
				"north": {"uv": [3.5, 4.5, 4, 5], "texture": "#6"},
				"east": {"uv": [0.5, 3.25, 1.5, 3.75], "texture": "#6"},
				"south": {"uv": [0.5, 4.75, 1, 5.25], "texture": "#6"},
				"west": {"uv": [1.5, 3.25, 2.5, 3.75], "texture": "#6"},
				"up": {"uv": [3, 4.25, 2.5, 3.25], "texture": "#6"},
				"down": {"uv": [4, 1.5, 3.5, 2.5], "texture": "#6"}
			}
		},
		{
			"from": [7.025, 8.84043, 3.29609],
			"to": [8.975, 10.84043, 7.29609],
			"rotation": {"angle": -22.5, "axis": "x", "origin": [8, 10.69865, 3.02864]},
			"faces": {
				"north": {"uv": [2, 4.75, 2.5, 5.25], "texture": "#6"},
				"east": {"uv": [3.5, 2.5, 4.5, 3], "texture": "#6"},
				"south": {"uv": [2.5, 4.75, 3, 5.25], "texture": "#6"},
				"west": {"uv": [3.5, 3, 4.5, 3.5], "texture": "#6"},
				"up": {"uv": [4, 4.5, 3.5, 3.5], "texture": "#6"},
				"down": {"uv": [1, 3.75, 0.5, 4.75], "texture": "#6"}
			}
		},
		{
			"from": [7.0445, 5.64671, 2.98045],
			"to": [8.9555, 6.62671, 3.96045],
			"rotation": {"angle": 22.5, "axis": "x", "origin": [8, 5.40171, 2.98045]},
			"faces": {
				"north": {"uv": [4.5, 1.25, 5, 1.5], "texture": "#6"},
				"east": {"uv": [5.75, 3, 6, 3.25], "texture": "#6"},
				"south": {"uv": [5.5, 2.5, 6, 2.75], "texture": "#6"},
				"west": {"uv": [3.25, 5.75, 3.5, 6], "texture": "#6"},
				"up": {"uv": [6, 3, 5.5, 2.75], "texture": "#6"},
				"down": {"uv": [3.5, 5.5, 3, 5.75], "texture": "#6"}
			}
		},
		{
			"from": [6.66125, 3.35344, 18.38469],
			"to": [9.37375, 6.06594, 19.19844],
			"rotation": {"angle": 0, "axis": "y", "origin": [13.9675, 9.70969, 6.835]},
			"faces": {
				"north": {"uv": [4, 3.5, 4.625, 4.125], "texture": "#6"},
				"east": {"uv": [4.25, 5.25, 4.5, 5.875], "texture": "#6"},
				"south": {"uv": [4.25, 0, 4.875, 0.625], "texture": "#6"},
				"west": {"uv": [5.25, 5, 5.5, 5.625], "texture": "#6"},
				"up": {"uv": [6.125, 0.25, 5.5, 0], "texture": "#6"},
				"down": {"uv": [6.125, 0.25, 5.5, 0.5], "texture": "#6"}
			}
		},
		{
			"from": [6.9325, 3.62469, 5.36469],
			"to": [9.1025, 5.79469, 10.78969],
			"rotation": {"angle": 0, "axis": "y", "origin": [13.9675, 9.70969, 6.835]},
			"faces": {
				"north": {"uv": [4.75, 3.5, 5.25, 4], "texture": "#6"},
				"east": {"uv": [0.5, 2.75, 1.875, 3.25], "texture": "#6"},
				"south": {"uv": [4, 4.75, 4.5, 5.25], "texture": "#6"},
				"west": {"uv": [3, 1, 4.375, 1.5], "texture": "#6"},
				"up": {"uv": [3.5, 2.875, 3, 1.5], "texture": "#6"},
				"down": {"uv": [3.5, 3, 3, 4.375], "texture": "#6"}
			}
		},
		{
			"from": [7.20375, 3.89594, 1.74469],
			"to": [8.83125, 5.52344, 5.36469],
			"rotation": {"angle": 0, "axis": "y", "origin": [13.9675, 9.70969, 6.835]},
			"faces": {
				"north": {"uv": [5.5, 0.5, 5.875, 0.875], "texture": "#6"},
				"east": {"uv": [2, 4.25, 2.875, 4.625], "texture": "#6"},
				"south": {"uv": [1, 5.5, 1.375, 5.875], "texture": "#6"},
				"west": {"uv": [4, 4.25, 4.875, 4.625], "texture": "#6"},
				"up": {"uv": [4.875, 3.375, 4.5, 2.5], "texture": "#6"},
				"down": {"uv": [3.375, 4.5, 3, 5.375], "texture": "#6"}
			}
		},
		{
			"from": [7.20375, 3.89594, 10.78969],
			"to": [8.83125, 5.52344, 19.46969],
			"rotation": {"angle": 0, "axis": "y", "origin": [13.9675, 9.70969, 6.835]},
			"faces": {
				"north": {"uv": [5.5, 1, 5.875, 1.375], "texture": "#6"},
				"east": {"uv": [2, 0, 4.125, 0.375], "texture": "#6"},
				"south": {"uv": [1.5, 5.5, 1.875, 5.875], "texture": "#6"},
				"west": {"uv": [2, 0.5, 4.125, 0.875], "texture": "#6"},
				"up": {"uv": [2.375, 3.125, 2, 1], "texture": "#6"},
				"down": {"uv": [2.875, 1, 2.5, 3.125], "texture": "#6"}
			}
		}
	],
	"gui_light": "front",
	"display": {
		"thirdperson_righthand": {
			"rotation": [-1.25, 0, 0],
			"translation": [-0.75, -0.5, 2.75],
			"scale": [0.88, 0.88, 0.88]
		},
		"thirdperson_lefthand": {
			"rotation": [7.5, 0, 0],
			"translation": [0, 1.5, 2],
			"scale": [0.8, 0.8, 0.8]
		},
		"firstperson_righthand": {
			"rotation": [6.44, -9.18, -168.98],
			"translation": [-1.25, 4.5, 2.25],
			"scale": [0.4, 0.4, 0.4]
		},
		"firstperson_lefthand": {
			"rotation": [0, -6, -177],
			"translation": [-1, 4.5, 2],
			"scale": [0.4, 0.4, 0.4]
		},
		"ground": {
			"translation": [0, 3, 0],
			"scale": [0.4, 0.4, 0.4]
		},
		"gui": {
			"rotation": [39, 72, 145],
			"translation": [-1.25, -0.25, 0],
			"scale": [0.51, 0.51, 0.51]
		},
		"head": {
			"rotation": [0, 0, 53],
			"translation": [-2, -14.25, 5.25]
		},
		"fixed": {
			"translation": [0, -7.5, -1.75]
		}
	},
	"groups": [
		{
			"name": "group",
			"origin": [8, 5.40171, 2.98045],
			"color": 0,
			"nbt": "{}",
			"armAnimationEnabled": false,
			"children": [0, 1, 2, 3, 4, 5, 6, 7, 8, 9, 10, 11, 12]
		},
		{
			"name": "group",
			"origin": [18.85, 12.7875, 17.3],
			"color": 0,
			"nbt": "{}",
			"armAnimationEnabled": false,
			"children": [13, 14, 15, 16]
		}
	]
}