{
	"credit": "Made by PolygonMC",
	"texture_size": [32, 32],
	"textures": {
		"2": "littlepandaset/bow_1"
	},
	"elements": [
		{
			"from": [7.5, 4.625, 4.5],
			"to": [8.5, 5.625, 5.5],
			"rotation": {"angle": 0, "axis": "y", "origin": [6.5, 3.625, 4.5]},
			"faces": {
				"north": {"uv": [7.5, 8, 8, 8.5], "texture": "#2"},
				"east": {"uv": [9.5, 5.5, 10, 6], "texture": "#2"},
				"south": {"uv": [10.5, 5, 11, 5.5], "texture": "#2"},
				"west": {"uv": [11, 10, 11.5, 10.5], "texture": "#2"},
				"up": {"uv": [6, 12.5, 5.5, 12], "texture": "#2"},
				"down": {"uv": [12.5, 7, 12, 7.5], "texture": "#2"}
			}
		},
		{
			"from": [7.5, 6.125, 4.5],
			"to": [8.5, 11.125, 5.5],
			"rotation": {"angle": 0, "axis": "y", "origin": [6.5, 3.625, 4.5]},
			"faces": {
				"north": {"uv": [4, 9, 4.5, 11.5], "texture": "#2"},
				"east": {"uv": [1, 9.5, 1.5, 12], "texture": "#2"},
				"south": {"uv": [1.5, 9.5, 2, 12], "texture": "#2"},
				"west": {"uv": [2, 9.5, 2.5, 12], "texture": "#2"}
			}
		},
		{
			"from": [7.35, 5.625, 4.35],
			"to": [8.65, 6.125, 5.65],
			"rotation": {"angle": 0, "axis": "y", "origin": [6.5, 3.625, 4.5]},
			"faces": {
				"north": {"uv": [12.5, 8, 13.25, 8.25], "texture": "#2"},
				"east": {"uv": [13, 8.5, 13.75, 8.75], "texture": "#2"},
				"south": {"uv": [13, 9, 13.75, 9.25], "texture": "#2"},
				"west": {"uv": [9.5, 13, 10.25, 13.25], "texture": "#2"},
				"up": {"uv": [12.75, 3.75, 12, 3], "texture": "#2"},
				"down": {"uv": [12.75, 4, 12, 4.75], "texture": "#2"}
			}
		},
		{
			"from": [7.35, 10.125, 4.35],
			"to": [8.65, 10.625, 5.65],
			"rotation": {"angle": 0, "axis": "y", "origin": [6.5, 2.625, 4.5]},
			"faces": {
				"north": {"uv": [10.5, 13, 11.25, 13.25], "texture": "#2"},
				"east": {"uv": [11.5, 13, 12.25, 13.25], "texture": "#2"},
				"south": {"uv": [13.5, 2, 14.25, 2.25], "texture": "#2"},
				"west": {"uv": [13.5, 2.5, 14.25, 2.75], "texture": "#2"},
				"up": {"uv": [5.25, 12.75, 4.5, 12], "texture": "#2"},
				"down": {"uv": [12.75, 6, 12, 6.75], "texture": "#2"}
			}
		},
		{
			"from": [7.35, 6.625, 4.35],
			"to": [8.65, 9.625, 5.65],
			"rotation": {"angle": 0, "axis": "y", "origin": [6.5, 3.625, 4.5]},
			"faces": {
				"north": {"uv": [8.5, 2.5, 9.25, 4], "texture": "#2"},
				"east": {"uv": [9.5, 2.5, 10.25, 4], "texture": "#2"},
				"south": {"uv": [9.5, 4, 10.25, 5.5], "texture": "#2"},
				"west": {"uv": [4.5, 9.5, 5.25, 11], "texture": "#2"},
				"up": {"uv": [7.75, 12.75, 7, 12], "texture": "#2"},
				"down": {"uv": [12.75, 8.5, 12, 9.25], "texture": "#2"}
			}
		},
		{
			"from": [7.75, 4.25, 3.25],
			"to": [8.25, 5.75, 4.75],
			"rotation": {"angle": -45, "axis": "x", "origin": [8, 5, 4]},
			"faces": {
				"north": {"uv": [13.5, 5, 13.75, 5.75], "texture": "#2"},
				"east": {"uv": [9.5, 12, 10.25, 12.75], "texture": "#2"},
				"south": {"uv": [5.5, 13.5, 5.75, 14.25], "texture": "#2"},
				"west": {"uv": [10.5, 12, 11.25, 12.75], "texture": "#2"},
				"up": {"uv": [6.25, 14.25, 6, 13.5], "texture": "#2"},
				"down": {"uv": [6.75, 13.5, 6.5, 14.25], "texture": "#2"}
			}
		},
		{
			"from": [7.75, 17.3, 9.95],
			"to": [8.25, 18.8, 11.45],
			"rotation": {"angle": -45, "axis": "x", "origin": [8, 18.05, 10.7]},
			"faces": {
				"north": {"uv": [10.5, 13.5, 10.75, 14.25], "texture": "#2"},
				"east": {"uv": [13, 4, 13.75, 4.75], "texture": "#2"},
				"south": {"uv": [13.5, 10.5, 13.75, 11.25], "texture": "#2"},
				"west": {"uv": [13, 6, 13.75, 6.75], "texture": "#2"},
				"up": {"uv": [11.25, 14.25, 11, 13.5], "texture": "#2"},
				"down": {"uv": [11.75, 13.5, 11.5, 14.25], "texture": "#2"}
			}
		},
		{
			"from": [6, 12.675, 7.675],
			"to": [10, 16.675, 11.675],
			"rotation": {"angle": -22.5, "axis": "y", "origin": [6.75, 15.175, 9.675]},
			"faces": {
				"north": {"uv": [4.5, 0, 6.5, 2], "texture": "#2"},
				"east": {"uv": [4.5, 2, 6.5, 4], "texture": "#2"},
				"south": {"uv": [4.5, 4, 6.5, 6], "texture": "#2"},
				"west": {"uv": [4.5, 6, 6.5, 8], "texture": "#2"},
				"up": {"uv": [8.5, 2, 6.5, 0], "texture": "#2"},
				"down": {"uv": [6.5, 2, 8.5, 4], "texture": "#2"}
			}
		},
		{
			"from": [5, 12.675, 8.675],
			"to": [6, 14.175, 10.675],
			"rotation": {"angle": -22.5, "axis": "y", "origin": [6.75, 15.175, 9.675]},
			"faces": {
				"north": {"uv": [2, 12, 2.5, 12.75], "texture": "#2"},
				"south": {"uv": [6.5, 12.5, 7, 13.25], "texture": "#2"},
				"west": {"uv": [11.5, 2, 12.5, 2.75], "texture": "#2"},
				"up": {"uv": [3, 10.5, 2.5, 9.5], "texture": "#2"},
				"down": {"uv": [3, 10.5, 2.5, 11.5], "texture": "#2"}
			}
		},
		{
			"from": [7.75, 16.175, 6.675],
			"to": [8.25, 17.675, 8.675],
			"rotation": {"angle": -22.5, "axis": "y", "origin": [6.75, 15.175, 9.675]},
			"faces": {
				"north": {"uv": [13.5, 7, 13.75, 7.75], "texture": "#2"},
				"east": {"uv": [11.5, 10, 12.5, 10.75], "texture": "#2"},
				"south": {"uv": [8, 13.5, 8.25, 14.25], "texture": "#2"},
				"west": {"uv": [11.5, 11, 12.5, 11.75], "texture": "#2"},
				"up": {"uv": [9.25, 13.5, 9, 12.5], "texture": "#2"},
				"down": {"uv": [5.25, 13, 5, 14], "texture": "#2"}
			}
		},
		{
			"from": [7.75, 16.175, 10.675],
			"to": [8.25, 17.675, 12.675],
			"rotation": {"angle": -22.5, "axis": "y", "origin": [6.75, 15.175, 9.675]},
			"faces": {
				"north": {"uv": [8.5, 13.5, 8.75, 14.25], "texture": "#2"},
				"east": {"uv": [0, 12, 1, 12.75], "texture": "#2"},
				"south": {"uv": [9, 13.5, 9.25, 14.25], "texture": "#2"},
				"west": {"uv": [1, 12, 2, 12.75], "texture": "#2"},
				"up": {"uv": [7.25, 14, 7, 13], "texture": "#2"},
				"down": {"uv": [7.75, 13, 7.5, 14], "texture": "#2"}
			}
		},
		{
			"from": [7, 2.02024, -0.12608],
			"to": [9, 4.02024, 1.87392],
			"rotation": {"angle": 22.5, "axis": "x", "origin": [8, 4.18274, 0.87392]},
			"faces": {
				"north": {"uv": [10, 5.5, 11, 6.5], "texture": "#2"},
				"east": {"uv": [10, 6.5, 11, 7.5], "texture": "#2"},
				"south": {"uv": [10, 7.5, 11, 8.5], "texture": "#2"},
				"west": {"uv": [10.5, 0, 11.5, 1], "texture": "#2"},
				"up": {"uv": [11.5, 2, 10.5, 1], "texture": "#2"},
				"down": {"uv": [11.5, 2, 10.5, 3], "texture": "#2"}
			}
		},
		{
			"from": [7.3, 4.02024, 0.17392],
			"to": [8.7, 4.52024, 1.57392],
			"rotation": {"angle": 22.5, "axis": "x", "origin": [8, 4.18274, 0.87392]},
			"faces": {
				"north": {"uv": [13.5, 8, 14.25, 8.25], "texture": "#2"},
				"east": {"uv": [9.5, 13.5, 10.25, 13.75], "texture": "#2"},
				"south": {"uv": [13.5, 9.5, 14.25, 9.75], "texture": "#2"},
				"west": {"uv": [13.5, 10, 14.25, 10.25], "texture": "#2"}
			}
		},
		{
			"from": [7.2, 4.52024, 0.07392],
			"to": [8.8, 6.17024, 1.67392],
			"rotation": {"angle": 22.5, "axis": "x", "origin": [8, 4.18274, 0.87392]},
			"faces": {
				"north": {"uv": [11.5, 12, 12.25, 12.75], "texture": "#2"},
				"east": {"uv": [12.5, 2, 13.25, 2.75], "texture": "#2"},
				"south": {"uv": [12.5, 5, 13.25, 5.75], "texture": "#2"},
				"west": {"uv": [5.5, 12.5, 6.25, 13.25], "texture": "#2"},
				"up": {"uv": [13.25, 7.75, 12.5, 7], "texture": "#2"},
				"down": {"uv": [8.75, 12.5, 8, 13.25], "texture": "#2"}
			}
		},
		{
			"from": [7.25, 4.525, 1.35],
			"to": [8.75, 4.555, 4.35],
			"rotation": {"angle": -22.5, "axis": "x", "origin": [8, 4.525, 2.85]},
			"faces": {
				"up": {"uv": [6.25, 11, 5.5, 9.5], "texture": "#2"},
				"down": {"uv": [7.25, 9.5, 6.5, 11], "texture": "#2"}
			}
		},
		{
			"from": [6.5, 9.925, 7.675],
			"to": [9.5, 13.925, 10.675],
			"rotation": {"angle": 22.5, "axis": "x", "origin": [8, 11.8, 8.05]},
			"faces": {
				"north": {"uv": [6.5, 4, 8, 6], "texture": "#2"},
				"east": {"uv": [6.5, 6, 8, 8], "texture": "#2"},
				"south": {"uv": [3, 7, 4.5, 9], "texture": "#2"},
				"west": {"uv": [8, 4, 9.5, 6], "texture": "#2"},
				"up": {"uv": [6, 9.5, 4.5, 8], "texture": "#2"},
				"down": {"uv": [7.5, 8, 6, 9.5], "texture": "#2"}
			}
		},
		{
			"from": [8.75, 12.175, 5.675],
			"to": [10.25, 13.675, 8.175],
			"rotation": {"angle": 22.5, "axis": "x", "origin": [8, 11.8, 8.05]},
			"faces": {
				"north": {"uv": [12.5, 9.5, 13.25, 10.25], "texture": "#2"},
				"east": {"uv": [10.5, 3, 11.75, 3.75], "texture": "#2"},
				"south": {"uv": [12.5, 10.5, 13.25, 11.25], "texture": "#2"},
				"west": {"uv": [10.5, 4, 11.75, 4.75], "texture": "#2"},
				"up": {"uv": [10.25, 11.75, 9.5, 10.5], "texture": "#2"},
				"down": {"uv": [11.25, 10.5, 10.5, 11.75], "texture": "#2"}
			}
		},
		{
			"from": [5.75, 12.175, 5.675],
			"to": [7.25, 13.675, 8.175],
			"rotation": {"angle": 22.5, "axis": "x", "origin": [8, 11.8, 8.05]},
			"faces": {
				"north": {"uv": [12.5, 11.5, 13.25, 12.25], "texture": "#2"},
				"east": {"uv": [4.5, 11, 5.75, 11.75], "texture": "#2"},
				"south": {"uv": [12.5, 12.5, 13.25, 13.25], "texture": "#2"},
				"west": {"uv": [11, 5, 12.25, 5.75], "texture": "#2"},
				"up": {"uv": [6.75, 12.25, 6, 11], "texture": "#2"},
				"down": {"uv": [11.75, 6, 11, 7.25], "texture": "#2"}
			}
		},
		{
			"from": [5.75, 9.925, 5.675],
			"to": [7.25, 11.425, 8.175],
			"rotation": {"angle": 22.5, "axis": "x", "origin": [8, 11.8, 8.05]},
			"faces": {
				"north": {"uv": [0, 13, 0.75, 13.75], "texture": "#2"},
				"east": {"uv": [7, 11, 8.25, 11.75], "texture": "#2"},
				"south": {"uv": [13, 0, 13.75, 0.75], "texture": "#2"},
				"west": {"uv": [11, 7.5, 12.25, 8.25], "texture": "#2"},
				"up": {"uv": [9.25, 12.25, 8.5, 11], "texture": "#2"},
				"down": {"uv": [11.75, 8.5, 11, 9.75], "texture": "#2"}
			}
		},
		{
			"from": [8.75, 9.925, 5.675],
			"to": [10.25, 11.425, 8.175],
			"rotation": {"angle": 22.5, "axis": "x", "origin": [8, 11.8, 8.05]},
			"faces": {
				"north": {"uv": [1, 13, 1.75, 13.75], "texture": "#2"},
				"east": {"uv": [11.5, 0, 12.75, 0.75], "texture": "#2"},
				"south": {"uv": [13, 1, 13.75, 1.75], "texture": "#2"},
				"west": {"uv": [11.5, 1, 12.75, 1.75], "texture": "#2"},
				"up": {"uv": [3.25, 12.75, 2.5, 11.5], "texture": "#2"},
				"down": {"uv": [4.25, 11.5, 3.5, 12.75], "texture": "#2"}
			}
		},
		{
			"from": [7.25, 14.24126, 8.444],
			"to": [8.75, 18.99126, 9.944],
			"rotation": {"angle": 45, "axis": "x", "origin": [8, 17.74126, 9.194]},
			"faces": {
				"north": {"uv": [8, 6, 8.75, 8.5], "texture": "#2"},
				"east": {"uv": [8.5, 0, 9.25, 2.5], "texture": "#2"},
				"south": {"uv": [7.5, 8.5, 8.25, 11], "texture": "#2"},
				"west": {"uv": [8.5, 8.5, 9.25, 11], "texture": "#2"},
				"up": {"uv": [2.75, 13.75, 2, 13], "texture": "#2"},
				"down": {"uv": [3.75, 13, 3, 13.75], "texture": "#2"}
			}
		},
		{
			"from": [7.25, 10.7, 5.175],
			"to": [8.75, 15.7, 6.675],
			"rotation": {"angle": 22.5, "axis": "x", "origin": [8, 13.2, 5.925]},
			"faces": {
				"north": {"uv": [3, 9, 3.75, 11.5], "texture": "#2"},
				"east": {"uv": [9, 6, 9.75, 8.5], "texture": "#2"},
				"south": {"uv": [0, 9.5, 0.75, 12], "texture": "#2"},
				"west": {"uv": [9.5, 0, 10.25, 2.5], "texture": "#2"},
				"up": {"uv": [13.75, 3.75, 13, 3], "texture": "#2"},
				"down": {"uv": [4.75, 13, 4, 13.75], "texture": "#2"}
			}
		},
		{
			"from": [7.985, 13.915, 2.9],
			"to": [8.015, 15.415, 5.9],
			"rotation": {"angle": 45, "axis": "x", "origin": [8, 14.665, 4.4]},
			"faces": {
				"east": {"uv": [9.5, 8.5, 11, 9.25], "texture": "#2"},
				"west": {"uv": [9.5, 9.5, 11, 10.25], "texture": "#2"}
			}
		},
		{
			"from": [8.525, 17.24, 8.885],
			"to": [11.525, 18.74, 8.915],
			"rotation": {"angle": 22.5, "axis": "z", "origin": [10.025, 17.99, 8.9]},
			"faces": {
				"north": {"uv": [9.5, 9.5, 11, 10.25], "texture": "#2"},
				"south": {"uv": [9.5, 8.5, 11, 9.25], "texture": "#2"}
			}
		},
		{
			"from": [7.25, -2.99126, 8.444],
			"to": [8.75, 1.75874, 9.944],
			"rotation": {"angle": -45, "axis": "x", "origin": [8, -1.74126, 9.194]},
			"faces": {
				"north": {"uv": [8, 8.5, 8.75, 6], "texture": "#2"},
				"east": {"uv": [8.5, 2.5, 9.25, 0], "texture": "#2"},
				"south": {"uv": [7.5, 11, 8.25, 8.5], "texture": "#2"},
				"west": {"uv": [8.5, 11, 9.25, 8.5], "texture": "#2"},
				"up": {"uv": [3.75, 13.75, 3, 13], "texture": "#2"},
				"down": {"uv": [2.75, 13, 2, 13.75], "texture": "#2"}
			}
		},
		{
			"from": [7.985, 2.535, 6.425],
			"to": [8.015, 5.535, 7.925],
			"rotation": {"angle": 22.5, "axis": "x", "origin": [8, 4.035, 7.175]},
			"faces": {
				"east": {"uv": [9.5, 9.25, 11, 8.5], "rotation": 270, "texture": "#2"},
				"west": {"uv": [9.5, 10.25, 11, 9.5], "rotation": 90, "texture": "#2"}
			}
		},
		{
			"from": [7.25, 0.3, 5.175],
			"to": [8.75, 5.3, 6.675],
			"rotation": {"angle": -22.5, "axis": "x", "origin": [8, 2.8, 5.925]},
			"faces": {
				"north": {"uv": [3, 11.5, 3.75, 9], "texture": "#2"},
				"east": {"uv": [9, 8.5, 9.75, 6], "texture": "#2"},
				"south": {"uv": [0, 12, 0.75, 9.5], "texture": "#2"},
				"west": {"uv": [9.5, 2.5, 10.25, 0], "texture": "#2"},
				"up": {"uv": [4.75, 13.75, 4, 13], "texture": "#2"},
				"down": {"uv": [13.75, 3, 13, 3.75], "texture": "#2"}
			}
		},
		{
			"from": [7.75, -2.8, 9.95],
			"to": [8.25, -1.3, 11.45],
			"rotation": {"angle": 45, "axis": "x", "origin": [8, -2.05, 10.7]},
			"faces": {
				"north": {"uv": [10.5, 14.25, 10.75, 13.5], "texture": "#2"},
				"east": {"uv": [13, 4.75, 13.75, 4], "texture": "#2"},
				"south": {"uv": [13.5, 11.25, 13.75, 10.5], "texture": "#2"},
				"west": {"uv": [13, 6.75, 13.75, 6], "texture": "#2"},
				"up": {"uv": [11.75, 14.25, 11.5, 13.5], "texture": "#2"},
				"down": {"uv": [11.25, 13.5, 11, 14.25], "texture": "#2"}
			}
		},
		{
			"from": [4.475, -2.74, 8.885],
			"to": [7.475, -1.24, 8.915],
			"rotation": {"angle": 22.5, "axis": "z", "origin": [5.975, -1.99, 8.9]},
			"faces": {
				"north": {"uv": [11, 10.25, 9.5, 9.5], "texture": "#2"},
				"south": {"uv": [11, 9.25, 9.5, 8.5], "texture": "#2"}
			}
		},
		{
			"from": [7.985, -1.5, 10.5],
			"to": [8.015, 17.5, 15.75],
			"rotation": {"angle": 0, "axis": "y", "origin": [7.985, 2, 10.5]},
			"faces": {
				"east": {"uv": [2.75, 0, 0, 9.5], "texture": "#2"},
				"west": {"uv": [0, 0, 2.75, 9.5], "texture": "#2"}
			}
		},
		{
			"from": [6.75, 7.985, -1],
			"to": [9.25, 8.015, 13],
			"rotation": {"angle": 45, "axis": "z", "origin": [8, 8, 6]},
			"faces": {
				"up": {"uv": [16, 7, 14.75, 0], "texture": "#2"},
				"down": {"uv": [16, 0, 14.75, 7], "texture": "#2"}
			}
		},
		{
			"from": [6.75, 7.985, -1],
			"to": [9.25, 8.015, 13],
			"rotation": {"angle": -45, "axis": "z", "origin": [8, 8, 6]},
			"faces": {
				"up": {"uv": [16, 7, 14.75, 0], "texture": "#2"},
				"down": {"uv": [16, 0, 14.75, 7], "texture": "#2"}
			}
		}
	],
	"gui_light": "front",
	"display": {
		"thirdperson_righthand": {
			"translation": [0, -2, 3.5]
		},
		"thirdperson_lefthand": {
			"translation": [0, -2, 3.5]
		},
		"firstperson_righthand": {
			"rotation": [20, 20, 0],
			"translation": [0.5, 2.25, -1.25]
		},
		"firstperson_lefthand": {
			"rotation": [21.26, -25.01, 1.26],
			"translation": [2, 2, -0.5]
		},
		"ground": {
			"rotation": [45, 0, 0],
			"translation": [0, 10.5, 0]
		},
		"gui": {
			"rotation": [-90, 135, 90],
			"translation": [-1, 1, 0],
			"scale": [0.81641, 0.81641, 0.81641]
		},
		"head": {
			"rotation": [90, -45, 90]
		},
		"fixed": {
			"rotation": [90, -90, 90],
			"translation": [0, 0, -1],
			"scale": [2, 2, 2]
		}
	}
}