{"textures":{"0":"modelengine:entity/texture"},"elements":[{"from":[7.56,7.78,7.12],"to":[8.88,14.38,8.44],"rotation":{"angle":-22.5,"axis":"x","origin":[8.0,9.76,8.0]},"faces":{"east":{"uv":[3.125,12.5,3.5,14.375],"rotation":0,"texture":"#0","tintindex":0},"south":{"uv":[3.5,12.5,3.875,14.375],"rotation":0,"texture":"#0","tintindex":0},"north":{"uv":[2.75,12.5,3.125,14.375],"rotation":0,"texture":"#0","tintindex":0},"west":{"uv":[3.875,12.5,4.25,14.375],"rotation":0,"texture":"#0","tintindex":0},"up":{"uv":[6.625,13.0,6.25,12.625],"rotation":0,"texture":"#0","tintindex":0},"down":{"uv":[8.75,14.125,8.375,14.5],"rotation":0,"texture":"#0","tintindex":0}}}],"display":{"head":{"translation":[0.0,-6.4,0.0],"scale":[4.0,4.0,4.0]}}}