{
	"credit": "MadewithBlockbench",
	"texture_size": [48, 48],
	"textures": {
		"2": "item/haloween/crossbow1"
	},
	"elements": [
		{
			"from": [9.725, 0.65, 5],
			"to": [11.225, 2.65, 7],
			"rotation": {"angle": 0, "axis": "y", "origin": [8, 1.65, 10.475]},
			"faces": {
				"north": {"uv": [4.66667, 12.33333, 5.16667, 13], "texture": "#2"},
				"east": {"uv": [12, 6.66667, 12.66667, 7.33333], "texture": "#2"},
				"south": {"uv": [5.33333, 12.33333, 5.83333, 13], "texture": "#2"},
				"west": {"uv": [7.33333, 12, 8, 12.66667], "texture": "#2"},
				"up": {"uv": [9.83333, 13, 9.33333, 12.33333], "texture": "#2"},
				"down": {"uv": [10.5, 12.33333, 10, 13], "texture": "#2"}
			}
		},
		{
			"from": [6.25, 0.9, 5.25],
			"to": [9.75, 2.4, 6.75],
			"rotation": {"angle": 0, "axis": "y", "origin": [8, 1.65, 10.475]},
			"faces": {
				"north": {"uv": [11.33333, 4.66667, 12.5, 5.16667], "texture": "#2"},
				"east": {"uv": [10.66667, 12.33333, 11.16667, 12.83333], "texture": "#2"},
				"south": {"uv": [11.33333, 5.33333, 12.5, 5.83333], "texture": "#2"},
				"west": {"uv": [11.33333, 12.33333, 11.83333, 12.83333], "texture": "#2"},
				"up": {"uv": [12.5, 6.5, 11.33333, 6], "texture": "#2"},
				"down": {"uv": [9.16667, 11.33333, 8, 11.83333], "texture": "#2"}
			}
		},
		{
			"from": [7.63388, 0.675, 3.78028],
			"to": [9.88388, 2.625, 6.03028],
			"rotation": {"angle": 45, "axis": "y", "origin": [8, 1.65, 10.475]},
			"faces": {
				"north": {"uv": [7.66667, 10, 8.5, 10.66667], "texture": "#2"},
				"east": {"uv": [9.33333, 11.33333, 10.16667, 12], "texture": "#2"},
				"south": {"uv": [10.33333, 11.33333, 11.16667, 12], "texture": "#2"},
				"west": {"uv": [11.33333, 11.33333, 12.16667, 12], "texture": "#2"},
				"up": {"uv": [6.83333, 11.83333, 6, 11], "texture": "#2"},
				"down": {"uv": [7.83333, 11, 7, 11.83333], "texture": "#2"}
			}
		},
		{
			"from": [6.11612, 0.675, 3.78028],
			"to": [8.36612, 2.625, 6.03028],
			"rotation": {"angle": -45, "axis": "y", "origin": [8, 1.65, 10.475]},
			"faces": {
				"north": {"uv": [12, 1.33333, 12.83333, 2], "texture": "#2"},
				"east": {"uv": [2, 12, 2.83333, 12.66667], "texture": "#2"},
				"south": {"uv": [12, 2, 12.83333, 2.66667], "texture": "#2"},
				"west": {"uv": [12, 2.66667, 12.83333, 3.33333], "texture": "#2"},
				"up": {"uv": [11.83333, 7.83333, 11, 7], "texture": "#2"},
				"down": {"uv": [11.83333, 8, 11, 8.83333], "texture": "#2"}
			}
		},
		{
			"from": [4.85, 0.65, 5],
			"to": [6.35, 2.65, 7],
			"rotation": {"angle": 0, "axis": "y", "origin": [8, 1.65, 10.475]},
			"faces": {
				"north": {"uv": [12, 7.33333, 12.5, 8], "texture": "#2"},
				"east": {"uv": [3, 12, 3.66667, 12.66667], "texture": "#2"},
				"south": {"uv": [8, 12, 8.5, 12.66667], "texture": "#2"},
				"west": {"uv": [12, 3.33333, 12.66667, 4], "texture": "#2"},
				"up": {"uv": [12.5, 8.66667, 12, 8], "texture": "#2"},
				"down": {"uv": [9.16667, 12, 8.66667, 12.66667], "texture": "#2"}
			}
		},
		{
			"from": [7.45, 0.65, 5],
			"to": [8.45, 2.65, 7],
			"rotation": {"angle": 0, "axis": "y", "origin": [8, 1.65, 10.475]},
			"faces": {
				"north": {"uv": [3.66667, 12, 4, 12.66667], "texture": "#2"},
				"east": {"uv": [6, 12, 6.66667, 12.66667], "texture": "#2"},
				"south": {"uv": [12.33333, 11.33333, 12.66667, 12], "texture": "#2"},
				"west": {"uv": [6.66667, 12, 7.33333, 12.66667], "texture": "#2"},
				"up": {"uv": [12.33333, 13, 12, 12.33333], "texture": "#2"},
				"down": {"uv": [12.66667, 12, 12.33333, 12.66667], "texture": "#2"}
			}
		},
		{
			"from": [-3.23121, 1.33, 8.84912],
			"to": [0.00879, 1.97, 9.78912],
			"rotation": {"angle": 45, "axis": "y", "origin": [-2.11121, 1.65, 9.61912]},
			"faces": {
				"north": {"uv": [0, 12.66667, 1, 12.83333], "texture": "#2"},
				"east": {"uv": [11.66667, 6.66667, 12, 6.83333], "texture": "#2"},
				"south": {"uv": [1, 12.66667, 2, 12.83333], "texture": "#2"},
				"west": {"uv": [12.66667, 3.33333, 13, 3.5], "texture": "#2"},
				"up": {"uv": [13, 9, 12, 8.66667], "texture": "#2"},
				"down": {"uv": [10.33333, 12, 9.33333, 12.33333], "texture": "#2"}
			}
		},
		{
			"from": [6.344, -0.156, 2.944],
			"to": [9.656, 3.156, 6.256],
			"rotation": {"angle": 0, "axis": "y", "origin": [8, 8, 8]},
			"faces": {
				"north": {"uv": [9.66667, 7.33333, 10.83333, 8.5], "texture": "#2"},
				"east": {"uv": [9.66667, 8.66667, 10.83333, 9.83333], "texture": "#2"},
				"south": {"uv": [9.66667, 10, 10.83333, 11.16667], "texture": "#2"},
				"west": {"uv": [0, 10.66667, 1.16667, 11.83333], "texture": "#2"},
				"up": {"uv": [2.5, 11.83333, 1.33333, 10.66667], "texture": "#2"},
				"down": {"uv": [11.83333, 1.33333, 10.66667, 2.5], "texture": "#2"}
			}
		},
		{
			"from": [6.844, -0.068, 6.144],
			"to": [9.156, 1.744, 20.456],
			"rotation": {"angle": 0, "axis": "y", "origin": [8, 8.688, 8]},
			"faces": {
				"north": {"uv": [0, 12, 0.83333, 12.66667], "texture": "#2"},
				"east": {"uv": [8.66667, 0, 13.5, 0.66667], "texture": "#2"},
				"south": {"uv": [1, 12, 1.83333, 12.66667], "texture": "#2"},
				"west": {"uv": [8.66667, 0.66667, 13.5, 1.33333], "texture": "#2"},
				"up": {"uv": [8.5, 4.83333, 7.66667, 0], "texture": "#2"},
				"down": {"uv": [8.5, 5, 7.66667, 9.83333], "texture": "#2"}
			}
		},
		{
			"from": [7.094, -7.49812, 14.82],
			"to": [8.906, -3.98612, 18.532],
			"rotation": {"angle": -22.5, "axis": "x", "origin": [8, 1.55788, 6.176]},
			"faces": {
				"north": {"uv": [10.66667, 4.33333, 11.33333, 5.5], "texture": "#2"},
				"east": {"uv": [2.66667, 10.66667, 3.83333, 11.83333], "texture": "#2"},
				"south": {"uv": [10.66667, 5.66667, 11.33333, 6.83333], "texture": "#2"},
				"west": {"uv": [10.66667, 2.66667, 11.83333, 3.83333], "texture": "#2"},
				"up": {"uv": [5.33333, 12.16667, 4.66667, 11], "texture": "#2"},
				"down": {"uv": [6, 11, 5.33333, 12.16667], "texture": "#2"}
			}
		},
		{
			"from": [0.45778, 1.08, 4.22608],
			"to": [6.69778, 2.22, 5.46608],
			"rotation": {"angle": 22.5, "axis": "y", "origin": [8, 1.65, 10.475]},
			"faces": {
				"north": {"uv": [11, 9, 13, 9.33333], "texture": "#2"},
				"east": {"uv": [10.66667, 7, 11, 7.33333], "texture": "#2"},
				"south": {"uv": [11, 9.33333, 13, 9.66667], "texture": "#2"},
				"west": {"uv": [8, 11, 8.33333, 11.33333], "texture": "#2"},
				"up": {"uv": [13, 10, 11, 9.66667], "texture": "#2"},
				"down": {"uv": [13, 10, 11, 10.33333], "texture": "#2"}
			}
		},
		{
			"from": [9.30222, 1.08, 4.22608],
			"to": [15.54222, 2.22, 5.46608],
			"rotation": {"angle": -22.5, "axis": "y", "origin": [8, 1.65, 10.475]},
			"faces": {
				"north": {"uv": [11, 10.33333, 13, 10.66667], "texture": "#2"},
				"east": {"uv": [8.33333, 11, 8.66667, 11.33333], "texture": "#2"},
				"south": {"uv": [11, 10.66667, 13, 11], "texture": "#2"},
				"west": {"uv": [11.33333, 6.66667, 11.66667, 7], "texture": "#2"},
				"up": {"uv": [13, 11.33333, 11, 11], "texture": "#2"},
				"down": {"uv": [13.33333, 4.33333, 11.33333, 4.66667], "texture": "#2"}
			}
		},
		{
			"from": [15.99121, 1.33, 8.84912],
			"to": [19.23121, 1.97, 9.78912],
			"rotation": {"angle": -45, "axis": "y", "origin": [18.11121, 1.65, 9.61912]},
			"faces": {
				"north": {"uv": [2, 12.66667, 3, 12.83333], "texture": "#2"},
				"east": {"uv": [12.66667, 3.66667, 13, 3.83333], "texture": "#2"},
				"south": {"uv": [3, 12.66667, 4, 12.83333], "texture": "#2"},
				"west": {"uv": [12.66667, 4.66667, 13, 4.83333], "texture": "#2"},
				"up": {"uv": [11.33333, 12.33333, 10.33333, 12], "texture": "#2"},
				"down": {"uv": [12.33333, 12, 11.33333, 12.33333], "texture": "#2"}
			}
		},
		{
			"from": [-3.5, 1.7, 8.1],
			"to": [19.5, 1.7, 24.1],
			"rotation": {"angle": 0, "axis": "y", "origin": [8, 8, 8]},
			"faces": {
				"north": {"uv": [0, 0, 7.66667, 0], "texture": "#2"},
				"east": {"uv": [0, 0, 5.33333, 0], "texture": "#2"},
				"south": {"uv": [0, 0, 7.66667, 0], "texture": "#2"},
				"west": {"uv": [0, 0, 5.33333, 0], "texture": "#2"},
				"up": {"uv": [7.66667, 5.33333, 0, 0], "texture": "#2"},
				"down": {"uv": [7.66667, 0, 0, 5.33333], "texture": "#2"}
			}
		}
	],
	"gui_light": "front",
	"display": {
		"thirdperson_righthand": {
			"translation": [0, 8.25, -1.5]
		},
		"thirdperson_lefthand": {
			"translation": [0, 8.25, -1.5]
		},
		"firstperson_righthand": {
			"translation": [-1.5, 10.25, -0.75],
			"scale": [1.05, 1.05, 1.05]
		},
		"firstperson_lefthand": {
			"translation": [-1.5, 10.25, -0.75],
			"scale": [1.05, 1.05, 1.05]
		},
		"ground": {
			"translation": [0, 1.5, -1.25],
			"scale": [0.42, 0.42, 0.42]
		},
		"gui": {
			"rotation": [85, 45.22, -15],
			"translation": [-0.75, 3.25, 0],
			"scale": [0.83, 0.83, 0.83]
		},
		"head": {
			"scale": [0, 0, 0]
		},
		"fixed": {
			"rotation": [-98.25, 0, 0],
			"translation": [0, -4.75, -9.25]
		}
	}
}