{
	"credit": "Made with Blockbench",
	"texture_size": [32, 32],
	"textures": {
		"2": "item/haloween/shield2"
	},
	"elements": [
		{
			"from": [2.6552, 12.35509, 8.45],
			"to": [7.1552, 14.00509, 9.95],
			"rotation": {"angle": 22.5, "axis": "y", "origin": [3.5853, 13.1849, 9.60626]},
			"faces": {
				"north": {"uv": [11.5, 0, 13.75, 0.75], "texture": "#2"},
				"east": {"uv": [13, 11, 13.75, 11.75], "texture": "#2"},
				"south": {"uv": [11.5, 1, 13.75, 1.75], "texture": "#2"},
				"west": {"uv": [11.5, 13, 12.25, 13.75], "texture": "#2"},
				"up": {"uv": [13.75, 2.75, 11.5, 2], "texture": "#2"},
				"down": {"uv": [13.75, 3, 11.5, 3.75], "texture": "#2"}
			}
		},
		{
			"from": [2.43925, 12.6147, 9.20184],
			"to": [3.43925, 13.7647, 12.45184],
			"rotation": {"angle": -22.5, "axis": "y", "origin": [3.5853, 13.1849, 9.60626]},
			"faces": {
				"north": {"uv": [1.5, 13.5, 2, 14], "texture": "#2"},
				"east": {"uv": [6.5, 12.5, 8.25, 13], "texture": "#2"},
				"south": {"uv": [2, 13.5, 2.5, 14], "texture": "#2"},
				"west": {"uv": [11.5, 12.5, 13.25, 13], "texture": "#2"},
				"up": {"uv": [4.5, 11.75, 4, 10], "texture": "#2"},
				"down": {"uv": [0.5, 13, 0, 14.75], "texture": "#2"}
			}
		},
		{
			"from": [8.8448, 12.35509, 8.45],
			"to": [13.3448, 14.00509, 9.95],
			"rotation": {"angle": -22.5, "axis": "y", "origin": [12.4147, 13.1849, 9.60626]},
			"faces": {
				"north": {"uv": [11.5, 4, 13.75, 4.75], "texture": "#2"},
				"east": {"uv": [12.5, 13, 13.25, 13.75], "texture": "#2"},
				"south": {"uv": [11.5, 5, 13.75, 5.75], "texture": "#2"},
				"west": {"uv": [0.5, 13.5, 1.25, 14.25], "texture": "#2"},
				"up": {"uv": [13.75, 6.75, 11.5, 6], "texture": "#2"},
				"down": {"uv": [13.75, 7, 11.5, 7.75], "texture": "#2"}
			}
		},
		{
			"from": [12.56075, 12.6147, 9.20184],
			"to": [13.56075, 13.7647, 12.45184],
			"rotation": {"angle": 22.5, "axis": "y", "origin": [12.4147, 13.1849, 9.60626]},
			"faces": {
				"north": {"uv": [2.5, 13.5, 3, 14], "texture": "#2"},
				"east": {"uv": [0.5, 13, 2.25, 13.5], "texture": "#2"},
				"south": {"uv": [3, 13.5, 3.5, 14], "texture": "#2"},
				"west": {"uv": [2.5, 13, 4.25, 13.5], "texture": "#2"},
				"up": {"uv": [5, 14.75, 4.5, 13], "texture": "#2"},
				"down": {"uv": [5.5, 13, 5, 14.75], "texture": "#2"}
			}
		},
		{
			"from": [5.88, 10.355, 6.13],
			"to": [10.12, 11.545, 9.87],
			"rotation": {"angle": 0, "axis": "y", "origin": [8, 8, 8]},
			"faces": {
				"north": {"uv": [11.5, 10, 13.5, 10.5], "texture": "#2"},
				"east": {"uv": [6.5, 12, 8.25, 12.5], "texture": "#2"},
				"south": {"uv": [11.5, 10.5, 13.5, 11], "texture": "#2"},
				"west": {"uv": [11.5, 12, 13.25, 12.5], "texture": "#2"},
				"up": {"uv": [11.5, 1.75, 9.5, 0], "texture": "#2"},
				"down": {"uv": [11.5, 2, 9.5, 3.75], "texture": "#2"}
			}
		},
		{
			"from": [6.369, 11.419, 6.344],
			"to": [9.681, 14.731, 9.656],
			"rotation": {"angle": 0, "axis": "y", "origin": [8, 8, 8]},
			"faces": {
				"north": {"uv": [9.5, 4, 11.25, 5.75], "texture": "#2"},
				"east": {"uv": [9.5, 6, 11.25, 7.75], "texture": "#2"},
				"south": {"uv": [9.5, 8, 11.25, 9.75], "texture": "#2"},
				"west": {"uv": [0, 10, 1.75, 11.75], "texture": "#2"},
				"up": {"uv": [3.75, 11.75, 2, 10], "texture": "#2"},
				"down": {"uv": [8.25, 10, 6.5, 11.75], "texture": "#2"}
			}
		},
		{
			"from": [6.369, 1.419, 7.219],
			"to": [9.681, 10.981, 8.781],
			"rotation": {"angle": 0, "axis": "y", "origin": [8, 8, 8]},
			"faces": {
				"north": {"uv": [0, 0, 1.75, 4.75], "texture": "#2"},
				"east": {"uv": [8.5, 0, 9.25, 4.75], "texture": "#2"},
				"south": {"uv": [2, 0, 3.75, 4.75], "texture": "#2"},
				"west": {"uv": [8.5, 5, 9.25, 9.75], "texture": "#2"},
				"up": {"uv": [13.25, 8.75, 11.5, 8], "texture": "#2"},
				"down": {"uv": [13.25, 9, 11.5, 9.75], "texture": "#2"}
			}
		},
		{
			"from": [2.43088, 4.419, 7.62196],
			"to": [4.44288, 12.481, 8.98396],
			"rotation": {"angle": 22.5, "axis": "y", "origin": [5.56188, 8, 8.37796]},
			"faces": {
				"north": {"uv": [4.5, 5, 5.5, 9], "texture": "#2"},
				"east": {"uv": [4.5, 9, 5.25, 13], "texture": "#2"},
				"south": {"uv": [5.5, 0, 6.5, 4], "texture": "#2"},
				"west": {"uv": [8.5, 10, 9.25, 14], "texture": "#2"},
				"up": {"uv": [7.5, 9.75, 6.5, 9], "texture": "#2"},
				"down": {"uv": [6.5, 13, 5.5, 13.75], "texture": "#2"}
			}
		},
		{
			"from": [4.48003, 2.419, 7.80871],
			"to": [6.79203, 12.381, 9.17071],
			"rotation": {"angle": 22.5, "axis": "y", "origin": [5.11103, 8, 8.56471]},
			"faces": {
				"north": {"uv": [4, 0, 5.25, 5], "texture": "#2"},
				"east": {"uv": [6.5, 4, 7.25, 9], "texture": "#2"},
				"south": {"uv": [0, 5, 1.25, 10], "texture": "#2"},
				"west": {"uv": [7.5, 0, 8.25, 5], "texture": "#2"},
				"up": {"uv": [12.75, 11.75, 11.5, 11], "texture": "#2"},
				"down": {"uv": [1.25, 12, 0, 12.75], "texture": "#2"}
			}
		},
		{
			"from": [9.25797, 2.419, 7.80871],
			"to": [11.56997, 12.381, 9.17071],
			"rotation": {"angle": -22.5, "axis": "y", "origin": [10.93897, 8, 8.56471]},
			"faces": {
				"north": {"uv": [1.5, 5, 2.75, 10], "texture": "#2"},
				"east": {"uv": [7.5, 5, 8.25, 10], "texture": "#2"},
				"south": {"uv": [3, 5, 4.25, 10], "texture": "#2"},
				"west": {"uv": [5.5, 8, 6.25, 13], "texture": "#2"},
				"up": {"uv": [2.75, 12.75, 1.5, 12], "texture": "#2"},
				"down": {"uv": [4.25, 12, 3, 12.75], "texture": "#2"}
			}
		},
		{
			"from": [11.60712, 4.419, 7.62196],
			"to": [13.61912, 12.481, 8.98396],
			"rotation": {"angle": -22.5, "axis": "y", "origin": [10.48812, 8, 8.37796]},
			"faces": {
				"north": {"uv": [5.5, 4, 6.5, 8], "texture": "#2"},
				"east": {"uv": [9.5, 10, 10.25, 14], "texture": "#2"},
				"south": {"uv": [6.5, 0, 7.5, 4], "texture": "#2"},
				"west": {"uv": [10.5, 10, 11.25, 14], "texture": "#2"},
				"up": {"uv": [7.5, 13.75, 6.5, 13], "texture": "#2"},
				"down": {"uv": [8.5, 13, 7.5, 13.75], "texture": "#2"}
			}
		}
	],
	"gui_light": "front",
	"display": {
		"thirdperson_righthand": {
			"rotation": [0, -90, -92],
			"translation": [3.5, -1.75, 4.5]
		},
		"thirdperson_lefthand": {
			"rotation": [0, -90, -92],
			"translation": [3.5, -1.75, 4.5]
		},
		"firstperson_righthand": {
			"rotation": [7.75, -31.25, 0],
			"translation": [-2.75, 2.5, 3]
		},
		"firstperson_lefthand": {
			"rotation": [7.75, -31.25, 0],
			"translation": [-2.75, 2.5, 3]
		},
		"ground": {
			"rotation": [41.61, 1.27, 3.31],
			"scale": [0.45, 0.45, 0.45]
		},
		"gui": {
			"rotation": [163.21, 3.75, -166.47],
			"translation": [-0.75, 0, 0]
		},
		"fixed": {
			"rotation": [-17, 0, 0],
			"translation": [0, 0, -3.25],
			"scale": [1.22, 1.22, 1.22]
		}
	}
}